class	path
com.bumptech.glide.MemoryCategory	/home/nima/Developer/nullness-benchmarks/glide/library/src/main/java/com/bumptech/glide/MemoryCategory.java
com.bumptech.glide.ModelTypes	/home/nima/Developer/nullness-benchmarks/glide/library/src/main/java/com/bumptech/glide/ModelTypes.java
com.bumptech.glide.ListPreloader	/home/nima/Developer/nullness-benchmarks/glide/library/src/main/java/com/bumptech/glide/ListPreloader.java
com.bumptech.glide.ListPreloader$PreloadModelProvider	/home/nima/Developer/nullness-benchmarks/glide/library/src/main/java/com/bumptech/glide/ListPreloader.java
com.bumptech.glide.ListPreloader$PreloadSizeProvider	/home/nima/Developer/nullness-benchmarks/glide/library/src/main/java/com/bumptech/glide/ListPreloader.java
com.bumptech.glide.ListPreloader$PreloadTargetQueue	/home/nima/Developer/nullness-benchmarks/glide/library/src/main/java/com/bumptech/glide/ListPreloader.java
com.bumptech.glide.ListPreloader$PreloadTarget	/home/nima/Developer/nullness-benchmarks/glide/library/src/main/java/com/bumptech/glide/ListPreloader.java
com.bumptech.glide.request.RequestOptions	/home/nima/Developer/nullness-benchmarks/glide/library/src/main/java/com/bumptech/glide/request/RequestOptions.java
com.bumptech.glide.RequestManager	/home/nima/Developer/nullness-benchmarks/glide/library/src/main/java/com/bumptech/glide/RequestManager.java
com.bumptech.glide.RequestManager$1	/home/nima/Developer/nullness-benchmarks/glide/library/src/main/java/com/bumptech/glide/RequestManager.java
com.bumptech.glide.RequestManager$RequestManagerConnectivityListener	/home/nima/Developer/nullness-benchmarks/glide/library/src/main/java/com/bumptech/glide/RequestManager.java
com.bumptech.glide.RequestManager$ClearTarget	/home/nima/Developer/nullness-benchmarks/glide/library/src/main/java/com/bumptech/glide/RequestManager.java
com.bumptech.glide.manager.LifecycleListener	/home/nima/Developer/nullness-benchmarks/glide/library/src/main/java/com/bumptech/glide/manager/LifecycleListener.java
com.bumptech.glide.request.BaseRequestOptions	/home/nima/Developer/nullness-benchmarks/glide/library/src/main/java/com/bumptech/glide/request/BaseRequestOptions.java
com.bumptech.glide.RequestBuilder	/home/nima/Developer/nullness-benchmarks/glide/library/src/main/java/com/bumptech/glide/RequestBuilder.java
com.bumptech.glide.load.engine.prefill.PreFillType	/home/nima/Developer/nullness-benchmarks/glide/library/src/main/java/com/bumptech/glide/load/engine/prefill/PreFillType.java
com.bumptech.glide.load.engine.prefill.PreFillType$Builder	/home/nima/Developer/nullness-benchmarks/glide/library/src/main/java/com/bumptech/glide/load/engine/prefill/PreFillType.java
com.bumptech.glide.util.GlideSuppliers	/home/nima/Developer/nullness-benchmarks/glide/library/src/main/java/com/bumptech/glide/util/GlideSuppliers.java
com.bumptech.glide.util.GlideSuppliers$GlideSupplier	/home/nima/Developer/nullness-benchmarks/glide/library/src/main/java/com/bumptech/glide/util/GlideSuppliers.java
com.bumptech.glide.util.GlideSuppliers$1	/home/nima/Developer/nullness-benchmarks/glide/library/src/main/java/com/bumptech/glide/util/GlideSuppliers.java
com.bumptech.glide.Glide	/home/nima/Developer/nullness-benchmarks/glide/library/src/main/java/com/bumptech/glide/Glide.java
com.bumptech.glide.Glide$RequestOptionsFactory	/home/nima/Developer/nullness-benchmarks/glide/library/src/main/java/com/bumptech/glide/Glide.java
com.bumptech.glide.manager.Lifecycle	/home/nima/Developer/nullness-benchmarks/glide/library/src/main/java/com/bumptech/glide/manager/Lifecycle.java
com.bumptech.glide.manager.RequestTracker	/home/nima/Developer/nullness-benchmarks/glide/library/src/main/java/com/bumptech/glide/manager/RequestTracker.java
com.bumptech.glide.manager.RequestManagerTreeNode	/home/nima/Developer/nullness-benchmarks/glide/library/src/main/java/com/bumptech/glide/manager/RequestManagerTreeNode.java
com.bumptech.glide.manager.TargetTracker	/home/nima/Developer/nullness-benchmarks/glide/library/src/main/java/com/bumptech/glide/manager/TargetTracker.java
com.bumptech.glide.manager.ConnectivityMonitor	/home/nima/Developer/nullness-benchmarks/glide/library/src/main/java/com/bumptech/glide/manager/ConnectivityMonitor.java
com.bumptech.glide.manager.ConnectivityMonitor$ConnectivityListener	/home/nima/Developer/nullness-benchmarks/glide/library/src/main/java/com/bumptech/glide/manager/ConnectivityMonitor.java
com.bumptech.glide.request.RequestListener	/home/nima/Developer/nullness-benchmarks/glide/library/src/main/java/com/bumptech/glide/request/RequestListener.java
com.bumptech.glide.manager.ConnectivityMonitorFactory	/home/nima/Developer/nullness-benchmarks/glide/library/src/main/java/com/bumptech/glide/manager/ConnectivityMonitorFactory.java
com.bumptech.glide.load.resource.gif.GifDrawable	/home/nima/Developer/nullness-benchmarks/glide/library/src/main/java/com/bumptech/glide/load/resource/gif/GifDrawable.java
com.bumptech.glide.load.resource.gif.GifDrawable$GifState	/home/nima/Developer/nullness-benchmarks/glide/library/src/main/java/com/bumptech/glide/load/resource/gif/GifDrawable.java
com.bumptech.glide.load.resource.gif.GifFrameLoader	/home/nima/Developer/nullness-benchmarks/glide/library/src/main/java/com/bumptech/glide/load/resource/gif/GifFrameLoader.java
com.bumptech.glide.load.resource.gif.GifFrameLoader$FrameCallback	/home/nima/Developer/nullness-benchmarks/glide/library/src/main/java/com/bumptech/glide/load/resource/gif/GifFrameLoader.java
com.bumptech.glide.load.resource.gif.GifFrameLoader$FrameLoaderCallback	/home/nima/Developer/nullness-benchmarks/glide/library/src/main/java/com/bumptech/glide/load/resource/gif/GifFrameLoader.java
com.bumptech.glide.load.resource.gif.GifFrameLoader$DelayTarget	/home/nima/Developer/nullness-benchmarks/glide/library/src/main/java/com/bumptech/glide/load/resource/gif/GifFrameLoader.java
com.bumptech.glide.load.resource.gif.GifFrameLoader$OnEveryFrameListener	/home/nima/Developer/nullness-benchmarks/glide/library/src/main/java/com/bumptech/glide/load/resource/gif/GifFrameLoader.java
com.bumptech.glide.request.target.Target	/home/nima/Developer/nullness-benchmarks/glide/library/src/main/java/com/bumptech/glide/request/target/Target.java
com.bumptech.glide.request.Request	/home/nima/Developer/nullness-benchmarks/glide/library/src/main/java/com/bumptech/glide/request/Request.java
com.bumptech.glide.TransitionOptions	/home/nima/Developer/nullness-benchmarks/glide/library/src/main/java/com/bumptech/glide/TransitionOptions.java
com.bumptech.glide.request.transition.TransitionFactory	/home/nima/Developer/nullness-benchmarks/glide/library/src/main/java/com/bumptech/glide/request/transition/TransitionFactory.java
com.bumptech.glide.request.transition.ViewPropertyTransition	/home/nima/Developer/nullness-benchmarks/glide/library/src/main/java/com/bumptech/glide/request/transition/ViewPropertyTransition.java
com.bumptech.glide.request.transition.ViewPropertyTransition$Animator	/home/nima/Developer/nullness-benchmarks/glide/library/src/main/java/com/bumptech/glide/request/transition/ViewPropertyTransition.java
com.bumptech.glide.request.transition.Transition	/home/nima/Developer/nullness-benchmarks/glide/library/src/main/java/com/bumptech/glide/request/transition/Transition.java
com.bumptech.glide.request.transition.Transition$ViewAdapter	/home/nima/Developer/nullness-benchmarks/glide/library/src/main/java/com/bumptech/glide/request/transition/Transition.java
com.bumptech.glide.load.DataSource	/home/nima/Developer/nullness-benchmarks/glide/library/src/main/java/com/bumptech/glide/load/DataSource.java
com.bumptech.glide.request.target.SizeReadyCallback	/home/nima/Developer/nullness-benchmarks/glide/library/src/main/java/com/bumptech/glide/request/target/SizeReadyCallback.java
com.bumptech.glide.load.engine.bitmap_recycle.BitmapPool	/home/nima/Developer/nullness-benchmarks/glide/library/src/main/java/com/bumptech/glide/load/engine/bitmap_recycle/BitmapPool.java
com.bumptech.glide.load.Transformation	/home/nima/Developer/nullness-benchmarks/glide/library/src/main/java/com/bumptech/glide/load/Transformation.java
com.bumptech.glide.load.Key	/home/nima/Developer/nullness-benchmarks/glide/library/src/main/java/com/bumptech/glide/load/Key.java
com.bumptech.glide.load.engine.Resource	/home/nima/Developer/nullness-benchmarks/glide/library/src/main/java/com/bumptech/glide/load/engine/Resource.java
com.bumptech.glide.request.target.CustomTarget	/home/nima/Developer/nullness-benchmarks/glide/library/src/main/java/com/bumptech/glide/request/target/CustomTarget.java
com.bumptech.glide.load.engine.GlideException	/home/nima/Developer/nullness-benchmarks/glide/library/src/main/java/com/bumptech/glide/load/engine/GlideException.java
com.bumptech.glide.load.engine.GlideException$IndentedAppendable	/home/nima/Developer/nullness-benchmarks/glide/library/src/main/java/com/bumptech/glide/load/engine/GlideException.java
com.bumptech.glide.load.engine.EngineResource	/home/nima/Developer/nullness-benchmarks/glide/library/src/main/java/com/bumptech/glide/load/engine/EngineResource.java
com.bumptech.glide.load.engine.EngineResource$ResourceListener	/home/nima/Developer/nullness-benchmarks/glide/library/src/main/java/com/bumptech/glide/load/engine/EngineResource.java
com.bumptech.glide.load.engine.Engine	/home/nima/Developer/nullness-benchmarks/glide/library/src/main/java/com/bumptech/glide/load/engine/Engine.java
com.bumptech.glide.load.engine.Engine$LoadStatus	/home/nima/Developer/nullness-benchmarks/glide/library/src/main/java/com/bumptech/glide/load/engine/Engine.java
com.bumptech.glide.load.engine.Engine$LazyDiskCacheProvider	/home/nima/Developer/nullness-benchmarks/glide/library/src/main/java/com/bumptech/glide/load/engine/Engine.java
com.bumptech.glide.load.engine.Engine$DecodeJobFactory	/home/nima/Developer/nullness-benchmarks/glide/library/src/main/java/com/bumptech/glide/load/engine/Engine.java
com.bumptech.glide.load.engine.Engine$DecodeJobFactory$1	/home/nima/Developer/nullness-benchmarks/glide/library/src/main/java/com/bumptech/glide/load/engine/Engine.java
com.bumptech.glide.load.engine.Engine$EngineJobFactory	/home/nima/Developer/nullness-benchmarks/glide/library/src/main/java/com/bumptech/glide/load/engine/Engine.java
com.bumptech.glide.load.engine.Engine$EngineJobFactory$1	/home/nima/Developer/nullness-benchmarks/glide/library/src/main/java/com/bumptech/glide/load/engine/Engine.java
com.bumptech.glide.load.engine.EngineJobListener	/home/nima/Developer/nullness-benchmarks/glide/library/src/main/java/com/bumptech/glide/load/engine/EngineJobListener.java
com.bumptech.glide.load.engine.cache.MemoryCache	/home/nima/Developer/nullness-benchmarks/glide/library/src/main/java/com/bumptech/glide/load/engine/cache/MemoryCache.java
com.bumptech.glide.load.engine.cache.MemoryCache$ResourceRemovedListener	/home/nima/Developer/nullness-benchmarks/glide/library/src/main/java/com/bumptech/glide/load/engine/cache/MemoryCache.java
com.bumptech.glide.GlideContext	/home/nima/Developer/nullness-benchmarks/glide/library/src/main/java/com/bumptech/glide/GlideContext.java
com.bumptech.glide.load.engine.bitmap_recycle.ArrayPool	/home/nima/Developer/nullness-benchmarks/glide/library/src/main/java/com/bumptech/glide/load/engine/bitmap_recycle/ArrayPool.java
com.bumptech.glide.manager.RequestManagerRetriever	/home/nima/Developer/nullness-benchmarks/glide/library/src/main/java/com/bumptech/glide/manager/RequestManagerRetriever.java
com.bumptech.glide.manager.RequestManagerRetriever$RequestManagerFactory	/home/nima/Developer/nullness-benchmarks/glide/library/src/main/java/com/bumptech/glide/manager/RequestManagerRetriever.java
com.bumptech.glide.manager.RequestManagerRetriever$1	/home/nima/Developer/nullness-benchmarks/glide/library/src/main/java/com/bumptech/glide/manager/RequestManagerRetriever.java
com.bumptech.glide.load.engine.prefill.BitmapPreFiller	/home/nima/Developer/nullness-benchmarks/glide/library/src/main/java/com/bumptech/glide/load/engine/prefill/BitmapPreFiller.java
com.bumptech.glide.GeneratedAppGlideModule	/home/nima/Developer/nullness-benchmarks/glide/library/src/main/java/com/bumptech/glide/GeneratedAppGlideModule.java
com.bumptech.glide.module.AppGlideModule	/home/nima/Developer/nullness-benchmarks/glide/library/src/main/java/com/bumptech/glide/module/AppGlideModule.java
com.bumptech.glide.module.LibraryGlideModule	/home/nima/Developer/nullness-benchmarks/glide/library/src/main/java/com/bumptech/glide/module/LibraryGlideModule.java
com.bumptech.glide.module.RegistersComponents	/home/nima/Developer/nullness-benchmarks/glide/library/src/main/java/com/bumptech/glide/module/RegistersComponents.java
com.bumptech.glide.module.AppliesOptions	/home/nima/Developer/nullness-benchmarks/glide/library/src/main/java/com/bumptech/glide/module/AppliesOptions.java
com.bumptech.glide.GlideExperiments	/home/nima/Developer/nullness-benchmarks/glide/library/src/main/java/com/bumptech/glide/GlideExperiments.java
com.bumptech.glide.GlideExperiments$Experiment	/home/nima/Developer/nullness-benchmarks/glide/library/src/main/java/com/bumptech/glide/GlideExperiments.java
com.bumptech.glide.GlideExperiments$Builder	/home/nima/Developer/nullness-benchmarks/glide/library/src/main/java/com/bumptech/glide/GlideExperiments.java
com.bumptech.glide.GlideBuilder	/home/nima/Developer/nullness-benchmarks/glide/library/src/main/java/com/bumptech/glide/GlideBuilder.java
com.bumptech.glide.GlideBuilder$1	/home/nima/Developer/nullness-benchmarks/glide/library/src/main/java/com/bumptech/glide/GlideBuilder.java
com.bumptech.glide.GlideBuilder$2	/home/nima/Developer/nullness-benchmarks/glide/library/src/main/java/com/bumptech/glide/GlideBuilder.java
com.bumptech.glide.GlideBuilder$ManualOverrideHardwareBitmapMaxFdCount	/home/nima/Developer/nullness-benchmarks/glide/library/src/main/java/com/bumptech/glide/GlideBuilder.java
com.bumptech.glide.GlideBuilder$EnableImageDecoderForBitmaps	/home/nima/Developer/nullness-benchmarks/glide/library/src/main/java/com/bumptech/glide/GlideBuilder.java
com.bumptech.glide.GlideBuilder$LogRequestOrigins	/home/nima/Developer/nullness-benchmarks/glide/library/src/main/java/com/bumptech/glide/GlideBuilder.java
com.bumptech.glide.module.GlideModule	/home/nima/Developer/nullness-benchmarks/glide/library/src/main/java/com/bumptech/glide/module/GlideModule.java
com.bumptech.glide.Registry	/home/nima/Developer/nullness-benchmarks/glide/library/src/main/java/com/bumptech/glide/Registry.java
com.bumptech.glide.Registry$NoModelLoaderAvailableException	/home/nima/Developer/nullness-benchmarks/glide/library/src/main/java/com/bumptech/glide/Registry.java
com.bumptech.glide.Registry$NoResultEncoderAvailableException	/home/nima/Developer/nullness-benchmarks/glide/library/src/main/java/com/bumptech/glide/Registry.java
com.bumptech.glide.Registry$NoSourceEncoderAvailableException	/home/nima/Developer/nullness-benchmarks/glide/library/src/main/java/com/bumptech/glide/Registry.java
com.bumptech.glide.Registry$MissingComponentException	/home/nima/Developer/nullness-benchmarks/glide/library/src/main/java/com/bumptech/glide/Registry.java
com.bumptech.glide.Registry$NoImageHeaderParserException	/home/nima/Developer/nullness-benchmarks/glide/library/src/main/java/com/bumptech/glide/Registry.java
com.bumptech.glide.load.model.ModelLoaderRegistry	/home/nima/Developer/nullness-benchmarks/glide/library/src/main/java/com/bumptech/glide/load/model/ModelLoaderRegistry.java
com.bumptech.glide.load.model.ModelLoaderRegistry$ModelLoaderCache	/home/nima/Developer/nullness-benchmarks/glide/library/src/main/java/com/bumptech/glide/load/model/ModelLoaderRegistry.java
com.bumptech.glide.load.model.ModelLoaderRegistry$ModelLoaderCache$Entry	/home/nima/Developer/nullness-benchmarks/glide/library/src/main/java/com/bumptech/glide/load/model/ModelLoaderRegistry.java
com.bumptech.glide.provider.EncoderRegistry	/home/nima/Developer/nullness-benchmarks/glide/library/src/main/java/com/bumptech/glide/provider/EncoderRegistry.java
com.bumptech.glide.provider.EncoderRegistry$Entry	/home/nima/Developer/nullness-benchmarks/glide/library/src/main/java/com/bumptech/glide/provider/EncoderRegistry.java
com.bumptech.glide.provider.ResourceDecoderRegistry	/home/nima/Developer/nullness-benchmarks/glide/library/src/main/java/com/bumptech/glide/provider/ResourceDecoderRegistry.java
com.bumptech.glide.provider.ResourceDecoderRegistry$Entry	/home/nima/Developer/nullness-benchmarks/glide/library/src/main/java/com/bumptech/glide/provider/ResourceDecoderRegistry.java
com.bumptech.glide.provider.ResourceEncoderRegistry	/home/nima/Developer/nullness-benchmarks/glide/library/src/main/java/com/bumptech/glide/provider/ResourceEncoderRegistry.java
com.bumptech.glide.provider.ResourceEncoderRegistry$Entry	/home/nima/Developer/nullness-benchmarks/glide/library/src/main/java/com/bumptech/glide/provider/ResourceEncoderRegistry.java
com.bumptech.glide.load.data.DataRewinderRegistry	/home/nima/Developer/nullness-benchmarks/glide/library/src/main/java/com/bumptech/glide/load/data/DataRewinderRegistry.java
com.bumptech.glide.load.data.DataRewinderRegistry$1	/home/nima/Developer/nullness-benchmarks/glide/library/src/main/java/com/bumptech/glide/load/data/DataRewinderRegistry.java
com.bumptech.glide.load.data.DataRewinderRegistry$DefaultRewinder	/home/nima/Developer/nullness-benchmarks/glide/library/src/main/java/com/bumptech/glide/load/data/DataRewinderRegistry.java
com.bumptech.glide.load.resource.transcode.TranscoderRegistry	/home/nima/Developer/nullness-benchmarks/glide/library/src/main/java/com/bumptech/glide/load/resource/transcode/TranscoderRegistry.java
com.bumptech.glide.load.resource.transcode.TranscoderRegistry$Entry	/home/nima/Developer/nullness-benchmarks/glide/library/src/main/java/com/bumptech/glide/load/resource/transcode/TranscoderRegistry.java
com.bumptech.glide.provider.ImageHeaderParserRegistry	/home/nima/Developer/nullness-benchmarks/glide/library/src/main/java/com/bumptech/glide/provider/ImageHeaderParserRegistry.java
com.bumptech.glide.provider.ModelToResourceClassCache	/home/nima/Developer/nullness-benchmarks/glide/library/src/main/java/com/bumptech/glide/provider/ModelToResourceClassCache.java
com.bumptech.glide.provider.LoadPathCache	/home/nima/Developer/nullness-benchmarks/glide/library/src/main/java/com/bumptech/glide/provider/LoadPathCache.java
com.bumptech.glide.load.Encoder	/home/nima/Developer/nullness-benchmarks/glide/library/src/main/java/com/bumptech/glide/load/Encoder.java
com.bumptech.glide.load.ResourceDecoder	/home/nima/Developer/nullness-benchmarks/glide/library/src/main/java/com/bumptech/glide/load/ResourceDecoder.java
com.bumptech.glide.load.ResourceEncoder	/home/nima/Developer/nullness-benchmarks/glide/library/src/main/java/com/bumptech/glide/load/ResourceEncoder.java
com.bumptech.glide.load.data.DataRewinder	/home/nima/Developer/nullness-benchmarks/glide/library/src/main/java/com/bumptech/glide/load/data/DataRewinder.java
com.bumptech.glide.load.data.DataRewinder$Factory	/home/nima/Developer/nullness-benchmarks/glide/library/src/main/java/com/bumptech/glide/load/data/DataRewinder.java
com.bumptech.glide.load.resource.transcode.ResourceTranscoder	/home/nima/Developer/nullness-benchmarks/glide/library/src/main/java/com/bumptech/glide/load/resource/transcode/ResourceTranscoder.java
com.bumptech.glide.load.ImageHeaderParser	/home/nima/Developer/nullness-benchmarks/glide/library/src/main/java/com/bumptech/glide/load/ImageHeaderParser.java
com.bumptech.glide.load.ImageHeaderParser$ImageType	/home/nima/Developer/nullness-benchmarks/glide/library/src/main/java/com/bumptech/glide/load/ImageHeaderParser.java
com.bumptech.glide.load.model.ModelLoaderFactory	/home/nima/Developer/nullness-benchmarks/glide/library/src/main/java/com/bumptech/glide/load/model/ModelLoaderFactory.java
com.bumptech.glide.load.engine.LoadPath	/home/nima/Developer/nullness-benchmarks/glide/library/src/main/java/com/bumptech/glide/load/engine/LoadPath.java
com.bumptech.glide.load.engine.DecodePath	/home/nima/Developer/nullness-benchmarks/glide/library/src/main/java/com/bumptech/glide/load/engine/DecodePath.java
com.bumptech.glide.load.engine.DecodePath$DecodeCallback	/home/nima/Developer/nullness-benchmarks/glide/library/src/main/java/com/bumptech/glide/load/engine/DecodePath.java
com.bumptech.glide.load.model.ModelLoader	/home/nima/Developer/nullness-benchmarks/glide/library/src/main/java/com/bumptech/glide/load/model/ModelLoader.java
com.bumptech.glide.load.model.ModelLoader$LoadData	/home/nima/Developer/nullness-benchmarks/glide/library/src/main/java/com/bumptech/glide/load/model/ModelLoader.java
com.bumptech.glide.load.Options	/home/nima/Developer/nullness-benchmarks/glide/library/src/main/java/com/bumptech/glide/load/Options.java
com.bumptech.glide.load.data.DataFetcher	/home/nima/Developer/nullness-benchmarks/glide/library/src/main/java/com/bumptech/glide/load/data/DataFetcher.java
com.bumptech.glide.load.data.DataFetcher$DataCallback	/home/nima/Developer/nullness-benchmarks/glide/library/src/main/java/com/bumptech/glide/load/data/DataFetcher.java
com.bumptech.glide.Priority	/home/nima/Developer/nullness-benchmarks/glide/library/src/main/java/com/bumptech/glide/Priority.java
com.bumptech.glide.load.Option	/home/nima/Developer/nullness-benchmarks/glide/library/src/main/java/com/bumptech/glide/load/Option.java
com.bumptech.glide.load.Option$1	/home/nima/Developer/nullness-benchmarks/glide/library/src/main/java/com/bumptech/glide/load/Option.java
com.bumptech.glide.load.Option$CacheKeyUpdater	/home/nima/Developer/nullness-benchmarks/glide/library/src/main/java/com/bumptech/glide/load/Option.java
com.bumptech.glide.load.model.MultiModelLoaderFactory	/home/nima/Developer/nullness-benchmarks/glide/library/src/main/java/com/bumptech/glide/load/model/MultiModelLoaderFactory.java
com.bumptech.glide.load.model.MultiModelLoaderFactory$Entry	/home/nima/Developer/nullness-benchmarks/glide/library/src/main/java/com/bumptech/glide/load/model/MultiModelLoaderFactory.java
com.bumptech.glide.load.model.MultiModelLoaderFactory$Factory	/home/nima/Developer/nullness-benchmarks/glide/library/src/main/java/com/bumptech/glide/load/model/MultiModelLoaderFactory.java
com.bumptech.glide.load.model.MultiModelLoaderFactory$EmptyModelLoader	/home/nima/Developer/nullness-benchmarks/glide/library/src/main/java/com/bumptech/glide/load/model/MultiModelLoaderFactory.java
com.bumptech.glide.load.model.MultiModelLoader	/home/nima/Developer/nullness-benchmarks/glide/library/src/main/java/com/bumptech/glide/load/model/MultiModelLoader.java
com.bumptech.glide.load.model.MultiModelLoader$MultiFetcher	/home/nima/Developer/nullness-benchmarks/glide/library/src/main/java/com/bumptech/glide/load/model/MultiModelLoader.java
com.bumptech.glide.load.EncodeStrategy	/home/nima/Developer/nullness-benchmarks/glide/library/src/main/java/com/bumptech/glide/load/EncodeStrategy.java
com.bumptech.glide.util.MultiClassKey	/home/nima/Developer/nullness-benchmarks/glide/library/src/main/java/com/bumptech/glide/util/MultiClassKey.java
com.bumptech.glide.load.engine.executor.GlideExecutor	/home/nima/Developer/nullness-benchmarks/glide/library/src/main/java/com/bumptech/glide/load/engine/executor/GlideExecutor.java
com.bumptech.glide.load.engine.executor.GlideExecutor$UncaughtThrowableStrategy	/home/nima/Developer/nullness-benchmarks/glide/library/src/main/java/com/bumptech/glide/load/engine/executor/GlideExecutor.java
com.bumptech.glide.load.engine.executor.GlideExecutor$UncaughtThrowableStrategy$1	/home/nima/Developer/nullness-benchmarks/glide/library/src/main/java/com/bumptech/glide/load/engine/executor/GlideExecutor.java
com.bumptech.glide.load.engine.executor.GlideExecutor$UncaughtThrowableStrategy$2	/home/nima/Developer/nullness-benchmarks/glide/library/src/main/java/com/bumptech/glide/load/engine/executor/GlideExecutor.java
com.bumptech.glide.load.engine.executor.GlideExecutor$UncaughtThrowableStrategy$3	/home/nima/Developer/nullness-benchmarks/glide/library/src/main/java/com/bumptech/glide/load/engine/executor/GlideExecutor.java
com.bumptech.glide.load.engine.executor.GlideExecutor$DefaultPriorityThreadFactory	/home/nima/Developer/nullness-benchmarks/glide/library/src/main/java/com/bumptech/glide/load/engine/executor/GlideExecutor.java
com.bumptech.glide.load.engine.executor.GlideExecutor$DefaultPriorityThreadFactory$1	/home/nima/Developer/nullness-benchmarks/glide/library/src/main/java/com/bumptech/glide/load/engine/executor/GlideExecutor.java
com.bumptech.glide.load.engine.executor.GlideExecutor$DefaultThreadFactory	/home/nima/Developer/nullness-benchmarks/glide/library/src/main/java/com/bumptech/glide/load/engine/executor/GlideExecutor.java
com.bumptech.glide.load.engine.executor.GlideExecutor$DefaultThreadFactory$1	/home/nima/Developer/nullness-benchmarks/glide/library/src/main/java/com/bumptech/glide/load/engine/executor/GlideExecutor.java
com.bumptech.glide.load.engine.executor.GlideExecutor$Builder	/home/nima/Developer/nullness-benchmarks/glide/library/src/main/java/com/bumptech/glide/load/engine/executor/GlideExecutor.java
com.bumptech.glide.load.engine.cache.DiskCache	/home/nima/Developer/nullness-benchmarks/glide/library/src/main/java/com/bumptech/glide/load/engine/cache/DiskCache.java
com.bumptech.glide.load.engine.cache.DiskCache$Factory	/home/nima/Developer/nullness-benchmarks/glide/library/src/main/java/com/bumptech/glide/load/engine/cache/DiskCache.java
com.bumptech.glide.load.engine.cache.DiskCache$Writer	/home/nima/Developer/nullness-benchmarks/glide/library/src/main/java/com/bumptech/glide/load/engine/cache/DiskCache.java
com.bumptech.glide.load.engine.cache.MemorySizeCalculator	/home/nima/Developer/nullness-benchmarks/glide/library/src/main/java/com/bumptech/glide/load/engine/cache/MemorySizeCalculator.java
com.bumptech.glide.load.engine.cache.MemorySizeCalculator$ScreenDimensions	/home/nima/Developer/nullness-benchmarks/glide/library/src/main/java/com/bumptech/glide/load/engine/cache/MemorySizeCalculator.java
com.bumptech.glide.load.engine.cache.MemorySizeCalculator$Builder	/home/nima/Developer/nullness-benchmarks/glide/library/src/main/java/com/bumptech/glide/load/engine/cache/MemorySizeCalculator.java
com.bumptech.glide.load.engine.cache.MemorySizeCalculator$DisplayMetricsScreenDimensions	/home/nima/Developer/nullness-benchmarks/glide/library/src/main/java/com/bumptech/glide/load/engine/cache/MemorySizeCalculator.java
com.bumptech.glide.load.DecodeFormat	/home/nima/Developer/nullness-benchmarks/glide/library/src/main/java/com/bumptech/glide/load/DecodeFormat.java
com.bumptech.glide.load.engine.prefill.BitmapPreFillRunner	/home/nima/Developer/nullness-benchmarks/glide/library/src/main/java/com/bumptech/glide/load/engine/prefill/BitmapPreFillRunner.java
com.bumptech.glide.load.engine.prefill.BitmapPreFillRunner$UniqueKey	/home/nima/Developer/nullness-benchmarks/glide/library/src/main/java/com/bumptech/glide/load/engine/prefill/BitmapPreFillRunner.java
com.bumptech.glide.load.engine.prefill.BitmapPreFillRunner$Clock	/home/nima/Developer/nullness-benchmarks/glide/library/src/main/java/com/bumptech/glide/load/engine/prefill/BitmapPreFillRunner.java
com.bumptech.glide.load.engine.prefill.PreFillQueue	/home/nima/Developer/nullness-benchmarks/glide/library/src/main/java/com/bumptech/glide/load/engine/prefill/PreFillQueue.java
com.bumptech.glide.manager.FrameWaiter	/home/nima/Developer/nullness-benchmarks/glide/library/src/main/java/com/bumptech/glide/manager/FrameWaiter.java
com.bumptech.glide.manager.LifecycleRequestManagerRetriever	/home/nima/Developer/nullness-benchmarks/glide/library/src/main/java/com/bumptech/glide/manager/LifecycleRequestManagerRetriever.java
com.bumptech.glide.manager.LifecycleRequestManagerRetriever$1	/home/nima/Developer/nullness-benchmarks/glide/library/src/main/java/com/bumptech/glide/manager/LifecycleRequestManagerRetriever.java
com.bumptech.glide.manager.LifecycleRequestManagerRetriever$SupportRequestManagerTreeNode	/home/nima/Developer/nullness-benchmarks/glide/library/src/main/java/com/bumptech/glide/manager/LifecycleRequestManagerRetriever.java
com.bumptech.glide.request.target.ImageViewTargetFactory	/home/nima/Developer/nullness-benchmarks/glide/library/src/main/java/com/bumptech/glide/request/target/ImageViewTargetFactory.java
com.bumptech.glide.request.target.ViewTarget	/home/nima/Developer/nullness-benchmarks/glide/library/src/main/java/com/bumptech/glide/request/target/ViewTarget.java
com.bumptech.glide.request.target.ViewTarget$1	/home/nima/Developer/nullness-benchmarks/glide/library/src/main/java/com/bumptech/glide/request/target/ViewTarget.java
com.bumptech.glide.request.target.ViewTarget$SizeDeterminer	/home/nima/Developer/nullness-benchmarks/glide/library/src/main/java/com/bumptech/glide/request/target/ViewTarget.java
com.bumptech.glide.request.target.ViewTarget$SizeDeterminer$SizeDeterminerLayoutListener	/home/nima/Developer/nullness-benchmarks/glide/library/src/main/java/com/bumptech/glide/request/target/ViewTarget.java
com.bumptech.glide.request.target.BaseTarget	/home/nima/Developer/nullness-benchmarks/glide/library/src/main/java/com/bumptech/glide/request/target/BaseTarget.java
com.bumptech.glide.load.engine.Jobs	/home/nima/Developer/nullness-benchmarks/glide/library/src/main/java/com/bumptech/glide/load/engine/Jobs.java
com.bumptech.glide.load.engine.EngineKeyFactory	/home/nima/Developer/nullness-benchmarks/glide/library/src/main/java/com/bumptech/glide/load/engine/EngineKeyFactory.java
com.bumptech.glide.load.engine.ResourceRecycler	/home/nima/Developer/nullness-benchmarks/glide/library/src/main/java/com/bumptech/glide/load/engine/ResourceRecycler.java
com.bumptech.glide.load.engine.ResourceRecycler$ResourceRecyclerCallback	/home/nima/Developer/nullness-benchmarks/glide/library/src/main/java/com/bumptech/glide/load/engine/ResourceRecycler.java
com.bumptech.glide.util.pool.FactoryPools	/home/nima/Developer/nullness-benchmarks/glide/library/src/main/java/com/bumptech/glide/util/pool/FactoryPools.java
com.bumptech.glide.util.pool.FactoryPools$1	/home/nima/Developer/nullness-benchmarks/glide/library/src/main/java/com/bumptech/glide/util/pool/FactoryPools.java
com.bumptech.glide.util.pool.FactoryPools$2	/home/nima/Developer/nullness-benchmarks/glide/library/src/main/java/com/bumptech/glide/util/pool/FactoryPools.java
com.bumptech.glide.util.pool.FactoryPools$3	/home/nima/Developer/nullness-benchmarks/glide/library/src/main/java/com/bumptech/glide/util/pool/FactoryPools.java
com.bumptech.glide.util.pool.FactoryPools$Factory	/home/nima/Developer/nullness-benchmarks/glide/library/src/main/java/com/bumptech/glide/util/pool/FactoryPools.java
com.bumptech.glide.util.pool.FactoryPools$Resetter	/home/nima/Developer/nullness-benchmarks/glide/library/src/main/java/com/bumptech/glide/util/pool/FactoryPools.java
com.bumptech.glide.util.pool.FactoryPools$Poolable	/home/nima/Developer/nullness-benchmarks/glide/library/src/main/java/com/bumptech/glide/util/pool/FactoryPools.java
com.bumptech.glide.util.pool.FactoryPools$FactoryPool	/home/nima/Developer/nullness-benchmarks/glide/library/src/main/java/com/bumptech/glide/util/pool/FactoryPools.java
com.bumptech.glide.load.engine.DecodeJob	/home/nima/Developer/nullness-benchmarks/glide/library/src/main/java/com/bumptech/glide/load/engine/DecodeJob.java
com.bumptech.glide.load.engine.DecodeJob$DecodeCallback	/home/nima/Developer/nullness-benchmarks/glide/library/src/main/java/com/bumptech/glide/load/engine/DecodeJob.java
com.bumptech.glide.load.engine.DecodeJob$ReleaseManager	/home/nima/Developer/nullness-benchmarks/glide/library/src/main/java/com/bumptech/glide/load/engine/DecodeJob.java
com.bumptech.glide.load.engine.DecodeJob$DeferredEncodeManager	/home/nima/Developer/nullness-benchmarks/glide/library/src/main/java/com/bumptech/glide/load/engine/DecodeJob.java
com.bumptech.glide.load.engine.DecodeJob$Callback	/home/nima/Developer/nullness-benchmarks/glide/library/src/main/java/com/bumptech/glide/load/engine/DecodeJob.java
com.bumptech.glide.load.engine.DecodeJob$DiskCacheProvider	/home/nima/Developer/nullness-benchmarks/glide/library/src/main/java/com/bumptech/glide/load/engine/DecodeJob.java
com.bumptech.glide.load.engine.DecodeJob$RunReason	/home/nima/Developer/nullness-benchmarks/glide/library/src/main/java/com/bumptech/glide/load/engine/DecodeJob.java
com.bumptech.glide.load.engine.DecodeJob$Stage	/home/nima/Developer/nullness-benchmarks/glide/library/src/main/java/com/bumptech/glide/load/engine/DecodeJob.java
com.bumptech.glide.load.engine.DataFetcherGenerator	/home/nima/Developer/nullness-benchmarks/glide/library/src/main/java/com/bumptech/glide/load/engine/DataFetcherGenerator.java
com.bumptech.glide.load.engine.DataFetcherGenerator$FetcherReadyCallback	/home/nima/Developer/nullness-benchmarks/glide/library/src/main/java/com/bumptech/glide/load/engine/DataFetcherGenerator.java
com.bumptech.glide.load.engine.ActiveResources	/home/nima/Developer/nullness-benchmarks/glide/library/src/main/java/com/bumptech/glide/load/engine/ActiveResources.java
com.bumptech.glide.load.engine.ActiveResources$1	/home/nima/Developer/nullness-benchmarks/glide/library/src/main/java/com/bumptech/glide/load/engine/ActiveResources.java
com.bumptech.glide.load.engine.ActiveResources$1$1	/home/nima/Developer/nullness-benchmarks/glide/library/src/main/java/com/bumptech/glide/load/engine/ActiveResources.java
com.bumptech.glide.load.engine.ActiveResources$2	/home/nima/Developer/nullness-benchmarks/glide/library/src/main/java/com/bumptech/glide/load/engine/ActiveResources.java
com.bumptech.glide.load.engine.ActiveResources$DequeuedResourceCallback	/home/nima/Developer/nullness-benchmarks/glide/library/src/main/java/com/bumptech/glide/load/engine/ActiveResources.java
com.bumptech.glide.load.engine.ActiveResources$ResourceWeakReference	/home/nima/Developer/nullness-benchmarks/glide/library/src/main/java/com/bumptech/glide/load/engine/ActiveResources.java
com.bumptech.glide.load.engine.DiskCacheStrategy	/home/nima/Developer/nullness-benchmarks/glide/library/src/main/java/com/bumptech/glide/load/engine/DiskCacheStrategy.java
com.bumptech.glide.load.engine.DiskCacheStrategy$1	/home/nima/Developer/nullness-benchmarks/glide/library/src/main/java/com/bumptech/glide/load/engine/DiskCacheStrategy.java
com.bumptech.glide.load.engine.DiskCacheStrategy$2	/home/nima/Developer/nullness-benchmarks/glide/library/src/main/java/com/bumptech/glide/load/engine/DiskCacheStrategy.java
com.bumptech.glide.load.engine.DiskCacheStrategy$3	/home/nima/Developer/nullness-benchmarks/glide/library/src/main/java/com/bumptech/glide/load/engine/DiskCacheStrategy.java
com.bumptech.glide.load.engine.DiskCacheStrategy$4	/home/nima/Developer/nullness-benchmarks/glide/library/src/main/java/com/bumptech/glide/load/engine/DiskCacheStrategy.java
com.bumptech.glide.load.engine.DiskCacheStrategy$5	/home/nima/Developer/nullness-benchmarks/glide/library/src/main/java/com/bumptech/glide/load/engine/DiskCacheStrategy.java
com.bumptech.glide.request.ResourceCallback	/home/nima/Developer/nullness-benchmarks/glide/library/src/main/java/com/bumptech/glide/request/ResourceCallback.java
com.bumptech.glide.load.engine.EngineKey	/home/nima/Developer/nullness-benchmarks/glide/library/src/main/java/com/bumptech/glide/load/engine/EngineKey.java
com.bumptech.glide.load.engine.EngineJob	/home/nima/Developer/nullness-benchmarks/glide/library/src/main/java/com/bumptech/glide/load/engine/EngineJob.java
com.bumptech.glide.load.engine.EngineJob$CallLoadFailed	/home/nima/Developer/nullness-benchmarks/glide/library/src/main/java/com/bumptech/glide/load/engine/EngineJob.java
com.bumptech.glide.load.engine.EngineJob$CallResourceReady	/home/nima/Developer/nullness-benchmarks/glide/library/src/main/java/com/bumptech/glide/load/engine/EngineJob.java
com.bumptech.glide.load.engine.EngineJob$ResourceCallbacksAndExecutors	/home/nima/Developer/nullness-benchmarks/glide/library/src/main/java/com/bumptech/glide/load/engine/EngineJob.java
com.bumptech.glide.load.engine.EngineJob$ResourceCallbackAndExecutor	/home/nima/Developer/nullness-benchmarks/glide/library/src/main/java/com/bumptech/glide/load/engine/EngineJob.java
com.bumptech.glide.load.engine.EngineJob$EngineResourceFactory	/home/nima/Developer/nullness-benchmarks/glide/library/src/main/java/com/bumptech/glide/load/engine/EngineJob.java
com.bumptech.glide.util.pool.StateVerifier	/home/nima/Developer/nullness-benchmarks/glide/library/src/main/java/com/bumptech/glide/util/pool/StateVerifier.java
com.bumptech.glide.util.pool.StateVerifier$DefaultStateVerifier	/home/nima/Developer/nullness-benchmarks/glide/library/src/main/java/com/bumptech/glide/util/pool/StateVerifier.java
com.bumptech.glide.util.pool.StateVerifier$DebugStateVerifier	/home/nima/Developer/nullness-benchmarks/glide/library/src/main/java/com/bumptech/glide/util/pool/StateVerifier.java
com.bumptech.glide.load.engine.DecodeHelper	/home/nima/Developer/nullness-benchmarks/glide/library/src/main/java/com/bumptech/glide/load/engine/DecodeHelper.java
com.bumptech.glide.load.engine.LockedResource	/home/nima/Developer/nullness-benchmarks/glide/library/src/main/java/com/bumptech/glide/load/engine/LockedResource.java
com.bumptech.glide.load.engine.LockedResource$1	/home/nima/Developer/nullness-benchmarks/glide/library/src/main/java/com/bumptech/glide/load/engine/LockedResource.java
com.bumptech.glide.request.FutureTarget	/home/nima/Developer/nullness-benchmarks/glide/library/src/main/java/com/bumptech/glide/request/FutureTarget.java
com.bumptech.glide.request.RequestCoordinator	/home/nima/Developer/nullness-benchmarks/glide/library/src/main/java/com/bumptech/glide/request/RequestCoordinator.java
com.bumptech.glide.request.RequestCoordinator$RequestState	/home/nima/Developer/nullness-benchmarks/glide/library/src/main/java/com/bumptech/glide/request/RequestCoordinator.java
com.bumptech.glide.load.resource.bitmap.DownsampleStrategy	/home/nima/Developer/nullness-benchmarks/glide/library/src/main/java/com/bumptech/glide/load/resource/bitmap/DownsampleStrategy.java
com.bumptech.glide.load.resource.bitmap.DownsampleStrategy$FitCenter	/home/nima/Developer/nullness-benchmarks/glide/library/src/main/java/com/bumptech/glide/load/resource/bitmap/DownsampleStrategy.java
com.bumptech.glide.load.resource.bitmap.DownsampleStrategy$CenterOutside	/home/nima/Developer/nullness-benchmarks/glide/library/src/main/java/com/bumptech/glide/load/resource/bitmap/DownsampleStrategy.java
com.bumptech.glide.load.resource.bitmap.DownsampleStrategy$AtLeast	/home/nima/Developer/nullness-benchmarks/glide/library/src/main/java/com/bumptech/glide/load/resource/bitmap/DownsampleStrategy.java
com.bumptech.glide.load.resource.bitmap.DownsampleStrategy$AtMost	/home/nima/Developer/nullness-benchmarks/glide/library/src/main/java/com/bumptech/glide/load/resource/bitmap/DownsampleStrategy.java
com.bumptech.glide.load.resource.bitmap.DownsampleStrategy$None	/home/nima/Developer/nullness-benchmarks/glide/library/src/main/java/com/bumptech/glide/load/resource/bitmap/DownsampleStrategy.java
com.bumptech.glide.load.resource.bitmap.DownsampleStrategy$CenterInside	/home/nima/Developer/nullness-benchmarks/glide/library/src/main/java/com/bumptech/glide/load/resource/bitmap/DownsampleStrategy.java
com.bumptech.glide.load.resource.bitmap.DownsampleStrategy$SampleSizeRounding	/home/nima/Developer/nullness-benchmarks/glide/library/src/main/java/com/bumptech/glide/load/resource/bitmap/DownsampleStrategy.java
com.bumptech.glide.RegistryFactory	/home/nima/Developer/nullness-benchmarks/glide/library/src/main/java/com/bumptech/glide/RegistryFactory.java
com.bumptech.glide.RegistryFactory$1	/home/nima/Developer/nullness-benchmarks/glide/library/src/main/java/com/bumptech/glide/RegistryFactory.java
com.bumptech.glide.manager.DefaultConnectivityMonitor	/home/nima/Developer/nullness-benchmarks/glide/library/src/main/java/com/bumptech/glide/manager/DefaultConnectivityMonitor.java
com.bumptech.glide.manager.LifecycleLifecycle	/home/nima/Developer/nullness-benchmarks/glide/library/src/main/java/com/bumptech/glide/manager/LifecycleLifecycle.java
com.bumptech.glide.manager.RequestManagerFragment	/home/nima/Developer/nullness-benchmarks/glide/library/src/main/java/com/bumptech/glide/manager/RequestManagerFragment.java
com.bumptech.glide.manager.RequestManagerFragment$1	/home/nima/Developer/nullness-benchmarks/glide/library/src/main/java/com/bumptech/glide/manager/RequestManagerFragment.java
com.bumptech.glide.manager.NullConnectivityMonitor	/home/nima/Developer/nullness-benchmarks/glide/library/src/main/java/com/bumptech/glide/manager/NullConnectivityMonitor.java
com.bumptech.glide.manager.DefaultConnectivityMonitorFactory	/home/nima/Developer/nullness-benchmarks/glide/library/src/main/java/com/bumptech/glide/manager/DefaultConnectivityMonitorFactory.java
com.bumptech.glide.manager.FirstFrameWaiter	/home/nima/Developer/nullness-benchmarks/glide/library/src/main/java/com/bumptech/glide/manager/FirstFrameWaiter.java
com.bumptech.glide.manager.FirstFrameWaiter$1	/home/nima/Developer/nullness-benchmarks/glide/library/src/main/java/com/bumptech/glide/manager/FirstFrameWaiter.java
com.bumptech.glide.manager.FirstFrameWaiter$1$1	/home/nima/Developer/nullness-benchmarks/glide/library/src/main/java/com/bumptech/glide/manager/FirstFrameWaiter.java
com.bumptech.glide.manager.SupportRequestManagerFragment	/home/nima/Developer/nullness-benchmarks/glide/library/src/main/java/com/bumptech/glide/manager/SupportRequestManagerFragment.java
com.bumptech.glide.manager.EmptyRequestManagerTreeNode	/home/nima/Developer/nullness-benchmarks/glide/library/src/main/java/com/bumptech/glide/manager/EmptyRequestManagerTreeNode.java
com.bumptech.glide.manager.DoNothingFirstFrameWaiter	/home/nima/Developer/nullness-benchmarks/glide/library/src/main/java/com/bumptech/glide/manager/DoNothingFirstFrameWaiter.java
com.bumptech.glide.manager.SingletonConnectivityReceiver	/home/nima/Developer/nullness-benchmarks/glide/library/src/main/java/com/bumptech/glide/manager/SingletonConnectivityReceiver.java
com.bumptech.glide.manager.SingletonConnectivityReceiver$1	/home/nima/Developer/nullness-benchmarks/glide/library/src/main/java/com/bumptech/glide/manager/SingletonConnectivityReceiver.java
com.bumptech.glide.manager.SingletonConnectivityReceiver$2	/home/nima/Developer/nullness-benchmarks/glide/library/src/main/java/com/bumptech/glide/manager/SingletonConnectivityReceiver.java
com.bumptech.glide.manager.SingletonConnectivityReceiver$FrameworkConnectivityMonitor	/home/nima/Developer/nullness-benchmarks/glide/library/src/main/java/com/bumptech/glide/manager/SingletonConnectivityReceiver.java
com.bumptech.glide.manager.SingletonConnectivityReceiver$FrameworkConnectivityMonitorPostApi24	/home/nima/Developer/nullness-benchmarks/glide/library/src/main/java/com/bumptech/glide/manager/SingletonConnectivityReceiver.java
com.bumptech.glide.manager.SingletonConnectivityReceiver$FrameworkConnectivityMonitorPostApi24$1	/home/nima/Developer/nullness-benchmarks/glide/library/src/main/java/com/bumptech/glide/manager/SingletonConnectivityReceiver.java
com.bumptech.glide.manager.SingletonConnectivityReceiver$FrameworkConnectivityMonitorPostApi24$1$1	/home/nima/Developer/nullness-benchmarks/glide/library/src/main/java/com/bumptech/glide/manager/SingletonConnectivityReceiver.java
com.bumptech.glide.manager.SingletonConnectivityReceiver$FrameworkConnectivityMonitorPreApi24	/home/nima/Developer/nullness-benchmarks/glide/library/src/main/java/com/bumptech/glide/manager/SingletonConnectivityReceiver.java
com.bumptech.glide.manager.SingletonConnectivityReceiver$FrameworkConnectivityMonitorPreApi24$1	/home/nima/Developer/nullness-benchmarks/glide/library/src/main/java/com/bumptech/glide/manager/SingletonConnectivityReceiver.java
com.bumptech.glide.manager.SingletonConnectivityReceiver$FrameworkConnectivityMonitorPreApi24$2	/home/nima/Developer/nullness-benchmarks/glide/library/src/main/java/com/bumptech/glide/manager/SingletonConnectivityReceiver.java
com.bumptech.glide.manager.SingletonConnectivityReceiver$FrameworkConnectivityMonitorPreApi24$3	/home/nima/Developer/nullness-benchmarks/glide/library/src/main/java/com/bumptech/glide/manager/SingletonConnectivityReceiver.java
com.bumptech.glide.manager.SingletonConnectivityReceiver$FrameworkConnectivityMonitorPreApi24$4	/home/nima/Developer/nullness-benchmarks/glide/library/src/main/java/com/bumptech/glide/manager/SingletonConnectivityReceiver.java
com.bumptech.glide.manager.SingletonConnectivityReceiver$FrameworkConnectivityMonitorPreApi24$5	/home/nima/Developer/nullness-benchmarks/glide/library/src/main/java/com/bumptech/glide/manager/SingletonConnectivityReceiver.java
com.bumptech.glide.manager.ApplicationLifecycle	/home/nima/Developer/nullness-benchmarks/glide/library/src/main/java/com/bumptech/glide/manager/ApplicationLifecycle.java
com.bumptech.glide.module.ManifestParser	/home/nima/Developer/nullness-benchmarks/glide/library/src/main/java/com/bumptech/glide/module/ManifestParser.java
com.bumptech.glide.util.pool.GlideTrace	/home/nima/Developer/nullness-benchmarks/glide/library/src/main/java/com/bumptech/glide/util/pool/GlideTrace.java
com.bumptech.glide.util.LruCache	/home/nima/Developer/nullness-benchmarks/glide/library/src/main/java/com/bumptech/glide/util/LruCache.java
com.bumptech.glide.util.LruCache$Entry	/home/nima/Developer/nullness-benchmarks/glide/library/src/main/java/com/bumptech/glide/util/LruCache.java
com.bumptech.glide.util.Synthetic	/home/nima/Developer/nullness-benchmarks/glide/library/src/main/java/com/bumptech/glide/util/Synthetic.java
com.bumptech.glide.util.Executors	/home/nima/Developer/nullness-benchmarks/glide/library/src/main/java/com/bumptech/glide/util/Executors.java
com.bumptech.glide.util.Executors$1	/home/nima/Developer/nullness-benchmarks/glide/library/src/main/java/com/bumptech/glide/util/Executors.java
com.bumptech.glide.util.Executors$2	/home/nima/Developer/nullness-benchmarks/glide/library/src/main/java/com/bumptech/glide/util/Executors.java
com.bumptech.glide.util.ByteBufferUtil	/home/nima/Developer/nullness-benchmarks/glide/library/src/main/java/com/bumptech/glide/util/ByteBufferUtil.java
com.bumptech.glide.util.ByteBufferUtil$SafeArray	/home/nima/Developer/nullness-benchmarks/glide/library/src/main/java/com/bumptech/glide/util/ByteBufferUtil.java
com.bumptech.glide.util.ByteBufferUtil$ByteBufferStream	/home/nima/Developer/nullness-benchmarks/glide/library/src/main/java/com/bumptech/glide/util/ByteBufferUtil.java
com.bumptech.glide.util.MarkEnforcingInputStream	/home/nima/Developer/nullness-benchmarks/glide/library/src/main/java/com/bumptech/glide/util/MarkEnforcingInputStream.java
com.bumptech.glide.util.LogTime	/home/nima/Developer/nullness-benchmarks/glide/library/src/main/java/com/bumptech/glide/util/LogTime.java
com.bumptech.glide.util.ExceptionPassthroughInputStream	/home/nima/Developer/nullness-benchmarks/glide/library/src/main/java/com/bumptech/glide/util/ExceptionPassthroughInputStream.java
com.bumptech.glide.util.CachedHashCodeArrayMap	/home/nima/Developer/nullness-benchmarks/glide/library/src/main/java/com/bumptech/glide/util/CachedHashCodeArrayMap.java
com.bumptech.glide.util.ExceptionCatchingInputStream	/home/nima/Developer/nullness-benchmarks/glide/library/src/main/java/com/bumptech/glide/util/ExceptionCatchingInputStream.java
com.bumptech.glide.util.ViewPreloadSizeProvider	/home/nima/Developer/nullness-benchmarks/glide/library/src/main/java/com/bumptech/glide/util/ViewPreloadSizeProvider.java
com.bumptech.glide.util.ViewPreloadSizeProvider$SizeViewTarget	/home/nima/Developer/nullness-benchmarks/glide/library/src/main/java/com/bumptech/glide/util/ViewPreloadSizeProvider.java
com.bumptech.glide.request.target.CustomViewTarget	/home/nima/Developer/nullness-benchmarks/glide/library/src/main/java/com/bumptech/glide/request/target/CustomViewTarget.java
com.bumptech.glide.request.target.CustomViewTarget$1	/home/nima/Developer/nullness-benchmarks/glide/library/src/main/java/com/bumptech/glide/request/target/CustomViewTarget.java
com.bumptech.glide.request.target.CustomViewTarget$SizeDeterminer	/home/nima/Developer/nullness-benchmarks/glide/library/src/main/java/com/bumptech/glide/request/target/CustomViewTarget.java
com.bumptech.glide.request.target.CustomViewTarget$SizeDeterminer$SizeDeterminerLayoutListener	/home/nima/Developer/nullness-benchmarks/glide/library/src/main/java/com/bumptech/glide/request/target/CustomViewTarget.java
com.bumptech.glide.util.Util	/home/nima/Developer/nullness-benchmarks/glide/library/src/main/java/com/bumptech/glide/util/Util.java
com.bumptech.glide.util.ContentLengthInputStream	/home/nima/Developer/nullness-benchmarks/glide/library/src/main/java/com/bumptech/glide/util/ContentLengthInputStream.java
com.bumptech.glide.util.FixedPreloadSizeProvider	/home/nima/Developer/nullness-benchmarks/glide/library/src/main/java/com/bumptech/glide/util/FixedPreloadSizeProvider.java
com.bumptech.glide.util.Preconditions	/home/nima/Developer/nullness-benchmarks/glide/library/src/main/java/com/bumptech/glide/util/Preconditions.java
com.bumptech.glide.signature.ObjectKey	/home/nima/Developer/nullness-benchmarks/glide/library/src/main/java/com/bumptech/glide/signature/ObjectKey.java
com.bumptech.glide.signature.EmptySignature	/home/nima/Developer/nullness-benchmarks/glide/library/src/main/java/com/bumptech/glide/signature/EmptySignature.java
com.bumptech.glide.signature.AndroidResourceSignature	/home/nima/Developer/nullness-benchmarks/glide/library/src/main/java/com/bumptech/glide/signature/AndroidResourceSignature.java
com.bumptech.glide.signature.MediaStoreSignature	/home/nima/Developer/nullness-benchmarks/glide/library/src/main/java/com/bumptech/glide/signature/MediaStoreSignature.java
com.bumptech.glide.signature.ApplicationVersionSignature	/home/nima/Developer/nullness-benchmarks/glide/library/src/main/java/com/bumptech/glide/signature/ApplicationVersionSignature.java
com.bumptech.glide.GenericTransitionOptions	/home/nima/Developer/nullness-benchmarks/glide/library/src/main/java/com/bumptech/glide/GenericTransitionOptions.java
com.bumptech.glide.load.engine.executor.RuntimeCompat	/home/nima/Developer/nullness-benchmarks/glide/library/src/main/java/com/bumptech/glide/load/engine/executor/RuntimeCompat.java
com.bumptech.glide.load.engine.executor.RuntimeCompat$1	/home/nima/Developer/nullness-benchmarks/glide/library/src/main/java/com/bumptech/glide/load/engine/executor/RuntimeCompat.java
com.bumptech.glide.load.engine.bitmap_recycle.PrettyPrintTreeMap	/home/nima/Developer/nullness-benchmarks/glide/library/src/main/java/com/bumptech/glide/load/engine/bitmap_recycle/PrettyPrintTreeMap.java
com.bumptech.glide.load.engine.bitmap_recycle.GroupedLinkedMap	/home/nima/Developer/nullness-benchmarks/glide/library/src/main/java/com/bumptech/glide/load/engine/bitmap_recycle/GroupedLinkedMap.java
com.bumptech.glide.load.engine.bitmap_recycle.GroupedLinkedMap$LinkedEntry	/home/nima/Developer/nullness-benchmarks/glide/library/src/main/java/com/bumptech/glide/load/engine/bitmap_recycle/GroupedLinkedMap.java
com.bumptech.glide.load.engine.bitmap_recycle.Poolable	/home/nima/Developer/nullness-benchmarks/glide/library/src/main/java/com/bumptech/glide/load/engine/bitmap_recycle/Poolable.java
com.bumptech.glide.load.engine.bitmap_recycle.ByteArrayAdapter	/home/nima/Developer/nullness-benchmarks/glide/library/src/main/java/com/bumptech/glide/load/engine/bitmap_recycle/ByteArrayAdapter.java
com.bumptech.glide.load.engine.bitmap_recycle.ArrayAdapterInterface	/home/nima/Developer/nullness-benchmarks/glide/library/src/main/java/com/bumptech/glide/load/engine/bitmap_recycle/ArrayAdapterInterface.java
com.bumptech.glide.load.engine.bitmap_recycle.BaseKeyPool	/home/nima/Developer/nullness-benchmarks/glide/library/src/main/java/com/bumptech/glide/load/engine/bitmap_recycle/BaseKeyPool.java
com.bumptech.glide.load.engine.bitmap_recycle.LruPoolStrategy	/home/nima/Developer/nullness-benchmarks/glide/library/src/main/java/com/bumptech/glide/load/engine/bitmap_recycle/LruPoolStrategy.java
com.bumptech.glide.load.engine.bitmap_recycle.SizeStrategy	/home/nima/Developer/nullness-benchmarks/glide/library/src/main/java/com/bumptech/glide/load/engine/bitmap_recycle/SizeStrategy.java
com.bumptech.glide.load.engine.bitmap_recycle.SizeStrategy$KeyPool	/home/nima/Developer/nullness-benchmarks/glide/library/src/main/java/com/bumptech/glide/load/engine/bitmap_recycle/SizeStrategy.java
com.bumptech.glide.load.engine.bitmap_recycle.SizeStrategy$Key	/home/nima/Developer/nullness-benchmarks/glide/library/src/main/java/com/bumptech/glide/load/engine/bitmap_recycle/SizeStrategy.java
com.bumptech.glide.load.engine.bitmap_recycle.LruArrayPool	/home/nima/Developer/nullness-benchmarks/glide/library/src/main/java/com/bumptech/glide/load/engine/bitmap_recycle/LruArrayPool.java
com.bumptech.glide.load.engine.bitmap_recycle.LruArrayPool$KeyPool	/home/nima/Developer/nullness-benchmarks/glide/library/src/main/java/com/bumptech/glide/load/engine/bitmap_recycle/LruArrayPool.java
com.bumptech.glide.load.engine.bitmap_recycle.LruArrayPool$Key	/home/nima/Developer/nullness-benchmarks/glide/library/src/main/java/com/bumptech/glide/load/engine/bitmap_recycle/LruArrayPool.java
com.bumptech.glide.load.engine.bitmap_recycle.IntegerArrayAdapter	/home/nima/Developer/nullness-benchmarks/glide/library/src/main/java/com/bumptech/glide/load/engine/bitmap_recycle/IntegerArrayAdapter.java
com.bumptech.glide.load.engine.bitmap_recycle.SizeConfigStrategy	/home/nima/Developer/nullness-benchmarks/glide/library/src/main/java/com/bumptech/glide/load/engine/bitmap_recycle/SizeConfigStrategy.java
com.bumptech.glide.load.engine.bitmap_recycle.SizeConfigStrategy$KeyPool	/home/nima/Developer/nullness-benchmarks/glide/library/src/main/java/com/bumptech/glide/load/engine/bitmap_recycle/SizeConfigStrategy.java
com.bumptech.glide.load.engine.bitmap_recycle.SizeConfigStrategy$Key	/home/nima/Developer/nullness-benchmarks/glide/library/src/main/java/com/bumptech/glide/load/engine/bitmap_recycle/SizeConfigStrategy.java
com.bumptech.glide.load.engine.bitmap_recycle.BitmapPoolAdapter	/home/nima/Developer/nullness-benchmarks/glide/library/src/main/java/com/bumptech/glide/load/engine/bitmap_recycle/BitmapPoolAdapter.java
com.bumptech.glide.load.engine.bitmap_recycle.LruBitmapPool	/home/nima/Developer/nullness-benchmarks/glide/library/src/main/java/com/bumptech/glide/load/engine/bitmap_recycle/LruBitmapPool.java
com.bumptech.glide.load.engine.bitmap_recycle.LruBitmapPool$BitmapTracker	/home/nima/Developer/nullness-benchmarks/glide/library/src/main/java/com/bumptech/glide/load/engine/bitmap_recycle/LruBitmapPool.java
com.bumptech.glide.load.engine.bitmap_recycle.LruBitmapPool$ThrowingBitmapTracker	/home/nima/Developer/nullness-benchmarks/glide/library/src/main/java/com/bumptech/glide/load/engine/bitmap_recycle/LruBitmapPool.java
com.bumptech.glide.load.engine.bitmap_recycle.LruBitmapPool$NullBitmapTracker	/home/nima/Developer/nullness-benchmarks/glide/library/src/main/java/com/bumptech/glide/load/engine/bitmap_recycle/LruBitmapPool.java
com.bumptech.glide.load.engine.bitmap_recycle.AttributeStrategy	/home/nima/Developer/nullness-benchmarks/glide/library/src/main/java/com/bumptech/glide/load/engine/bitmap_recycle/AttributeStrategy.java
com.bumptech.glide.load.engine.bitmap_recycle.AttributeStrategy$KeyPool	/home/nima/Developer/nullness-benchmarks/glide/library/src/main/java/com/bumptech/glide/load/engine/bitmap_recycle/AttributeStrategy.java
com.bumptech.glide.load.engine.bitmap_recycle.AttributeStrategy$Key	/home/nima/Developer/nullness-benchmarks/glide/library/src/main/java/com/bumptech/glide/load/engine/bitmap_recycle/AttributeStrategy.java
com.bumptech.glide.load.engine.Initializable	/home/nima/Developer/nullness-benchmarks/glide/library/src/main/java/com/bumptech/glide/load/engine/Initializable.java
com.bumptech.glide.load.engine.ResourceCacheGenerator	/home/nima/Developer/nullness-benchmarks/glide/library/src/main/java/com/bumptech/glide/load/engine/ResourceCacheGenerator.java
com.bumptech.glide.load.engine.ResourceCacheKey	/home/nima/Developer/nullness-benchmarks/glide/library/src/main/java/com/bumptech/glide/load/engine/ResourceCacheKey.java
com.bumptech.glide.load.engine.CallbackException	/home/nima/Developer/nullness-benchmarks/glide/library/src/main/java/com/bumptech/glide/load/engine/CallbackException.java
com.bumptech.glide.load.engine.SourceGenerator	/home/nima/Developer/nullness-benchmarks/glide/library/src/main/java/com/bumptech/glide/load/engine/SourceGenerator.java
com.bumptech.glide.load.engine.SourceGenerator$1	/home/nima/Developer/nullness-benchmarks/glide/library/src/main/java/com/bumptech/glide/load/engine/SourceGenerator.java
com.bumptech.glide.load.engine.DataCacheGenerator	/home/nima/Developer/nullness-benchmarks/glide/library/src/main/java/com/bumptech/glide/load/engine/DataCacheGenerator.java
com.bumptech.glide.load.engine.DataCacheKey	/home/nima/Developer/nullness-benchmarks/glide/library/src/main/java/com/bumptech/glide/load/engine/DataCacheKey.java
com.bumptech.glide.load.engine.cache.LruResourceCache	/home/nima/Developer/nullness-benchmarks/glide/library/src/main/java/com/bumptech/glide/load/engine/cache/LruResourceCache.java
com.bumptech.glide.load.engine.cache.SafeKeyGenerator	/home/nima/Developer/nullness-benchmarks/glide/library/src/main/java/com/bumptech/glide/load/engine/cache/SafeKeyGenerator.java
com.bumptech.glide.load.engine.cache.SafeKeyGenerator$1	/home/nima/Developer/nullness-benchmarks/glide/library/src/main/java/com/bumptech/glide/load/engine/cache/SafeKeyGenerator.java
com.bumptech.glide.load.engine.cache.SafeKeyGenerator$PoolableDigestContainer	/home/nima/Developer/nullness-benchmarks/glide/library/src/main/java/com/bumptech/glide/load/engine/cache/SafeKeyGenerator.java
com.bumptech.glide.load.engine.cache.ExternalCacheDiskCacheFactory	/home/nima/Developer/nullness-benchmarks/glide/library/src/main/java/com/bumptech/glide/load/engine/cache/ExternalCacheDiskCacheFactory.java
com.bumptech.glide.load.engine.cache.ExternalCacheDiskCacheFactory$1	/home/nima/Developer/nullness-benchmarks/glide/library/src/main/java/com/bumptech/glide/load/engine/cache/ExternalCacheDiskCacheFactory.java
com.bumptech.glide.load.engine.cache.DiskLruCacheFactory	/home/nima/Developer/nullness-benchmarks/glide/library/src/main/java/com/bumptech/glide/load/engine/cache/DiskLruCacheFactory.java
com.bumptech.glide.load.engine.cache.DiskLruCacheFactory$CacheDirectoryGetter	/home/nima/Developer/nullness-benchmarks/glide/library/src/main/java/com/bumptech/glide/load/engine/cache/DiskLruCacheFactory.java
com.bumptech.glide.load.engine.cache.DiskLruCacheFactory$1	/home/nima/Developer/nullness-benchmarks/glide/library/src/main/java/com/bumptech/glide/load/engine/cache/DiskLruCacheFactory.java
com.bumptech.glide.load.engine.cache.DiskLruCacheFactory$2	/home/nima/Developer/nullness-benchmarks/glide/library/src/main/java/com/bumptech/glide/load/engine/cache/DiskLruCacheFactory.java
com.bumptech.glide.load.engine.cache.DiskLruCacheWrapper	/home/nima/Developer/nullness-benchmarks/glide/library/src/main/java/com/bumptech/glide/load/engine/cache/DiskLruCacheWrapper.java
com.bumptech.glide.load.engine.cache.DiskCacheWriteLocker	/home/nima/Developer/nullness-benchmarks/glide/library/src/main/java/com/bumptech/glide/load/engine/cache/DiskCacheWriteLocker.java
com.bumptech.glide.load.engine.cache.DiskCacheWriteLocker$WriteLock	/home/nima/Developer/nullness-benchmarks/glide/library/src/main/java/com/bumptech/glide/load/engine/cache/DiskCacheWriteLocker.java
com.bumptech.glide.load.engine.cache.DiskCacheWriteLocker$WriteLockPool	/home/nima/Developer/nullness-benchmarks/glide/library/src/main/java/com/bumptech/glide/load/engine/cache/DiskCacheWriteLocker.java
com.bumptech.glide.load.engine.cache.InternalCacheDiskCacheFactory	/home/nima/Developer/nullness-benchmarks/glide/library/src/main/java/com/bumptech/glide/load/engine/cache/InternalCacheDiskCacheFactory.java
com.bumptech.glide.load.engine.cache.InternalCacheDiskCacheFactory$1	/home/nima/Developer/nullness-benchmarks/glide/library/src/main/java/com/bumptech/glide/load/engine/cache/InternalCacheDiskCacheFactory.java
com.bumptech.glide.load.engine.cache.DiskCacheAdapter	/home/nima/Developer/nullness-benchmarks/glide/library/src/main/java/com/bumptech/glide/load/engine/cache/DiskCacheAdapter.java
com.bumptech.glide.load.engine.cache.DiskCacheAdapter$Factory	/home/nima/Developer/nullness-benchmarks/glide/library/src/main/java/com/bumptech/glide/load/engine/cache/DiskCacheAdapter.java
com.bumptech.glide.load.engine.cache.MemoryCacheAdapter	/home/nima/Developer/nullness-benchmarks/glide/library/src/main/java/com/bumptech/glide/load/engine/cache/MemoryCacheAdapter.java
com.bumptech.glide.load.engine.cache.ExternalPreferredCacheDiskCacheFactory	/home/nima/Developer/nullness-benchmarks/glide/library/src/main/java/com/bumptech/glide/load/engine/cache/ExternalPreferredCacheDiskCacheFactory.java
com.bumptech.glide.load.engine.cache.ExternalPreferredCacheDiskCacheFactory$1	/home/nima/Developer/nullness-benchmarks/glide/library/src/main/java/com/bumptech/glide/load/engine/cache/ExternalPreferredCacheDiskCacheFactory.java
com.bumptech.glide.load.engine.DataCacheWriter	/home/nima/Developer/nullness-benchmarks/glide/library/src/main/java/com/bumptech/glide/load/engine/DataCacheWriter.java
com.bumptech.glide.load.PreferredColorSpace	/home/nima/Developer/nullness-benchmarks/glide/library/src/main/java/com/bumptech/glide/load/PreferredColorSpace.java
com.bumptech.glide.load.ImageHeaderParserUtils	/home/nima/Developer/nullness-benchmarks/glide/library/src/main/java/com/bumptech/glide/load/ImageHeaderParserUtils.java
com.bumptech.glide.load.ImageHeaderParserUtils$1	/home/nima/Developer/nullness-benchmarks/glide/library/src/main/java/com/bumptech/glide/load/ImageHeaderParserUtils.java
com.bumptech.glide.load.ImageHeaderParserUtils$2	/home/nima/Developer/nullness-benchmarks/glide/library/src/main/java/com/bumptech/glide/load/ImageHeaderParserUtils.java
com.bumptech.glide.load.ImageHeaderParserUtils$3	/home/nima/Developer/nullness-benchmarks/glide/library/src/main/java/com/bumptech/glide/load/ImageHeaderParserUtils.java
com.bumptech.glide.load.ImageHeaderParserUtils$4	/home/nima/Developer/nullness-benchmarks/glide/library/src/main/java/com/bumptech/glide/load/ImageHeaderParserUtils.java
com.bumptech.glide.load.ImageHeaderParserUtils$5	/home/nima/Developer/nullness-benchmarks/glide/library/src/main/java/com/bumptech/glide/load/ImageHeaderParserUtils.java
com.bumptech.glide.load.ImageHeaderParserUtils$6	/home/nima/Developer/nullness-benchmarks/glide/library/src/main/java/com/bumptech/glide/load/ImageHeaderParserUtils.java
com.bumptech.glide.load.ImageHeaderParserUtils$7	/home/nima/Developer/nullness-benchmarks/glide/library/src/main/java/com/bumptech/glide/load/ImageHeaderParserUtils.java
com.bumptech.glide.load.ImageHeaderParserUtils$8	/home/nima/Developer/nullness-benchmarks/glide/library/src/main/java/com/bumptech/glide/load/ImageHeaderParserUtils.java
com.bumptech.glide.load.ImageHeaderParserUtils$9	/home/nima/Developer/nullness-benchmarks/glide/library/src/main/java/com/bumptech/glide/load/ImageHeaderParserUtils.java
com.bumptech.glide.load.ImageHeaderParserUtils$TypeReader	/home/nima/Developer/nullness-benchmarks/glide/library/src/main/java/com/bumptech/glide/load/ImageHeaderParserUtils.java
com.bumptech.glide.load.ImageHeaderParserUtils$OrientationReader	/home/nima/Developer/nullness-benchmarks/glide/library/src/main/java/com/bumptech/glide/load/ImageHeaderParserUtils.java
com.bumptech.glide.load.ImageHeaderParserUtils$JpegMpfReader	/home/nima/Developer/nullness-benchmarks/glide/library/src/main/java/com/bumptech/glide/load/ImageHeaderParserUtils.java
com.bumptech.glide.load.data.ParcelFileDescriptorRewinder	/home/nima/Developer/nullness-benchmarks/glide/library/src/main/java/com/bumptech/glide/load/data/ParcelFileDescriptorRewinder.java
com.bumptech.glide.load.data.ParcelFileDescriptorRewinder$Factory	/home/nima/Developer/nullness-benchmarks/glide/library/src/main/java/com/bumptech/glide/load/data/ParcelFileDescriptorRewinder.java
com.bumptech.glide.load.data.ParcelFileDescriptorRewinder$InternalRewinder	/home/nima/Developer/nullness-benchmarks/glide/library/src/main/java/com/bumptech/glide/load/data/ParcelFileDescriptorRewinder.java
com.bumptech.glide.load.data.FileDescriptorAssetPathFetcher	/home/nima/Developer/nullness-benchmarks/glide/library/src/main/java/com/bumptech/glide/load/data/FileDescriptorAssetPathFetcher.java
com.bumptech.glide.load.data.AssetPathFetcher	/home/nima/Developer/nullness-benchmarks/glide/library/src/main/java/com/bumptech/glide/load/data/AssetPathFetcher.java
com.bumptech.glide.load.data.AssetFileDescriptorLocalUriFetcher	/home/nima/Developer/nullness-benchmarks/glide/library/src/main/java/com/bumptech/glide/load/data/AssetFileDescriptorLocalUriFetcher.java
com.bumptech.glide.load.data.LocalUriFetcher	/home/nima/Developer/nullness-benchmarks/glide/library/src/main/java/com/bumptech/glide/load/data/LocalUriFetcher.java
com.bumptech.glide.load.data.StreamAssetPathFetcher	/home/nima/Developer/nullness-benchmarks/glide/library/src/main/java/com/bumptech/glide/load/data/StreamAssetPathFetcher.java
com.bumptech.glide.load.data.FileDescriptorLocalUriFetcher	/home/nima/Developer/nullness-benchmarks/glide/library/src/main/java/com/bumptech/glide/load/data/FileDescriptorLocalUriFetcher.java
com.bumptech.glide.load.data.BufferedOutputStream	/home/nima/Developer/nullness-benchmarks/glide/library/src/main/java/com/bumptech/glide/load/data/BufferedOutputStream.java
com.bumptech.glide.load.data.HttpUrlFetcher	/home/nima/Developer/nullness-benchmarks/glide/library/src/main/java/com/bumptech/glide/load/data/HttpUrlFetcher.java
com.bumptech.glide.load.data.HttpUrlFetcher$HttpUrlConnectionFactory	/home/nima/Developer/nullness-benchmarks/glide/library/src/main/java/com/bumptech/glide/load/data/HttpUrlFetcher.java
com.bumptech.glide.load.data.HttpUrlFetcher$DefaultHttpUrlConnectionFactory	/home/nima/Developer/nullness-benchmarks/glide/library/src/main/java/com/bumptech/glide/load/data/HttpUrlFetcher.java
com.bumptech.glide.load.model.GlideUrl	/home/nima/Developer/nullness-benchmarks/glide/library/src/main/java/com/bumptech/glide/load/model/GlideUrl.java
com.bumptech.glide.load.HttpException	/home/nima/Developer/nullness-benchmarks/glide/library/src/main/java/com/bumptech/glide/load/HttpException.java
com.bumptech.glide.load.model.Headers	/home/nima/Developer/nullness-benchmarks/glide/library/src/main/java/com/bumptech/glide/load/model/Headers.java
com.bumptech.glide.load.model.Headers$1	/home/nima/Developer/nullness-benchmarks/glide/library/src/main/java/com/bumptech/glide/load/model/Headers.java
com.bumptech.glide.load.data.InputStreamRewinder	/home/nima/Developer/nullness-benchmarks/glide/library/src/main/java/com/bumptech/glide/load/data/InputStreamRewinder.java
com.bumptech.glide.load.data.InputStreamRewinder$Factory	/home/nima/Developer/nullness-benchmarks/glide/library/src/main/java/com/bumptech/glide/load/data/InputStreamRewinder.java
com.bumptech.glide.load.resource.bitmap.RecyclableBufferedInputStream	/home/nima/Developer/nullness-benchmarks/glide/library/src/main/java/com/bumptech/glide/load/resource/bitmap/RecyclableBufferedInputStream.java
com.bumptech.glide.load.resource.bitmap.RecyclableBufferedInputStream$InvalidMarkException	/home/nima/Developer/nullness-benchmarks/glide/library/src/main/java/com/bumptech/glide/load/resource/bitmap/RecyclableBufferedInputStream.java
com.bumptech.glide.load.data.ExifOrientationStream	/home/nima/Developer/nullness-benchmarks/glide/library/src/main/java/com/bumptech/glide/load/data/ExifOrientationStream.java
com.bumptech.glide.load.data.mediastore.ThumbFetcher	/home/nima/Developer/nullness-benchmarks/glide/library/src/main/java/com/bumptech/glide/load/data/mediastore/ThumbFetcher.java
com.bumptech.glide.load.data.mediastore.ThumbFetcher$VideoThumbnailQuery	/home/nima/Developer/nullness-benchmarks/glide/library/src/main/java/com/bumptech/glide/load/data/mediastore/ThumbFetcher.java
com.bumptech.glide.load.data.mediastore.ThumbFetcher$ImageThumbnailQuery	/home/nima/Developer/nullness-benchmarks/glide/library/src/main/java/com/bumptech/glide/load/data/mediastore/ThumbFetcher.java
com.bumptech.glide.load.data.mediastore.ThumbnailStreamOpener	/home/nima/Developer/nullness-benchmarks/glide/library/src/main/java/com/bumptech/glide/load/data/mediastore/ThumbnailStreamOpener.java
com.bumptech.glide.load.data.mediastore.ThumbnailQuery	/home/nima/Developer/nullness-benchmarks/glide/library/src/main/java/com/bumptech/glide/load/data/mediastore/ThumbnailQuery.java
com.bumptech.glide.load.data.mediastore.FileService	/home/nima/Developer/nullness-benchmarks/glide/library/src/main/java/com/bumptech/glide/load/data/mediastore/FileService.java
com.bumptech.glide.load.data.mediastore.MediaStoreUtil	/home/nima/Developer/nullness-benchmarks/glide/library/src/main/java/com/bumptech/glide/load/data/mediastore/MediaStoreUtil.java
com.bumptech.glide.load.data.StreamLocalUriFetcher	/home/nima/Developer/nullness-benchmarks/glide/library/src/main/java/com/bumptech/glide/load/data/StreamLocalUriFetcher.java
com.bumptech.glide.load.MultiTransformation	/home/nima/Developer/nullness-benchmarks/glide/library/src/main/java/com/bumptech/glide/load/MultiTransformation.java
com.bumptech.glide.load.resource.DefaultOnHeaderDecodedListener	/home/nima/Developer/nullness-benchmarks/glide/library/src/main/java/com/bumptech/glide/load/resource/DefaultOnHeaderDecodedListener.java
com.bumptech.glide.load.resource.DefaultOnHeaderDecodedListener$1	/home/nima/Developer/nullness-benchmarks/glide/library/src/main/java/com/bumptech/glide/load/resource/DefaultOnHeaderDecodedListener.java
com.bumptech.glide.load.resource.bitmap.HardwareConfigState	/home/nima/Developer/nullness-benchmarks/glide/library/src/main/java/com/bumptech/glide/load/resource/bitmap/HardwareConfigState.java
com.bumptech.glide.load.resource.bitmap.Downsampler	/home/nima/Developer/nullness-benchmarks/glide/library/src/main/java/com/bumptech/glide/load/resource/bitmap/Downsampler.java
com.bumptech.glide.load.resource.bitmap.Downsampler$1	/home/nima/Developer/nullness-benchmarks/glide/library/src/main/java/com/bumptech/glide/load/resource/bitmap/Downsampler.java
com.bumptech.glide.load.resource.bitmap.Downsampler$DecodeCallbacks	/home/nima/Developer/nullness-benchmarks/glide/library/src/main/java/com/bumptech/glide/load/resource/bitmap/Downsampler.java
com.bumptech.glide.load.resource.bitmap.ImageReader	/home/nima/Developer/nullness-benchmarks/glide/library/src/main/java/com/bumptech/glide/load/resource/bitmap/ImageReader.java
com.bumptech.glide.load.resource.bitmap.ImageReader$ByteArrayReader	/home/nima/Developer/nullness-benchmarks/glide/library/src/main/java/com/bumptech/glide/load/resource/bitmap/ImageReader.java
com.bumptech.glide.load.resource.bitmap.ImageReader$FileReader	/home/nima/Developer/nullness-benchmarks/glide/library/src/main/java/com/bumptech/glide/load/resource/bitmap/ImageReader.java
com.bumptech.glide.load.resource.bitmap.ImageReader$ByteBufferReader	/home/nima/Developer/nullness-benchmarks/glide/library/src/main/java/com/bumptech/glide/load/resource/bitmap/ImageReader.java
com.bumptech.glide.load.resource.bitmap.ImageReader$InputStreamImageReader	/home/nima/Developer/nullness-benchmarks/glide/library/src/main/java/com/bumptech/glide/load/resource/bitmap/ImageReader.java
com.bumptech.glide.load.resource.bitmap.ImageReader$ParcelFileDescriptorImageReader	/home/nima/Developer/nullness-benchmarks/glide/library/src/main/java/com/bumptech/glide/load/resource/bitmap/ImageReader.java
com.bumptech.glide.load.resource.bitmap.FitCenter	/home/nima/Developer/nullness-benchmarks/glide/library/src/main/java/com/bumptech/glide/load/resource/bitmap/FitCenter.java
com.bumptech.glide.load.resource.bitmap.BitmapTransformation	/home/nima/Developer/nullness-benchmarks/glide/library/src/main/java/com/bumptech/glide/load/resource/bitmap/BitmapTransformation.java
com.bumptech.glide.load.resource.bitmap.DrawableToBitmapConverter	/home/nima/Developer/nullness-benchmarks/glide/library/src/main/java/com/bumptech/glide/load/resource/bitmap/DrawableToBitmapConverter.java
com.bumptech.glide.load.resource.bitmap.DrawableToBitmapConverter$1	/home/nima/Developer/nullness-benchmarks/glide/library/src/main/java/com/bumptech/glide/load/resource/bitmap/DrawableToBitmapConverter.java
com.bumptech.glide.load.resource.bitmap.BitmapEncoder	/home/nima/Developer/nullness-benchmarks/glide/library/src/main/java/com/bumptech/glide/load/resource/bitmap/BitmapEncoder.java
com.bumptech.glide.load.resource.bitmap.CenterInside	/home/nima/Developer/nullness-benchmarks/glide/library/src/main/java/com/bumptech/glide/load/resource/bitmap/CenterInside.java
com.bumptech.glide.load.resource.bitmap.LazyBitmapDrawableResource	/home/nima/Developer/nullness-benchmarks/glide/library/src/main/java/com/bumptech/glide/load/resource/bitmap/LazyBitmapDrawableResource.java
com.bumptech.glide.load.resource.bitmap.VideoDecoder	/home/nima/Developer/nullness-benchmarks/glide/library/src/main/java/com/bumptech/glide/load/resource/bitmap/VideoDecoder.java
com.bumptech.glide.load.resource.bitmap.VideoDecoder$1	/home/nima/Developer/nullness-benchmarks/glide/library/src/main/java/com/bumptech/glide/load/resource/bitmap/VideoDecoder.java
com.bumptech.glide.load.resource.bitmap.VideoDecoder$2	/home/nima/Developer/nullness-benchmarks/glide/library/src/main/java/com/bumptech/glide/load/resource/bitmap/VideoDecoder.java
com.bumptech.glide.load.resource.bitmap.VideoDecoder$MediaMetadataRetrieverFactory	/home/nima/Developer/nullness-benchmarks/glide/library/src/main/java/com/bumptech/glide/load/resource/bitmap/VideoDecoder.java
com.bumptech.glide.load.resource.bitmap.VideoDecoder$MediaInitializer	/home/nima/Developer/nullness-benchmarks/glide/library/src/main/java/com/bumptech/glide/load/resource/bitmap/VideoDecoder.java
com.bumptech.glide.load.resource.bitmap.VideoDecoder$AssetFileDescriptorInitializer	/home/nima/Developer/nullness-benchmarks/glide/library/src/main/java/com/bumptech/glide/load/resource/bitmap/VideoDecoder.java
com.bumptech.glide.load.resource.bitmap.VideoDecoder$ParcelFileDescriptorInitializer	/home/nima/Developer/nullness-benchmarks/glide/library/src/main/java/com/bumptech/glide/load/resource/bitmap/VideoDecoder.java
com.bumptech.glide.load.resource.bitmap.VideoDecoder$ByteBufferInitializer	/home/nima/Developer/nullness-benchmarks/glide/library/src/main/java/com/bumptech/glide/load/resource/bitmap/VideoDecoder.java
com.bumptech.glide.load.resource.bitmap.VideoDecoder$ByteBufferInitializer$1	/home/nima/Developer/nullness-benchmarks/glide/library/src/main/java/com/bumptech/glide/load/resource/bitmap/VideoDecoder.java
com.bumptech.glide.load.resource.bitmap.VideoDecoder$VideoDecoderException	/home/nima/Developer/nullness-benchmarks/glide/library/src/main/java/com/bumptech/glide/load/resource/bitmap/VideoDecoder.java
com.bumptech.glide.load.resource.bitmap.BitmapDrawableEncoder	/home/nima/Developer/nullness-benchmarks/glide/library/src/main/java/com/bumptech/glide/load/resource/bitmap/BitmapDrawableEncoder.java
com.bumptech.glide.load.resource.bitmap.ByteBufferBitmapImageDecoderResourceDecoder	/home/nima/Developer/nullness-benchmarks/glide/library/src/main/java/com/bumptech/glide/load/resource/bitmap/ByteBufferBitmapImageDecoderResourceDecoder.java
com.bumptech.glide.load.resource.bitmap.BitmapImageDecoderResourceDecoder	/home/nima/Developer/nullness-benchmarks/glide/library/src/main/java/com/bumptech/glide/load/resource/bitmap/BitmapImageDecoderResourceDecoder.java
com.bumptech.glide.load.resource.bitmap.BitmapResource	/home/nima/Developer/nullness-benchmarks/glide/library/src/main/java/com/bumptech/glide/load/resource/bitmap/BitmapResource.java
com.bumptech.glide.load.resource.bitmap.BitmapDrawableTransformation	/home/nima/Developer/nullness-benchmarks/glide/library/src/main/java/com/bumptech/glide/load/resource/bitmap/BitmapDrawableTransformation.java
com.bumptech.glide.load.resource.bitmap.Rotate	/home/nima/Developer/nullness-benchmarks/glide/library/src/main/java/com/bumptech/glide/load/resource/bitmap/Rotate.java
com.bumptech.glide.load.resource.bitmap.DefaultImageHeaderParser	/home/nima/Developer/nullness-benchmarks/glide/library/src/main/java/com/bumptech/glide/load/resource/bitmap/DefaultImageHeaderParser.java
com.bumptech.glide.load.resource.bitmap.DefaultImageHeaderParser$RandomAccessReader	/home/nima/Developer/nullness-benchmarks/glide/library/src/main/java/com/bumptech/glide/load/resource/bitmap/DefaultImageHeaderParser.java
com.bumptech.glide.load.resource.bitmap.DefaultImageHeaderParser$Reader	/home/nima/Developer/nullness-benchmarks/glide/library/src/main/java/com/bumptech/glide/load/resource/bitmap/DefaultImageHeaderParser.java
com.bumptech.glide.load.resource.bitmap.DefaultImageHeaderParser$Reader$EndOfFileException	/home/nima/Developer/nullness-benchmarks/glide/library/src/main/java/com/bumptech/glide/load/resource/bitmap/DefaultImageHeaderParser.java
com.bumptech.glide.load.resource.bitmap.DefaultImageHeaderParser$ByteBufferReader	/home/nima/Developer/nullness-benchmarks/glide/library/src/main/java/com/bumptech/glide/load/resource/bitmap/DefaultImageHeaderParser.java
com.bumptech.glide.load.resource.bitmap.DefaultImageHeaderParser$StreamReader	/home/nima/Developer/nullness-benchmarks/glide/library/src/main/java/com/bumptech/glide/load/resource/bitmap/DefaultImageHeaderParser.java
com.bumptech.glide.load.resource.bitmap.InputStreamBitmapImageDecoderResourceDecoder	/home/nima/Developer/nullness-benchmarks/glide/library/src/main/java/com/bumptech/glide/load/resource/bitmap/InputStreamBitmapImageDecoderResourceDecoder.java
com.bumptech.glide.load.resource.bitmap.GlideBitmapFactory	/home/nima/Developer/nullness-benchmarks/glide/library/src/main/java/com/bumptech/glide/load/resource/bitmap/GlideBitmapFactory.java
com.bumptech.glide.load.resource.bitmap.GlideBitmapFactory$GainmapCopier	/home/nima/Developer/nullness-benchmarks/glide/library/src/main/java/com/bumptech/glide/load/resource/bitmap/GlideBitmapFactory.java
com.bumptech.glide.load.resource.bitmap.GlideBitmapFactory$GainmapDecoderWorkaroundStateCalculator	/home/nima/Developer/nullness-benchmarks/glide/library/src/main/java/com/bumptech/glide/load/resource/bitmap/GlideBitmapFactory.java
com.bumptech.glide.load.resource.bitmap.ResourceBitmapDecoder	/home/nima/Developer/nullness-benchmarks/glide/library/src/main/java/com/bumptech/glide/load/resource/bitmap/ResourceBitmapDecoder.java
com.bumptech.glide.load.resource.drawable.ResourceDrawableDecoder	/home/nima/Developer/nullness-benchmarks/glide/library/src/main/java/com/bumptech/glide/load/resource/drawable/ResourceDrawableDecoder.java
com.bumptech.glide.load.resource.bitmap.BitmapTransitionOptions	/home/nima/Developer/nullness-benchmarks/glide/library/src/main/java/com/bumptech/glide/load/resource/bitmap/BitmapTransitionOptions.java
com.bumptech.glide.request.transition.DrawableCrossFadeFactory	/home/nima/Developer/nullness-benchmarks/glide/library/src/main/java/com/bumptech/glide/request/transition/DrawableCrossFadeFactory.java
com.bumptech.glide.request.transition.DrawableCrossFadeFactory$Builder	/home/nima/Developer/nullness-benchmarks/glide/library/src/main/java/com/bumptech/glide/request/transition/DrawableCrossFadeFactory.java
com.bumptech.glide.request.transition.DrawableCrossFadeTransition	/home/nima/Developer/nullness-benchmarks/glide/library/src/main/java/com/bumptech/glide/request/transition/DrawableCrossFadeTransition.java
com.bumptech.glide.load.resource.bitmap.CircleCrop	/home/nima/Developer/nullness-benchmarks/glide/library/src/main/java/com/bumptech/glide/load/resource/bitmap/CircleCrop.java
com.bumptech.glide.load.resource.bitmap.BitmapDrawableResource	/home/nima/Developer/nullness-benchmarks/glide/library/src/main/java/com/bumptech/glide/load/resource/bitmap/BitmapDrawableResource.java
com.bumptech.glide.load.resource.drawable.DrawableResource	/home/nima/Developer/nullness-benchmarks/glide/library/src/main/java/com/bumptech/glide/load/resource/drawable/DrawableResource.java
com.bumptech.glide.load.resource.bitmap.StreamBitmapDecoder	/home/nima/Developer/nullness-benchmarks/glide/library/src/main/java/com/bumptech/glide/load/resource/bitmap/StreamBitmapDecoder.java
com.bumptech.glide.load.resource.bitmap.StreamBitmapDecoder$UntrustedCallbacks	/home/nima/Developer/nullness-benchmarks/glide/library/src/main/java/com/bumptech/glide/load/resource/bitmap/StreamBitmapDecoder.java
com.bumptech.glide.load.resource.bitmap.UnitBitmapDecoder	/home/nima/Developer/nullness-benchmarks/glide/library/src/main/java/com/bumptech/glide/load/resource/bitmap/UnitBitmapDecoder.java
com.bumptech.glide.load.resource.bitmap.UnitBitmapDecoder$NonOwnedBitmapResource	/home/nima/Developer/nullness-benchmarks/glide/library/src/main/java/com/bumptech/glide/load/resource/bitmap/UnitBitmapDecoder.java
com.bumptech.glide.load.resource.bitmap.DrawableTransformation	/home/nima/Developer/nullness-benchmarks/glide/library/src/main/java/com/bumptech/glide/load/resource/bitmap/DrawableTransformation.java
com.bumptech.glide.load.resource.bitmap.RoundedCorners	/home/nima/Developer/nullness-benchmarks/glide/library/src/main/java/com/bumptech/glide/load/resource/bitmap/RoundedCorners.java
com.bumptech.glide.load.resource.bitmap.GranularRoundedCorners	/home/nima/Developer/nullness-benchmarks/glide/library/src/main/java/com/bumptech/glide/load/resource/bitmap/GranularRoundedCorners.java
com.bumptech.glide.load.resource.bitmap.VideoBitmapDecoder	/home/nima/Developer/nullness-benchmarks/glide/library/src/main/java/com/bumptech/glide/load/resource/bitmap/VideoBitmapDecoder.java
com.bumptech.glide.load.resource.bitmap.BitmapDrawableDecoder	/home/nima/Developer/nullness-benchmarks/glide/library/src/main/java/com/bumptech/glide/load/resource/bitmap/BitmapDrawableDecoder.java
com.bumptech.glide.load.resource.bitmap.ParcelFileDescriptorBitmapDecoder	/home/nima/Developer/nullness-benchmarks/glide/library/src/main/java/com/bumptech/glide/load/resource/bitmap/ParcelFileDescriptorBitmapDecoder.java
com.bumptech.glide.load.resource.bitmap.CenterCrop	/home/nima/Developer/nullness-benchmarks/glide/library/src/main/java/com/bumptech/glide/load/resource/bitmap/CenterCrop.java
com.bumptech.glide.load.resource.bitmap.ExifInterfaceImageHeaderParser	/home/nima/Developer/nullness-benchmarks/glide/library/src/main/java/com/bumptech/glide/load/resource/bitmap/ExifInterfaceImageHeaderParser.java
com.bumptech.glide.load.resource.bitmap.TransformationUtils	/home/nima/Developer/nullness-benchmarks/glide/library/src/main/java/com/bumptech/glide/load/resource/bitmap/TransformationUtils.java
com.bumptech.glide.load.resource.bitmap.TransformationUtils$1	/home/nima/Developer/nullness-benchmarks/glide/library/src/main/java/com/bumptech/glide/load/resource/bitmap/TransformationUtils.java
com.bumptech.glide.load.resource.bitmap.TransformationUtils$2	/home/nima/Developer/nullness-benchmarks/glide/library/src/main/java/com/bumptech/glide/load/resource/bitmap/TransformationUtils.java
com.bumptech.glide.load.resource.bitmap.TransformationUtils$DrawRoundedCornerFn	/home/nima/Developer/nullness-benchmarks/glide/library/src/main/java/com/bumptech/glide/load/resource/bitmap/TransformationUtils.java
com.bumptech.glide.load.resource.bitmap.TransformationUtils$NoLock	/home/nima/Developer/nullness-benchmarks/glide/library/src/main/java/com/bumptech/glide/load/resource/bitmap/TransformationUtils.java
com.bumptech.glide.load.resource.bitmap.ByteBufferBitmapDecoder	/home/nima/Developer/nullness-benchmarks/glide/library/src/main/java/com/bumptech/glide/load/resource/bitmap/ByteBufferBitmapDecoder.java
com.bumptech.glide.load.resource.drawable.UnitDrawableDecoder	/home/nima/Developer/nullness-benchmarks/glide/library/src/main/java/com/bumptech/glide/load/resource/drawable/UnitDrawableDecoder.java
com.bumptech.glide.load.resource.drawable.AnimatedImageDecoder	/home/nima/Developer/nullness-benchmarks/glide/library/src/main/java/com/bumptech/glide/load/resource/drawable/AnimatedImageDecoder.java
com.bumptech.glide.load.resource.drawable.AnimatedImageDecoder$AnimatedImageDrawableResource	/home/nima/Developer/nullness-benchmarks/glide/library/src/main/java/com/bumptech/glide/load/resource/drawable/AnimatedImageDecoder.java
com.bumptech.glide.load.resource.drawable.AnimatedImageDecoder$StreamAnimatedImageDecoder	/home/nima/Developer/nullness-benchmarks/glide/library/src/main/java/com/bumptech/glide/load/resource/drawable/AnimatedImageDecoder.java
com.bumptech.glide.load.resource.drawable.AnimatedImageDecoder$ByteBufferAnimatedImageDecoder	/home/nima/Developer/nullness-benchmarks/glide/library/src/main/java/com/bumptech/glide/load/resource/drawable/AnimatedImageDecoder.java
com.bumptech.glide.load.resource.drawable.AnimatedWebpDecoder	/home/nima/Developer/nullness-benchmarks/glide/library/src/main/java/com/bumptech/glide/load/resource/drawable/AnimatedWebpDecoder.java
com.bumptech.glide.load.resource.drawable.AnimatedWebpDecoder$AnimatedImageDrawableResource	/home/nima/Developer/nullness-benchmarks/glide/library/src/main/java/com/bumptech/glide/load/resource/drawable/AnimatedWebpDecoder.java
com.bumptech.glide.load.resource.drawable.AnimatedWebpDecoder$StreamAnimatedWebpDecoder	/home/nima/Developer/nullness-benchmarks/glide/library/src/main/java/com/bumptech/glide/load/resource/drawable/AnimatedWebpDecoder.java
com.bumptech.glide.load.resource.drawable.AnimatedWebpDecoder$ByteBufferAnimatedWebpDecoder	/home/nima/Developer/nullness-benchmarks/glide/library/src/main/java/com/bumptech/glide/load/resource/drawable/AnimatedWebpDecoder.java
com.bumptech.glide.load.resource.drawable.NonOwnedDrawableResource	/home/nima/Developer/nullness-benchmarks/glide/library/src/main/java/com/bumptech/glide/load/resource/drawable/NonOwnedDrawableResource.java
com.bumptech.glide.load.resource.drawable.DrawableTransitionOptions	/home/nima/Developer/nullness-benchmarks/glide/library/src/main/java/com/bumptech/glide/load/resource/drawable/DrawableTransitionOptions.java
com.bumptech.glide.load.resource.drawable.DrawableDecoderCompat	/home/nima/Developer/nullness-benchmarks/glide/library/src/main/java/com/bumptech/glide/load/resource/drawable/DrawableDecoderCompat.java
com.bumptech.glide.load.resource.SimpleResource	/home/nima/Developer/nullness-benchmarks/glide/library/src/main/java/com/bumptech/glide/load/resource/SimpleResource.java
com.bumptech.glide.load.resource.transcode.DrawableBytesTranscoder	/home/nima/Developer/nullness-benchmarks/glide/library/src/main/java/com/bumptech/glide/load/resource/transcode/DrawableBytesTranscoder.java
com.bumptech.glide.load.resource.transcode.BitmapBytesTranscoder	/home/nima/Developer/nullness-benchmarks/glide/library/src/main/java/com/bumptech/glide/load/resource/transcode/BitmapBytesTranscoder.java
com.bumptech.glide.load.resource.transcode.UnitTranscoder	/home/nima/Developer/nullness-benchmarks/glide/library/src/main/java/com/bumptech/glide/load/resource/transcode/UnitTranscoder.java
com.bumptech.glide.load.resource.transcode.BitmapDrawableTranscoder	/home/nima/Developer/nullness-benchmarks/glide/library/src/main/java/com/bumptech/glide/load/resource/transcode/BitmapDrawableTranscoder.java
com.bumptech.glide.load.resource.transcode.GifDrawableBytesTranscoder	/home/nima/Developer/nullness-benchmarks/glide/library/src/main/java/com/bumptech/glide/load/resource/transcode/GifDrawableBytesTranscoder.java
com.bumptech.glide.load.resource.gif.GifDrawableTransformation	/home/nima/Developer/nullness-benchmarks/glide/library/src/main/java/com/bumptech/glide/load/resource/gif/GifDrawableTransformation.java
com.bumptech.glide.load.resource.gif.GifFrameResourceDecoder	/home/nima/Developer/nullness-benchmarks/glide/library/src/main/java/com/bumptech/glide/load/resource/gif/GifFrameResourceDecoder.java
com.bumptech.glide.load.resource.gif.GifDrawableResource	/home/nima/Developer/nullness-benchmarks/glide/library/src/main/java/com/bumptech/glide/load/resource/gif/GifDrawableResource.java
com.bumptech.glide.load.resource.gif.GifOptions	/home/nima/Developer/nullness-benchmarks/glide/library/src/main/java/com/bumptech/glide/load/resource/gif/GifOptions.java
com.bumptech.glide.load.resource.gif.ByteBufferGifDecoder	/home/nima/Developer/nullness-benchmarks/glide/library/src/main/java/com/bumptech/glide/load/resource/gif/ByteBufferGifDecoder.java
com.bumptech.glide.load.resource.gif.ByteBufferGifDecoder$GifDecoderFactory	/home/nima/Developer/nullness-benchmarks/glide/library/src/main/java/com/bumptech/glide/load/resource/gif/ByteBufferGifDecoder.java
com.bumptech.glide.load.resource.gif.ByteBufferGifDecoder$GifHeaderParserPool	/home/nima/Developer/nullness-benchmarks/glide/library/src/main/java/com/bumptech/glide/load/resource/gif/ByteBufferGifDecoder.java
com.bumptech.glide.load.resource.gif.GifBitmapProvider	/home/nima/Developer/nullness-benchmarks/glide/library/src/main/java/com/bumptech/glide/load/resource/gif/GifBitmapProvider.java
com.bumptech.glide.load.resource.gif.StreamGifDecoder	/home/nima/Developer/nullness-benchmarks/glide/library/src/main/java/com/bumptech/glide/load/resource/gif/StreamGifDecoder.java
com.bumptech.glide.load.resource.gif.GifDrawableEncoder	/home/nima/Developer/nullness-benchmarks/glide/library/src/main/java/com/bumptech/glide/load/resource/gif/GifDrawableEncoder.java
com.bumptech.glide.load.resource.bytes.ByteBufferRewinder	/home/nima/Developer/nullness-benchmarks/glide/library/src/main/java/com/bumptech/glide/load/resource/bytes/ByteBufferRewinder.java
com.bumptech.glide.load.resource.bytes.ByteBufferRewinder$Factory	/home/nima/Developer/nullness-benchmarks/glide/library/src/main/java/com/bumptech/glide/load/resource/bytes/ByteBufferRewinder.java
com.bumptech.glide.load.resource.bytes.BytesResource	/home/nima/Developer/nullness-benchmarks/glide/library/src/main/java/com/bumptech/glide/load/resource/bytes/BytesResource.java
com.bumptech.glide.load.resource.UnitTransformation	/home/nima/Developer/nullness-benchmarks/glide/library/src/main/java/com/bumptech/glide/load/resource/UnitTransformation.java
com.bumptech.glide.load.resource.file.FileResource	/home/nima/Developer/nullness-benchmarks/glide/library/src/main/java/com/bumptech/glide/load/resource/file/FileResource.java
com.bumptech.glide.load.resource.file.FileDecoder	/home/nima/Developer/nullness-benchmarks/glide/library/src/main/java/com/bumptech/glide/load/resource/file/FileDecoder.java
com.bumptech.glide.load.model.DataUrlLoader	/home/nima/Developer/nullness-benchmarks/glide/library/src/main/java/com/bumptech/glide/load/model/DataUrlLoader.java
com.bumptech.glide.load.model.DataUrlLoader$DataDecoder	/home/nima/Developer/nullness-benchmarks/glide/library/src/main/java/com/bumptech/glide/load/model/DataUrlLoader.java
com.bumptech.glide.load.model.DataUrlLoader$DataUriFetcher	/home/nima/Developer/nullness-benchmarks/glide/library/src/main/java/com/bumptech/glide/load/model/DataUrlLoader.java
com.bumptech.glide.load.model.DataUrlLoader$StreamFactory	/home/nima/Developer/nullness-benchmarks/glide/library/src/main/java/com/bumptech/glide/load/model/DataUrlLoader.java
com.bumptech.glide.load.model.DataUrlLoader$StreamFactory$1	/home/nima/Developer/nullness-benchmarks/glide/library/src/main/java/com/bumptech/glide/load/model/DataUrlLoader.java
com.bumptech.glide.load.model.LazyHeaders	/home/nima/Developer/nullness-benchmarks/glide/library/src/main/java/com/bumptech/glide/load/model/LazyHeaders.java
com.bumptech.glide.load.model.LazyHeaders$Builder	/home/nima/Developer/nullness-benchmarks/glide/library/src/main/java/com/bumptech/glide/load/model/LazyHeaders.java
com.bumptech.glide.load.model.LazyHeaders$StringHeaderFactory	/home/nima/Developer/nullness-benchmarks/glide/library/src/main/java/com/bumptech/glide/load/model/LazyHeaders.java
com.bumptech.glide.load.model.LazyHeaderFactory	/home/nima/Developer/nullness-benchmarks/glide/library/src/main/java/com/bumptech/glide/load/model/LazyHeaderFactory.java
com.bumptech.glide.load.model.StringLoader	/home/nima/Developer/nullness-benchmarks/glide/library/src/main/java/com/bumptech/glide/load/model/StringLoader.java
com.bumptech.glide.load.model.StringLoader$StreamFactory	/home/nima/Developer/nullness-benchmarks/glide/library/src/main/java/com/bumptech/glide/load/model/StringLoader.java
com.bumptech.glide.load.model.StringLoader$FileDescriptorFactory	/home/nima/Developer/nullness-benchmarks/glide/library/src/main/java/com/bumptech/glide/load/model/StringLoader.java
com.bumptech.glide.load.model.StringLoader$AssetFileDescriptorFactory	/home/nima/Developer/nullness-benchmarks/glide/library/src/main/java/com/bumptech/glide/load/model/StringLoader.java
com.bumptech.glide.load.model.ResourceLoader	/home/nima/Developer/nullness-benchmarks/glide/library/src/main/java/com/bumptech/glide/load/model/ResourceLoader.java
com.bumptech.glide.load.model.ResourceLoader$StreamFactory	/home/nima/Developer/nullness-benchmarks/glide/library/src/main/java/com/bumptech/glide/load/model/ResourceLoader.java
com.bumptech.glide.load.model.ResourceLoader$FileDescriptorFactory	/home/nima/Developer/nullness-benchmarks/glide/library/src/main/java/com/bumptech/glide/load/model/ResourceLoader.java
com.bumptech.glide.load.model.ResourceLoader$AssetFileDescriptorFactory	/home/nima/Developer/nullness-benchmarks/glide/library/src/main/java/com/bumptech/glide/load/model/ResourceLoader.java
com.bumptech.glide.load.model.ResourceLoader$UriFactory	/home/nima/Developer/nullness-benchmarks/glide/library/src/main/java/com/bumptech/glide/load/model/ResourceLoader.java
com.bumptech.glide.load.model.FileLoader	/home/nima/Developer/nullness-benchmarks/glide/library/src/main/java/com/bumptech/glide/load/model/FileLoader.java
com.bumptech.glide.load.model.FileLoader$FileOpener	/home/nima/Developer/nullness-benchmarks/glide/library/src/main/java/com/bumptech/glide/load/model/FileLoader.java
com.bumptech.glide.load.model.FileLoader$FileFetcher	/home/nima/Developer/nullness-benchmarks/glide/library/src/main/java/com/bumptech/glide/load/model/FileLoader.java
com.bumptech.glide.load.model.FileLoader$Factory	/home/nima/Developer/nullness-benchmarks/glide/library/src/main/java/com/bumptech/glide/load/model/FileLoader.java
com.bumptech.glide.load.model.FileLoader$StreamFactory	/home/nima/Developer/nullness-benchmarks/glide/library/src/main/java/com/bumptech/glide/load/model/FileLoader.java
com.bumptech.glide.load.model.FileLoader$StreamFactory$1	/home/nima/Developer/nullness-benchmarks/glide/library/src/main/java/com/bumptech/glide/load/model/FileLoader.java
com.bumptech.glide.load.model.FileLoader$FileDescriptorFactory	/home/nima/Developer/nullness-benchmarks/glide/library/src/main/java/com/bumptech/glide/load/model/FileLoader.java
com.bumptech.glide.load.model.FileLoader$FileDescriptorFactory$1	/home/nima/Developer/nullness-benchmarks/glide/library/src/main/java/com/bumptech/glide/load/model/FileLoader.java
com.bumptech.glide.load.model.UriLoader	/home/nima/Developer/nullness-benchmarks/glide/library/src/main/java/com/bumptech/glide/load/model/UriLoader.java
com.bumptech.glide.load.model.UriLoader$LocalUriFetcherFactory	/home/nima/Developer/nullness-benchmarks/glide/library/src/main/java/com/bumptech/glide/load/model/UriLoader.java
com.bumptech.glide.load.model.UriLoader$StreamFactory	/home/nima/Developer/nullness-benchmarks/glide/library/src/main/java/com/bumptech/glide/load/model/UriLoader.java
com.bumptech.glide.load.model.UriLoader$FileDescriptorFactory	/home/nima/Developer/nullness-benchmarks/glide/library/src/main/java/com/bumptech/glide/load/model/UriLoader.java
com.bumptech.glide.load.model.UriLoader$AssetFileDescriptorFactory	/home/nima/Developer/nullness-benchmarks/glide/library/src/main/java/com/bumptech/glide/load/model/UriLoader.java
com.bumptech.glide.load.model.StreamEncoder	/home/nima/Developer/nullness-benchmarks/glide/library/src/main/java/com/bumptech/glide/load/model/StreamEncoder.java
com.bumptech.glide.load.model.UnitModelLoader	/home/nima/Developer/nullness-benchmarks/glide/library/src/main/java/com/bumptech/glide/load/model/UnitModelLoader.java
com.bumptech.glide.load.model.UnitModelLoader$UnitFetcher	/home/nima/Developer/nullness-benchmarks/glide/library/src/main/java/com/bumptech/glide/load/model/UnitModelLoader.java
com.bumptech.glide.load.model.UnitModelLoader$Factory	/home/nima/Developer/nullness-benchmarks/glide/library/src/main/java/com/bumptech/glide/load/model/UnitModelLoader.java
com.bumptech.glide.load.model.AssetUriLoader	/home/nima/Developer/nullness-benchmarks/glide/library/src/main/java/com/bumptech/glide/load/model/AssetUriLoader.java
com.bumptech.glide.load.model.AssetUriLoader$AssetFetcherFactory	/home/nima/Developer/nullness-benchmarks/glide/library/src/main/java/com/bumptech/glide/load/model/AssetUriLoader.java
com.bumptech.glide.load.model.AssetUriLoader$StreamFactory	/home/nima/Developer/nullness-benchmarks/glide/library/src/main/java/com/bumptech/glide/load/model/AssetUriLoader.java
com.bumptech.glide.load.model.AssetUriLoader$FileDescriptorFactory	/home/nima/Developer/nullness-benchmarks/glide/library/src/main/java/com/bumptech/glide/load/model/AssetUriLoader.java
com.bumptech.glide.load.model.MediaStoreFileLoader	/home/nima/Developer/nullness-benchmarks/glide/library/src/main/java/com/bumptech/glide/load/model/MediaStoreFileLoader.java
com.bumptech.glide.load.model.MediaStoreFileLoader$FilePathFetcher	/home/nima/Developer/nullness-benchmarks/glide/library/src/main/java/com/bumptech/glide/load/model/MediaStoreFileLoader.java
com.bumptech.glide.load.model.MediaStoreFileLoader$Factory	/home/nima/Developer/nullness-benchmarks/glide/library/src/main/java/com/bumptech/glide/load/model/MediaStoreFileLoader.java
com.bumptech.glide.load.model.DirectResourceLoader	/home/nima/Developer/nullness-benchmarks/glide/library/src/main/java/com/bumptech/glide/load/model/DirectResourceLoader.java
com.bumptech.glide.load.model.DirectResourceLoader$ResourceOpener	/home/nima/Developer/nullness-benchmarks/glide/library/src/main/java/com/bumptech/glide/load/model/DirectResourceLoader.java
com.bumptech.glide.load.model.DirectResourceLoader$AssetFileDescriptorFactory	/home/nima/Developer/nullness-benchmarks/glide/library/src/main/java/com/bumptech/glide/load/model/DirectResourceLoader.java
com.bumptech.glide.load.model.DirectResourceLoader$InputStreamFactory	/home/nima/Developer/nullness-benchmarks/glide/library/src/main/java/com/bumptech/glide/load/model/DirectResourceLoader.java
com.bumptech.glide.load.model.DirectResourceLoader$DrawableFactory	/home/nima/Developer/nullness-benchmarks/glide/library/src/main/java/com/bumptech/glide/load/model/DirectResourceLoader.java
com.bumptech.glide.load.model.DirectResourceLoader$ResourceDataFetcher	/home/nima/Developer/nullness-benchmarks/glide/library/src/main/java/com/bumptech/glide/load/model/DirectResourceLoader.java
com.bumptech.glide.load.model.ResourceUriLoader	/home/nima/Developer/nullness-benchmarks/glide/library/src/main/java/com/bumptech/glide/load/model/ResourceUriLoader.java
com.bumptech.glide.load.model.ResourceUriLoader$InputStreamFactory	/home/nima/Developer/nullness-benchmarks/glide/library/src/main/java/com/bumptech/glide/load/model/ResourceUriLoader.java
com.bumptech.glide.load.model.ResourceUriLoader$AssetFileDescriptorFactory	/home/nima/Developer/nullness-benchmarks/glide/library/src/main/java/com/bumptech/glide/load/model/ResourceUriLoader.java
com.bumptech.glide.load.model.ByteBufferFileLoader	/home/nima/Developer/nullness-benchmarks/glide/library/src/main/java/com/bumptech/glide/load/model/ByteBufferFileLoader.java
com.bumptech.glide.load.model.ByteBufferFileLoader$Factory	/home/nima/Developer/nullness-benchmarks/glide/library/src/main/java/com/bumptech/glide/load/model/ByteBufferFileLoader.java
com.bumptech.glide.load.model.ByteBufferFileLoader$ByteBufferFetcher	/home/nima/Developer/nullness-benchmarks/glide/library/src/main/java/com/bumptech/glide/load/model/ByteBufferFileLoader.java
com.bumptech.glide.load.model.ByteBufferEncoder	/home/nima/Developer/nullness-benchmarks/glide/library/src/main/java/com/bumptech/glide/load/model/ByteBufferEncoder.java
com.bumptech.glide.load.model.Model	/home/nima/Developer/nullness-benchmarks/glide/library/src/main/java/com/bumptech/glide/load/model/Model.java
com.bumptech.glide.load.model.stream.HttpGlideUrlLoader	/home/nima/Developer/nullness-benchmarks/glide/library/src/main/java/com/bumptech/glide/load/model/stream/HttpGlideUrlLoader.java
com.bumptech.glide.load.model.stream.HttpGlideUrlLoader$Factory	/home/nima/Developer/nullness-benchmarks/glide/library/src/main/java/com/bumptech/glide/load/model/stream/HttpGlideUrlLoader.java
com.bumptech.glide.load.model.ModelCache	/home/nima/Developer/nullness-benchmarks/glide/library/src/main/java/com/bumptech/glide/load/model/ModelCache.java
com.bumptech.glide.load.model.ModelCache$1	/home/nima/Developer/nullness-benchmarks/glide/library/src/main/java/com/bumptech/glide/load/model/ModelCache.java
com.bumptech.glide.load.model.ModelCache$ModelKey	/home/nima/Developer/nullness-benchmarks/glide/library/src/main/java/com/bumptech/glide/load/model/ModelCache.java
com.bumptech.glide.load.model.stream.UrlLoader	/home/nima/Developer/nullness-benchmarks/glide/library/src/main/java/com/bumptech/glide/load/model/stream/UrlLoader.java
com.bumptech.glide.load.model.stream.UrlLoader$StreamFactory	/home/nima/Developer/nullness-benchmarks/glide/library/src/main/java/com/bumptech/glide/load/model/stream/UrlLoader.java
com.bumptech.glide.load.model.stream.MediaStoreImageThumbLoader	/home/nima/Developer/nullness-benchmarks/glide/library/src/main/java/com/bumptech/glide/load/model/stream/MediaStoreImageThumbLoader.java
com.bumptech.glide.load.model.stream.MediaStoreImageThumbLoader$Factory	/home/nima/Developer/nullness-benchmarks/glide/library/src/main/java/com/bumptech/glide/load/model/stream/MediaStoreImageThumbLoader.java
com.bumptech.glide.load.model.stream.BaseGlideUrlLoader	/home/nima/Developer/nullness-benchmarks/glide/library/src/main/java/com/bumptech/glide/load/model/stream/BaseGlideUrlLoader.java
com.bumptech.glide.load.model.stream.HttpUriLoader	/home/nima/Developer/nullness-benchmarks/glide/library/src/main/java/com/bumptech/glide/load/model/stream/HttpUriLoader.java
com.bumptech.glide.load.model.stream.HttpUriLoader$Factory	/home/nima/Developer/nullness-benchmarks/glide/library/src/main/java/com/bumptech/glide/load/model/stream/HttpUriLoader.java
com.bumptech.glide.load.model.UrlUriLoader	/home/nima/Developer/nullness-benchmarks/glide/library/src/main/java/com/bumptech/glide/load/model/UrlUriLoader.java
com.bumptech.glide.load.model.UrlUriLoader$StreamFactory	/home/nima/Developer/nullness-benchmarks/glide/library/src/main/java/com/bumptech/glide/load/model/UrlUriLoader.java
com.bumptech.glide.load.model.stream.MediaStoreVideoThumbLoader	/home/nima/Developer/nullness-benchmarks/glide/library/src/main/java/com/bumptech/glide/load/model/stream/MediaStoreVideoThumbLoader.java
com.bumptech.glide.load.model.stream.MediaStoreVideoThumbLoader$Factory	/home/nima/Developer/nullness-benchmarks/glide/library/src/main/java/com/bumptech/glide/load/model/stream/MediaStoreVideoThumbLoader.java
com.bumptech.glide.load.model.stream.QMediaStoreUriLoader	/home/nima/Developer/nullness-benchmarks/glide/library/src/main/java/com/bumptech/glide/load/model/stream/QMediaStoreUriLoader.java
com.bumptech.glide.load.model.stream.QMediaStoreUriLoader$QMediaStoreUriFetcher	/home/nima/Developer/nullness-benchmarks/glide/library/src/main/java/com/bumptech/glide/load/model/stream/QMediaStoreUriLoader.java
com.bumptech.glide.load.model.stream.QMediaStoreUriLoader$InputStreamFactory	/home/nima/Developer/nullness-benchmarks/glide/library/src/main/java/com/bumptech/glide/load/model/stream/QMediaStoreUriLoader.java
com.bumptech.glide.load.model.stream.QMediaStoreUriLoader$FileDescriptorFactory	/home/nima/Developer/nullness-benchmarks/glide/library/src/main/java/com/bumptech/glide/load/model/stream/QMediaStoreUriLoader.java
com.bumptech.glide.load.model.stream.QMediaStoreUriLoader$Factory	/home/nima/Developer/nullness-benchmarks/glide/library/src/main/java/com/bumptech/glide/load/model/stream/QMediaStoreUriLoader.java
com.bumptech.glide.load.model.ByteArrayLoader	/home/nima/Developer/nullness-benchmarks/glide/library/src/main/java/com/bumptech/glide/load/model/ByteArrayLoader.java
com.bumptech.glide.load.model.ByteArrayLoader$Converter	/home/nima/Developer/nullness-benchmarks/glide/library/src/main/java/com/bumptech/glide/load/model/ByteArrayLoader.java
com.bumptech.glide.load.model.ByteArrayLoader$Fetcher	/home/nima/Developer/nullness-benchmarks/glide/library/src/main/java/com/bumptech/glide/load/model/ByteArrayLoader.java
com.bumptech.glide.load.model.ByteArrayLoader$ByteBufferFactory	/home/nima/Developer/nullness-benchmarks/glide/library/src/main/java/com/bumptech/glide/load/model/ByteArrayLoader.java
com.bumptech.glide.load.model.ByteArrayLoader$ByteBufferFactory$1	/home/nima/Developer/nullness-benchmarks/glide/library/src/main/java/com/bumptech/glide/load/model/ByteArrayLoader.java
com.bumptech.glide.load.model.ByteArrayLoader$StreamFactory	/home/nima/Developer/nullness-benchmarks/glide/library/src/main/java/com/bumptech/glide/load/model/ByteArrayLoader.java
com.bumptech.glide.load.model.ByteArrayLoader$StreamFactory$1	/home/nima/Developer/nullness-benchmarks/glide/library/src/main/java/com/bumptech/glide/load/model/ByteArrayLoader.java
com.bumptech.glide.request.ThumbnailRequestCoordinator	/home/nima/Developer/nullness-benchmarks/glide/library/src/main/java/com/bumptech/glide/request/ThumbnailRequestCoordinator.java
com.bumptech.glide.request.ExperimentalRequestListener	/home/nima/Developer/nullness-benchmarks/glide/library/src/main/java/com/bumptech/glide/request/ExperimentalRequestListener.java
com.bumptech.glide.request.transition.NoTransition	/home/nima/Developer/nullness-benchmarks/glide/library/src/main/java/com/bumptech/glide/request/transition/NoTransition.java
com.bumptech.glide.request.transition.NoTransition$NoAnimationFactory	/home/nima/Developer/nullness-benchmarks/glide/library/src/main/java/com/bumptech/glide/request/transition/NoTransition.java
com.bumptech.glide.request.transition.ViewAnimationFactory	/home/nima/Developer/nullness-benchmarks/glide/library/src/main/java/com/bumptech/glide/request/transition/ViewAnimationFactory.java
com.bumptech.glide.request.transition.ViewAnimationFactory$ConcreteViewTransitionAnimationFactory	/home/nima/Developer/nullness-benchmarks/glide/library/src/main/java/com/bumptech/glide/request/transition/ViewAnimationFactory.java
com.bumptech.glide.request.transition.ViewAnimationFactory$ResourceViewTransitionAnimationFactory	/home/nima/Developer/nullness-benchmarks/glide/library/src/main/java/com/bumptech/glide/request/transition/ViewAnimationFactory.java
com.bumptech.glide.request.transition.ViewTransition	/home/nima/Developer/nullness-benchmarks/glide/library/src/main/java/com/bumptech/glide/request/transition/ViewTransition.java
com.bumptech.glide.request.transition.ViewTransition$ViewTransitionAnimationFactory	/home/nima/Developer/nullness-benchmarks/glide/library/src/main/java/com/bumptech/glide/request/transition/ViewTransition.java
com.bumptech.glide.request.transition.BitmapTransitionFactory	/home/nima/Developer/nullness-benchmarks/glide/library/src/main/java/com/bumptech/glide/request/transition/BitmapTransitionFactory.java
com.bumptech.glide.request.transition.BitmapContainerTransitionFactory	/home/nima/Developer/nullness-benchmarks/glide/library/src/main/java/com/bumptech/glide/request/transition/BitmapContainerTransitionFactory.java
com.bumptech.glide.request.transition.BitmapContainerTransitionFactory$BitmapGlideAnimation	/home/nima/Developer/nullness-benchmarks/glide/library/src/main/java/com/bumptech/glide/request/transition/BitmapContainerTransitionFactory.java
com.bumptech.glide.request.transition.ViewPropertyAnimationFactory	/home/nima/Developer/nullness-benchmarks/glide/library/src/main/java/com/bumptech/glide/request/transition/ViewPropertyAnimationFactory.java
com.bumptech.glide.request.target.ThumbnailImageViewTarget	/home/nima/Developer/nullness-benchmarks/glide/library/src/main/java/com/bumptech/glide/request/target/ThumbnailImageViewTarget.java
com.bumptech.glide.request.target.ImageViewTarget	/home/nima/Developer/nullness-benchmarks/glide/library/src/main/java/com/bumptech/glide/request/target/ImageViewTarget.java
com.bumptech.glide.request.target.SimpleTarget	/home/nima/Developer/nullness-benchmarks/glide/library/src/main/java/com/bumptech/glide/request/target/SimpleTarget.java
com.bumptech.glide.request.target.BitmapImageViewTarget	/home/nima/Developer/nullness-benchmarks/glide/library/src/main/java/com/bumptech/glide/request/target/BitmapImageViewTarget.java
com.bumptech.glide.request.target.BitmapThumbnailImageViewTarget	/home/nima/Developer/nullness-benchmarks/glide/library/src/main/java/com/bumptech/glide/request/target/BitmapThumbnailImageViewTarget.java
com.bumptech.glide.request.target.DrawableImageViewTarget	/home/nima/Developer/nullness-benchmarks/glide/library/src/main/java/com/bumptech/glide/request/target/DrawableImageViewTarget.java
com.bumptech.glide.request.target.AppWidgetTarget	/home/nima/Developer/nullness-benchmarks/glide/library/src/main/java/com/bumptech/glide/request/target/AppWidgetTarget.java
com.bumptech.glide.request.target.NotificationTarget	/home/nima/Developer/nullness-benchmarks/glide/library/src/main/java/com/bumptech/glide/request/target/NotificationTarget.java
com.bumptech.glide.request.target.FixedSizeDrawable	/home/nima/Developer/nullness-benchmarks/glide/library/src/main/java/com/bumptech/glide/request/target/FixedSizeDrawable.java
com.bumptech.glide.request.target.FixedSizeDrawable$State	/home/nima/Developer/nullness-benchmarks/glide/library/src/main/java/com/bumptech/glide/request/target/FixedSizeDrawable.java
com.bumptech.glide.request.target.DrawableThumbnailImageViewTarget	/home/nima/Developer/nullness-benchmarks/glide/library/src/main/java/com/bumptech/glide/request/target/DrawableThumbnailImageViewTarget.java
com.bumptech.glide.request.target.PreloadTarget	/home/nima/Developer/nullness-benchmarks/glide/library/src/main/java/com/bumptech/glide/request/target/PreloadTarget.java
com.bumptech.glide.request.target.PreloadTarget$1	/home/nima/Developer/nullness-benchmarks/glide/library/src/main/java/com/bumptech/glide/request/target/PreloadTarget.java
com.bumptech.glide.request.SingleRequest	/home/nima/Developer/nullness-benchmarks/glide/library/src/main/java/com/bumptech/glide/request/SingleRequest.java
com.bumptech.glide.request.SingleRequest$Status	/home/nima/Developer/nullness-benchmarks/glide/library/src/main/java/com/bumptech/glide/request/SingleRequest.java
com.bumptech.glide.request.RequestFutureTarget	/home/nima/Developer/nullness-benchmarks/glide/library/src/main/java/com/bumptech/glide/request/RequestFutureTarget.java
com.bumptech.glide.request.RequestFutureTarget$Waiter	/home/nima/Developer/nullness-benchmarks/glide/library/src/main/java/com/bumptech/glide/request/RequestFutureTarget.java
com.bumptech.glide.request.ErrorRequestCoordinator	/home/nima/Developer/nullness-benchmarks/glide/library/src/main/java/com/bumptech/glide/request/ErrorRequestCoordinator.java
