CLASS	METHOD	PARAMETER	INDEX
com.bumptech.glide.MemoryCategory	MemoryCategory(float)	multiplier	0
com.bumptech.glide.ListPreloader	ListPreloader(com.bumptech.glide.RequestManager,com.bumptech.glide.ListPreloader.PreloadModelProvider,com.bumptech.glide.ListPreloader.PreloadSizeProvider,int)	requestManager	0
com.bumptech.glide.ListPreloader	ListPreloader(com.bumptech.glide.RequestManager,com.bumptech.glide.ListPreloader.PreloadModelProvider,com.bumptech.glide.ListPreloader.PreloadSizeProvider,int)	preloadDimensionProvider	2
com.bumptech.glide.ListPreloader	ListPreloader(com.bumptech.glide.RequestManager,com.bumptech.glide.ListPreloader.PreloadModelProvider,com.bumptech.glide.ListPreloader.PreloadSizeProvider,int)	preloadModelProvider	1
com.bumptech.glide.ListPreloader	ListPreloader(com.bumptech.glide.RequestManager,com.bumptech.glide.ListPreloader.PreloadModelProvider,com.bumptech.glide.ListPreloader.PreloadSizeProvider,int)	maxPreload	3
com.bumptech.glide.ListPreloader	onScroll(android.widget.AbsListView,int,int,int)	totalCount	3
com.bumptech.glide.ListPreloader	onScroll(android.widget.AbsListView,int,int,int)	firstVisible	1
com.bumptech.glide.ListPreloader	preload(int,boolean)	increasing	1
com.bumptech.glide.ListPreloader	preload(int,int)	to	1
com.bumptech.glide.ListPreloader	preload(int,int)	from	0
com.bumptech.glide.ListPreloader	preloadAdapterPosition(java.util.List,int,boolean)	isIncreasing	2
com.bumptech.glide.ListPreloader	preloadAdapterPosition(java.util.List,int,boolean)	items	0
com.bumptech.glide.ListPreloader	preloadItem(T,int,int)	item	0
com.bumptech.glide.ListPreloader$PreloadTargetQueue	PreloadTargetQueue(int)	size	0
com.bumptech.glide.ListPreloader$PreloadTargetQueue	next(int,int)	height	1
com.bumptech.glide.ListPreloader$PreloadTargetQueue	next(int,int)	width	0
com.bumptech.glide.ListPreloader$PreloadTarget	getSize(com.bumptech.glide.request.target.SizeReadyCallback)	cb	0
com.bumptech.glide.ListPreloader$PreloadTarget	setRequest(com.bumptech.glide.request.Request)	request	0
com.bumptech.glide.request.RequestOptions	skipMemoryCacheOf(boolean)	skipMemoryCache	0
com.bumptech.glide.request.RequestOptions	equals(java.lang.Object)	o	0
com.bumptech.glide.RequestManager	RequestManager(com.bumptech.glide.Glide,com.bumptech.glide.manager.Lifecycle,com.bumptech.glide.manager.RequestManagerTreeNode,com.bumptech.glide.manager.RequestTracker,com.bumptech.glide.manager.ConnectivityMonitorFactory,android.content.Context)	glide	0
com.bumptech.glide.RequestManager	RequestManager(com.bumptech.glide.Glide,com.bumptech.glide.manager.Lifecycle,com.bumptech.glide.manager.RequestManagerTreeNode,com.bumptech.glide.manager.RequestTracker,com.bumptech.glide.manager.ConnectivityMonitorFactory,android.content.Context)	factory	4
com.bumptech.glide.RequestManager	RequestManager(com.bumptech.glide.Glide,com.bumptech.glide.manager.Lifecycle,com.bumptech.glide.manager.RequestManagerTreeNode,com.bumptech.glide.manager.RequestTracker,com.bumptech.glide.manager.ConnectivityMonitorFactory,android.content.Context)	treeNode	2
com.bumptech.glide.RequestManager	RequestManager(com.bumptech.glide.Glide,com.bumptech.glide.manager.Lifecycle,com.bumptech.glide.manager.RequestManagerTreeNode,com.bumptech.glide.manager.RequestTracker,com.bumptech.glide.manager.ConnectivityMonitorFactory,android.content.Context)	lifecycle	1
com.bumptech.glide.RequestManager	RequestManager(com.bumptech.glide.Glide,com.bumptech.glide.manager.Lifecycle,com.bumptech.glide.manager.RequestManagerTreeNode,com.bumptech.glide.manager.RequestTracker,com.bumptech.glide.manager.ConnectivityMonitorFactory,android.content.Context)	requestTracker	3
com.bumptech.glide.RequestManager	RequestManager(com.bumptech.glide.Glide,com.bumptech.glide.manager.Lifecycle,com.bumptech.glide.manager.RequestManagerTreeNode,com.bumptech.glide.manager.RequestTracker,com.bumptech.glide.manager.ConnectivityMonitorFactory,android.content.Context)	context	5
com.bumptech.glide.RequestManager	setRequestOptions(com.bumptech.glide.request.RequestOptions)	toSet	0
com.bumptech.glide.RequestManager	setPauseAllRequestsOnTrimMemoryModerate(boolean)	pauseAllOnTrim	0
com.bumptech.glide.RequestManager	as(java.lang.Class)	resourceClass	0
com.bumptech.glide.RequestManager	clear(com.bumptech.glide.request.target.Target)	target	0
com.bumptech.glide.RequestManager	untrackOrDelegate(com.bumptech.glide.request.target.Target)	target	0
com.bumptech.glide.RequestManager	untrack(com.bumptech.glide.request.target.Target)	target	0
com.bumptech.glide.RequestManager	onTrimMemory(int)	level	0
com.bumptech.glide.RequestManager$RequestManagerConnectivityListener	RequestManagerConnectivityListener(com.bumptech.glide.manager.RequestTracker)	requestTracker	0
com.bumptech.glide.RequestManager$RequestManagerConnectivityListener	onConnectivityChanged(boolean)	isConnected	0
com.bumptech.glide.request.BaseRequestOptions	isSet(int,int)	fields	0
com.bumptech.glide.request.BaseRequestOptions	isSet(int,int)	flag	1
com.bumptech.glide.request.BaseRequestOptions	sizeMultiplier(float)	sizeMultiplier	0
com.bumptech.glide.request.BaseRequestOptions	useUnlimitedSourceGeneratorsPool(boolean)	flag	0
com.bumptech.glide.request.BaseRequestOptions	useAnimationPool(boolean)	flag	0
com.bumptech.glide.request.BaseRequestOptions	onlyRetrieveFromCache(boolean)	flag	0
com.bumptech.glide.request.BaseRequestOptions	placeholder(android.graphics.drawable.Drawable)	drawable	0
com.bumptech.glide.request.BaseRequestOptions	placeholder(int)	resourceId	0
com.bumptech.glide.request.BaseRequestOptions	fallback(android.graphics.drawable.Drawable)	drawable	0
com.bumptech.glide.request.BaseRequestOptions	fallback(int)	resourceId	0
com.bumptech.glide.request.BaseRequestOptions	error(android.graphics.drawable.Drawable)	drawable	0
com.bumptech.glide.request.BaseRequestOptions	error(int)	resourceId	0
com.bumptech.glide.request.BaseRequestOptions	theme(android.content.res.Resources.Theme)	theme	0
com.bumptech.glide.request.BaseRequestOptions	skipMemoryCache(boolean)	skip	0
com.bumptech.glide.request.BaseRequestOptions	override(int,int)	height	1
com.bumptech.glide.request.BaseRequestOptions	override(int,int)	width	0
com.bumptech.glide.request.BaseRequestOptions	scaleOnlyTransform(com.bumptech.glide.load.resource.bitmap.DownsampleStrategy,com.bumptech.glide.load.Transformation,boolean)	isTransformationRequired	2
com.bumptech.glide.request.BaseRequestOptions	transform(com.bumptech.glide.load.Transformation[])	transformations	0
com.bumptech.glide.request.BaseRequestOptions	transform(com.bumptech.glide.load.Transformation,boolean)	isRequired	1
com.bumptech.glide.request.BaseRequestOptions	transform(com.bumptech.glide.load.Transformation,boolean)	transformation	0
com.bumptech.glide.request.BaseRequestOptions	transform(java.lang.Class,com.bumptech.glide.load.Transformation,boolean)	isRequired	2
com.bumptech.glide.request.BaseRequestOptions	apply(com.bumptech.glide.request.BaseRequestOptions)	o	0
com.bumptech.glide.request.BaseRequestOptions	isEquivalentTo(com.bumptech.glide.request.BaseRequestOptions)	other	0
com.bumptech.glide.request.BaseRequestOptions	equals(java.lang.Object)	o	0
com.bumptech.glide.RequestBuilder	RequestBuilder(com.bumptech.glide.Glide,com.bumptech.glide.RequestManager,java.lang.Class,android.content.Context)	transcodeClass	2
com.bumptech.glide.RequestBuilder	RequestBuilder(com.bumptech.glide.Glide,com.bumptech.glide.RequestManager,java.lang.Class,android.content.Context)	context	3
com.bumptech.glide.RequestBuilder	RequestBuilder(com.bumptech.glide.Glide,com.bumptech.glide.RequestManager,java.lang.Class,android.content.Context)	glide	0
com.bumptech.glide.RequestBuilder	RequestBuilder(com.bumptech.glide.Glide,com.bumptech.glide.RequestManager,java.lang.Class,android.content.Context)	requestManager	1
com.bumptech.glide.RequestBuilder	RequestBuilder(java.lang.Class,com.bumptech.glide.RequestBuilder)	other	1
com.bumptech.glide.RequestBuilder	initRequestListeners(java.util.List)	requestListeners	0
com.bumptech.glide.RequestBuilder	addListener(com.bumptech.glide.request.RequestListener)	requestListener	0
com.bumptech.glide.RequestBuilder	error(com.bumptech.glide.RequestBuilder)	errorBuilder	0
com.bumptech.glide.RequestBuilder	error(java.lang.Object)	model	0
com.bumptech.glide.RequestBuilder	thumbnail(com.bumptech.glide.RequestBuilder)	thumbnailRequest	0
com.bumptech.glide.RequestBuilder	thumbnail(com.bumptech.glide.RequestBuilder[])	thumbnails	0
com.bumptech.glide.RequestBuilder	thumbnail(java.util.List)	thumbnails	0
com.bumptech.glide.RequestBuilder	thumbnail(float)	sizeMultiplier	0
com.bumptech.glide.RequestBuilder	loadGeneric(java.lang.Object)	model	0
com.bumptech.glide.RequestBuilder	maybeApplyOptionsResourceUri(android.net.Uri,com.bumptech.glide.RequestBuilder)	requestBuilder	1
com.bumptech.glide.RequestBuilder	maybeApplyOptionsResourceUri(android.net.Uri,com.bumptech.glide.RequestBuilder)	uri	0
com.bumptech.glide.RequestBuilder	applyResourceThemeAndSignature(com.bumptech.glide.RequestBuilder)	requestBuilder	0
com.bumptech.glide.RequestBuilder	into(Y,com.bumptech.glide.request.RequestListener,com.bumptech.glide.request.BaseRequestOptions,java.util.concurrent.Executor)	target	0
com.bumptech.glide.RequestBuilder	isSkipMemoryCacheWithCompletePreviousRequest(com.bumptech.glide.request.BaseRequestOptions,com.bumptech.glide.request.Request)	options	0
com.bumptech.glide.RequestBuilder	isSkipMemoryCacheWithCompletePreviousRequest(com.bumptech.glide.request.BaseRequestOptions,com.bumptech.glide.request.Request)	previous	1
com.bumptech.glide.RequestBuilder	into(android.widget.ImageView)	view	0
com.bumptech.glide.RequestBuilder	submit(int,int)	height	1
com.bumptech.glide.RequestBuilder	submit(int,int)	width	0
com.bumptech.glide.RequestBuilder	getThumbnailPriority(com.bumptech.glide.Priority)	current	0
com.bumptech.glide.RequestBuilder	buildRequestRecursive(java.lang.Object,com.bumptech.glide.request.target.Target,com.bumptech.glide.request.RequestListener,com.bumptech.glide.request.RequestCoordinator,com.bumptech.glide.TransitionOptions,com.bumptech.glide.Priority,int,int,com.bumptech.glide.request.BaseRequestOptions,java.util.concurrent.Executor)	parentCoordinator	3
com.bumptech.glide.RequestBuilder	buildRequestRecursive(java.lang.Object,com.bumptech.glide.request.target.Target,com.bumptech.glide.request.RequestListener,com.bumptech.glide.request.RequestCoordinator,com.bumptech.glide.TransitionOptions,com.bumptech.glide.Priority,int,int,com.bumptech.glide.request.BaseRequestOptions,java.util.concurrent.Executor)	requestLock	0
com.bumptech.glide.RequestBuilder	buildRequestRecursive(java.lang.Object,com.bumptech.glide.request.target.Target,com.bumptech.glide.request.RequestListener,com.bumptech.glide.request.RequestCoordinator,com.bumptech.glide.TransitionOptions,com.bumptech.glide.Priority,int,int,com.bumptech.glide.request.BaseRequestOptions,java.util.concurrent.Executor)	requestOptions	8
com.bumptech.glide.RequestBuilder	buildThumbnailRequestRecursive(java.lang.Object,com.bumptech.glide.request.target.Target,com.bumptech.glide.request.RequestListener,com.bumptech.glide.request.RequestCoordinator,com.bumptech.glide.TransitionOptions,com.bumptech.glide.Priority,int,int,com.bumptech.glide.request.BaseRequestOptions,java.util.concurrent.Executor)	requestLock	0
com.bumptech.glide.RequestBuilder	buildThumbnailRequestRecursive(java.lang.Object,com.bumptech.glide.request.target.Target,com.bumptech.glide.request.RequestListener,com.bumptech.glide.request.RequestCoordinator,com.bumptech.glide.TransitionOptions,com.bumptech.glide.Priority,int,int,com.bumptech.glide.request.BaseRequestOptions,java.util.concurrent.Executor)	parentCoordinator	3
com.bumptech.glide.RequestBuilder	buildThumbnailRequestRecursive(java.lang.Object,com.bumptech.glide.request.target.Target,com.bumptech.glide.request.RequestListener,com.bumptech.glide.request.RequestCoordinator,com.bumptech.glide.TransitionOptions,com.bumptech.glide.Priority,int,int,com.bumptech.glide.request.BaseRequestOptions,java.util.concurrent.Executor)	requestOptions	8
com.bumptech.glide.RequestBuilder	buildThumbnailRequestRecursive(java.lang.Object,com.bumptech.glide.request.target.Target,com.bumptech.glide.request.RequestListener,com.bumptech.glide.request.RequestCoordinator,com.bumptech.glide.TransitionOptions,com.bumptech.glide.Priority,int,int,com.bumptech.glide.request.BaseRequestOptions,java.util.concurrent.Executor)	transitionOptions	4
com.bumptech.glide.RequestBuilder	equals(java.lang.Object)	o	0
com.bumptech.glide.load.engine.prefill.PreFillType	PreFillType(int,int,android.graphics.Bitmap.Config,int)	height	1
com.bumptech.glide.load.engine.prefill.PreFillType	PreFillType(int,int,android.graphics.Bitmap.Config,int)	weight	3
com.bumptech.glide.load.engine.prefill.PreFillType	PreFillType(int,int,android.graphics.Bitmap.Config,int)	width	0
com.bumptech.glide.load.engine.prefill.PreFillType	equals(java.lang.Object)	o	0
com.bumptech.glide.load.engine.prefill.PreFillType$Builder	Builder(int,int)	width	0
com.bumptech.glide.load.engine.prefill.PreFillType$Builder	Builder(int,int)	height	1
com.bumptech.glide.load.engine.prefill.PreFillType$Builder	setConfig(android.graphics.Bitmap.Config)	config	0
com.bumptech.glide.load.engine.prefill.PreFillType$Builder	setWeight(int)	weight	0
com.bumptech.glide.Glide	getPhotoCacheDir(android.content.Context,java.lang.String)	context	0
com.bumptech.glide.Glide	getPhotoCacheDir(android.content.Context,java.lang.String)	cacheName	1
com.bumptech.glide.Glide	init(com.bumptech.glide.Glide)	glide	0
com.bumptech.glide.Glide	initializeGlide(android.content.Context,com.bumptech.glide.GlideBuilder,com.bumptech.glide.GeneratedAppGlideModule)	annotationGeneratedModule	2
com.bumptech.glide.Glide	initializeGlide(android.content.Context,com.bumptech.glide.GlideBuilder,com.bumptech.glide.GeneratedAppGlideModule)	context	0
com.bumptech.glide.Glide	initializeGlide(android.content.Context,com.bumptech.glide.GlideBuilder,com.bumptech.glide.GeneratedAppGlideModule)	builder	1
com.bumptech.glide.Glide	throwIncorrectGlideModule(java.lang.Exception)	e	0
com.bumptech.glide.Glide	Glide(android.content.Context,com.bumptech.glide.load.engine.Engine,com.bumptech.glide.load.engine.cache.MemoryCache,com.bumptech.glide.load.engine.bitmap_recycle.BitmapPool,com.bumptech.glide.load.engine.bitmap_recycle.ArrayPool,com.bumptech.glide.manager.RequestManagerRetriever,com.bumptech.glide.manager.ConnectivityMonitorFactory,int,com.bumptech.glide.Glide.RequestOptionsFactory,java.util.Map,java.util.List,java.util.List,com.bumptech.glide.module.AppGlideModule,com.bumptech.glide.GlideExperiments)	connectivityMonitorFactory	6
com.bumptech.glide.Glide	Glide(android.content.Context,com.bumptech.glide.load.engine.Engine,com.bumptech.glide.load.engine.cache.MemoryCache,com.bumptech.glide.load.engine.bitmap_recycle.BitmapPool,com.bumptech.glide.load.engine.bitmap_recycle.ArrayPool,com.bumptech.glide.manager.RequestManagerRetriever,com.bumptech.glide.manager.ConnectivityMonitorFactory,int,com.bumptech.glide.Glide.RequestOptionsFactory,java.util.Map,java.util.List,java.util.List,com.bumptech.glide.module.AppGlideModule,com.bumptech.glide.GlideExperiments)	arrayPool	4
com.bumptech.glide.Glide	Glide(android.content.Context,com.bumptech.glide.load.engine.Engine,com.bumptech.glide.load.engine.cache.MemoryCache,com.bumptech.glide.load.engine.bitmap_recycle.BitmapPool,com.bumptech.glide.load.engine.bitmap_recycle.ArrayPool,com.bumptech.glide.manager.RequestManagerRetriever,com.bumptech.glide.manager.ConnectivityMonitorFactory,int,com.bumptech.glide.Glide.RequestOptionsFactory,java.util.Map,java.util.List,java.util.List,com.bumptech.glide.module.AppGlideModule,com.bumptech.glide.GlideExperiments)	memoryCache	2
com.bumptech.glide.Glide	Glide(android.content.Context,com.bumptech.glide.load.engine.Engine,com.bumptech.glide.load.engine.cache.MemoryCache,com.bumptech.glide.load.engine.bitmap_recycle.BitmapPool,com.bumptech.glide.load.engine.bitmap_recycle.ArrayPool,com.bumptech.glide.manager.RequestManagerRetriever,com.bumptech.glide.manager.ConnectivityMonitorFactory,int,com.bumptech.glide.Glide.RequestOptionsFactory,java.util.Map,java.util.List,java.util.List,com.bumptech.glide.module.AppGlideModule,com.bumptech.glide.GlideExperiments)	defaultRequestOptionsFactory	8
com.bumptech.glide.Glide	Glide(android.content.Context,com.bumptech.glide.load.engine.Engine,com.bumptech.glide.load.engine.cache.MemoryCache,com.bumptech.glide.load.engine.bitmap_recycle.BitmapPool,com.bumptech.glide.load.engine.bitmap_recycle.ArrayPool,com.bumptech.glide.manager.RequestManagerRetriever,com.bumptech.glide.manager.ConnectivityMonitorFactory,int,com.bumptech.glide.Glide.RequestOptionsFactory,java.util.Map,java.util.List,java.util.List,com.bumptech.glide.module.AppGlideModule,com.bumptech.glide.GlideExperiments)	experiments	13
com.bumptech.glide.Glide	Glide(android.content.Context,com.bumptech.glide.load.engine.Engine,com.bumptech.glide.load.engine.cache.MemoryCache,com.bumptech.glide.load.engine.bitmap_recycle.BitmapPool,com.bumptech.glide.load.engine.bitmap_recycle.ArrayPool,com.bumptech.glide.manager.RequestManagerRetriever,com.bumptech.glide.manager.ConnectivityMonitorFactory,int,com.bumptech.glide.Glide.RequestOptionsFactory,java.util.Map,java.util.List,java.util.List,com.bumptech.glide.module.AppGlideModule,com.bumptech.glide.GlideExperiments)	engine	1
com.bumptech.glide.Glide	Glide(android.content.Context,com.bumptech.glide.load.engine.Engine,com.bumptech.glide.load.engine.cache.MemoryCache,com.bumptech.glide.load.engine.bitmap_recycle.BitmapPool,com.bumptech.glide.load.engine.bitmap_recycle.ArrayPool,com.bumptech.glide.manager.RequestManagerRetriever,com.bumptech.glide.manager.ConnectivityMonitorFactory,int,com.bumptech.glide.Glide.RequestOptionsFactory,java.util.Map,java.util.List,java.util.List,com.bumptech.glide.module.AppGlideModule,com.bumptech.glide.GlideExperiments)	bitmapPool	3
com.bumptech.glide.Glide	Glide(android.content.Context,com.bumptech.glide.load.engine.Engine,com.bumptech.glide.load.engine.cache.MemoryCache,com.bumptech.glide.load.engine.bitmap_recycle.BitmapPool,com.bumptech.glide.load.engine.bitmap_recycle.ArrayPool,com.bumptech.glide.manager.RequestManagerRetriever,com.bumptech.glide.manager.ConnectivityMonitorFactory,int,com.bumptech.glide.Glide.RequestOptionsFactory,java.util.Map,java.util.List,java.util.List,com.bumptech.glide.module.AppGlideModule,com.bumptech.glide.GlideExperiments)	context	0
com.bumptech.glide.Glide	Glide(android.content.Context,com.bumptech.glide.load.engine.Engine,com.bumptech.glide.load.engine.cache.MemoryCache,com.bumptech.glide.load.engine.bitmap_recycle.BitmapPool,com.bumptech.glide.load.engine.bitmap_recycle.ArrayPool,com.bumptech.glide.manager.RequestManagerRetriever,com.bumptech.glide.manager.ConnectivityMonitorFactory,int,com.bumptech.glide.Glide.RequestOptionsFactory,java.util.Map,java.util.List,java.util.List,com.bumptech.glide.module.AppGlideModule,com.bumptech.glide.GlideExperiments)	defaultRequestListeners	10
com.bumptech.glide.Glide	Glide(android.content.Context,com.bumptech.glide.load.engine.Engine,com.bumptech.glide.load.engine.cache.MemoryCache,com.bumptech.glide.load.engine.bitmap_recycle.BitmapPool,com.bumptech.glide.load.engine.bitmap_recycle.ArrayPool,com.bumptech.glide.manager.RequestManagerRetriever,com.bumptech.glide.manager.ConnectivityMonitorFactory,int,com.bumptech.glide.Glide.RequestOptionsFactory,java.util.Map,java.util.List,java.util.List,com.bumptech.glide.module.AppGlideModule,com.bumptech.glide.GlideExperiments)	defaultTransitionOptions	9
com.bumptech.glide.Glide	Glide(android.content.Context,com.bumptech.glide.load.engine.Engine,com.bumptech.glide.load.engine.cache.MemoryCache,com.bumptech.glide.load.engine.bitmap_recycle.BitmapPool,com.bumptech.glide.load.engine.bitmap_recycle.ArrayPool,com.bumptech.glide.manager.RequestManagerRetriever,com.bumptech.glide.manager.ConnectivityMonitorFactory,int,com.bumptech.glide.Glide.RequestOptionsFactory,java.util.Map,java.util.List,java.util.List,com.bumptech.glide.module.AppGlideModule,com.bumptech.glide.GlideExperiments)	requestManagerRetriever	5
com.bumptech.glide.Glide	Glide(android.content.Context,com.bumptech.glide.load.engine.Engine,com.bumptech.glide.load.engine.cache.MemoryCache,com.bumptech.glide.load.engine.bitmap_recycle.BitmapPool,com.bumptech.glide.load.engine.bitmap_recycle.ArrayPool,com.bumptech.glide.manager.RequestManagerRetriever,com.bumptech.glide.manager.ConnectivityMonitorFactory,int,com.bumptech.glide.Glide.RequestOptionsFactory,java.util.Map,java.util.List,java.util.List,com.bumptech.glide.module.AppGlideModule,com.bumptech.glide.GlideExperiments)	logLevel	7
com.bumptech.glide.Glide	setMemoryCategory(com.bumptech.glide.MemoryCategory)	memoryCategory	0
com.bumptech.glide.Glide	with(android.app.Fragment)	fragment	0
com.bumptech.glide.manager.RequestTracker	runRequest(com.bumptech.glide.request.Request)	request	0
com.bumptech.glide.manager.RequestTracker	clearAndRemove(com.bumptech.glide.request.Request)	request	0
com.bumptech.glide.load.resource.gif.GifDrawable	GifDrawable(com.bumptech.glide.load.resource.gif.GifFrameLoader,android.graphics.Paint)	paint	1
com.bumptech.glide.load.resource.gif.GifDrawable	setVisible(boolean,boolean)	visible	0
com.bumptech.glide.load.resource.gif.GifDrawable	setIsRunning(boolean)	isRunning	0
com.bumptech.glide.load.resource.gif.GifDrawable	draw(android.graphics.Canvas)	canvas	0
com.bumptech.glide.load.resource.gif.GifDrawable	setLoopCount(int)	loopCount	0
com.bumptech.glide.load.resource.gif.GifDrawable	registerAnimationCallback(androidx.vectordrawable.graphics.drawable.Animatable2Compat.AnimationCallback)	animationCallback	0
com.bumptech.glide.load.resource.gif.GifDrawable	unregisterAnimationCallback(androidx.vectordrawable.graphics.drawable.Animatable2Compat.AnimationCallback)	animationCallback	0
com.bumptech.glide.load.resource.gif.GifDrawable$GifState	GifState(com.bumptech.glide.load.resource.gif.GifFrameLoader)	frameLoader	0
com.bumptech.glide.load.resource.gif.GifFrameLoader	GifFrameLoader(com.bumptech.glide.load.engine.bitmap_recycle.BitmapPool,com.bumptech.glide.RequestManager,com.bumptech.glide.gifdecoder.GifDecoder,android.os.Handler,com.bumptech.glide.RequestBuilder,com.bumptech.glide.load.Transformation,android.graphics.Bitmap)	requestBuilder	4
com.bumptech.glide.load.resource.gif.GifFrameLoader	GifFrameLoader(com.bumptech.glide.load.engine.bitmap_recycle.BitmapPool,com.bumptech.glide.RequestManager,com.bumptech.glide.gifdecoder.GifDecoder,android.os.Handler,com.bumptech.glide.RequestBuilder,com.bumptech.glide.load.Transformation,android.graphics.Bitmap)	gifDecoder	2
com.bumptech.glide.load.resource.gif.GifFrameLoader	GifFrameLoader(com.bumptech.glide.load.engine.bitmap_recycle.BitmapPool,com.bumptech.glide.RequestManager,com.bumptech.glide.gifdecoder.GifDecoder,android.os.Handler,com.bumptech.glide.RequestBuilder,com.bumptech.glide.load.Transformation,android.graphics.Bitmap)	requestManager	1
com.bumptech.glide.load.resource.gif.GifFrameLoader	GifFrameLoader(com.bumptech.glide.load.engine.bitmap_recycle.BitmapPool,com.bumptech.glide.RequestManager,com.bumptech.glide.gifdecoder.GifDecoder,android.os.Handler,com.bumptech.glide.RequestBuilder,com.bumptech.glide.load.Transformation,android.graphics.Bitmap)	bitmapPool	0
com.bumptech.glide.load.resource.gif.GifFrameLoader	GifFrameLoader(com.bumptech.glide.load.engine.bitmap_recycle.BitmapPool,com.bumptech.glide.RequestManager,com.bumptech.glide.gifdecoder.GifDecoder,android.os.Handler,com.bumptech.glide.RequestBuilder,com.bumptech.glide.load.Transformation,android.graphics.Bitmap)	handler	3
com.bumptech.glide.load.resource.gif.GifFrameLoader	setFrameTransformation(com.bumptech.glide.load.Transformation,android.graphics.Bitmap)	firstFrame	1
com.bumptech.glide.load.resource.gif.GifFrameLoader	setOnEveryFrameReadyListener(com.bumptech.glide.load.resource.gif.GifFrameLoader.OnEveryFrameListener)	onEveryFrameListener	0
com.bumptech.glide.load.resource.gif.GifFrameLoader	onFrameReady(com.bumptech.glide.load.resource.gif.GifFrameLoader.DelayTarget)	delayTarget	0
com.bumptech.glide.load.resource.gif.GifFrameLoader$FrameLoaderCallback	handleMessage(android.os.Message)	msg	0
com.bumptech.glide.load.resource.gif.GifFrameLoader$DelayTarget	DelayTarget(android.os.Handler,int,long)	targetTime	2
com.bumptech.glide.load.resource.gif.GifFrameLoader$DelayTarget	DelayTarget(android.os.Handler,int,long)	handler	0
com.bumptech.glide.load.resource.gif.GifFrameLoader$DelayTarget	DelayTarget(android.os.Handler,int,long)	index	1
com.bumptech.glide.load.resource.gif.GifFrameLoader$DelayTarget	onResourceReady(android.graphics.Bitmap,com.bumptech.glide.request.transition.Transition)	resource	0
com.bumptech.glide.load.resource.gif.GifFrameLoader	getRequestBuilder(com.bumptech.glide.RequestManager,int,int)	requestManager	0
com.bumptech.glide.TransitionOptions	equals(java.lang.Object)	o	0
com.bumptech.glide.request.transition.ViewPropertyTransition	ViewPropertyTransition(com.bumptech.glide.request.transition.ViewPropertyTransition.Animator)	animator	0
com.bumptech.glide.request.transition.ViewPropertyTransition	transition(R,com.bumptech.glide.request.transition.Transition.ViewAdapter)	adapter	1
com.bumptech.glide.request.target.CustomTarget	CustomTarget(int,int)	height	1
com.bumptech.glide.request.target.CustomTarget	CustomTarget(int,int)	width	0
com.bumptech.glide.request.target.CustomTarget	getSize(com.bumptech.glide.request.target.SizeReadyCallback)	cb	0
com.bumptech.glide.request.target.CustomTarget	setRequest(com.bumptech.glide.request.Request)	request	0
com.bumptech.glide.load.engine.GlideException	GlideException(java.lang.String,java.util.List)	detailMessage	0
com.bumptech.glide.load.engine.GlideException	GlideException(java.lang.String,java.util.List)	causes	1
com.bumptech.glide.load.engine.GlideException	setLoggingDetails(com.bumptech.glide.load.Key,com.bumptech.glide.load.DataSource,java.lang.Class)	dataClass	2
com.bumptech.glide.load.engine.GlideException	setLoggingDetails(com.bumptech.glide.load.Key,com.bumptech.glide.load.DataSource,java.lang.Class)	key	0
com.bumptech.glide.load.engine.GlideException	setLoggingDetails(com.bumptech.glide.load.Key,com.bumptech.glide.load.DataSource,java.lang.Class)	dataSource	1
com.bumptech.glide.load.engine.GlideException	setOrigin(java.lang.Exception)	exception	0
com.bumptech.glide.load.engine.GlideException	addRootCauses(java.lang.Throwable,java.util.List)	throwable	0
com.bumptech.glide.load.engine.GlideException	addRootCauses(java.lang.Throwable,java.util.List)	rootCauses	1
com.bumptech.glide.load.engine.GlideException	appendExceptionMessage(java.lang.Throwable,java.lang.Appendable)	appendable	1
com.bumptech.glide.load.engine.GlideException	appendExceptionMessage(java.lang.Throwable,java.lang.Appendable)	t	0
com.bumptech.glide.load.engine.GlideException	appendCausesWrapped(java.util.List,java.lang.Appendable)	appendable	1
com.bumptech.glide.load.engine.GlideException	appendCausesWrapped(java.util.List,java.lang.Appendable)	causes	0
com.bumptech.glide.load.engine.GlideException$IndentedAppendable	IndentedAppendable(java.lang.Appendable)	appendable	0
com.bumptech.glide.load.engine.GlideException$IndentedAppendable	append(char)	c	0
com.bumptech.glide.load.engine.GlideException$IndentedAppendable	append(java.lang.CharSequence)	charSequence	0
com.bumptech.glide.load.engine.GlideException$IndentedAppendable	append(java.lang.CharSequence,int,int)	charSequence	0
com.bumptech.glide.load.engine.GlideException$IndentedAppendable	safeSequence(java.lang.CharSequence)	sequence	0
com.bumptech.glide.load.engine.EngineResource	EngineResource(com.bumptech.glide.load.engine.Resource,boolean,boolean,com.bumptech.glide.load.Key,com.bumptech.glide.load.engine.EngineResource.ResourceListener)	key	3
com.bumptech.glide.load.engine.EngineResource	EngineResource(com.bumptech.glide.load.engine.Resource,boolean,boolean,com.bumptech.glide.load.Key,com.bumptech.glide.load.engine.EngineResource.ResourceListener)	isMemoryCacheable	1
com.bumptech.glide.load.engine.EngineResource	EngineResource(com.bumptech.glide.load.engine.Resource,boolean,boolean,com.bumptech.glide.load.Key,com.bumptech.glide.load.engine.EngineResource.ResourceListener)	isRecyclable	2
com.bumptech.glide.load.engine.Engine	Engine(com.bumptech.glide.load.engine.cache.MemoryCache,com.bumptech.glide.load.engine.cache.DiskCache.Factory,com.bumptech.glide.load.engine.executor.GlideExecutor,com.bumptech.glide.load.engine.executor.GlideExecutor,com.bumptech.glide.load.engine.executor.GlideExecutor,com.bumptech.glide.load.engine.executor.GlideExecutor,com.bumptech.glide.load.engine.Jobs,com.bumptech.glide.load.engine.EngineKeyFactory,com.bumptech.glide.load.engine.ActiveResources,com.bumptech.glide.load.engine.Engine.EngineJobFactory,com.bumptech.glide.load.engine.Engine.DecodeJobFactory,com.bumptech.glide.load.engine.ResourceRecycler,boolean)	jobs	6
com.bumptech.glide.load.engine.Engine	Engine(com.bumptech.glide.load.engine.cache.MemoryCache,com.bumptech.glide.load.engine.cache.DiskCache.Factory,com.bumptech.glide.load.engine.executor.GlideExecutor,com.bumptech.glide.load.engine.executor.GlideExecutor,com.bumptech.glide.load.engine.executor.GlideExecutor,com.bumptech.glide.load.engine.executor.GlideExecutor,com.bumptech.glide.load.engine.Jobs,com.bumptech.glide.load.engine.EngineKeyFactory,com.bumptech.glide.load.engine.ActiveResources,com.bumptech.glide.load.engine.Engine.EngineJobFactory,com.bumptech.glide.load.engine.Engine.DecodeJobFactory,com.bumptech.glide.load.engine.ResourceRecycler,boolean)	diskCacheFactory	1
com.bumptech.glide.load.engine.Engine	Engine(com.bumptech.glide.load.engine.cache.MemoryCache,com.bumptech.glide.load.engine.cache.DiskCache.Factory,com.bumptech.glide.load.engine.executor.GlideExecutor,com.bumptech.glide.load.engine.executor.GlideExecutor,com.bumptech.glide.load.engine.executor.GlideExecutor,com.bumptech.glide.load.engine.executor.GlideExecutor,com.bumptech.glide.load.engine.Jobs,com.bumptech.glide.load.engine.EngineKeyFactory,com.bumptech.glide.load.engine.ActiveResources,com.bumptech.glide.load.engine.Engine.EngineJobFactory,com.bumptech.glide.load.engine.Engine.DecodeJobFactory,com.bumptech.glide.load.engine.ResourceRecycler,boolean)	activeResources	8
com.bumptech.glide.load.engine.Engine	Engine(com.bumptech.glide.load.engine.cache.MemoryCache,com.bumptech.glide.load.engine.cache.DiskCache.Factory,com.bumptech.glide.load.engine.executor.GlideExecutor,com.bumptech.glide.load.engine.executor.GlideExecutor,com.bumptech.glide.load.engine.executor.GlideExecutor,com.bumptech.glide.load.engine.executor.GlideExecutor,com.bumptech.glide.load.engine.Jobs,com.bumptech.glide.load.engine.EngineKeyFactory,com.bumptech.glide.load.engine.ActiveResources,com.bumptech.glide.load.engine.Engine.EngineJobFactory,com.bumptech.glide.load.engine.Engine.DecodeJobFactory,com.bumptech.glide.load.engine.ResourceRecycler,boolean)	animationExecutor	5
com.bumptech.glide.load.engine.Engine	Engine(com.bumptech.glide.load.engine.cache.MemoryCache,com.bumptech.glide.load.engine.cache.DiskCache.Factory,com.bumptech.glide.load.engine.executor.GlideExecutor,com.bumptech.glide.load.engine.executor.GlideExecutor,com.bumptech.glide.load.engine.executor.GlideExecutor,com.bumptech.glide.load.engine.executor.GlideExecutor,com.bumptech.glide.load.engine.Jobs,com.bumptech.glide.load.engine.EngineKeyFactory,com.bumptech.glide.load.engine.ActiveResources,com.bumptech.glide.load.engine.Engine.EngineJobFactory,com.bumptech.glide.load.engine.Engine.DecodeJobFactory,com.bumptech.glide.load.engine.ResourceRecycler,boolean)	resourceRecycler	11
com.bumptech.glide.load.engine.Engine	Engine(com.bumptech.glide.load.engine.cache.MemoryCache,com.bumptech.glide.load.engine.cache.DiskCache.Factory,com.bumptech.glide.load.engine.executor.GlideExecutor,com.bumptech.glide.load.engine.executor.GlideExecutor,com.bumptech.glide.load.engine.executor.GlideExecutor,com.bumptech.glide.load.engine.executor.GlideExecutor,com.bumptech.glide.load.engine.Jobs,com.bumptech.glide.load.engine.EngineKeyFactory,com.bumptech.glide.load.engine.ActiveResources,com.bumptech.glide.load.engine.Engine.EngineJobFactory,com.bumptech.glide.load.engine.Engine.DecodeJobFactory,com.bumptech.glide.load.engine.ResourceRecycler,boolean)	diskCacheExecutor	2
com.bumptech.glide.load.engine.Engine	Engine(com.bumptech.glide.load.engine.cache.MemoryCache,com.bumptech.glide.load.engine.cache.DiskCache.Factory,com.bumptech.glide.load.engine.executor.GlideExecutor,com.bumptech.glide.load.engine.executor.GlideExecutor,com.bumptech.glide.load.engine.executor.GlideExecutor,com.bumptech.glide.load.engine.executor.GlideExecutor,com.bumptech.glide.load.engine.Jobs,com.bumptech.glide.load.engine.EngineKeyFactory,com.bumptech.glide.load.engine.ActiveResources,com.bumptech.glide.load.engine.Engine.EngineJobFactory,com.bumptech.glide.load.engine.Engine.DecodeJobFactory,com.bumptech.glide.load.engine.ResourceRecycler,boolean)	sourceExecutor	3
com.bumptech.glide.load.engine.Engine	Engine(com.bumptech.glide.load.engine.cache.MemoryCache,com.bumptech.glide.load.engine.cache.DiskCache.Factory,com.bumptech.glide.load.engine.executor.GlideExecutor,com.bumptech.glide.load.engine.executor.GlideExecutor,com.bumptech.glide.load.engine.executor.GlideExecutor,com.bumptech.glide.load.engine.executor.GlideExecutor,com.bumptech.glide.load.engine.Jobs,com.bumptech.glide.load.engine.EngineKeyFactory,com.bumptech.glide.load.engine.ActiveResources,com.bumptech.glide.load.engine.Engine.EngineJobFactory,com.bumptech.glide.load.engine.Engine.DecodeJobFactory,com.bumptech.glide.load.engine.ResourceRecycler,boolean)	decodeJobFactory	10
com.bumptech.glide.load.engine.Engine	Engine(com.bumptech.glide.load.engine.cache.MemoryCache,com.bumptech.glide.load.engine.cache.DiskCache.Factory,com.bumptech.glide.load.engine.executor.GlideExecutor,com.bumptech.glide.load.engine.executor.GlideExecutor,com.bumptech.glide.load.engine.executor.GlideExecutor,com.bumptech.glide.load.engine.executor.GlideExecutor,com.bumptech.glide.load.engine.Jobs,com.bumptech.glide.load.engine.EngineKeyFactory,com.bumptech.glide.load.engine.ActiveResources,com.bumptech.glide.load.engine.Engine.EngineJobFactory,com.bumptech.glide.load.engine.Engine.DecodeJobFactory,com.bumptech.glide.load.engine.ResourceRecycler,boolean)	engineJobFactory	9
com.bumptech.glide.load.engine.Engine	Engine(com.bumptech.glide.load.engine.cache.MemoryCache,com.bumptech.glide.load.engine.cache.DiskCache.Factory,com.bumptech.glide.load.engine.executor.GlideExecutor,com.bumptech.glide.load.engine.executor.GlideExecutor,com.bumptech.glide.load.engine.executor.GlideExecutor,com.bumptech.glide.load.engine.executor.GlideExecutor,com.bumptech.glide.load.engine.Jobs,com.bumptech.glide.load.engine.EngineKeyFactory,com.bumptech.glide.load.engine.ActiveResources,com.bumptech.glide.load.engine.Engine.EngineJobFactory,com.bumptech.glide.load.engine.Engine.DecodeJobFactory,com.bumptech.glide.load.engine.ResourceRecycler,boolean)	sourceUnlimitedExecutor	4
com.bumptech.glide.load.engine.Engine	Engine(com.bumptech.glide.load.engine.cache.MemoryCache,com.bumptech.glide.load.engine.cache.DiskCache.Factory,com.bumptech.glide.load.engine.executor.GlideExecutor,com.bumptech.glide.load.engine.executor.GlideExecutor,com.bumptech.glide.load.engine.executor.GlideExecutor,com.bumptech.glide.load.engine.executor.GlideExecutor,com.bumptech.glide.load.engine.Jobs,com.bumptech.glide.load.engine.EngineKeyFactory,com.bumptech.glide.load.engine.ActiveResources,com.bumptech.glide.load.engine.Engine.EngineJobFactory,com.bumptech.glide.load.engine.Engine.DecodeJobFactory,com.bumptech.glide.load.engine.ResourceRecycler,boolean)	cache	0
com.bumptech.glide.load.engine.Engine	Engine(com.bumptech.glide.load.engine.cache.MemoryCache,com.bumptech.glide.load.engine.cache.DiskCache.Factory,com.bumptech.glide.load.engine.executor.GlideExecutor,com.bumptech.glide.load.engine.executor.GlideExecutor,com.bumptech.glide.load.engine.executor.GlideExecutor,com.bumptech.glide.load.engine.executor.GlideExecutor,com.bumptech.glide.load.engine.Jobs,com.bumptech.glide.load.engine.EngineKeyFactory,com.bumptech.glide.load.engine.ActiveResources,com.bumptech.glide.load.engine.Engine.EngineJobFactory,com.bumptech.glide.load.engine.Engine.DecodeJobFactory,com.bumptech.glide.load.engine.ResourceRecycler,boolean)	keyFactory	7
com.bumptech.glide.load.engine.Engine	Engine(com.bumptech.glide.load.engine.cache.MemoryCache,com.bumptech.glide.load.engine.cache.DiskCache.Factory,com.bumptech.glide.load.engine.executor.GlideExecutor,com.bumptech.glide.load.engine.executor.GlideExecutor,com.bumptech.glide.load.engine.executor.GlideExecutor,com.bumptech.glide.load.engine.executor.GlideExecutor,com.bumptech.glide.load.engine.Jobs,com.bumptech.glide.load.engine.EngineKeyFactory,com.bumptech.glide.load.engine.ActiveResources,com.bumptech.glide.load.engine.Engine.EngineJobFactory,com.bumptech.glide.load.engine.Engine.DecodeJobFactory,com.bumptech.glide.load.engine.ResourceRecycler,boolean)	isActiveResourceRetentionAllowed	12
com.bumptech.glide.load.engine.Engine	load(com.bumptech.glide.GlideContext,java.lang.Object,com.bumptech.glide.load.Key,int,int,java.lang.Class,java.lang.Class,com.bumptech.glide.Priority,com.bumptech.glide.load.engine.DiskCacheStrategy,java.util.Map,boolean,boolean,com.bumptech.glide.load.Options,boolean,boolean,boolean,boolean,com.bumptech.glide.request.ResourceCallback,java.util.concurrent.Executor)	cb	17
com.bumptech.glide.load.engine.Engine	waitForExistingOrStartNewJob(com.bumptech.glide.GlideContext,java.lang.Object,com.bumptech.glide.load.Key,int,int,java.lang.Class,java.lang.Class,com.bumptech.glide.Priority,com.bumptech.glide.load.engine.DiskCacheStrategy,java.util.Map,boolean,boolean,com.bumptech.glide.load.Options,boolean,boolean,boolean,boolean,com.bumptech.glide.request.ResourceCallback,java.util.concurrent.Executor,com.bumptech.glide.load.engine.EngineKey,long)	cb	17
com.bumptech.glide.load.engine.Engine	loadFromMemory(com.bumptech.glide.load.engine.EngineKey,boolean,long)	isMemoryCacheable	1
com.bumptech.glide.load.engine.Engine	getEngineResourceFromCache(com.bumptech.glide.load.Key)	key	0
com.bumptech.glide.load.engine.Engine	release(com.bumptech.glide.load.engine.Resource)	resource	0
com.bumptech.glide.load.engine.Engine	onEngineJobComplete(com.bumptech.glide.load.engine.EngineJob,com.bumptech.glide.load.Key,com.bumptech.glide.load.engine.EngineResource)	resource	2
com.bumptech.glide.load.engine.Engine	onResourceReleased(com.bumptech.glide.load.Key,com.bumptech.glide.load.engine.EngineResource)	resource	1
com.bumptech.glide.load.engine.Engine$LoadStatus	LoadStatus(com.bumptech.glide.request.ResourceCallback,com.bumptech.glide.load.engine.EngineJob)	engineJob	1
com.bumptech.glide.load.engine.Engine$LoadStatus	LoadStatus(com.bumptech.glide.request.ResourceCallback,com.bumptech.glide.load.engine.EngineJob)	cb	0
com.bumptech.glide.load.engine.Engine$LazyDiskCacheProvider	LazyDiskCacheProvider(com.bumptech.glide.load.engine.cache.DiskCache.Factory)	factory	0
com.bumptech.glide.load.engine.Engine$DecodeJobFactory	DecodeJobFactory(com.bumptech.glide.load.engine.DecodeJob.DiskCacheProvider)	diskCacheProvider	0
com.bumptech.glide.load.engine.Engine$EngineJobFactory	EngineJobFactory(com.bumptech.glide.load.engine.executor.GlideExecutor,com.bumptech.glide.load.engine.executor.GlideExecutor,com.bumptech.glide.load.engine.executor.GlideExecutor,com.bumptech.glide.load.engine.executor.GlideExecutor,com.bumptech.glide.load.engine.EngineJobListener,com.bumptech.glide.load.engine.EngineResource.ResourceListener)	diskCacheExecutor	0
com.bumptech.glide.load.engine.Engine$EngineJobFactory	EngineJobFactory(com.bumptech.glide.load.engine.executor.GlideExecutor,com.bumptech.glide.load.engine.executor.GlideExecutor,com.bumptech.glide.load.engine.executor.GlideExecutor,com.bumptech.glide.load.engine.executor.GlideExecutor,com.bumptech.glide.load.engine.EngineJobListener,com.bumptech.glide.load.engine.EngineResource.ResourceListener)	sourceUnlimitedExecutor	2
com.bumptech.glide.load.engine.Engine$EngineJobFactory	EngineJobFactory(com.bumptech.glide.load.engine.executor.GlideExecutor,com.bumptech.glide.load.engine.executor.GlideExecutor,com.bumptech.glide.load.engine.executor.GlideExecutor,com.bumptech.glide.load.engine.executor.GlideExecutor,com.bumptech.glide.load.engine.EngineJobListener,com.bumptech.glide.load.engine.EngineResource.ResourceListener)	engineJobListener	4
com.bumptech.glide.load.engine.Engine$EngineJobFactory	EngineJobFactory(com.bumptech.glide.load.engine.executor.GlideExecutor,com.bumptech.glide.load.engine.executor.GlideExecutor,com.bumptech.glide.load.engine.executor.GlideExecutor,com.bumptech.glide.load.engine.executor.GlideExecutor,com.bumptech.glide.load.engine.EngineJobListener,com.bumptech.glide.load.engine.EngineResource.ResourceListener)	animationExecutor	3
com.bumptech.glide.load.engine.Engine$EngineJobFactory	EngineJobFactory(com.bumptech.glide.load.engine.executor.GlideExecutor,com.bumptech.glide.load.engine.executor.GlideExecutor,com.bumptech.glide.load.engine.executor.GlideExecutor,com.bumptech.glide.load.engine.executor.GlideExecutor,com.bumptech.glide.load.engine.EngineJobListener,com.bumptech.glide.load.engine.EngineResource.ResourceListener)	sourceExecutor	1
com.bumptech.glide.load.engine.Engine$EngineJobFactory	EngineJobFactory(com.bumptech.glide.load.engine.executor.GlideExecutor,com.bumptech.glide.load.engine.executor.GlideExecutor,com.bumptech.glide.load.engine.executor.GlideExecutor,com.bumptech.glide.load.engine.executor.GlideExecutor,com.bumptech.glide.load.engine.EngineJobListener,com.bumptech.glide.load.engine.EngineResource.ResourceListener)	resourceListener	5
com.bumptech.glide.GlideContext	GlideContext(android.content.Context,com.bumptech.glide.load.engine.bitmap_recycle.ArrayPool,com.bumptech.glide.util.GlideSuppliers.GlideSupplier,com.bumptech.glide.request.target.ImageViewTargetFactory,com.bumptech.glide.Glide.RequestOptionsFactory,java.util.Map,java.util.List,com.bumptech.glide.load.engine.Engine,com.bumptech.glide.GlideExperiments,int)	imageViewTargetFactory	3
com.bumptech.glide.GlideContext	GlideContext(android.content.Context,com.bumptech.glide.load.engine.bitmap_recycle.ArrayPool,com.bumptech.glide.util.GlideSuppliers.GlideSupplier,com.bumptech.glide.request.target.ImageViewTargetFactory,com.bumptech.glide.Glide.RequestOptionsFactory,java.util.Map,java.util.List,com.bumptech.glide.load.engine.Engine,com.bumptech.glide.GlideExperiments,int)	logLevel	9
com.bumptech.glide.GlideContext	GlideContext(android.content.Context,com.bumptech.glide.load.engine.bitmap_recycle.ArrayPool,com.bumptech.glide.util.GlideSuppliers.GlideSupplier,com.bumptech.glide.request.target.ImageViewTargetFactory,com.bumptech.glide.Glide.RequestOptionsFactory,java.util.Map,java.util.List,com.bumptech.glide.load.engine.Engine,com.bumptech.glide.GlideExperiments,int)	defaultRequestListeners	6
com.bumptech.glide.GlideContext	GlideContext(android.content.Context,com.bumptech.glide.load.engine.bitmap_recycle.ArrayPool,com.bumptech.glide.util.GlideSuppliers.GlideSupplier,com.bumptech.glide.request.target.ImageViewTargetFactory,com.bumptech.glide.Glide.RequestOptionsFactory,java.util.Map,java.util.List,com.bumptech.glide.load.engine.Engine,com.bumptech.glide.GlideExperiments,int)	engine	7
com.bumptech.glide.GlideContext	GlideContext(android.content.Context,com.bumptech.glide.load.engine.bitmap_recycle.ArrayPool,com.bumptech.glide.util.GlideSuppliers.GlideSupplier,com.bumptech.glide.request.target.ImageViewTargetFactory,com.bumptech.glide.Glide.RequestOptionsFactory,java.util.Map,java.util.List,com.bumptech.glide.load.engine.Engine,com.bumptech.glide.GlideExperiments,int)	defaultRequestOptionsFactory	4
com.bumptech.glide.GlideContext	GlideContext(android.content.Context,com.bumptech.glide.load.engine.bitmap_recycle.ArrayPool,com.bumptech.glide.util.GlideSuppliers.GlideSupplier,com.bumptech.glide.request.target.ImageViewTargetFactory,com.bumptech.glide.Glide.RequestOptionsFactory,java.util.Map,java.util.List,com.bumptech.glide.load.engine.Engine,com.bumptech.glide.GlideExperiments,int)	experiments	8
com.bumptech.glide.GlideContext	GlideContext(android.content.Context,com.bumptech.glide.load.engine.bitmap_recycle.ArrayPool,com.bumptech.glide.util.GlideSuppliers.GlideSupplier,com.bumptech.glide.request.target.ImageViewTargetFactory,com.bumptech.glide.Glide.RequestOptionsFactory,java.util.Map,java.util.List,com.bumptech.glide.load.engine.Engine,com.bumptech.glide.GlideExperiments,int)	defaultTransitionOptions	5
com.bumptech.glide.GlideContext	GlideContext(android.content.Context,com.bumptech.glide.load.engine.bitmap_recycle.ArrayPool,com.bumptech.glide.util.GlideSuppliers.GlideSupplier,com.bumptech.glide.request.target.ImageViewTargetFactory,com.bumptech.glide.Glide.RequestOptionsFactory,java.util.Map,java.util.List,com.bumptech.glide.load.engine.Engine,com.bumptech.glide.GlideExperiments,int)	arrayPool	1
com.bumptech.glide.manager.RequestManagerRetriever	RequestManagerRetriever(com.bumptech.glide.manager.RequestManagerRetriever.RequestManagerFactory)	factory	0
com.bumptech.glide.manager.RequestManagerRetriever	get(android.content.Context)	context	0
com.bumptech.glide.manager.RequestManagerRetriever	get(androidx.fragment.app.Fragment)	fragment	0
com.bumptech.glide.manager.RequestManagerRetriever	findAllSupportFragmentsWithViews(java.util.Collection,java.util.Map)	result	1
com.bumptech.glide.manager.RequestManagerRetriever	findAllSupportFragmentsWithViews(java.util.Collection,java.util.Map)	topLevelFragments	0
com.bumptech.glide.manager.RequestManagerRetriever	findSupportFragment(android.view.View,androidx.fragment.app.FragmentActivity)	target	0
com.bumptech.glide.manager.RequestManagerRetriever	findSupportFragment(android.view.View,androidx.fragment.app.FragmentActivity)	activity	1
com.bumptech.glide.manager.RequestManagerRetriever	findActivity(android.content.Context)	context	0
com.bumptech.glide.manager.RequestManagerRetriever	assertNotDestroyed(android.app.Activity)	activity	0
com.bumptech.glide.manager.RequestManagerRetriever	get(android.app.Fragment)	fragment	0
com.bumptech.glide.manager.RequestManagerRetriever$1	build(com.bumptech.glide.Glide,com.bumptech.glide.manager.Lifecycle,com.bumptech.glide.manager.RequestManagerTreeNode,android.content.Context)	context	3
com.bumptech.glide.manager.RequestManagerRetriever$1	build(com.bumptech.glide.Glide,com.bumptech.glide.manager.Lifecycle,com.bumptech.glide.manager.RequestManagerTreeNode,android.content.Context)	glide	0
com.bumptech.glide.manager.RequestManagerRetriever$1	build(com.bumptech.glide.Glide,com.bumptech.glide.manager.Lifecycle,com.bumptech.glide.manager.RequestManagerTreeNode,android.content.Context)	requestManagerTreeNode	2
com.bumptech.glide.manager.RequestManagerRetriever$1	build(com.bumptech.glide.Glide,com.bumptech.glide.manager.Lifecycle,com.bumptech.glide.manager.RequestManagerTreeNode,android.content.Context)	lifecycle	1
com.bumptech.glide.load.engine.prefill.BitmapPreFiller	BitmapPreFiller(com.bumptech.glide.load.engine.cache.MemoryCache,com.bumptech.glide.load.engine.bitmap_recycle.BitmapPool,com.bumptech.glide.load.DecodeFormat)	bitmapPool	1
com.bumptech.glide.load.engine.prefill.BitmapPreFiller	BitmapPreFiller(com.bumptech.glide.load.engine.cache.MemoryCache,com.bumptech.glide.load.engine.bitmap_recycle.BitmapPool,com.bumptech.glide.load.DecodeFormat)	memoryCache	0
com.bumptech.glide.load.engine.prefill.BitmapPreFiller	BitmapPreFiller(com.bumptech.glide.load.engine.cache.MemoryCache,com.bumptech.glide.load.engine.bitmap_recycle.BitmapPool,com.bumptech.glide.load.DecodeFormat)	defaultFormat	2
com.bumptech.glide.load.engine.prefill.BitmapPreFiller	preFill(com.bumptech.glide.load.engine.prefill.PreFillType.Builder[])	bitmapAttributeBuilders	0
com.bumptech.glide.load.engine.prefill.BitmapPreFiller	generateAllocationOrder(com.bumptech.glide.load.engine.prefill.PreFillType[])	preFillSizes	0
com.bumptech.glide.GlideExperiments$Builder	update(com.bumptech.glide.GlideExperiments.Experiment,boolean)	isEnabled	1
com.bumptech.glide.GlideBuilder	setBitmapPool(com.bumptech.glide.load.engine.bitmap_recycle.BitmapPool)	bitmapPool	0
com.bumptech.glide.GlideBuilder	setArrayPool(com.bumptech.glide.load.engine.bitmap_recycle.ArrayPool)	arrayPool	0
com.bumptech.glide.GlideBuilder	setMemoryCache(com.bumptech.glide.load.engine.cache.MemoryCache)	memoryCache	0
com.bumptech.glide.GlideBuilder	setDiskCache(com.bumptech.glide.load.engine.cache.DiskCache.Factory)	diskCacheFactory	0
com.bumptech.glide.GlideBuilder	setSourceExecutor(com.bumptech.glide.load.engine.executor.GlideExecutor)	service	0
com.bumptech.glide.GlideBuilder	setDiskCacheExecutor(com.bumptech.glide.load.engine.executor.GlideExecutor)	service	0
com.bumptech.glide.GlideBuilder	setAnimationExecutor(com.bumptech.glide.load.engine.executor.GlideExecutor)	service	0
com.bumptech.glide.GlideBuilder	setMemorySizeCalculator(com.bumptech.glide.load.engine.cache.MemorySizeCalculator)	calculator	0
com.bumptech.glide.GlideBuilder	setConnectivityMonitorFactory(com.bumptech.glide.manager.ConnectivityMonitorFactory)	factory	0
com.bumptech.glide.GlideBuilder	setLogLevel(int)	logLevel	0
com.bumptech.glide.GlideBuilder	setIsActiveResourceRetentionAllowed(boolean)	isActiveResourceRetentionAllowed	0
com.bumptech.glide.GlideBuilder	setRequestManagerFactory(com.bumptech.glide.manager.RequestManagerRetriever.RequestManagerFactory)	factory	0
com.bumptech.glide.GlideBuilder	setEngine(com.bumptech.glide.load.engine.Engine)	engine	0
com.bumptech.glide.GlideBuilder	build(android.content.Context,java.util.List,com.bumptech.glide.module.AppGlideModule)	annotationGeneratedGlideModule	2
com.bumptech.glide.GlideBuilder	build(android.content.Context,java.util.List,com.bumptech.glide.module.AppGlideModule)	context	0
com.bumptech.glide.GlideBuilder	build(android.content.Context,java.util.List,com.bumptech.glide.module.AppGlideModule)	manifestModules	1
com.bumptech.glide.GlideBuilder$ManualOverrideHardwareBitmapMaxFdCount	ManualOverrideHardwareBitmapMaxFdCount(int)	fdCount	0
com.bumptech.glide.Registry	setResourceDecoderBucketPriorityList(java.util.List)	buckets	0
com.bumptech.glide.Registry	getLoadPath(java.lang.Class,java.lang.Class,java.lang.Class)	resourceClass	1
com.bumptech.glide.Registry	getLoadPath(java.lang.Class,java.lang.Class,java.lang.Class)	dataClass	0
com.bumptech.glide.Registry	getLoadPath(java.lang.Class,java.lang.Class,java.lang.Class)	transcodeClass	2
com.bumptech.glide.Registry	getDecodePaths(java.lang.Class,java.lang.Class,java.lang.Class)	dataClass	0
com.bumptech.glide.Registry	getResultEncoder(com.bumptech.glide.load.engine.Resource)	resource	0
com.bumptech.glide.Registry	getSourceEncoder(X)	data	0
com.bumptech.glide.load.model.ModelLoaderRegistry	ModelLoaderRegistry(com.bumptech.glide.load.model.MultiModelLoaderFactory)	multiModelLoaderFactory	0
com.bumptech.glide.load.model.ModelLoaderRegistry	tearDown(java.util.List)	factories	0
com.bumptech.glide.load.model.ModelLoaderRegistry	getModelLoaders(A)	model	0
com.bumptech.glide.load.model.ModelLoaderRegistry	getClass(A)	model	0
com.bumptech.glide.load.model.ModelLoaderRegistry$ModelLoaderCache	put(java.lang.Class,java.util.List)	modelClass	0
com.bumptech.glide.load.model.ModelLoaderRegistry$ModelLoaderCache$Entry	Entry(java.util.List)	loaders	0
com.bumptech.glide.provider.EncoderRegistry$Entry	Entry(java.lang.Class,com.bumptech.glide.load.Encoder)	dataClass	0
com.bumptech.glide.provider.EncoderRegistry$Entry	Entry(java.lang.Class,com.bumptech.glide.load.Encoder)	encoder	1
com.bumptech.glide.provider.ResourceDecoderRegistry	setBucketPriorityList(java.util.List)	buckets	0
com.bumptech.glide.provider.ResourceDecoderRegistry$Entry	Entry(java.lang.Class,java.lang.Class,com.bumptech.glide.load.ResourceDecoder)	decoder	2
com.bumptech.glide.provider.ResourceDecoderRegistry$Entry	Entry(java.lang.Class,java.lang.Class,com.bumptech.glide.load.ResourceDecoder)	resourceClass	1
com.bumptech.glide.provider.ResourceDecoderRegistry$Entry	Entry(java.lang.Class,java.lang.Class,com.bumptech.glide.load.ResourceDecoder)	dataClass	0
com.bumptech.glide.provider.ResourceDecoderRegistry$Entry	handles(java.lang.Class,java.lang.Class)	resourceClass	1
com.bumptech.glide.provider.ResourceEncoderRegistry$Entry	Entry(java.lang.Class,com.bumptech.glide.load.ResourceEncoder)	resourceClass	0
com.bumptech.glide.provider.ResourceEncoderRegistry$Entry	Entry(java.lang.Class,com.bumptech.glide.load.ResourceEncoder)	encoder	1
com.bumptech.glide.load.data.DataRewinderRegistry$1	build(java.lang.Object)	data	0
com.bumptech.glide.load.data.DataRewinderRegistry$DefaultRewinder	DefaultRewinder(java.lang.Object)	data	0
com.bumptech.glide.load.resource.transcode.TranscoderRegistry	get(java.lang.Class,java.lang.Class)	transcodedClass	1
com.bumptech.glide.load.resource.transcode.TranscoderRegistry	get(java.lang.Class,java.lang.Class)	resourceClass	0
com.bumptech.glide.load.resource.transcode.TranscoderRegistry	getTranscodeClasses(java.lang.Class,java.lang.Class)	transcodeClass	1
com.bumptech.glide.load.resource.transcode.TranscoderRegistry$Entry	Entry(java.lang.Class,java.lang.Class,com.bumptech.glide.load.resource.transcode.ResourceTranscoder)	fromClass	0
com.bumptech.glide.load.resource.transcode.TranscoderRegistry$Entry	Entry(java.lang.Class,java.lang.Class,com.bumptech.glide.load.resource.transcode.ResourceTranscoder)	transcoder	2
com.bumptech.glide.load.resource.transcode.TranscoderRegistry$Entry	Entry(java.lang.Class,java.lang.Class,com.bumptech.glide.load.resource.transcode.ResourceTranscoder)	toClass	1
com.bumptech.glide.load.resource.transcode.TranscoderRegistry$Entry	handles(java.lang.Class,java.lang.Class)	toClass	1
com.bumptech.glide.provider.ModelToResourceClassCache	get(java.lang.Class,java.lang.Class,java.lang.Class)	transcodeClass	2
com.bumptech.glide.provider.ModelToResourceClassCache	get(java.lang.Class,java.lang.Class,java.lang.Class)	resourceClass	1
com.bumptech.glide.provider.ModelToResourceClassCache	get(java.lang.Class,java.lang.Class,java.lang.Class)	modelClass	0
com.bumptech.glide.load.ImageHeaderParser$ImageType	ImageType(boolean)	hasAlpha	0
com.bumptech.glide.load.engine.LoadPath	LoadPath(java.lang.Class,java.lang.Class,java.lang.Class,java.util.List,androidx.core.util.Pools.Pool)	transcodeClass	2
com.bumptech.glide.load.engine.LoadPath	LoadPath(java.lang.Class,java.lang.Class,java.lang.Class,java.util.List,androidx.core.util.Pools.Pool)	resourceClass	1
com.bumptech.glide.load.engine.LoadPath	LoadPath(java.lang.Class,java.lang.Class,java.lang.Class,java.util.List,androidx.core.util.Pools.Pool)	listPool	4
com.bumptech.glide.load.engine.LoadPath	LoadPath(java.lang.Class,java.lang.Class,java.lang.Class,java.util.List,androidx.core.util.Pools.Pool)	dataClass	0
com.bumptech.glide.load.engine.LoadPath	loadWithExceptionList(com.bumptech.glide.load.data.DataRewinder,com.bumptech.glide.load.Options,int,int,com.bumptech.glide.load.engine.DecodePath.DecodeCallback,java.util.List)	exceptions	5
com.bumptech.glide.load.engine.DecodePath	DecodePath(java.lang.Class,java.lang.Class,java.lang.Class,java.util.List,com.bumptech.glide.load.resource.transcode.ResourceTranscoder,androidx.core.util.Pools.Pool)	transcodeClass	2
com.bumptech.glide.load.engine.DecodePath	DecodePath(java.lang.Class,java.lang.Class,java.lang.Class,java.util.List,com.bumptech.glide.load.resource.transcode.ResourceTranscoder,androidx.core.util.Pools.Pool)	resourceClass	1
com.bumptech.glide.load.engine.DecodePath	DecodePath(java.lang.Class,java.lang.Class,java.lang.Class,java.util.List,com.bumptech.glide.load.resource.transcode.ResourceTranscoder,androidx.core.util.Pools.Pool)	listPool	5
com.bumptech.glide.load.engine.DecodePath	DecodePath(java.lang.Class,java.lang.Class,java.lang.Class,java.util.List,com.bumptech.glide.load.resource.transcode.ResourceTranscoder,androidx.core.util.Pools.Pool)	dataClass	0
com.bumptech.glide.load.engine.DecodePath	DecodePath(java.lang.Class,java.lang.Class,java.lang.Class,java.util.List,com.bumptech.glide.load.resource.transcode.ResourceTranscoder,androidx.core.util.Pools.Pool)	decoders	3
com.bumptech.glide.load.engine.DecodePath	DecodePath(java.lang.Class,java.lang.Class,java.lang.Class,java.util.List,com.bumptech.glide.load.resource.transcode.ResourceTranscoder,androidx.core.util.Pools.Pool)	transcoder	4
com.bumptech.glide.load.engine.DecodePath	decode(com.bumptech.glide.load.data.DataRewinder,int,int,com.bumptech.glide.load.Options,com.bumptech.glide.load.engine.DecodePath.DecodeCallback)	callback	4
com.bumptech.glide.load.engine.DecodePath	decodeResourceWithList(com.bumptech.glide.load.data.DataRewinder,int,int,com.bumptech.glide.load.Options,java.util.List)	exceptions	4
com.bumptech.glide.load.engine.DecodePath	decodeResourceWithList(com.bumptech.glide.load.data.DataRewinder,int,int,com.bumptech.glide.load.Options,java.util.List)	rewinder	0
com.bumptech.glide.load.Options	get(com.bumptech.glide.load.Option)	option	0
com.bumptech.glide.load.Options	equals(java.lang.Object)	o	0
com.bumptech.glide.load.Options	updateDiskCacheKey(com.bumptech.glide.load.Option,java.lang.Object,java.security.MessageDigest)	option	0
com.bumptech.glide.load.Option	memory(java.lang.String)	key	0
com.bumptech.glide.load.Option	memory(java.lang.String,T)	key	0
com.bumptech.glide.load.Option	memory(java.lang.String,T)	defaultValue	1
com.bumptech.glide.load.Option	disk(java.lang.String,com.bumptech.glide.load.Option.CacheKeyUpdater)	cacheKeyUpdater	1
com.bumptech.glide.load.Option	disk(java.lang.String,com.bumptech.glide.load.Option.CacheKeyUpdater)	key	0
com.bumptech.glide.load.Option	disk(java.lang.String,T,com.bumptech.glide.load.Option.CacheKeyUpdater)	defaultValue	1
com.bumptech.glide.load.Option	disk(java.lang.String,T,com.bumptech.glide.load.Option.CacheKeyUpdater)	cacheKeyUpdater	2
com.bumptech.glide.load.Option	disk(java.lang.String,T,com.bumptech.glide.load.Option.CacheKeyUpdater)	key	0
com.bumptech.glide.load.Option	Option(java.lang.String,T,com.bumptech.glide.load.Option.CacheKeyUpdater)	defaultValue	1
com.bumptech.glide.load.Option	equals(java.lang.Object)	o	0
com.bumptech.glide.load.model.MultiModelLoaderFactory	MultiModelLoaderFactory(androidx.core.util.Pools.Pool,com.bumptech.glide.load.model.MultiModelLoaderFactory.Factory)	throwableListPool	0
com.bumptech.glide.load.model.MultiModelLoaderFactory	MultiModelLoaderFactory(androidx.core.util.Pools.Pool,com.bumptech.glide.load.model.MultiModelLoaderFactory.Factory)	factory	1
com.bumptech.glide.load.model.MultiModelLoaderFactory	add(java.lang.Class,java.lang.Class,com.bumptech.glide.load.model.ModelLoaderFactory,boolean)	modelClass	0
com.bumptech.glide.load.model.MultiModelLoaderFactory	add(java.lang.Class,java.lang.Class,com.bumptech.glide.load.model.ModelLoaderFactory,boolean)	factory	2
com.bumptech.glide.load.model.MultiModelLoaderFactory	add(java.lang.Class,java.lang.Class,com.bumptech.glide.load.model.ModelLoaderFactory,boolean)	dataClass	1
com.bumptech.glide.load.model.MultiModelLoaderFactory	build(java.lang.Class,java.lang.Class)	dataClass	1
com.bumptech.glide.load.model.MultiModelLoaderFactory	build(java.lang.Class,java.lang.Class)	modelClass	0
com.bumptech.glide.load.model.MultiModelLoaderFactory	getFactory(com.bumptech.glide.load.model.MultiModelLoaderFactory.Entry)	entry	0
com.bumptech.glide.load.model.MultiModelLoaderFactory$Entry	Entry(java.lang.Class,java.lang.Class,com.bumptech.glide.load.model.ModelLoaderFactory)	dataClass	1
com.bumptech.glide.load.model.MultiModelLoaderFactory$Entry	Entry(java.lang.Class,java.lang.Class,com.bumptech.glide.load.model.ModelLoaderFactory)	factory	2
com.bumptech.glide.load.model.MultiModelLoaderFactory$Entry	Entry(java.lang.Class,java.lang.Class,com.bumptech.glide.load.model.ModelLoaderFactory)	modelClass	0
com.bumptech.glide.load.model.MultiModelLoaderFactory$Factory	build(java.util.List,androidx.core.util.Pools.Pool)	modelLoaders	0
com.bumptech.glide.load.model.MultiModelLoaderFactory$Factory	build(java.util.List,androidx.core.util.Pools.Pool)	throwableListPool	1
com.bumptech.glide.load.model.MultiModelLoader	MultiModelLoader(java.util.List,androidx.core.util.Pools.Pool)	modelLoaders	0
com.bumptech.glide.load.model.MultiModelLoader	MultiModelLoader(java.util.List,androidx.core.util.Pools.Pool)	exceptionListPool	1
com.bumptech.glide.load.model.MultiModelLoader$MultiFetcher	MultiFetcher(java.util.List,androidx.core.util.Pools.Pool)	throwableListPool	1
com.bumptech.glide.load.model.MultiModelLoader$MultiFetcher	MultiFetcher(java.util.List,androidx.core.util.Pools.Pool)	fetchers	0
com.bumptech.glide.load.model.MultiModelLoader$MultiFetcher	loadData(com.bumptech.glide.Priority,com.bumptech.glide.load.data.DataFetcher.DataCallback)	priority	0
com.bumptech.glide.load.model.MultiModelLoader$MultiFetcher	loadData(com.bumptech.glide.Priority,com.bumptech.glide.load.data.DataFetcher.DataCallback)	callback	1
com.bumptech.glide.load.model.MultiModelLoader$MultiFetcher	onDataReady(Data)	data	0
com.bumptech.glide.util.MultiClassKey	set(java.lang.Class,java.lang.Class,java.lang.Class)	first	0
com.bumptech.glide.util.MultiClassKey	set(java.lang.Class,java.lang.Class,java.lang.Class)	second	1
com.bumptech.glide.util.MultiClassKey	set(java.lang.Class,java.lang.Class,java.lang.Class)	third	2
com.bumptech.glide.util.MultiClassKey	equals(java.lang.Object)	o	0
com.bumptech.glide.load.engine.executor.GlideExecutor	GlideExecutor(java.util.concurrent.ExecutorService)	delegate	0
com.bumptech.glide.load.engine.executor.GlideExecutor$UncaughtThrowableStrategy$2	handle(java.lang.Throwable)	t	0
com.bumptech.glide.load.engine.executor.GlideExecutor$UncaughtThrowableStrategy$3	handle(java.lang.Throwable)	t	0
com.bumptech.glide.load.engine.executor.GlideExecutor$DefaultPriorityThreadFactory	newThread(java.lang.Runnable)	runnable	0
com.bumptech.glide.load.engine.executor.GlideExecutor$DefaultThreadFactory	DefaultThreadFactory(java.util.concurrent.ThreadFactory,java.lang.String,com.bumptech.glide.load.engine.executor.GlideExecutor.UncaughtThrowableStrategy,boolean)	name	1
com.bumptech.glide.load.engine.executor.GlideExecutor$DefaultThreadFactory	DefaultThreadFactory(java.util.concurrent.ThreadFactory,java.lang.String,com.bumptech.glide.load.engine.executor.GlideExecutor.UncaughtThrowableStrategy,boolean)	delegate	0
com.bumptech.glide.load.engine.executor.GlideExecutor$DefaultThreadFactory	DefaultThreadFactory(java.util.concurrent.ThreadFactory,java.lang.String,com.bumptech.glide.load.engine.executor.GlideExecutor.UncaughtThrowableStrategy,boolean)	preventNetworkOperations	3
com.bumptech.glide.load.engine.executor.GlideExecutor$DefaultThreadFactory	DefaultThreadFactory(java.util.concurrent.ThreadFactory,java.lang.String,com.bumptech.glide.load.engine.executor.GlideExecutor.UncaughtThrowableStrategy,boolean)	uncaughtThrowableStrategy	2
com.bumptech.glide.load.engine.executor.GlideExecutor$Builder	Builder(boolean)	preventNetworkOperations	0
com.bumptech.glide.load.engine.executor.GlideExecutor$Builder	setThreadTimeoutMillis(long)	threadTimeoutMillis	0
com.bumptech.glide.load.engine.executor.GlideExecutor$Builder	setThreadCount(int)	threadCount	0
com.bumptech.glide.load.engine.executor.GlideExecutor$Builder	setThreadFactory(java.util.concurrent.ThreadFactory)	threadFactory	0
com.bumptech.glide.load.engine.executor.GlideExecutor$Builder	setUncaughtThrowableStrategy(com.bumptech.glide.load.engine.executor.GlideExecutor.UncaughtThrowableStrategy)	strategy	0
com.bumptech.glide.load.engine.executor.GlideExecutor$Builder	setName(java.lang.String)	name	0
com.bumptech.glide.load.engine.cache.MemorySizeCalculator	MemorySizeCalculator(com.bumptech.glide.load.engine.cache.MemorySizeCalculator.Builder)	builder	0
com.bumptech.glide.load.engine.cache.MemorySizeCalculator	getMaxSize(android.app.ActivityManager,float,float)	activityManager	0
com.bumptech.glide.load.engine.cache.MemorySizeCalculator	isLowMemoryDevice(android.app.ActivityManager)	activityManager	0
com.bumptech.glide.load.engine.cache.MemorySizeCalculator$Builder	Builder(android.content.Context)	context	0
com.bumptech.glide.load.engine.cache.MemorySizeCalculator$Builder	setMemoryCacheScreens(float)	memoryCacheScreens	0
com.bumptech.glide.load.engine.cache.MemorySizeCalculator$Builder	setBitmapPoolScreens(float)	bitmapPoolScreens	0
com.bumptech.glide.load.engine.cache.MemorySizeCalculator$Builder	setMaxSizeMultiplier(float)	maxSizeMultiplier	0
com.bumptech.glide.load.engine.cache.MemorySizeCalculator$Builder	setLowMemoryMaxSizeMultiplier(float)	lowMemoryMaxSizeMultiplier	0
com.bumptech.glide.load.engine.cache.MemorySizeCalculator$Builder	setArrayPoolSize(int)	arrayPoolSizeBytes	0
com.bumptech.glide.load.engine.cache.MemorySizeCalculator$Builder	setActivityManager(android.app.ActivityManager)	activityManager	0
com.bumptech.glide.load.engine.cache.MemorySizeCalculator$Builder	setScreenDimensions(com.bumptech.glide.load.engine.cache.MemorySizeCalculator.ScreenDimensions)	screenDimensions	0
com.bumptech.glide.load.engine.cache.MemorySizeCalculator$DisplayMetricsScreenDimensions	DisplayMetricsScreenDimensions(android.util.DisplayMetrics)	displayMetrics	0
com.bumptech.glide.load.engine.prefill.BitmapPreFillRunner	BitmapPreFillRunner(com.bumptech.glide.load.engine.bitmap_recycle.BitmapPool,com.bumptech.glide.load.engine.cache.MemoryCache,com.bumptech.glide.load.engine.prefill.PreFillQueue,com.bumptech.glide.load.engine.prefill.BitmapPreFillRunner.Clock,android.os.Handler)	allocationOrder	2
com.bumptech.glide.load.engine.prefill.BitmapPreFillRunner	BitmapPreFillRunner(com.bumptech.glide.load.engine.bitmap_recycle.BitmapPool,com.bumptech.glide.load.engine.cache.MemoryCache,com.bumptech.glide.load.engine.prefill.PreFillQueue,com.bumptech.glide.load.engine.prefill.BitmapPreFillRunner.Clock,android.os.Handler)	handler	4
com.bumptech.glide.load.engine.prefill.BitmapPreFillRunner	BitmapPreFillRunner(com.bumptech.glide.load.engine.bitmap_recycle.BitmapPool,com.bumptech.glide.load.engine.cache.MemoryCache,com.bumptech.glide.load.engine.prefill.PreFillQueue,com.bumptech.glide.load.engine.prefill.BitmapPreFillRunner.Clock,android.os.Handler)	memoryCache	1
com.bumptech.glide.load.engine.prefill.BitmapPreFillRunner	BitmapPreFillRunner(com.bumptech.glide.load.engine.bitmap_recycle.BitmapPool,com.bumptech.glide.load.engine.cache.MemoryCache,com.bumptech.glide.load.engine.prefill.PreFillQueue,com.bumptech.glide.load.engine.prefill.BitmapPreFillRunner.Clock,android.os.Handler)	clock	3
com.bumptech.glide.load.engine.prefill.BitmapPreFillRunner	BitmapPreFillRunner(com.bumptech.glide.load.engine.bitmap_recycle.BitmapPool,com.bumptech.glide.load.engine.cache.MemoryCache,com.bumptech.glide.load.engine.prefill.PreFillQueue,com.bumptech.glide.load.engine.prefill.BitmapPreFillRunner.Clock,android.os.Handler)	bitmapPool	0
com.bumptech.glide.load.engine.prefill.BitmapPreFillRunner	isGcDetected(long)	startTimeMs	0
com.bumptech.glide.load.engine.prefill.PreFillQueue	PreFillQueue(java.util.Map)	bitmapsPerType	0
com.bumptech.glide.manager.LifecycleRequestManagerRetriever	LifecycleRequestManagerRetriever(com.bumptech.glide.manager.RequestManagerRetriever.RequestManagerFactory)	factory	0
com.bumptech.glide.manager.LifecycleRequestManagerRetriever	getOrCreate(android.content.Context,com.bumptech.glide.Glide,androidx.lifecycle.Lifecycle,androidx.fragment.app.FragmentManager,boolean)	isParentVisible	4
com.bumptech.glide.manager.LifecycleRequestManagerRetriever	getOrCreate(android.content.Context,com.bumptech.glide.Glide,androidx.lifecycle.Lifecycle,androidx.fragment.app.FragmentManager,boolean)	lifecycle	2
com.bumptech.glide.manager.LifecycleRequestManagerRetriever$SupportRequestManagerTreeNode	SupportRequestManagerTreeNode(androidx.fragment.app.FragmentManager)	childFragmentManager	0
com.bumptech.glide.manager.LifecycleRequestManagerRetriever$SupportRequestManagerTreeNode	getChildFragmentsRecursive(androidx.fragment.app.FragmentManager,java.util.Set)	fragmentManager	0
com.bumptech.glide.manager.LifecycleRequestManagerRetriever$SupportRequestManagerTreeNode	getChildFragmentsRecursive(androidx.fragment.app.FragmentManager,java.util.Set)	requestManagers	1
com.bumptech.glide.request.target.ImageViewTargetFactory	buildTarget(android.widget.ImageView,java.lang.Class)	view	0
com.bumptech.glide.request.target.ImageViewTargetFactory	buildTarget(android.widget.ImageView,java.lang.Class)	clazz	1
com.bumptech.glide.request.target.ViewTarget	ViewTarget(T)	view	0
com.bumptech.glide.request.target.ViewTarget	ViewTarget(T,boolean)	waitForLayout	1
com.bumptech.glide.request.target.ViewTarget	setTagId(int)	tagId	0
com.bumptech.glide.request.target.ViewTarget$SizeDeterminer	SizeDeterminer(android.view.View)	view	0
com.bumptech.glide.request.target.ViewTarget$SizeDeterminer	getMaxDisplayLength(android.content.Context)	context	0
com.bumptech.glide.request.target.ViewTarget$SizeDeterminer	getSize(com.bumptech.glide.request.target.SizeReadyCallback)	cb	0
com.bumptech.glide.request.target.ViewTarget$SizeDeterminer	getTargetDimen(int,int,int)	paramSize	1
com.bumptech.glide.request.target.ViewTarget$SizeDeterminer	getTargetDimen(int,int,int)	viewSize	0
com.bumptech.glide.request.target.ViewTarget$SizeDeterminer	getTargetDimen(int,int,int)	paddingSize	2
com.bumptech.glide.request.target.ViewTarget$SizeDeterminer	isDimensionValid(int)	size	0
com.bumptech.glide.request.target.ViewTarget$SizeDeterminer$SizeDeterminerLayoutListener	SizeDeterminerLayoutListener(com.bumptech.glide.request.target.ViewTarget.SizeDeterminer)	sizeDeterminer	0
com.bumptech.glide.request.target.BaseTarget	setRequest(com.bumptech.glide.request.Request)	request	0
com.bumptech.glide.load.engine.Jobs	removeIfCurrent(com.bumptech.glide.load.Key,com.bumptech.glide.load.engine.EngineJob)	expected	1
com.bumptech.glide.load.engine.Jobs	getJobMap(boolean)	onlyRetrieveFromCache	0
com.bumptech.glide.load.engine.EngineKeyFactory	buildKey(java.lang.Object,com.bumptech.glide.load.Key,int,int,java.util.Map,java.lang.Class,java.lang.Class,com.bumptech.glide.load.Options)	height	3
com.bumptech.glide.load.engine.EngineKeyFactory	buildKey(java.lang.Object,com.bumptech.glide.load.Key,int,int,java.util.Map,java.lang.Class,java.lang.Class,com.bumptech.glide.load.Options)	width	2
com.bumptech.glide.load.engine.EngineKeyFactory	buildKey(java.lang.Object,com.bumptech.glide.load.Key,int,int,java.util.Map,java.lang.Class,java.lang.Class,com.bumptech.glide.load.Options)	resourceClass	5
com.bumptech.glide.load.engine.EngineKeyFactory	buildKey(java.lang.Object,com.bumptech.glide.load.Key,int,int,java.util.Map,java.lang.Class,java.lang.Class,com.bumptech.glide.load.Options)	transcodeClass	6
com.bumptech.glide.load.engine.EngineKeyFactory	buildKey(java.lang.Object,com.bumptech.glide.load.Key,int,int,java.util.Map,java.lang.Class,java.lang.Class,com.bumptech.glide.load.Options)	options	7
com.bumptech.glide.load.engine.EngineKeyFactory	buildKey(java.lang.Object,com.bumptech.glide.load.Key,int,int,java.util.Map,java.lang.Class,java.lang.Class,com.bumptech.glide.load.Options)	signature	1
com.bumptech.glide.load.engine.EngineKeyFactory	buildKey(java.lang.Object,com.bumptech.glide.load.Key,int,int,java.util.Map,java.lang.Class,java.lang.Class,com.bumptech.glide.load.Options)	model	0
com.bumptech.glide.load.engine.EngineKeyFactory	buildKey(java.lang.Object,com.bumptech.glide.load.Key,int,int,java.util.Map,java.lang.Class,java.lang.Class,com.bumptech.glide.load.Options)	transformations	4
com.bumptech.glide.load.engine.ResourceRecycler	recycle(com.bumptech.glide.load.engine.Resource,boolean)	resource	0
com.bumptech.glide.load.engine.ResourceRecycler	recycle(com.bumptech.glide.load.engine.Resource,boolean)	forceNextFrame	1
com.bumptech.glide.load.engine.ResourceRecycler$ResourceRecyclerCallback	handleMessage(android.os.Message)	message	0
com.bumptech.glide.util.pool.FactoryPools$3	reset(java.util.List)	object	0
com.bumptech.glide.util.pool.FactoryPools	build(androidx.core.util.Pools.Pool,com.bumptech.glide.util.pool.FactoryPools.Factory,com.bumptech.glide.util.pool.FactoryPools.Resetter)	resetter	2
com.bumptech.glide.util.pool.FactoryPools	build(androidx.core.util.Pools.Pool,com.bumptech.glide.util.pool.FactoryPools.Factory,com.bumptech.glide.util.pool.FactoryPools.Resetter)	factory	1
com.bumptech.glide.util.pool.FactoryPools	build(androidx.core.util.Pools.Pool,com.bumptech.glide.util.pool.FactoryPools.Factory,com.bumptech.glide.util.pool.FactoryPools.Resetter)	pool	0
com.bumptech.glide.util.pool.FactoryPools$FactoryPool	FactoryPool(androidx.core.util.Pools.Pool,com.bumptech.glide.util.pool.FactoryPools.Factory,com.bumptech.glide.util.pool.FactoryPools.Resetter)	pool	0
com.bumptech.glide.util.pool.FactoryPools$FactoryPool	FactoryPool(androidx.core.util.Pools.Pool,com.bumptech.glide.util.pool.FactoryPools.Factory,com.bumptech.glide.util.pool.FactoryPools.Resetter)	resetter	2
com.bumptech.glide.util.pool.FactoryPools$FactoryPool	FactoryPool(androidx.core.util.Pools.Pool,com.bumptech.glide.util.pool.FactoryPools.Factory,com.bumptech.glide.util.pool.FactoryPools.Resetter)	factory	1
com.bumptech.glide.util.pool.FactoryPools$FactoryPool	release(T)	instance	0
com.bumptech.glide.load.engine.DecodeJob	DecodeJob(com.bumptech.glide.load.engine.DecodeJob.DiskCacheProvider,androidx.core.util.Pools.Pool)	pool	1
com.bumptech.glide.load.engine.DecodeJob	DecodeJob(com.bumptech.glide.load.engine.DecodeJob.DiskCacheProvider,androidx.core.util.Pools.Pool)	diskCacheProvider	0
com.bumptech.glide.load.engine.DecodeJob	init(com.bumptech.glide.GlideContext,java.lang.Object,com.bumptech.glide.load.engine.EngineKey,com.bumptech.glide.load.Key,int,int,java.lang.Class,java.lang.Class,com.bumptech.glide.Priority,com.bumptech.glide.load.engine.DiskCacheStrategy,java.util.Map,boolean,boolean,boolean,com.bumptech.glide.load.Options,com.bumptech.glide.load.engine.DecodeJob.Callback,int)	height	5
com.bumptech.glide.load.engine.DecodeJob	init(com.bumptech.glide.GlideContext,java.lang.Object,com.bumptech.glide.load.engine.EngineKey,com.bumptech.glide.load.Key,int,int,java.lang.Class,java.lang.Class,com.bumptech.glide.Priority,com.bumptech.glide.load.engine.DiskCacheStrategy,java.util.Map,boolean,boolean,boolean,com.bumptech.glide.load.Options,com.bumptech.glide.load.engine.DecodeJob.Callback,int)	priority	8
com.bumptech.glide.load.engine.DecodeJob	init(com.bumptech.glide.GlideContext,java.lang.Object,com.bumptech.glide.load.engine.EngineKey,com.bumptech.glide.load.Key,int,int,java.lang.Class,java.lang.Class,com.bumptech.glide.Priority,com.bumptech.glide.load.engine.DiskCacheStrategy,java.util.Map,boolean,boolean,boolean,com.bumptech.glide.load.Options,com.bumptech.glide.load.engine.DecodeJob.Callback,int)	signature	3
com.bumptech.glide.load.engine.DecodeJob	init(com.bumptech.glide.GlideContext,java.lang.Object,com.bumptech.glide.load.engine.EngineKey,com.bumptech.glide.load.Key,int,int,java.lang.Class,java.lang.Class,com.bumptech.glide.Priority,com.bumptech.glide.load.engine.DiskCacheStrategy,java.util.Map,boolean,boolean,boolean,com.bumptech.glide.load.Options,com.bumptech.glide.load.engine.DecodeJob.Callback,int)	width	4
com.bumptech.glide.load.engine.DecodeJob	init(com.bumptech.glide.GlideContext,java.lang.Object,com.bumptech.glide.load.engine.EngineKey,com.bumptech.glide.load.Key,int,int,java.lang.Class,java.lang.Class,com.bumptech.glide.Priority,com.bumptech.glide.load.engine.DiskCacheStrategy,java.util.Map,boolean,boolean,boolean,com.bumptech.glide.load.Options,com.bumptech.glide.load.engine.DecodeJob.Callback,int)	model	1
com.bumptech.glide.load.engine.DecodeJob	init(com.bumptech.glide.GlideContext,java.lang.Object,com.bumptech.glide.load.engine.EngineKey,com.bumptech.glide.load.Key,int,int,java.lang.Class,java.lang.Class,com.bumptech.glide.Priority,com.bumptech.glide.load.engine.DiskCacheStrategy,java.util.Map,boolean,boolean,boolean,com.bumptech.glide.load.Options,com.bumptech.glide.load.engine.DecodeJob.Callback,int)	loadKey	2
com.bumptech.glide.load.engine.DecodeJob	init(com.bumptech.glide.GlideContext,java.lang.Object,com.bumptech.glide.load.engine.EngineKey,com.bumptech.glide.load.Key,int,int,java.lang.Class,java.lang.Class,com.bumptech.glide.Priority,com.bumptech.glide.load.engine.DiskCacheStrategy,java.util.Map,boolean,boolean,boolean,com.bumptech.glide.load.Options,com.bumptech.glide.load.engine.DecodeJob.Callback,int)	options	14
com.bumptech.glide.load.engine.DecodeJob	init(com.bumptech.glide.GlideContext,java.lang.Object,com.bumptech.glide.load.engine.EngineKey,com.bumptech.glide.load.Key,int,int,java.lang.Class,java.lang.Class,com.bumptech.glide.Priority,com.bumptech.glide.load.engine.DiskCacheStrategy,java.util.Map,boolean,boolean,boolean,com.bumptech.glide.load.Options,com.bumptech.glide.load.engine.DecodeJob.Callback,int)	callback	15
com.bumptech.glide.load.engine.DecodeJob	init(com.bumptech.glide.GlideContext,java.lang.Object,com.bumptech.glide.load.engine.EngineKey,com.bumptech.glide.load.Key,int,int,java.lang.Class,java.lang.Class,com.bumptech.glide.Priority,com.bumptech.glide.load.engine.DiskCacheStrategy,java.util.Map,boolean,boolean,boolean,com.bumptech.glide.load.Options,com.bumptech.glide.load.engine.DecodeJob.Callback,int)	order	16
com.bumptech.glide.load.engine.DecodeJob	init(com.bumptech.glide.GlideContext,java.lang.Object,com.bumptech.glide.load.engine.EngineKey,com.bumptech.glide.load.Key,int,int,java.lang.Class,java.lang.Class,com.bumptech.glide.Priority,com.bumptech.glide.load.engine.DiskCacheStrategy,java.util.Map,boolean,boolean,boolean,com.bumptech.glide.load.Options,com.bumptech.glide.load.engine.DecodeJob.Callback,int)	glideContext	0
com.bumptech.glide.load.engine.DecodeJob	init(com.bumptech.glide.GlideContext,java.lang.Object,com.bumptech.glide.load.engine.EngineKey,com.bumptech.glide.load.Key,int,int,java.lang.Class,java.lang.Class,com.bumptech.glide.Priority,com.bumptech.glide.load.engine.DiskCacheStrategy,java.util.Map,boolean,boolean,boolean,com.bumptech.glide.load.Options,com.bumptech.glide.load.engine.DecodeJob.Callback,int)	diskCacheStrategy	9
com.bumptech.glide.load.engine.DecodeJob	init(com.bumptech.glide.GlideContext,java.lang.Object,com.bumptech.glide.load.engine.EngineKey,com.bumptech.glide.load.Key,int,int,java.lang.Class,java.lang.Class,com.bumptech.glide.Priority,com.bumptech.glide.load.engine.DiskCacheStrategy,java.util.Map,boolean,boolean,boolean,com.bumptech.glide.load.Options,com.bumptech.glide.load.engine.DecodeJob.Callback,int)	onlyRetrieveFromCache	13
com.bumptech.glide.load.engine.DecodeJob	compareTo(com.bumptech.glide.load.engine.DecodeJob)	other	0
com.bumptech.glide.load.engine.DecodeJob	getNextStage(com.bumptech.glide.load.engine.DecodeJob.Stage)	current	0
com.bumptech.glide.load.engine.DecodeJob	reschedule(com.bumptech.glide.load.engine.DecodeJob.RunReason)	runReason	0
com.bumptech.glide.load.engine.DecodeJob	onDataFetcherReady(com.bumptech.glide.load.Key,java.lang.Object,com.bumptech.glide.load.data.DataFetcher,com.bumptech.glide.load.DataSource,com.bumptech.glide.load.Key)	sourceKey	0
com.bumptech.glide.load.engine.DecodeJob	onDataFetcherReady(com.bumptech.glide.load.Key,java.lang.Object,com.bumptech.glide.load.data.DataFetcher,com.bumptech.glide.load.DataSource,com.bumptech.glide.load.Key)	attemptedKey	4
com.bumptech.glide.load.engine.DecodeJob	onDataFetcherReady(com.bumptech.glide.load.Key,java.lang.Object,com.bumptech.glide.load.data.DataFetcher,com.bumptech.glide.load.DataSource,com.bumptech.glide.load.Key)	data	1
com.bumptech.glide.load.engine.DecodeJob	onDataFetcherReady(com.bumptech.glide.load.Key,java.lang.Object,com.bumptech.glide.load.data.DataFetcher,com.bumptech.glide.load.DataSource,com.bumptech.glide.load.Key)	fetcher	2
com.bumptech.glide.load.engine.DecodeJob	onDataFetcherReady(com.bumptech.glide.load.Key,java.lang.Object,com.bumptech.glide.load.data.DataFetcher,com.bumptech.glide.load.DataSource,com.bumptech.glide.load.Key)	dataSource	3
com.bumptech.glide.load.engine.DecodeJob	onDataFetcherFailed(com.bumptech.glide.load.Key,java.lang.Exception,com.bumptech.glide.load.data.DataFetcher,com.bumptech.glide.load.DataSource)	fetcher	2
com.bumptech.glide.load.engine.DecodeJob	onDataFetcherFailed(com.bumptech.glide.load.Key,java.lang.Exception,com.bumptech.glide.load.data.DataFetcher,com.bumptech.glide.load.DataSource)	e	1
com.bumptech.glide.load.engine.DecodeJob	notifyEncodeAndRelease(com.bumptech.glide.load.engine.Resource,com.bumptech.glide.load.DataSource,boolean)	resource	0
com.bumptech.glide.load.engine.DecodeJob	decodeFromData(com.bumptech.glide.load.data.DataFetcher,Data,com.bumptech.glide.load.DataSource)	fetcher	0
com.bumptech.glide.load.engine.DecodeJob	decodeFromData(com.bumptech.glide.load.data.DataFetcher,Data,com.bumptech.glide.load.DataSource)	data	1
com.bumptech.glide.load.engine.DecodeJob	getOptionsWithHardwareConfig(com.bumptech.glide.load.DataSource)	dataSource	0
com.bumptech.glide.load.engine.DecodeJob	runLoadPath(Data,com.bumptech.glide.load.DataSource,com.bumptech.glide.load.engine.LoadPath)	path	2
com.bumptech.glide.load.engine.DecodeJob	onResourceDecoded(com.bumptech.glide.load.DataSource,com.bumptech.glide.load.engine.Resource)	decoded	1
com.bumptech.glide.load.engine.DecodeJob	onResourceDecoded(com.bumptech.glide.load.DataSource,com.bumptech.glide.load.engine.Resource)	dataSource	0
com.bumptech.glide.load.engine.DecodeJob$DecodeCallback	DecodeCallback(com.bumptech.glide.load.DataSource)	dataSource	0
com.bumptech.glide.load.engine.DecodeJob$ReleaseManager	isComplete(boolean)	isRemovedFromQueue	0
com.bumptech.glide.load.engine.DecodeJob$DeferredEncodeManager	init(com.bumptech.glide.load.Key,com.bumptech.glide.load.ResourceEncoder,com.bumptech.glide.load.engine.LockedResource)	toEncode	2
com.bumptech.glide.load.engine.DecodeJob$DeferredEncodeManager	init(com.bumptech.glide.load.Key,com.bumptech.glide.load.ResourceEncoder,com.bumptech.glide.load.engine.LockedResource)	encoder	1
com.bumptech.glide.load.engine.DecodeJob$DeferredEncodeManager	init(com.bumptech.glide.load.Key,com.bumptech.glide.load.ResourceEncoder,com.bumptech.glide.load.engine.LockedResource)	key	0
com.bumptech.glide.load.engine.DecodeJob$DeferredEncodeManager	encode(com.bumptech.glide.load.engine.DecodeJob.DiskCacheProvider,com.bumptech.glide.load.Options)	diskCacheProvider	0
com.bumptech.glide.load.engine.ActiveResources$1	newThread(java.lang.Runnable)	r	0
com.bumptech.glide.load.engine.ActiveResources	ActiveResources(boolean,java.util.concurrent.Executor)	monitorClearedResourcesExecutor	1
com.bumptech.glide.load.engine.ActiveResources	ActiveResources(boolean,java.util.concurrent.Executor)	isActiveResourceRetentionAllowed	0
com.bumptech.glide.load.engine.ActiveResources	setListener(com.bumptech.glide.load.engine.EngineResource.ResourceListener)	listener	0
com.bumptech.glide.load.engine.ActiveResources	activate(com.bumptech.glide.load.Key,com.bumptech.glide.load.engine.EngineResource)	key	0
com.bumptech.glide.load.engine.ActiveResources	activate(com.bumptech.glide.load.Key,com.bumptech.glide.load.engine.EngineResource)	resource	1
com.bumptech.glide.load.engine.ActiveResources	cleanupActiveReference(com.bumptech.glide.load.engine.ActiveResources.ResourceWeakReference)	ref	0
com.bumptech.glide.load.engine.ActiveResources	setDequeuedResourceCallback(com.bumptech.glide.load.engine.ActiveResources.DequeuedResourceCallback)	cb	0
com.bumptech.glide.load.engine.ActiveResources$ResourceWeakReference	ResourceWeakReference(com.bumptech.glide.load.Key,com.bumptech.glide.load.engine.EngineResource,java.lang.ref.ReferenceQueue,boolean)	referent	1
com.bumptech.glide.load.engine.ActiveResources$ResourceWeakReference	ResourceWeakReference(com.bumptech.glide.load.Key,com.bumptech.glide.load.engine.EngineResource,java.lang.ref.ReferenceQueue,boolean)	isActiveResourceRetentionAllowed	3
com.bumptech.glide.load.engine.DiskCacheStrategy$1	isDataCacheable(com.bumptech.glide.load.DataSource)	dataSource	0
com.bumptech.glide.load.engine.DiskCacheStrategy$1	isResourceCacheable(boolean,com.bumptech.glide.load.DataSource,com.bumptech.glide.load.EncodeStrategy)	dataSource	1
com.bumptech.glide.load.engine.DiskCacheStrategy$3	isDataCacheable(com.bumptech.glide.load.DataSource)	dataSource	0
com.bumptech.glide.load.engine.DiskCacheStrategy$4	isResourceCacheable(boolean,com.bumptech.glide.load.DataSource,com.bumptech.glide.load.EncodeStrategy)	dataSource	1
com.bumptech.glide.load.engine.DiskCacheStrategy$5	isDataCacheable(com.bumptech.glide.load.DataSource)	dataSource	0
com.bumptech.glide.load.engine.DiskCacheStrategy$5	isResourceCacheable(boolean,com.bumptech.glide.load.DataSource,com.bumptech.glide.load.EncodeStrategy)	isFromAlternateCacheKey	0
com.bumptech.glide.load.engine.DiskCacheStrategy$5	isResourceCacheable(boolean,com.bumptech.glide.load.DataSource,com.bumptech.glide.load.EncodeStrategy)	encodeStrategy	2
com.bumptech.glide.load.engine.DiskCacheStrategy$5	isResourceCacheable(boolean,com.bumptech.glide.load.DataSource,com.bumptech.glide.load.EncodeStrategy)	dataSource	1
com.bumptech.glide.load.engine.EngineKey	EngineKey(java.lang.Object,com.bumptech.glide.load.Key,int,int,java.util.Map,java.lang.Class,java.lang.Class,com.bumptech.glide.load.Options)	height	3
com.bumptech.glide.load.engine.EngineKey	EngineKey(java.lang.Object,com.bumptech.glide.load.Key,int,int,java.util.Map,java.lang.Class,java.lang.Class,com.bumptech.glide.load.Options)	width	2
com.bumptech.glide.load.engine.EngineKey	equals(java.lang.Object)	o	0
com.bumptech.glide.load.engine.EngineJob	EngineJob(com.bumptech.glide.load.engine.executor.GlideExecutor,com.bumptech.glide.load.engine.executor.GlideExecutor,com.bumptech.glide.load.engine.executor.GlideExecutor,com.bumptech.glide.load.engine.executor.GlideExecutor,com.bumptech.glide.load.engine.EngineJobListener,com.bumptech.glide.load.engine.EngineResource.ResourceListener,androidx.core.util.Pools.Pool,com.bumptech.glide.load.engine.EngineJob.EngineResourceFactory)	diskCacheExecutor	0
com.bumptech.glide.load.engine.EngineJob	EngineJob(com.bumptech.glide.load.engine.executor.GlideExecutor,com.bumptech.glide.load.engine.executor.GlideExecutor,com.bumptech.glide.load.engine.executor.GlideExecutor,com.bumptech.glide.load.engine.executor.GlideExecutor,com.bumptech.glide.load.engine.EngineJobListener,com.bumptech.glide.load.engine.EngineResource.ResourceListener,androidx.core.util.Pools.Pool,com.bumptech.glide.load.engine.EngineJob.EngineResourceFactory)	engineResourceFactory	7
com.bumptech.glide.load.engine.EngineJob	EngineJob(com.bumptech.glide.load.engine.executor.GlideExecutor,com.bumptech.glide.load.engine.executor.GlideExecutor,com.bumptech.glide.load.engine.executor.GlideExecutor,com.bumptech.glide.load.engine.executor.GlideExecutor,com.bumptech.glide.load.engine.EngineJobListener,com.bumptech.glide.load.engine.EngineResource.ResourceListener,androidx.core.util.Pools.Pool,com.bumptech.glide.load.engine.EngineJob.EngineResourceFactory)	engineJobListener	4
com.bumptech.glide.load.engine.EngineJob	EngineJob(com.bumptech.glide.load.engine.executor.GlideExecutor,com.bumptech.glide.load.engine.executor.GlideExecutor,com.bumptech.glide.load.engine.executor.GlideExecutor,com.bumptech.glide.load.engine.executor.GlideExecutor,com.bumptech.glide.load.engine.EngineJobListener,com.bumptech.glide.load.engine.EngineResource.ResourceListener,androidx.core.util.Pools.Pool,com.bumptech.glide.load.engine.EngineJob.EngineResourceFactory)	pool	6
com.bumptech.glide.load.engine.EngineJob	EngineJob(com.bumptech.glide.load.engine.executor.GlideExecutor,com.bumptech.glide.load.engine.executor.GlideExecutor,com.bumptech.glide.load.engine.executor.GlideExecutor,com.bumptech.glide.load.engine.executor.GlideExecutor,com.bumptech.glide.load.engine.EngineJobListener,com.bumptech.glide.load.engine.EngineResource.ResourceListener,androidx.core.util.Pools.Pool,com.bumptech.glide.load.engine.EngineJob.EngineResourceFactory)	sourceExecutor	1
com.bumptech.glide.load.engine.EngineJob	EngineJob(com.bumptech.glide.load.engine.executor.GlideExecutor,com.bumptech.glide.load.engine.executor.GlideExecutor,com.bumptech.glide.load.engine.executor.GlideExecutor,com.bumptech.glide.load.engine.executor.GlideExecutor,com.bumptech.glide.load.engine.EngineJobListener,com.bumptech.glide.load.engine.EngineResource.ResourceListener,androidx.core.util.Pools.Pool,com.bumptech.glide.load.engine.EngineJob.EngineResourceFactory)	animationExecutor	3
com.bumptech.glide.load.engine.EngineJob	EngineJob(com.bumptech.glide.load.engine.executor.GlideExecutor,com.bumptech.glide.load.engine.executor.GlideExecutor,com.bumptech.glide.load.engine.executor.GlideExecutor,com.bumptech.glide.load.engine.executor.GlideExecutor,com.bumptech.glide.load.engine.EngineJobListener,com.bumptech.glide.load.engine.EngineResource.ResourceListener,androidx.core.util.Pools.Pool,com.bumptech.glide.load.engine.EngineJob.EngineResourceFactory)	sourceUnlimitedExecutor	2
com.bumptech.glide.load.engine.EngineJob	EngineJob(com.bumptech.glide.load.engine.executor.GlideExecutor,com.bumptech.glide.load.engine.executor.GlideExecutor,com.bumptech.glide.load.engine.executor.GlideExecutor,com.bumptech.glide.load.engine.executor.GlideExecutor,com.bumptech.glide.load.engine.EngineJobListener,com.bumptech.glide.load.engine.EngineResource.ResourceListener,androidx.core.util.Pools.Pool,com.bumptech.glide.load.engine.EngineJob.EngineResourceFactory)	resourceListener	5
com.bumptech.glide.load.engine.EngineJob	init(com.bumptech.glide.load.Key,boolean,boolean,boolean,boolean)	key	0
com.bumptech.glide.load.engine.EngineJob	init(com.bumptech.glide.load.Key,boolean,boolean,boolean,boolean)	isCacheable	1
com.bumptech.glide.load.engine.EngineJob	init(com.bumptech.glide.load.Key,boolean,boolean,boolean,boolean)	useAnimationPool	3
com.bumptech.glide.load.engine.EngineJob	init(com.bumptech.glide.load.Key,boolean,boolean,boolean,boolean)	useUnlimitedSourceGeneratorPool	2
com.bumptech.glide.load.engine.EngineJob	init(com.bumptech.glide.load.Key,boolean,boolean,boolean,boolean)	onlyRetrieveFromCache	4
com.bumptech.glide.load.engine.EngineJob	start(com.bumptech.glide.load.engine.DecodeJob)	decodeJob	0
com.bumptech.glide.load.engine.EngineJob	addCallback(com.bumptech.glide.request.ResourceCallback,java.util.concurrent.Executor)	callbackExecutor	1
com.bumptech.glide.load.engine.EngineJob	callCallbackOnResourceReady(com.bumptech.glide.request.ResourceCallback)	cb	0
com.bumptech.glide.load.engine.EngineJob	callCallbackOnLoadFailed(com.bumptech.glide.request.ResourceCallback)	cb	0
com.bumptech.glide.load.engine.EngineJob	onResourceReady(com.bumptech.glide.load.engine.Resource,com.bumptech.glide.load.DataSource,boolean)	dataSource	1
com.bumptech.glide.load.engine.EngineJob	onResourceReady(com.bumptech.glide.load.engine.Resource,com.bumptech.glide.load.DataSource,boolean)	isLoadedFromAlternateCacheKey	2
com.bumptech.glide.load.engine.EngineJob	onResourceReady(com.bumptech.glide.load.engine.Resource,com.bumptech.glide.load.DataSource,boolean)	resource	0
com.bumptech.glide.load.engine.EngineJob	onLoadFailed(com.bumptech.glide.load.engine.GlideException)	e	0
com.bumptech.glide.load.engine.EngineJob$CallLoadFailed	CallLoadFailed(com.bumptech.glide.request.ResourceCallback)	cb	0
com.bumptech.glide.load.engine.EngineJob$CallResourceReady	CallResourceReady(com.bumptech.glide.request.ResourceCallback)	cb	0
com.bumptech.glide.load.engine.EngineJob$ResourceCallbacksAndExecutors	ResourceCallbacksAndExecutors(java.util.List)	callbacksAndExecutors	0
com.bumptech.glide.load.engine.EngineJob$ResourceCallbacksAndExecutors	defaultCallbackAndExecutor(com.bumptech.glide.request.ResourceCallback)	cb	0
com.bumptech.glide.load.engine.EngineJob$ResourceCallbackAndExecutor	ResourceCallbackAndExecutor(com.bumptech.glide.request.ResourceCallback,java.util.concurrent.Executor)	cb	0
com.bumptech.glide.load.engine.EngineJob$ResourceCallbackAndExecutor	ResourceCallbackAndExecutor(com.bumptech.glide.request.ResourceCallback,java.util.concurrent.Executor)	executor	1
com.bumptech.glide.load.engine.EngineJob$ResourceCallbackAndExecutor	equals(java.lang.Object)	o	0
com.bumptech.glide.load.engine.EngineJob$EngineResourceFactory	build(com.bumptech.glide.load.engine.Resource,boolean,com.bumptech.glide.load.Key,com.bumptech.glide.load.engine.EngineResource.ResourceListener)	isMemoryCacheable	1
com.bumptech.glide.load.engine.EngineJob$EngineResourceFactory	build(com.bumptech.glide.load.engine.Resource,boolean,com.bumptech.glide.load.Key,com.bumptech.glide.load.engine.EngineResource.ResourceListener)	listener	3
com.bumptech.glide.load.engine.EngineJob$EngineResourceFactory	build(com.bumptech.glide.load.engine.Resource,boolean,com.bumptech.glide.load.Key,com.bumptech.glide.load.engine.EngineResource.ResourceListener)	key	2
com.bumptech.glide.load.engine.EngineJob$EngineResourceFactory	build(com.bumptech.glide.load.engine.Resource,boolean,com.bumptech.glide.load.Key,com.bumptech.glide.load.engine.EngineResource.ResourceListener)	resource	0
com.bumptech.glide.util.pool.StateVerifier$DefaultStateVerifier	setRecycled(boolean)	isRecycled	0
com.bumptech.glide.util.pool.StateVerifier$DebugStateVerifier	setRecycled(boolean)	isRecycled	0
com.bumptech.glide.load.engine.DecodeHelper	init(com.bumptech.glide.GlideContext,java.lang.Object,com.bumptech.glide.load.Key,int,int,com.bumptech.glide.load.engine.DiskCacheStrategy,java.lang.Class,java.lang.Class,com.bumptech.glide.Priority,com.bumptech.glide.load.Options,java.util.Map,boolean,boolean,com.bumptech.glide.load.engine.DecodeJob.DiskCacheProvider)	height	4
com.bumptech.glide.load.engine.DecodeHelper	init(com.bumptech.glide.GlideContext,java.lang.Object,com.bumptech.glide.load.Key,int,int,com.bumptech.glide.load.engine.DiskCacheStrategy,java.lang.Class,java.lang.Class,com.bumptech.glide.Priority,com.bumptech.glide.load.Options,java.util.Map,boolean,boolean,com.bumptech.glide.load.engine.DecodeJob.DiskCacheProvider)	width	3
com.bumptech.glide.load.engine.DecodeHelper	init(com.bumptech.glide.GlideContext,java.lang.Object,com.bumptech.glide.load.Key,int,int,com.bumptech.glide.load.engine.DiskCacheStrategy,java.lang.Class,java.lang.Class,com.bumptech.glide.Priority,com.bumptech.glide.load.Options,java.util.Map,boolean,boolean,com.bumptech.glide.load.engine.DecodeJob.DiskCacheProvider)	resourceClass	6
com.bumptech.glide.load.engine.DecodeHelper	init(com.bumptech.glide.GlideContext,java.lang.Object,com.bumptech.glide.load.Key,int,int,com.bumptech.glide.load.engine.DiskCacheStrategy,java.lang.Class,java.lang.Class,com.bumptech.glide.Priority,com.bumptech.glide.load.Options,java.util.Map,boolean,boolean,com.bumptech.glide.load.engine.DecodeJob.DiskCacheProvider)	glideContext	0
com.bumptech.glide.load.engine.DecodeHelper	init(com.bumptech.glide.GlideContext,java.lang.Object,com.bumptech.glide.load.Key,int,int,com.bumptech.glide.load.engine.DiskCacheStrategy,java.lang.Class,java.lang.Class,com.bumptech.glide.Priority,com.bumptech.glide.load.Options,java.util.Map,boolean,boolean,com.bumptech.glide.load.engine.DecodeJob.DiskCacheProvider)	diskCacheStrategy	5
com.bumptech.glide.load.engine.DecodeHelper	init(com.bumptech.glide.GlideContext,java.lang.Object,com.bumptech.glide.load.Key,int,int,com.bumptech.glide.load.engine.DiskCacheStrategy,java.lang.Class,java.lang.Class,com.bumptech.glide.Priority,com.bumptech.glide.load.Options,java.util.Map,boolean,boolean,com.bumptech.glide.load.engine.DecodeJob.DiskCacheProvider)	transcodeClass	7
com.bumptech.glide.load.engine.DecodeHelper	init(com.bumptech.glide.GlideContext,java.lang.Object,com.bumptech.glide.load.Key,int,int,com.bumptech.glide.load.engine.DiskCacheStrategy,java.lang.Class,java.lang.Class,com.bumptech.glide.Priority,com.bumptech.glide.load.Options,java.util.Map,boolean,boolean,com.bumptech.glide.load.engine.DecodeJob.DiskCacheProvider)	isTransformationRequired	11
com.bumptech.glide.load.engine.DecodeHelper	init(com.bumptech.glide.GlideContext,java.lang.Object,com.bumptech.glide.load.Key,int,int,com.bumptech.glide.load.engine.DiskCacheStrategy,java.lang.Class,java.lang.Class,com.bumptech.glide.Priority,com.bumptech.glide.load.Options,java.util.Map,boolean,boolean,com.bumptech.glide.load.engine.DecodeJob.DiskCacheProvider)	diskCacheProvider	13
com.bumptech.glide.load.engine.DecodeHelper	init(com.bumptech.glide.GlideContext,java.lang.Object,com.bumptech.glide.load.Key,int,int,com.bumptech.glide.load.engine.DiskCacheStrategy,java.lang.Class,java.lang.Class,com.bumptech.glide.Priority,com.bumptech.glide.load.Options,java.util.Map,boolean,boolean,com.bumptech.glide.load.engine.DecodeJob.DiskCacheProvider)	priority	8
com.bumptech.glide.load.engine.DecodeHelper	init(com.bumptech.glide.GlideContext,java.lang.Object,com.bumptech.glide.load.Key,int,int,com.bumptech.glide.load.engine.DiskCacheStrategy,java.lang.Class,java.lang.Class,com.bumptech.glide.Priority,com.bumptech.glide.load.Options,java.util.Map,boolean,boolean,com.bumptech.glide.load.engine.DecodeJob.DiskCacheProvider)	model	1
com.bumptech.glide.load.engine.DecodeHelper	init(com.bumptech.glide.GlideContext,java.lang.Object,com.bumptech.glide.load.Key,int,int,com.bumptech.glide.load.engine.DiskCacheStrategy,java.lang.Class,java.lang.Class,com.bumptech.glide.Priority,com.bumptech.glide.load.Options,java.util.Map,boolean,boolean,com.bumptech.glide.load.engine.DecodeJob.DiskCacheProvider)	transformations	10
com.bumptech.glide.load.engine.DecodeHelper	init(com.bumptech.glide.GlideContext,java.lang.Object,com.bumptech.glide.load.Key,int,int,com.bumptech.glide.load.engine.DiskCacheStrategy,java.lang.Class,java.lang.Class,com.bumptech.glide.Priority,com.bumptech.glide.load.Options,java.util.Map,boolean,boolean,com.bumptech.glide.load.engine.DecodeJob.DiskCacheProvider)	signature	2
com.bumptech.glide.load.engine.DecodeHelper	init(com.bumptech.glide.GlideContext,java.lang.Object,com.bumptech.glide.load.Key,int,int,com.bumptech.glide.load.engine.DiskCacheStrategy,java.lang.Class,java.lang.Class,com.bumptech.glide.Priority,com.bumptech.glide.load.Options,java.util.Map,boolean,boolean,com.bumptech.glide.load.engine.DecodeJob.DiskCacheProvider)	isScaleOnlyOrNoTransform	12
com.bumptech.glide.load.engine.DecodeHelper	init(com.bumptech.glide.GlideContext,java.lang.Object,com.bumptech.glide.load.Key,int,int,com.bumptech.glide.load.engine.DiskCacheStrategy,java.lang.Class,java.lang.Class,com.bumptech.glide.Priority,com.bumptech.glide.load.Options,java.util.Map,boolean,boolean,com.bumptech.glide.load.engine.DecodeJob.DiskCacheProvider)	options	9
com.bumptech.glide.load.engine.DecodeHelper	getTransformation(java.lang.Class)	resourceClass	0
com.bumptech.glide.load.engine.LockedResource	init(com.bumptech.glide.load.engine.Resource)	toWrap	0
com.bumptech.glide.request.RequestCoordinator$RequestState	RequestState(boolean)	isComplete	0
com.bumptech.glide.load.resource.bitmap.DownsampleStrategy$FitCenter	getScaleFactor(int,int,int,int)	requestedWidth	2
com.bumptech.glide.load.resource.bitmap.DownsampleStrategy$FitCenter	getScaleFactor(int,int,int,int)	sourceWidth	0
com.bumptech.glide.load.resource.bitmap.DownsampleStrategy$FitCenter	getScaleFactor(int,int,int,int)	requestedHeight	3
com.bumptech.glide.load.resource.bitmap.DownsampleStrategy$FitCenter	getScaleFactor(int,int,int,int)	sourceHeight	1
com.bumptech.glide.load.resource.bitmap.DownsampleStrategy$CenterOutside	getScaleFactor(int,int,int,int)	sourceWidth	0
com.bumptech.glide.load.resource.bitmap.DownsampleStrategy$CenterOutside	getScaleFactor(int,int,int,int)	requestedWidth	2
com.bumptech.glide.load.resource.bitmap.DownsampleStrategy$CenterOutside	getScaleFactor(int,int,int,int)	sourceHeight	1
com.bumptech.glide.load.resource.bitmap.DownsampleStrategy$CenterOutside	getScaleFactor(int,int,int,int)	requestedHeight	3
com.bumptech.glide.RegistryFactory	createAndInitRegistry(com.bumptech.glide.Glide,java.util.List,com.bumptech.glide.module.AppGlideModule)	glide	0
com.bumptech.glide.RegistryFactory	initializeDefaults(android.content.Context,com.bumptech.glide.Registry,com.bumptech.glide.load.engine.bitmap_recycle.BitmapPool,com.bumptech.glide.load.engine.bitmap_recycle.ArrayPool,com.bumptech.glide.GlideExperiments)	bitmapPool	2
com.bumptech.glide.RegistryFactory	initializeDefaults(android.content.Context,com.bumptech.glide.Registry,com.bumptech.glide.load.engine.bitmap_recycle.BitmapPool,com.bumptech.glide.load.engine.bitmap_recycle.ArrayPool,com.bumptech.glide.GlideExperiments)	arrayPool	3
com.bumptech.glide.RegistryFactory	initializeDefaults(android.content.Context,com.bumptech.glide.Registry,com.bumptech.glide.load.engine.bitmap_recycle.BitmapPool,com.bumptech.glide.load.engine.bitmap_recycle.ArrayPool,com.bumptech.glide.GlideExperiments)	registry	1
com.bumptech.glide.RegistryFactory	initializeDefaults(android.content.Context,com.bumptech.glide.Registry,com.bumptech.glide.load.engine.bitmap_recycle.BitmapPool,com.bumptech.glide.load.engine.bitmap_recycle.ArrayPool,com.bumptech.glide.GlideExperiments)	experiments	4
com.bumptech.glide.RegistryFactory	initializeDefaults(android.content.Context,com.bumptech.glide.Registry,com.bumptech.glide.load.engine.bitmap_recycle.BitmapPool,com.bumptech.glide.load.engine.bitmap_recycle.ArrayPool,com.bumptech.glide.GlideExperiments)	context	0
com.bumptech.glide.RegistryFactory	initializeModules(android.content.Context,com.bumptech.glide.Glide,com.bumptech.glide.Registry,java.util.List,com.bumptech.glide.module.AppGlideModule)	annotationGeneratedModule	4
com.bumptech.glide.RegistryFactory	initializeModules(android.content.Context,com.bumptech.glide.Glide,com.bumptech.glide.Registry,java.util.List,com.bumptech.glide.module.AppGlideModule)	manifestModules	3
com.bumptech.glide.manager.DefaultConnectivityMonitor	DefaultConnectivityMonitor(android.content.Context,com.bumptech.glide.manager.ConnectivityMonitor.ConnectivityListener)	context	0
com.bumptech.glide.manager.DefaultConnectivityMonitor	DefaultConnectivityMonitor(android.content.Context,com.bumptech.glide.manager.ConnectivityMonitor.ConnectivityListener)	listener	1
com.bumptech.glide.manager.LifecycleLifecycle	LifecycleLifecycle(androidx.lifecycle.Lifecycle)	lifecycle	0
com.bumptech.glide.manager.LifecycleLifecycle	onDestroy(androidx.lifecycle.LifecycleOwner)	owner	0
com.bumptech.glide.manager.LifecycleLifecycle	addListener(com.bumptech.glide.manager.LifecycleListener)	listener	0
com.bumptech.glide.manager.DefaultConnectivityMonitorFactory	build(android.content.Context,com.bumptech.glide.manager.ConnectivityMonitor.ConnectivityListener)	listener	1
com.bumptech.glide.manager.DefaultConnectivityMonitorFactory	build(android.content.Context,com.bumptech.glide.manager.ConnectivityMonitor.ConnectivityListener)	context	0
com.bumptech.glide.manager.FirstFrameWaiter	registerSelf(android.app.Activity)	activity	0
com.bumptech.glide.manager.FirstFrameWaiter	removeListener(android.view.View,android.view.ViewTreeObserver.OnDrawListener)	view	0
com.bumptech.glide.manager.SingletonConnectivityReceiver	get(android.content.Context)	context	0
com.bumptech.glide.manager.SingletonConnectivityReceiver	SingletonConnectivityReceiver(android.content.Context)	context	0
com.bumptech.glide.manager.SingletonConnectivityReceiver$FrameworkConnectivityMonitorPostApi24$1	onConnectivityChange(boolean)	newState	0
com.bumptech.glide.manager.SingletonConnectivityReceiver$FrameworkConnectivityMonitorPostApi24	FrameworkConnectivityMonitorPostApi24(com.bumptech.glide.util.GlideSuppliers.GlideSupplier,com.bumptech.glide.manager.ConnectivityMonitor.ConnectivityListener)	listener	1
com.bumptech.glide.manager.SingletonConnectivityReceiver$FrameworkConnectivityMonitorPostApi24	FrameworkConnectivityMonitorPostApi24(com.bumptech.glide.util.GlideSuppliers.GlideSupplier,com.bumptech.glide.manager.ConnectivityMonitor.ConnectivityListener)	connectivityManager	0
com.bumptech.glide.manager.SingletonConnectivityReceiver$FrameworkConnectivityMonitorPreApi24	FrameworkConnectivityMonitorPreApi24(android.content.Context,com.bumptech.glide.util.GlideSuppliers.GlideSupplier,com.bumptech.glide.manager.ConnectivityMonitor.ConnectivityListener)	listener	2
com.bumptech.glide.manager.SingletonConnectivityReceiver$FrameworkConnectivityMonitorPreApi24	FrameworkConnectivityMonitorPreApi24(android.content.Context,com.bumptech.glide.util.GlideSuppliers.GlideSupplier,com.bumptech.glide.manager.ConnectivityMonitor.ConnectivityListener)	context	0
com.bumptech.glide.manager.SingletonConnectivityReceiver$FrameworkConnectivityMonitorPreApi24	FrameworkConnectivityMonitorPreApi24(android.content.Context,com.bumptech.glide.util.GlideSuppliers.GlideSupplier,com.bumptech.glide.manager.ConnectivityMonitor.ConnectivityListener)	connectivityManager	1
com.bumptech.glide.manager.ApplicationLifecycle	addListener(com.bumptech.glide.manager.LifecycleListener)	listener	0
com.bumptech.glide.module.ManifestParser	ManifestParser(android.content.Context)	context	0
com.bumptech.glide.module.ManifestParser	throwInstantiateGlideModuleException(java.lang.Class,java.lang.Exception)	clazz	0
com.bumptech.glide.module.ManifestParser	throwInstantiateGlideModuleException(java.lang.Class,java.lang.Exception)	e	1
com.bumptech.glide.util.pool.GlideTrace	truncateTag(java.lang.String)	tag	0
com.bumptech.glide.util.LruCache	LruCache(long)	size	0
com.bumptech.glide.util.LruCache	setSizeMultiplier(float)	multiplier	0
com.bumptech.glide.util.LruCache	put(T,Y)	item	1
com.bumptech.glide.util.LruCache	trimToSize(long)	size	0
com.bumptech.glide.util.LruCache$Entry	Entry(Y,int)	value	0
com.bumptech.glide.util.LruCache$Entry	Entry(Y,int)	size	1
com.bumptech.glide.util.Executors$2	execute(java.lang.Runnable)	command	0
com.bumptech.glide.util.Executors	shutdownAndAwaitTermination(java.util.concurrent.ExecutorService)	pool	0
com.bumptech.glide.util.ByteBufferUtil	fromFile(java.io.File)	file	0
com.bumptech.glide.util.ByteBufferUtil	toFile(java.nio.ByteBuffer,java.io.File)	file	1
com.bumptech.glide.util.ByteBufferUtil	toStream(java.nio.ByteBuffer,java.io.OutputStream)	os	1
com.bumptech.glide.util.ByteBufferUtil	toStream(java.nio.ByteBuffer,java.io.OutputStream)	byteBuffer	0
com.bumptech.glide.util.ByteBufferUtil	toBytes(java.nio.ByteBuffer)	byteBuffer	0
com.bumptech.glide.util.ByteBufferUtil	toStream(java.nio.ByteBuffer)	buffer	0
com.bumptech.glide.util.ByteBufferUtil	fromStream(java.io.InputStream)	stream	0
com.bumptech.glide.util.ByteBufferUtil	rewind(java.nio.ByteBuffer)	buffer	0
com.bumptech.glide.util.ByteBufferUtil	getSafeArray(java.nio.ByteBuffer)	byteBuffer	0
com.bumptech.glide.util.ByteBufferUtil$SafeArray	SafeArray(byte[],int,int)	offset	1
com.bumptech.glide.util.ByteBufferUtil$SafeArray	SafeArray(byte[],int,int)	data	0
com.bumptech.glide.util.ByteBufferUtil$SafeArray	SafeArray(byte[],int,int)	limit	2
com.bumptech.glide.util.ByteBufferUtil$ByteBufferStream	ByteBufferStream(java.nio.ByteBuffer)	byteBuffer	0
com.bumptech.glide.util.MarkEnforcingInputStream	mark(int)	readLimit	0
com.bumptech.glide.util.MarkEnforcingInputStream	getBytesToRead(long)	targetByteCount	0
com.bumptech.glide.util.MarkEnforcingInputStream	updateAvailableBytesAfterRead(long)	bytesRead	0
com.bumptech.glide.util.LogTime	getElapsedMillis(long)	logTime	0
com.bumptech.glide.util.ExceptionPassthroughInputStream	setInputStream(java.io.InputStream)	toWrap	0
com.bumptech.glide.util.ExceptionCatchingInputStream	setInputStream(java.io.InputStream)	toWrap	0
com.bumptech.glide.util.ViewPreloadSizeProvider	ViewPreloadSizeProvider(android.view.View)	view	0
com.bumptech.glide.util.ViewPreloadSizeProvider	onSizeReady(int,int)	width	0
com.bumptech.glide.util.ViewPreloadSizeProvider	onSizeReady(int,int)	height	1
com.bumptech.glide.util.ViewPreloadSizeProvider	setView(android.view.View)	view	0
com.bumptech.glide.request.target.CustomViewTarget	CustomViewTarget(T)	view	0
com.bumptech.glide.request.target.CustomViewTarget$SizeDeterminer	SizeDeterminer(android.view.View)	view	0
com.bumptech.glide.request.target.CustomViewTarget$SizeDeterminer	getMaxDisplayLength(android.content.Context)	context	0
com.bumptech.glide.request.target.CustomViewTarget$SizeDeterminer	getSize(com.bumptech.glide.request.target.SizeReadyCallback)	cb	0
com.bumptech.glide.request.target.CustomViewTarget$SizeDeterminer	getTargetDimen(int,int,int)	paramSize	1
com.bumptech.glide.request.target.CustomViewTarget$SizeDeterminer	getTargetDimen(int,int,int)	paddingSize	2
com.bumptech.glide.request.target.CustomViewTarget$SizeDeterminer	getTargetDimen(int,int,int)	viewSize	0
com.bumptech.glide.request.target.CustomViewTarget$SizeDeterminer	isDimensionValid(int)	size	0
com.bumptech.glide.request.target.CustomViewTarget$SizeDeterminer$SizeDeterminerLayoutListener	SizeDeterminerLayoutListener(com.bumptech.glide.request.target.CustomViewTarget.SizeDeterminer)	sizeDeterminer	0
com.bumptech.glide.util.Util	bytesToHex(byte[],char[])	hexChars	1
com.bumptech.glide.util.Util	bytesToHex(byte[],char[])	bytes	0
com.bumptech.glide.util.Util	getBitmapByteSize(android.graphics.Bitmap)	bitmap	0
com.bumptech.glide.util.Util	getBitmapByteSize(int,int,android.graphics.Bitmap.Config)	width	0
com.bumptech.glide.util.Util	getBitmapByteSize(int,int,android.graphics.Bitmap.Config)	height	1
com.bumptech.glide.util.Util	getBytesPerPixel(android.graphics.Bitmap.Config)	config	0
com.bumptech.glide.util.Util	isValidDimension(int)	dimen	0
com.bumptech.glide.util.Util	createQueue(int)	size	0
com.bumptech.glide.util.Util	getSnapshot(java.util.Collection)	other	0
com.bumptech.glide.util.Util	bothNullOrEqual(java.lang.Object,java.lang.Object)	a	0
com.bumptech.glide.util.Util	bothNullOrEqual(java.lang.Object,java.lang.Object)	b	1
com.bumptech.glide.util.Util	bothModelsNullEquivalentOrEquals(java.lang.Object,java.lang.Object)	a	0
com.bumptech.glide.util.Util	bothModelsNullEquivalentOrEquals(java.lang.Object,java.lang.Object)	b	1
com.bumptech.glide.util.Util	bothBaseRequestOptionsNullEquivalentOrEquals(com.bumptech.glide.request.BaseRequestOptions,com.bumptech.glide.request.BaseRequestOptions)	a	0
com.bumptech.glide.util.Util	bothBaseRequestOptionsNullEquivalentOrEquals(com.bumptech.glide.request.BaseRequestOptions,com.bumptech.glide.request.BaseRequestOptions)	b	1
com.bumptech.glide.util.Util	hashCode(int,int)	value	0
com.bumptech.glide.util.Util	hashCode(int,int)	accumulator	1
com.bumptech.glide.util.ContentLengthInputStream	obtain(java.io.InputStream,long)	contentLength	1
com.bumptech.glide.util.ContentLengthInputStream	obtain(java.io.InputStream,long)	other	0
com.bumptech.glide.util.ContentLengthInputStream	ContentLengthInputStream(java.io.InputStream,long)	contentLength	1
com.bumptech.glide.util.ContentLengthInputStream	checkReadSoFarOrThrow(int)	read	0
com.bumptech.glide.util.FixedPreloadSizeProvider	FixedPreloadSizeProvider(int,int)	width	0
com.bumptech.glide.util.FixedPreloadSizeProvider	FixedPreloadSizeProvider(int,int)	height	1
com.bumptech.glide.util.Preconditions	checkArgument(boolean,java.lang.String)	expression	0
com.bumptech.glide.util.Preconditions	checkArgument(boolean,java.lang.String)	message	1
com.bumptech.glide.util.Preconditions	checkNotNull(T,java.lang.String)	arg	0
com.bumptech.glide.util.Preconditions	checkNotNull(T,java.lang.String)	message	1
com.bumptech.glide.util.Preconditions	checkNotEmpty(java.lang.String)	string	0
com.bumptech.glide.util.Preconditions	checkNotEmpty(T)	collection	0
com.bumptech.glide.signature.ObjectKey	equals(java.lang.Object)	o	0
com.bumptech.glide.signature.ObjectKey	updateDiskCacheKey(java.security.MessageDigest)	messageDigest	0
com.bumptech.glide.signature.AndroidResourceSignature	obtain(android.content.Context)	context	0
com.bumptech.glide.signature.AndroidResourceSignature	AndroidResourceSignature(int,com.bumptech.glide.load.Key)	nightMode	0
com.bumptech.glide.signature.AndroidResourceSignature	AndroidResourceSignature(int,com.bumptech.glide.load.Key)	applicationVersion	1
com.bumptech.glide.signature.AndroidResourceSignature	equals(java.lang.Object)	o	0
com.bumptech.glide.signature.AndroidResourceSignature	updateDiskCacheKey(java.security.MessageDigest)	messageDigest	0
com.bumptech.glide.signature.MediaStoreSignature	MediaStoreSignature(java.lang.String,long,int)	mimeType	0
com.bumptech.glide.signature.MediaStoreSignature	MediaStoreSignature(java.lang.String,long,int)	orientation	2
com.bumptech.glide.signature.MediaStoreSignature	MediaStoreSignature(java.lang.String,long,int)	dateModified	1
com.bumptech.glide.signature.MediaStoreSignature	equals(java.lang.Object)	o	0
com.bumptech.glide.signature.MediaStoreSignature	updateDiskCacheKey(java.security.MessageDigest)	messageDigest	0
com.bumptech.glide.signature.ApplicationVersionSignature	obtain(android.content.Context)	context	0
com.bumptech.glide.signature.ApplicationVersionSignature	getVersionCode(android.content.pm.PackageInfo)	packageInfo	0
com.bumptech.glide.signature.ApplicationVersionSignature	getPackageInfo(android.content.Context)	context	0
com.bumptech.glide.GenericTransitionOptions	equals(java.lang.Object)	o	0
com.bumptech.glide.load.engine.bitmap_recycle.GroupedLinkedMap	put(K,V)	key	0
com.bumptech.glide.load.engine.bitmap_recycle.GroupedLinkedMap	get(K)	key	0
com.bumptech.glide.load.engine.bitmap_recycle.GroupedLinkedMap	makeHead(com.bumptech.glide.load.engine.bitmap_recycle.GroupedLinkedMap.LinkedEntry)	entry	0
com.bumptech.glide.load.engine.bitmap_recycle.GroupedLinkedMap	makeTail(com.bumptech.glide.load.engine.bitmap_recycle.GroupedLinkedMap.LinkedEntry)	entry	0
com.bumptech.glide.load.engine.bitmap_recycle.GroupedLinkedMap	updateEntry(com.bumptech.glide.load.engine.bitmap_recycle.GroupedLinkedMap.LinkedEntry)	entry	0
com.bumptech.glide.load.engine.bitmap_recycle.GroupedLinkedMap	removeEntry(com.bumptech.glide.load.engine.bitmap_recycle.GroupedLinkedMap.LinkedEntry)	entry	0
com.bumptech.glide.load.engine.bitmap_recycle.GroupedLinkedMap$LinkedEntry	LinkedEntry(K)	key	0
com.bumptech.glide.load.engine.bitmap_recycle.ByteArrayAdapter	getArrayLength(byte[])	array	0
com.bumptech.glide.load.engine.bitmap_recycle.ByteArrayAdapter	newArray(int)	length	0
com.bumptech.glide.load.engine.bitmap_recycle.SizeStrategy	getBitmapString(int)	size	0
com.bumptech.glide.load.engine.bitmap_recycle.SizeStrategy$Key	Key(com.bumptech.glide.load.engine.bitmap_recycle.SizeStrategy.KeyPool)	pool	0
com.bumptech.glide.load.engine.bitmap_recycle.SizeStrategy$Key	init(int)	size	0
com.bumptech.glide.load.engine.bitmap_recycle.SizeStrategy$Key	equals(java.lang.Object)	o	0
com.bumptech.glide.load.engine.bitmap_recycle.LruArrayPool	LruArrayPool(int)	maxSize	0
com.bumptech.glide.load.engine.bitmap_recycle.LruArrayPool	put(T)	array	0
com.bumptech.glide.load.engine.bitmap_recycle.LruArrayPool	isSmallEnoughForReuse(int)	byteSize	0
com.bumptech.glide.load.engine.bitmap_recycle.LruArrayPool	mayFillRequest(int,java.lang.Integer)	requestedSize	0
com.bumptech.glide.load.engine.bitmap_recycle.LruArrayPool	mayFillRequest(int,java.lang.Integer)	actualSize	1
com.bumptech.glide.load.engine.bitmap_recycle.LruArrayPool	trimMemory(int)	level	0
com.bumptech.glide.load.engine.bitmap_recycle.LruArrayPool	evictToSize(int)	size	0
com.bumptech.glide.load.engine.bitmap_recycle.LruArrayPool	decrementArrayOfSize(int,java.lang.Class)	size	0
com.bumptech.glide.load.engine.bitmap_recycle.LruArrayPool	getAdapterFromType(java.lang.Class)	arrayPoolClass	0
com.bumptech.glide.load.engine.bitmap_recycle.LruArrayPool$Key	Key(com.bumptech.glide.load.engine.bitmap_recycle.LruArrayPool.KeyPool)	pool	0
com.bumptech.glide.load.engine.bitmap_recycle.LruArrayPool$Key	init(int,java.lang.Class)	length	0
com.bumptech.glide.load.engine.bitmap_recycle.LruArrayPool$Key	init(int,java.lang.Class)	arrayClass	1
com.bumptech.glide.load.engine.bitmap_recycle.LruArrayPool$Key	equals(java.lang.Object)	o	0
com.bumptech.glide.load.engine.bitmap_recycle.IntegerArrayAdapter	getArrayLength(int[])	array	0
com.bumptech.glide.load.engine.bitmap_recycle.IntegerArrayAdapter	newArray(int)	length	0
com.bumptech.glide.load.engine.bitmap_recycle.SizeConfigStrategy	findBestKey(int,android.graphics.Bitmap.Config)	size	0
com.bumptech.glide.load.engine.bitmap_recycle.SizeConfigStrategy	findBestKey(int,android.graphics.Bitmap.Config)	config	1
com.bumptech.glide.load.engine.bitmap_recycle.SizeConfigStrategy	decrementBitmapOfSize(java.lang.Integer,android.graphics.Bitmap)	size	0
com.bumptech.glide.load.engine.bitmap_recycle.SizeConfigStrategy	decrementBitmapOfSize(java.lang.Integer,android.graphics.Bitmap)	removed	1
com.bumptech.glide.load.engine.bitmap_recycle.SizeConfigStrategy$Key	Key(com.bumptech.glide.load.engine.bitmap_recycle.SizeConfigStrategy.KeyPool)	pool	0
com.bumptech.glide.load.engine.bitmap_recycle.SizeConfigStrategy$Key	init(int,android.graphics.Bitmap.Config)	size	0
com.bumptech.glide.load.engine.bitmap_recycle.SizeConfigStrategy$Key	init(int,android.graphics.Bitmap.Config)	config	1
com.bumptech.glide.load.engine.bitmap_recycle.SizeConfigStrategy$Key	equals(java.lang.Object)	o	0
com.bumptech.glide.load.engine.bitmap_recycle.SizeConfigStrategy	getBitmapString(int,android.graphics.Bitmap.Config)	size	0
com.bumptech.glide.load.engine.bitmap_recycle.SizeConfigStrategy	getBitmapString(int,android.graphics.Bitmap.Config)	config	1
com.bumptech.glide.load.engine.bitmap_recycle.SizeConfigStrategy	getInConfigs(android.graphics.Bitmap.Config)	requested	0
com.bumptech.glide.load.engine.bitmap_recycle.BitmapPoolAdapter	put(android.graphics.Bitmap)	bitmap	0
com.bumptech.glide.load.engine.bitmap_recycle.LruBitmapPool	LruBitmapPool(long,com.bumptech.glide.load.engine.bitmap_recycle.LruPoolStrategy,java.util.Set)	maxSize	0
com.bumptech.glide.load.engine.bitmap_recycle.LruBitmapPool	LruBitmapPool(long,com.bumptech.glide.load.engine.bitmap_recycle.LruPoolStrategy,java.util.Set)	strategy	1
com.bumptech.glide.load.engine.bitmap_recycle.LruBitmapPool	LruBitmapPool(long,com.bumptech.glide.load.engine.bitmap_recycle.LruPoolStrategy,java.util.Set)	allowedConfigs	2
com.bumptech.glide.load.engine.bitmap_recycle.LruBitmapPool	put(android.graphics.Bitmap)	bitmap	0
com.bumptech.glide.load.engine.bitmap_recycle.LruBitmapPool	assertNotHardwareConfig(android.graphics.Bitmap.Config)	config	0
com.bumptech.glide.load.engine.bitmap_recycle.LruBitmapPool	normalize(android.graphics.Bitmap)	bitmap	0
com.bumptech.glide.load.engine.bitmap_recycle.LruBitmapPool	maybeSetPreMultiplied(android.graphics.Bitmap)	bitmap	0
com.bumptech.glide.load.engine.bitmap_recycle.LruBitmapPool	trimMemory(int)	level	0
com.bumptech.glide.load.engine.bitmap_recycle.LruBitmapPool	trimToSize(long)	size	0
com.bumptech.glide.load.engine.bitmap_recycle.LruBitmapPool$ThrowingBitmapTracker	add(android.graphics.Bitmap)	bitmap	0
com.bumptech.glide.load.engine.bitmap_recycle.AttributeStrategy	getBitmapString(int,int,android.graphics.Bitmap.Config)	width	0
com.bumptech.glide.load.engine.bitmap_recycle.AttributeStrategy	getBitmapString(int,int,android.graphics.Bitmap.Config)	height	1
com.bumptech.glide.load.engine.bitmap_recycle.AttributeStrategy	getBitmapString(int,int,android.graphics.Bitmap.Config)	config	2
com.bumptech.glide.load.engine.bitmap_recycle.AttributeStrategy$Key	Key(com.bumptech.glide.load.engine.bitmap_recycle.AttributeStrategy.KeyPool)	pool	0
com.bumptech.glide.load.engine.bitmap_recycle.AttributeStrategy$Key	init(int,int,android.graphics.Bitmap.Config)	config	2
com.bumptech.glide.load.engine.bitmap_recycle.AttributeStrategy$Key	init(int,int,android.graphics.Bitmap.Config)	width	0
com.bumptech.glide.load.engine.bitmap_recycle.AttributeStrategy$Key	init(int,int,android.graphics.Bitmap.Config)	height	1
com.bumptech.glide.load.engine.bitmap_recycle.AttributeStrategy$Key	equals(java.lang.Object)	o	0
com.bumptech.glide.load.engine.ResourceCacheGenerator	ResourceCacheGenerator(com.bumptech.glide.load.engine.DecodeHelper,com.bumptech.glide.load.engine.DataFetcherGenerator.FetcherReadyCallback)	helper	0
com.bumptech.glide.load.engine.ResourceCacheGenerator	ResourceCacheGenerator(com.bumptech.glide.load.engine.DecodeHelper,com.bumptech.glide.load.engine.DataFetcherGenerator.FetcherReadyCallback)	cb	1
com.bumptech.glide.load.engine.ResourceCacheKey	ResourceCacheKey(com.bumptech.glide.load.engine.bitmap_recycle.ArrayPool,com.bumptech.glide.load.Key,com.bumptech.glide.load.Key,int,int,com.bumptech.glide.load.Transformation,java.lang.Class,com.bumptech.glide.load.Options)	decodedResourceClass	6
com.bumptech.glide.load.engine.ResourceCacheKey	ResourceCacheKey(com.bumptech.glide.load.engine.bitmap_recycle.ArrayPool,com.bumptech.glide.load.Key,com.bumptech.glide.load.Key,int,int,com.bumptech.glide.load.Transformation,java.lang.Class,com.bumptech.glide.load.Options)	appliedTransformation	5
com.bumptech.glide.load.engine.ResourceCacheKey	ResourceCacheKey(com.bumptech.glide.load.engine.bitmap_recycle.ArrayPool,com.bumptech.glide.load.Key,com.bumptech.glide.load.Key,int,int,com.bumptech.glide.load.Transformation,java.lang.Class,com.bumptech.glide.load.Options)	sourceKey	1
com.bumptech.glide.load.engine.ResourceCacheKey	ResourceCacheKey(com.bumptech.glide.load.engine.bitmap_recycle.ArrayPool,com.bumptech.glide.load.Key,com.bumptech.glide.load.Key,int,int,com.bumptech.glide.load.Transformation,java.lang.Class,com.bumptech.glide.load.Options)	signature	2
com.bumptech.glide.load.engine.ResourceCacheKey	ResourceCacheKey(com.bumptech.glide.load.engine.bitmap_recycle.ArrayPool,com.bumptech.glide.load.Key,com.bumptech.glide.load.Key,int,int,com.bumptech.glide.load.Transformation,java.lang.Class,com.bumptech.glide.load.Options)	height	4
com.bumptech.glide.load.engine.ResourceCacheKey	ResourceCacheKey(com.bumptech.glide.load.engine.bitmap_recycle.ArrayPool,com.bumptech.glide.load.Key,com.bumptech.glide.load.Key,int,int,com.bumptech.glide.load.Transformation,java.lang.Class,com.bumptech.glide.load.Options)	arrayPool	0
com.bumptech.glide.load.engine.ResourceCacheKey	ResourceCacheKey(com.bumptech.glide.load.engine.bitmap_recycle.ArrayPool,com.bumptech.glide.load.Key,com.bumptech.glide.load.Key,int,int,com.bumptech.glide.load.Transformation,java.lang.Class,com.bumptech.glide.load.Options)	width	3
com.bumptech.glide.load.engine.ResourceCacheKey	ResourceCacheKey(com.bumptech.glide.load.engine.bitmap_recycle.ArrayPool,com.bumptech.glide.load.Key,com.bumptech.glide.load.Key,int,int,com.bumptech.glide.load.Transformation,java.lang.Class,com.bumptech.glide.load.Options)	options	7
com.bumptech.glide.load.engine.ResourceCacheKey	equals(java.lang.Object)	o	0
com.bumptech.glide.load.engine.ResourceCacheKey	updateDiskCacheKey(java.security.MessageDigest)	messageDigest	0
com.bumptech.glide.load.engine.SourceGenerator	SourceGenerator(com.bumptech.glide.load.engine.DecodeHelper,com.bumptech.glide.load.engine.DataFetcherGenerator.FetcherReadyCallback)	cb	1
com.bumptech.glide.load.engine.SourceGenerator	SourceGenerator(com.bumptech.glide.load.engine.DecodeHelper,com.bumptech.glide.load.engine.DataFetcherGenerator.FetcherReadyCallback)	helper	0
com.bumptech.glide.load.engine.SourceGenerator	isCurrentRequest(com.bumptech.glide.load.model.ModelLoader.LoadData)	requestLoadData	0
com.bumptech.glide.load.engine.SourceGenerator	onDataReadyInternal(com.bumptech.glide.load.model.ModelLoader.LoadData,java.lang.Object)	data	1
com.bumptech.glide.load.engine.DataCacheGenerator	DataCacheGenerator(java.util.List,com.bumptech.glide.load.engine.DecodeHelper,com.bumptech.glide.load.engine.DataFetcherGenerator.FetcherReadyCallback)	cacheKeys	0
com.bumptech.glide.load.engine.DataCacheGenerator	DataCacheGenerator(java.util.List,com.bumptech.glide.load.engine.DecodeHelper,com.bumptech.glide.load.engine.DataFetcherGenerator.FetcherReadyCallback)	helper	1
com.bumptech.glide.load.engine.DataCacheGenerator	DataCacheGenerator(java.util.List,com.bumptech.glide.load.engine.DecodeHelper,com.bumptech.glide.load.engine.DataFetcherGenerator.FetcherReadyCallback)	cb	2
com.bumptech.glide.load.engine.DataCacheKey	DataCacheKey(com.bumptech.glide.load.Key,com.bumptech.glide.load.Key)	signature	1
com.bumptech.glide.load.engine.DataCacheKey	DataCacheKey(com.bumptech.glide.load.Key,com.bumptech.glide.load.Key)	sourceKey	0
com.bumptech.glide.load.engine.DataCacheKey	equals(java.lang.Object)	o	0
com.bumptech.glide.load.engine.cache.LruResourceCache	setResourceRemovedListener(com.bumptech.glide.load.engine.cache.MemoryCache.ResourceRemovedListener)	listener	0
com.bumptech.glide.load.engine.cache.LruResourceCache	onItemEvicted(com.bumptech.glide.load.Key,com.bumptech.glide.load.engine.Resource)	item	1
com.bumptech.glide.load.engine.cache.LruResourceCache	getSize(com.bumptech.glide.load.engine.Resource)	item	0
com.bumptech.glide.load.engine.cache.LruResourceCache	trimMemory(int)	level	0
com.bumptech.glide.load.engine.cache.SafeKeyGenerator	calculateHexStringDigest(com.bumptech.glide.load.Key)	key	0
com.bumptech.glide.load.engine.cache.SafeKeyGenerator$PoolableDigestContainer	PoolableDigestContainer(java.security.MessageDigest)	messageDigest	0
com.bumptech.glide.load.engine.cache.DiskLruCacheFactory	DiskLruCacheFactory(com.bumptech.glide.load.engine.cache.DiskLruCacheFactory.CacheDirectoryGetter,long)	cacheDirectoryGetter	0
com.bumptech.glide.load.engine.cache.DiskLruCacheFactory	DiskLruCacheFactory(com.bumptech.glide.load.engine.cache.DiskLruCacheFactory.CacheDirectoryGetter,long)	diskCacheSize	1
com.bumptech.glide.load.engine.cache.DiskLruCacheWrapper	get(java.io.File,long)	directory	0
com.bumptech.glide.load.engine.cache.DiskLruCacheWrapper	get(java.io.File,long)	maxSize	1
com.bumptech.glide.load.engine.cache.DiskLruCacheWrapper	create(java.io.File,long)	maxSize	1
com.bumptech.glide.load.engine.cache.DiskLruCacheWrapper	create(java.io.File,long)	directory	0
com.bumptech.glide.load.engine.cache.DiskLruCacheWrapper	DiskLruCacheWrapper(java.io.File,long)	maxSize	1
com.bumptech.glide.load.engine.cache.DiskLruCacheWrapper	DiskLruCacheWrapper(java.io.File,long)	directory	0
com.bumptech.glide.load.engine.cache.DiskLruCacheWrapper	put(com.bumptech.glide.load.Key,com.bumptech.glide.load.engine.cache.DiskCache.Writer)	writer	1
com.bumptech.glide.load.engine.cache.DiskCacheWriteLocker	release(java.lang.String)	safeKey	0
com.bumptech.glide.load.engine.cache.MemoryCacheAdapter	put(com.bumptech.glide.load.Key,com.bumptech.glide.load.engine.Resource)	resource	1
com.bumptech.glide.load.engine.cache.MemoryCacheAdapter	setResourceRemovedListener(com.bumptech.glide.load.engine.cache.MemoryCache.ResourceRemovedListener)	listener	0
com.bumptech.glide.load.engine.DataCacheWriter	DataCacheWriter(com.bumptech.glide.load.Encoder,DataType,com.bumptech.glide.load.Options)	encoder	0
com.bumptech.glide.load.engine.DataCacheWriter	DataCacheWriter(com.bumptech.glide.load.Encoder,DataType,com.bumptech.glide.load.Options)	data	1
com.bumptech.glide.load.engine.DataCacheWriter	DataCacheWriter(com.bumptech.glide.load.Encoder,DataType,com.bumptech.glide.load.Options)	options	2
com.bumptech.glide.load.ImageHeaderParserUtils	getType(java.util.List,java.io.InputStream,com.bumptech.glide.load.engine.bitmap_recycle.ArrayPool)	byteArrayPool	2
com.bumptech.glide.load.ImageHeaderParserUtils	getType(java.util.List,java.io.InputStream,com.bumptech.glide.load.engine.bitmap_recycle.ArrayPool)	is	1
com.bumptech.glide.load.ImageHeaderParserUtils$1	getTypeAndRewind(com.bumptech.glide.load.ImageHeaderParser)	parser	0
com.bumptech.glide.load.ImageHeaderParserUtils	getType(java.util.List,java.nio.ByteBuffer)	buffer	1
com.bumptech.glide.load.ImageHeaderParserUtils$2	getTypeAndRewind(com.bumptech.glide.load.ImageHeaderParser)	parser	0
com.bumptech.glide.load.ImageHeaderParserUtils$3	getTypeAndRewind(com.bumptech.glide.load.ImageHeaderParser)	parser	0
com.bumptech.glide.load.ImageHeaderParserUtils	getTypeInternal(java.util.List,com.bumptech.glide.load.ImageHeaderParserUtils.TypeReader)	parsers	0
com.bumptech.glide.load.ImageHeaderParserUtils	getTypeInternal(java.util.List,com.bumptech.glide.load.ImageHeaderParserUtils.TypeReader)	reader	1
com.bumptech.glide.load.ImageHeaderParserUtils	getOrientation(java.util.List,java.nio.ByteBuffer,com.bumptech.glide.load.engine.bitmap_recycle.ArrayPool)	buffer	1
com.bumptech.glide.load.ImageHeaderParserUtils$4	getOrientationAndRewind(com.bumptech.glide.load.ImageHeaderParser)	parser	0
com.bumptech.glide.load.ImageHeaderParserUtils	getOrientation(java.util.List,java.io.InputStream,com.bumptech.glide.load.engine.bitmap_recycle.ArrayPool)	is	1
com.bumptech.glide.load.ImageHeaderParserUtils	getOrientation(java.util.List,java.io.InputStream,com.bumptech.glide.load.engine.bitmap_recycle.ArrayPool)	byteArrayPool	2
com.bumptech.glide.load.ImageHeaderParserUtils$5	getOrientationAndRewind(com.bumptech.glide.load.ImageHeaderParser)	parser	0
com.bumptech.glide.load.ImageHeaderParserUtils$6	getOrientationAndRewind(com.bumptech.glide.load.ImageHeaderParser)	parser	0
com.bumptech.glide.load.ImageHeaderParserUtils	getOrientationInternal(java.util.List,com.bumptech.glide.load.ImageHeaderParserUtils.OrientationReader)	reader	1
com.bumptech.glide.load.ImageHeaderParserUtils	getOrientationInternal(java.util.List,com.bumptech.glide.load.ImageHeaderParserUtils.OrientationReader)	parsers	0
com.bumptech.glide.load.ImageHeaderParserUtils	hasJpegMpf(java.util.List,java.nio.ByteBuffer,com.bumptech.glide.load.engine.bitmap_recycle.ArrayPool)	buffer	1
com.bumptech.glide.load.ImageHeaderParserUtils$7	getHasJpegMpfAndRewind(com.bumptech.glide.load.ImageHeaderParser)	parser	0
com.bumptech.glide.load.ImageHeaderParserUtils	hasJpegMpf(java.util.List,java.io.InputStream,com.bumptech.glide.load.engine.bitmap_recycle.ArrayPool)	is	1
com.bumptech.glide.load.ImageHeaderParserUtils	hasJpegMpf(java.util.List,java.io.InputStream,com.bumptech.glide.load.engine.bitmap_recycle.ArrayPool)	byteArrayPool	2
com.bumptech.glide.load.ImageHeaderParserUtils$8	getHasJpegMpfAndRewind(com.bumptech.glide.load.ImageHeaderParser)	parser	0
com.bumptech.glide.load.ImageHeaderParserUtils$9	getHasJpegMpfAndRewind(com.bumptech.glide.load.ImageHeaderParser)	parser	0
com.bumptech.glide.load.ImageHeaderParserUtils	hasJpegMpfInternal(java.util.List,com.bumptech.glide.load.ImageHeaderParserUtils.JpegMpfReader)	reader	1
com.bumptech.glide.load.ImageHeaderParserUtils	hasJpegMpfInternal(java.util.List,com.bumptech.glide.load.ImageHeaderParserUtils.JpegMpfReader)	parsers	0
com.bumptech.glide.load.data.ParcelFileDescriptorRewinder	ParcelFileDescriptorRewinder(android.os.ParcelFileDescriptor)	parcelFileDescriptor	0
com.bumptech.glide.load.data.ParcelFileDescriptorRewinder$Factory	build(android.os.ParcelFileDescriptor)	parcelFileDescriptor	0
com.bumptech.glide.load.data.ParcelFileDescriptorRewinder$InternalRewinder	InternalRewinder(android.os.ParcelFileDescriptor)	parcelFileDescriptor	0
com.bumptech.glide.load.data.FileDescriptorAssetPathFetcher	loadResource(android.content.res.AssetManager,java.lang.String)	assetManager	0
com.bumptech.glide.load.data.FileDescriptorAssetPathFetcher	close(android.content.res.AssetFileDescriptor)	data	0
com.bumptech.glide.load.data.AssetPathFetcher	AssetPathFetcher(android.content.res.AssetManager,java.lang.String)	assetManager	0
com.bumptech.glide.load.data.AssetPathFetcher	AssetPathFetcher(android.content.res.AssetManager,java.lang.String)	assetPath	1
com.bumptech.glide.load.data.AssetPathFetcher	loadData(com.bumptech.glide.Priority,com.bumptech.glide.load.data.DataFetcher.DataCallback)	callback	1
com.bumptech.glide.load.data.AssetFileDescriptorLocalUriFetcher	loadResource(android.net.Uri,android.content.ContentResolver)	uri	0
com.bumptech.glide.load.data.AssetFileDescriptorLocalUriFetcher	loadResource(android.net.Uri,android.content.ContentResolver)	contentResolver	1
com.bumptech.glide.load.data.AssetFileDescriptorLocalUriFetcher	close(android.content.res.AssetFileDescriptor)	data	0
com.bumptech.glide.load.data.LocalUriFetcher	LocalUriFetcher(android.content.ContentResolver,android.net.Uri)	contentResolver	0
com.bumptech.glide.load.data.LocalUriFetcher	LocalUriFetcher(android.content.ContentResolver,android.net.Uri)	uri	1
com.bumptech.glide.load.data.LocalUriFetcher	loadData(com.bumptech.glide.Priority,com.bumptech.glide.load.data.DataFetcher.DataCallback)	callback	1
com.bumptech.glide.load.data.StreamAssetPathFetcher	loadResource(android.content.res.AssetManager,java.lang.String)	assetManager	0
com.bumptech.glide.load.data.StreamAssetPathFetcher	close(java.io.InputStream)	data	0
com.bumptech.glide.load.data.FileDescriptorLocalUriFetcher	loadResource(android.net.Uri,android.content.ContentResolver)	contentResolver	1
com.bumptech.glide.load.data.FileDescriptorLocalUriFetcher	loadResource(android.net.Uri,android.content.ContentResolver)	uri	0
com.bumptech.glide.load.data.FileDescriptorLocalUriFetcher	close(android.os.ParcelFileDescriptor)	data	0
com.bumptech.glide.load.data.BufferedOutputStream	BufferedOutputStream(java.io.OutputStream,com.bumptech.glide.load.engine.bitmap_recycle.ArrayPool,int)	arrayPool	1
com.bumptech.glide.load.data.BufferedOutputStream	BufferedOutputStream(java.io.OutputStream,com.bumptech.glide.load.engine.bitmap_recycle.ArrayPool,int)	out	0
com.bumptech.glide.load.data.BufferedOutputStream	write(int)	b	0
com.bumptech.glide.load.data.BufferedOutputStream	write(byte[],int,int)	length	2
com.bumptech.glide.load.data.BufferedOutputStream	write(byte[],int,int)	initialOffset	1
com.bumptech.glide.load.data.HttpUrlFetcher	HttpUrlFetcher(com.bumptech.glide.load.model.GlideUrl,int,com.bumptech.glide.load.data.HttpUrlFetcher.HttpUrlConnectionFactory)	timeout	1
com.bumptech.glide.load.data.HttpUrlFetcher	HttpUrlFetcher(com.bumptech.glide.load.model.GlideUrl,int,com.bumptech.glide.load.data.HttpUrlFetcher.HttpUrlConnectionFactory)	connectionFactory	2
com.bumptech.glide.load.data.HttpUrlFetcher	HttpUrlFetcher(com.bumptech.glide.load.model.GlideUrl,int,com.bumptech.glide.load.data.HttpUrlFetcher.HttpUrlConnectionFactory)	glideUrl	0
com.bumptech.glide.load.data.HttpUrlFetcher	loadData(com.bumptech.glide.Priority,com.bumptech.glide.load.data.DataFetcher.DataCallback)	callback	1
com.bumptech.glide.load.data.HttpUrlFetcher	loadDataWithRedirects(java.net.URL,int,java.net.URL,java.util.Map)	url	0
com.bumptech.glide.load.data.HttpUrlFetcher	loadDataWithRedirects(java.net.URL,int,java.net.URL,java.util.Map)	redirects	1
com.bumptech.glide.load.data.HttpUrlFetcher	loadDataWithRedirects(java.net.URL,int,java.net.URL,java.util.Map)	lastUrl	2
com.bumptech.glide.load.data.HttpUrlFetcher	getHttpStatusCodeOrInvalid(java.net.HttpURLConnection)	urlConnection	0
com.bumptech.glide.load.data.HttpUrlFetcher	buildAndConfigureConnection(java.net.URL,java.util.Map)	headers	1
com.bumptech.glide.load.data.HttpUrlFetcher	isHttpOk(int)	statusCode	0
com.bumptech.glide.load.data.HttpUrlFetcher	isHttpRedirect(int)	statusCode	0
com.bumptech.glide.load.data.HttpUrlFetcher	getStreamForSuccessfulRequest(java.net.HttpURLConnection)	urlConnection	0
com.bumptech.glide.load.data.HttpUrlFetcher$DefaultHttpUrlConnectionFactory	build(java.net.URL)	url	0
com.bumptech.glide.load.model.GlideUrl	updateDiskCacheKey(java.security.MessageDigest)	messageDigest	0
com.bumptech.glide.load.model.GlideUrl	equals(java.lang.Object)	o	0
com.bumptech.glide.load.HttpException	HttpException(java.lang.String,int,java.lang.Throwable)	statusCode	1
com.bumptech.glide.load.data.InputStreamRewinder	InputStreamRewinder(java.io.InputStream,com.bumptech.glide.load.engine.bitmap_recycle.ArrayPool)	is	0
com.bumptech.glide.load.data.InputStreamRewinder	InputStreamRewinder(java.io.InputStream,com.bumptech.glide.load.engine.bitmap_recycle.ArrayPool)	byteArrayPool	1
com.bumptech.glide.load.data.InputStreamRewinder$Factory	Factory(com.bumptech.glide.load.engine.bitmap_recycle.ArrayPool)	byteArrayPool	0
com.bumptech.glide.load.data.InputStreamRewinder$Factory	build(java.io.InputStream)	data	0
com.bumptech.glide.load.resource.bitmap.RecyclableBufferedInputStream	RecyclableBufferedInputStream(java.io.InputStream,com.bumptech.glide.load.engine.bitmap_recycle.ArrayPool,int)	byteArrayPool	1
com.bumptech.glide.load.resource.bitmap.RecyclableBufferedInputStream	fillbuf(java.io.InputStream,byte[])	localIn	0
com.bumptech.glide.load.resource.bitmap.RecyclableBufferedInputStream	fillbuf(java.io.InputStream,byte[])	localBuf	1
com.bumptech.glide.load.resource.bitmap.RecyclableBufferedInputStream	read(byte[],int,int)	offset	1
com.bumptech.glide.load.resource.bitmap.RecyclableBufferedInputStream	read(byte[],int,int)	byteCount	2
com.bumptech.glide.load.resource.bitmap.RecyclableBufferedInputStream	skip(long)	byteCount	0
com.bumptech.glide.load.data.ExifOrientationStream	ExifOrientationStream(java.io.InputStream,int)	orientation	1
com.bumptech.glide.load.data.ExifOrientationStream	read(byte[],int,int)	buffer	0
com.bumptech.glide.load.data.ExifOrientationStream	read(byte[],int,int)	byteOffset	1
com.bumptech.glide.load.data.mediastore.ThumbFetcher	build(android.content.Context,android.net.Uri,com.bumptech.glide.load.data.mediastore.ThumbnailQuery)	context	0
com.bumptech.glide.load.data.mediastore.ThumbFetcher	build(android.content.Context,android.net.Uri,com.bumptech.glide.load.data.mediastore.ThumbnailQuery)	query	2
com.bumptech.glide.load.data.mediastore.ThumbFetcher	build(android.content.Context,android.net.Uri,com.bumptech.glide.load.data.mediastore.ThumbnailQuery)	uri	1
com.bumptech.glide.load.data.mediastore.ThumbFetcher	ThumbFetcher(android.net.Uri,com.bumptech.glide.load.data.mediastore.ThumbnailStreamOpener)	opener	1
com.bumptech.glide.load.data.mediastore.ThumbFetcher	ThumbFetcher(android.net.Uri,com.bumptech.glide.load.data.mediastore.ThumbnailStreamOpener)	mediaStoreImageUri	0
com.bumptech.glide.load.data.mediastore.ThumbFetcher	loadData(com.bumptech.glide.Priority,com.bumptech.glide.load.data.DataFetcher.DataCallback)	callback	1
com.bumptech.glide.load.data.mediastore.ThumbFetcher$VideoThumbnailQuery	VideoThumbnailQuery(android.content.ContentResolver)	contentResolver	0
com.bumptech.glide.load.data.mediastore.ThumbFetcher$VideoThumbnailQuery	query(android.net.Uri)	uri	0
com.bumptech.glide.load.data.mediastore.ThumbFetcher$ImageThumbnailQuery	ImageThumbnailQuery(android.content.ContentResolver)	contentResolver	0
com.bumptech.glide.load.data.mediastore.ThumbFetcher$ImageThumbnailQuery	query(android.net.Uri)	uri	0
com.bumptech.glide.load.data.mediastore.ThumbnailStreamOpener	ThumbnailStreamOpener(java.util.List,com.bumptech.glide.load.data.mediastore.FileService,com.bumptech.glide.load.data.mediastore.ThumbnailQuery,com.bumptech.glide.load.engine.bitmap_recycle.ArrayPool,android.content.ContentResolver)	byteArrayPool	3
com.bumptech.glide.load.data.mediastore.ThumbnailStreamOpener	ThumbnailStreamOpener(java.util.List,com.bumptech.glide.load.data.mediastore.FileService,com.bumptech.glide.load.data.mediastore.ThumbnailQuery,com.bumptech.glide.load.engine.bitmap_recycle.ArrayPool,android.content.ContentResolver)	contentResolver	4
com.bumptech.glide.load.data.mediastore.ThumbnailStreamOpener	ThumbnailStreamOpener(java.util.List,com.bumptech.glide.load.data.mediastore.FileService,com.bumptech.glide.load.data.mediastore.ThumbnailQuery,com.bumptech.glide.load.engine.bitmap_recycle.ArrayPool,android.content.ContentResolver)	service	1
com.bumptech.glide.load.data.mediastore.ThumbnailStreamOpener	ThumbnailStreamOpener(java.util.List,com.bumptech.glide.load.data.mediastore.FileService,com.bumptech.glide.load.data.mediastore.ThumbnailQuery,com.bumptech.glide.load.engine.bitmap_recycle.ArrayPool,android.content.ContentResolver)	parsers	0
com.bumptech.glide.load.data.mediastore.ThumbnailStreamOpener	ThumbnailStreamOpener(java.util.List,com.bumptech.glide.load.data.mediastore.FileService,com.bumptech.glide.load.data.mediastore.ThumbnailQuery,com.bumptech.glide.load.engine.bitmap_recycle.ArrayPool,android.content.ContentResolver)	query	2
com.bumptech.glide.load.data.mediastore.ThumbnailStreamOpener	open(android.net.Uri)	uri	0
com.bumptech.glide.load.data.mediastore.FileService	exists(java.io.File)	file	0
com.bumptech.glide.load.data.mediastore.FileService	length(java.io.File)	file	0
com.bumptech.glide.load.data.mediastore.FileService	get(java.lang.String)	path	0
com.bumptech.glide.load.data.mediastore.MediaStoreUtil	isMediaStoreUri(android.net.Uri)	uri	0
com.bumptech.glide.load.data.mediastore.MediaStoreUtil	isAndroidPickerUri(android.net.Uri)	uri	0
com.bumptech.glide.load.data.mediastore.MediaStoreUtil	isVideoUri(android.net.Uri)	uri	0
com.bumptech.glide.load.data.mediastore.MediaStoreUtil	isThumbnailSize(int,int)	height	1
com.bumptech.glide.load.data.mediastore.MediaStoreUtil	isThumbnailSize(int,int)	width	0
com.bumptech.glide.load.data.StreamLocalUriFetcher	loadResource(android.net.Uri,android.content.ContentResolver)	uri	0
com.bumptech.glide.load.data.StreamLocalUriFetcher	loadResourceFromUri(android.net.Uri,android.content.ContentResolver)	contentResolver	1
com.bumptech.glide.load.data.StreamLocalUriFetcher	loadResourceFromUri(android.net.Uri,android.content.ContentResolver)	uri	0
com.bumptech.glide.load.data.StreamLocalUriFetcher	close(java.io.InputStream)	data	0
com.bumptech.glide.load.MultiTransformation	MultiTransformation(com.bumptech.glide.load.Transformation[])	transformations	0
com.bumptech.glide.load.MultiTransformation	MultiTransformation(java.util.Collection)	transformationList	0
com.bumptech.glide.load.MultiTransformation	transform(android.content.Context,com.bumptech.glide.load.engine.Resource,int,int)	resource	1
com.bumptech.glide.load.MultiTransformation	equals(java.lang.Object)	o	0
com.bumptech.glide.load.resource.DefaultOnHeaderDecodedListener	DefaultOnHeaderDecodedListener(int,int,com.bumptech.glide.load.Options)	requestedWidth	0
com.bumptech.glide.load.resource.DefaultOnHeaderDecodedListener	DefaultOnHeaderDecodedListener(int,int,com.bumptech.glide.load.Options)	options	2
com.bumptech.glide.load.resource.DefaultOnHeaderDecodedListener	DefaultOnHeaderDecodedListener(int,int,com.bumptech.glide.load.Options)	requestedHeight	1
com.bumptech.glide.load.resource.DefaultOnHeaderDecodedListener	onHeaderDecoded(android.graphics.ImageDecoder,android.graphics.ImageDecoder.ImageInfo,android.graphics.ImageDecoder.Source)	info	1
com.bumptech.glide.load.resource.DefaultOnHeaderDecodedListener	onHeaderDecoded(android.graphics.ImageDecoder,android.graphics.ImageDecoder.ImageInfo,android.graphics.ImageDecoder.Source)	decoder	0
com.bumptech.glide.load.resource.bitmap.HardwareConfigState	isHardwareConfigAllowed(int,int,boolean,boolean)	targetHeight	1
com.bumptech.glide.load.resource.bitmap.HardwareConfigState	isHardwareConfigAllowed(int,int,boolean,boolean)	isHardwareConfigAllowed	2
com.bumptech.glide.load.resource.bitmap.HardwareConfigState	isHardwareConfigAllowed(int,int,boolean,boolean)	isExifOrientationRequired	3
com.bumptech.glide.load.resource.bitmap.HardwareConfigState	isHardwareConfigAllowed(int,int,boolean,boolean)	targetWidth	0
com.bumptech.glide.load.resource.bitmap.HardwareConfigState	setHardwareConfigIfAllowed(int,int,android.graphics.BitmapFactory.Options,boolean,boolean)	optionsWithScaling	2
com.bumptech.glide.load.resource.bitmap.Downsampler	Downsampler(java.util.List,android.util.DisplayMetrics,com.bumptech.glide.load.engine.bitmap_recycle.BitmapPool,com.bumptech.glide.load.engine.bitmap_recycle.ArrayPool)	parsers	0
com.bumptech.glide.load.resource.bitmap.Downsampler	decode(com.bumptech.glide.load.resource.bitmap.ImageReader,int,int,com.bumptech.glide.load.Options,com.bumptech.glide.load.resource.bitmap.Downsampler.DecodeCallbacks)	options	3
com.bumptech.glide.load.resource.bitmap.Downsampler	decodeFromWrappedStreams(com.bumptech.glide.load.resource.bitmap.ImageReader,android.graphics.BitmapFactory.Options,com.bumptech.glide.load.resource.bitmap.DownsampleStrategy,com.bumptech.glide.load.DecodeFormat,com.bumptech.glide.load.PreferredColorSpace,boolean,int,int,boolean,com.bumptech.glide.load.resource.bitmap.Downsampler.DecodeCallbacks)	options	1
com.bumptech.glide.load.resource.bitmap.Downsampler	decodeFromWrappedStreams(com.bumptech.glide.load.resource.bitmap.ImageReader,android.graphics.BitmapFactory.Options,com.bumptech.glide.load.resource.bitmap.DownsampleStrategy,com.bumptech.glide.load.DecodeFormat,com.bumptech.glide.load.PreferredColorSpace,boolean,int,int,boolean,com.bumptech.glide.load.resource.bitmap.Downsampler.DecodeCallbacks)	fixBitmapToRequestedDimensions	8
com.bumptech.glide.load.resource.bitmap.Downsampler	decodeFromWrappedStreams(com.bumptech.glide.load.resource.bitmap.ImageReader,android.graphics.BitmapFactory.Options,com.bumptech.glide.load.resource.bitmap.DownsampleStrategy,com.bumptech.glide.load.DecodeFormat,com.bumptech.glide.load.PreferredColorSpace,boolean,int,int,boolean,com.bumptech.glide.load.resource.bitmap.Downsampler.DecodeCallbacks)	isHardwareConfigAllowed	5
com.bumptech.glide.load.resource.bitmap.Downsampler	decodeFromWrappedStreams(com.bumptech.glide.load.resource.bitmap.ImageReader,android.graphics.BitmapFactory.Options,com.bumptech.glide.load.resource.bitmap.DownsampleStrategy,com.bumptech.glide.load.DecodeFormat,com.bumptech.glide.load.PreferredColorSpace,boolean,int,int,boolean,com.bumptech.glide.load.resource.bitmap.Downsampler.DecodeCallbacks)	preferredColorSpace	4
com.bumptech.glide.load.resource.bitmap.Downsampler	decodeFromWrappedStreams(com.bumptech.glide.load.resource.bitmap.ImageReader,android.graphics.BitmapFactory.Options,com.bumptech.glide.load.resource.bitmap.DownsampleStrategy,com.bumptech.glide.load.DecodeFormat,com.bumptech.glide.load.PreferredColorSpace,boolean,int,int,boolean,com.bumptech.glide.load.resource.bitmap.Downsampler.DecodeCallbacks)	callbacks	9
com.bumptech.glide.load.resource.bitmap.Downsampler	decodeFromWrappedStreams(com.bumptech.glide.load.resource.bitmap.ImageReader,android.graphics.BitmapFactory.Options,com.bumptech.glide.load.resource.bitmap.DownsampleStrategy,com.bumptech.glide.load.DecodeFormat,com.bumptech.glide.load.PreferredColorSpace,boolean,int,int,boolean,com.bumptech.glide.load.resource.bitmap.Downsampler.DecodeCallbacks)	imageReader	0
com.bumptech.glide.load.resource.bitmap.Downsampler	decodeFromWrappedStreams(com.bumptech.glide.load.resource.bitmap.ImageReader,android.graphics.BitmapFactory.Options,com.bumptech.glide.load.resource.bitmap.DownsampleStrategy,com.bumptech.glide.load.DecodeFormat,com.bumptech.glide.load.PreferredColorSpace,boolean,int,int,boolean,com.bumptech.glide.load.resource.bitmap.Downsampler.DecodeCallbacks)	requestedWidth	6
com.bumptech.glide.load.resource.bitmap.Downsampler	decodeFromWrappedStreams(com.bumptech.glide.load.resource.bitmap.ImageReader,android.graphics.BitmapFactory.Options,com.bumptech.glide.load.resource.bitmap.DownsampleStrategy,com.bumptech.glide.load.DecodeFormat,com.bumptech.glide.load.PreferredColorSpace,boolean,int,int,boolean,com.bumptech.glide.load.resource.bitmap.Downsampler.DecodeCallbacks)	requestedHeight	7
com.bumptech.glide.load.resource.bitmap.Downsampler	calculateScaling(com.bumptech.glide.load.ImageHeaderParser.ImageType,com.bumptech.glide.load.resource.bitmap.ImageReader,com.bumptech.glide.load.resource.bitmap.Downsampler.DecodeCallbacks,com.bumptech.glide.load.engine.bitmap_recycle.BitmapPool,com.bumptech.glide.load.resource.bitmap.DownsampleStrategy,int,int,int,int,int,android.graphics.BitmapFactory.Options)	downsampleStrategy	4
com.bumptech.glide.load.resource.bitmap.Downsampler	calculateScaling(com.bumptech.glide.load.ImageHeaderParser.ImageType,com.bumptech.glide.load.resource.bitmap.ImageReader,com.bumptech.glide.load.resource.bitmap.Downsampler.DecodeCallbacks,com.bumptech.glide.load.engine.bitmap_recycle.BitmapPool,com.bumptech.glide.load.resource.bitmap.DownsampleStrategy,int,int,int,int,int,android.graphics.BitmapFactory.Options)	options	10
com.bumptech.glide.load.resource.bitmap.Downsampler	calculateScaling(com.bumptech.glide.load.ImageHeaderParser.ImageType,com.bumptech.glide.load.resource.bitmap.ImageReader,com.bumptech.glide.load.resource.bitmap.Downsampler.DecodeCallbacks,com.bumptech.glide.load.engine.bitmap_recycle.BitmapPool,com.bumptech.glide.load.resource.bitmap.DownsampleStrategy,int,int,int,int,int,android.graphics.BitmapFactory.Options)	sourceHeight	7
com.bumptech.glide.load.resource.bitmap.Downsampler	calculateScaling(com.bumptech.glide.load.ImageHeaderParser.ImageType,com.bumptech.glide.load.resource.bitmap.ImageReader,com.bumptech.glide.load.resource.bitmap.Downsampler.DecodeCallbacks,com.bumptech.glide.load.engine.bitmap_recycle.BitmapPool,com.bumptech.glide.load.resource.bitmap.DownsampleStrategy,int,int,int,int,int,android.graphics.BitmapFactory.Options)	sourceWidth	6
com.bumptech.glide.load.resource.bitmap.Downsampler	calculateScaling(com.bumptech.glide.load.ImageHeaderParser.ImageType,com.bumptech.glide.load.resource.bitmap.ImageReader,com.bumptech.glide.load.resource.bitmap.Downsampler.DecodeCallbacks,com.bumptech.glide.load.engine.bitmap_recycle.BitmapPool,com.bumptech.glide.load.resource.bitmap.DownsampleStrategy,int,int,int,int,int,android.graphics.BitmapFactory.Options)	targetWidth	8
com.bumptech.glide.load.resource.bitmap.Downsampler	calculateScaling(com.bumptech.glide.load.ImageHeaderParser.ImageType,com.bumptech.glide.load.resource.bitmap.ImageReader,com.bumptech.glide.load.resource.bitmap.Downsampler.DecodeCallbacks,com.bumptech.glide.load.engine.bitmap_recycle.BitmapPool,com.bumptech.glide.load.resource.bitmap.DownsampleStrategy,int,int,int,int,int,android.graphics.BitmapFactory.Options)	targetHeight	9
com.bumptech.glide.load.resource.bitmap.Downsampler	calculateScaling(com.bumptech.glide.load.ImageHeaderParser.ImageType,com.bumptech.glide.load.resource.bitmap.ImageReader,com.bumptech.glide.load.resource.bitmap.Downsampler.DecodeCallbacks,com.bumptech.glide.load.engine.bitmap_recycle.BitmapPool,com.bumptech.glide.load.resource.bitmap.DownsampleStrategy,int,int,int,int,int,android.graphics.BitmapFactory.Options)	imageType	0
com.bumptech.glide.load.resource.bitmap.Downsampler	adjustTargetDensityForError(double)	adjustedScaleFactor	0
com.bumptech.glide.load.resource.bitmap.Downsampler	round(double)	value	0
com.bumptech.glide.load.resource.bitmap.Downsampler	calculateConfig(com.bumptech.glide.load.resource.bitmap.ImageReader,com.bumptech.glide.load.DecodeFormat,boolean,boolean,android.graphics.BitmapFactory.Options,int,int)	optionsWithScaling	4
com.bumptech.glide.load.resource.bitmap.Downsampler	calculateConfig(com.bumptech.glide.load.resource.bitmap.ImageReader,com.bumptech.glide.load.DecodeFormat,boolean,boolean,android.graphics.BitmapFactory.Options,int,int)	imageReader	0
com.bumptech.glide.load.resource.bitmap.Downsampler	calculateConfig(com.bumptech.glide.load.resource.bitmap.ImageReader,com.bumptech.glide.load.DecodeFormat,boolean,boolean,android.graphics.BitmapFactory.Options,int,int)	format	1
com.bumptech.glide.load.resource.bitmap.Downsampler	getDimensions(com.bumptech.glide.load.resource.bitmap.ImageReader,android.graphics.BitmapFactory.Options,com.bumptech.glide.load.resource.bitmap.Downsampler.DecodeCallbacks,com.bumptech.glide.load.engine.bitmap_recycle.BitmapPool)	options	1
com.bumptech.glide.load.resource.bitmap.Downsampler	decodeStream(com.bumptech.glide.load.resource.bitmap.ImageReader,android.graphics.BitmapFactory.Options,com.bumptech.glide.load.resource.bitmap.Downsampler.DecodeCallbacks,com.bumptech.glide.load.engine.bitmap_recycle.BitmapPool)	callbacks	2
com.bumptech.glide.load.resource.bitmap.Downsampler	decodeStream(com.bumptech.glide.load.resource.bitmap.ImageReader,android.graphics.BitmapFactory.Options,com.bumptech.glide.load.resource.bitmap.Downsampler.DecodeCallbacks,com.bumptech.glide.load.engine.bitmap_recycle.BitmapPool)	options	1
com.bumptech.glide.load.resource.bitmap.Downsampler	decodeStream(com.bumptech.glide.load.resource.bitmap.ImageReader,android.graphics.BitmapFactory.Options,com.bumptech.glide.load.resource.bitmap.Downsampler.DecodeCallbacks,com.bumptech.glide.load.engine.bitmap_recycle.BitmapPool)	imageReader	0
com.bumptech.glide.load.resource.bitmap.Downsampler	decodeStream(com.bumptech.glide.load.resource.bitmap.ImageReader,android.graphics.BitmapFactory.Options,com.bumptech.glide.load.resource.bitmap.Downsampler.DecodeCallbacks,com.bumptech.glide.load.engine.bitmap_recycle.BitmapPool)	bitmapPool	3
com.bumptech.glide.load.resource.bitmap.Downsampler	isScaling(android.graphics.BitmapFactory.Options)	options	0
com.bumptech.glide.load.resource.bitmap.Downsampler	getBitmapString(android.graphics.Bitmap)	bitmap	0
com.bumptech.glide.load.resource.bitmap.Downsampler	newIoExceptionForInBitmapAssertion(java.lang.IllegalArgumentException,int,int,java.lang.String,android.graphics.BitmapFactory.Options)	outMimeType	3
com.bumptech.glide.load.resource.bitmap.Downsampler	newIoExceptionForInBitmapAssertion(java.lang.IllegalArgumentException,int,int,java.lang.String,android.graphics.BitmapFactory.Options)	outWidth	1
com.bumptech.glide.load.resource.bitmap.Downsampler	newIoExceptionForInBitmapAssertion(java.lang.IllegalArgumentException,int,int,java.lang.String,android.graphics.BitmapFactory.Options)	outHeight	2
com.bumptech.glide.load.resource.bitmap.Downsampler	newIoExceptionForInBitmapAssertion(java.lang.IllegalArgumentException,int,int,java.lang.String,android.graphics.BitmapFactory.Options)	e	0
com.bumptech.glide.load.resource.bitmap.Downsampler	setInBitmap(android.graphics.BitmapFactory.Options,com.bumptech.glide.load.engine.bitmap_recycle.BitmapPool,int,int)	options	0
com.bumptech.glide.load.resource.bitmap.Downsampler	setInBitmap(android.graphics.BitmapFactory.Options,com.bumptech.glide.load.engine.bitmap_recycle.BitmapPool,int,int)	bitmapPool	1
com.bumptech.glide.load.resource.bitmap.Downsampler	resetOptions(android.graphics.BitmapFactory.Options)	decodeBitmapOptions	0
com.bumptech.glide.load.resource.bitmap.Downsampler	isRotationRequired(int)	degreesToRotate	0
com.bumptech.glide.load.resource.bitmap.ImageReader$ByteArrayReader	ByteArrayReader(byte[],java.util.List,com.bumptech.glide.load.engine.bitmap_recycle.ArrayPool)	parsers	1
com.bumptech.glide.load.resource.bitmap.ImageReader$ByteArrayReader	ByteArrayReader(byte[],java.util.List,com.bumptech.glide.load.engine.bitmap_recycle.ArrayPool)	byteArrayPool	2
com.bumptech.glide.load.resource.bitmap.ImageReader$ByteArrayReader	ByteArrayReader(byte[],java.util.List,com.bumptech.glide.load.engine.bitmap_recycle.ArrayPool)	bytes	0
com.bumptech.glide.load.resource.bitmap.ImageReader$FileReader	FileReader(java.io.File,java.util.List,com.bumptech.glide.load.engine.bitmap_recycle.ArrayPool)	parsers	1
com.bumptech.glide.load.resource.bitmap.ImageReader$FileReader	FileReader(java.io.File,java.util.List,com.bumptech.glide.load.engine.bitmap_recycle.ArrayPool)	byteArrayPool	2
com.bumptech.glide.load.resource.bitmap.ImageReader$FileReader	FileReader(java.io.File,java.util.List,com.bumptech.glide.load.engine.bitmap_recycle.ArrayPool)	file	0
com.bumptech.glide.load.resource.bitmap.ImageReader$ByteBufferReader	ByteBufferReader(java.nio.ByteBuffer,java.util.List,com.bumptech.glide.load.engine.bitmap_recycle.ArrayPool)	byteArrayPool	2
com.bumptech.glide.load.resource.bitmap.ImageReader$ByteBufferReader	ByteBufferReader(java.nio.ByteBuffer,java.util.List,com.bumptech.glide.load.engine.bitmap_recycle.ArrayPool)	buffer	0
com.bumptech.glide.load.resource.bitmap.ImageReader$ByteBufferReader	ByteBufferReader(java.nio.ByteBuffer,java.util.List,com.bumptech.glide.load.engine.bitmap_recycle.ArrayPool)	parsers	1
com.bumptech.glide.load.resource.bitmap.ImageReader$InputStreamImageReader	InputStreamImageReader(java.io.InputStream,java.util.List,com.bumptech.glide.load.engine.bitmap_recycle.ArrayPool)	is	0
com.bumptech.glide.load.resource.bitmap.ImageReader$InputStreamImageReader	InputStreamImageReader(java.io.InputStream,java.util.List,com.bumptech.glide.load.engine.bitmap_recycle.ArrayPool)	byteArrayPool	2
com.bumptech.glide.load.resource.bitmap.ImageReader$ParcelFileDescriptorImageReader	ParcelFileDescriptorImageReader(android.os.ParcelFileDescriptor,java.util.List,com.bumptech.glide.load.engine.bitmap_recycle.ArrayPool)	parcelFileDescriptor	0
com.bumptech.glide.load.resource.bitmap.FitCenter	equals(java.lang.Object)	o	0
com.bumptech.glide.load.resource.bitmap.FitCenter	updateDiskCacheKey(java.security.MessageDigest)	messageDigest	0
com.bumptech.glide.load.resource.bitmap.BitmapTransformation	transform(android.content.Context,com.bumptech.glide.load.engine.Resource,int,int)	resource	1
com.bumptech.glide.load.resource.bitmap.BitmapTransformation	transform(android.content.Context,com.bumptech.glide.load.engine.Resource,int,int)	outWidth	2
com.bumptech.glide.load.resource.bitmap.BitmapTransformation	transform(android.content.Context,com.bumptech.glide.load.engine.Resource,int,int)	outHeight	3
com.bumptech.glide.load.resource.bitmap.DrawableToBitmapConverter	convert(com.bumptech.glide.load.engine.bitmap_recycle.BitmapPool,android.graphics.drawable.Drawable,int,int)	drawable	1
com.bumptech.glide.load.resource.bitmap.DrawableToBitmapConverter	convert(com.bumptech.glide.load.engine.bitmap_recycle.BitmapPool,android.graphics.drawable.Drawable,int,int)	bitmapPool	0
com.bumptech.glide.load.resource.bitmap.DrawableToBitmapConverter	drawToBitmap(com.bumptech.glide.load.engine.bitmap_recycle.BitmapPool,android.graphics.drawable.Drawable,int,int)	width	2
com.bumptech.glide.load.resource.bitmap.DrawableToBitmapConverter	drawToBitmap(com.bumptech.glide.load.engine.bitmap_recycle.BitmapPool,android.graphics.drawable.Drawable,int,int)	bitmapPool	0
com.bumptech.glide.load.resource.bitmap.DrawableToBitmapConverter	drawToBitmap(com.bumptech.glide.load.engine.bitmap_recycle.BitmapPool,android.graphics.drawable.Drawable,int,int)	drawable	1
com.bumptech.glide.load.resource.bitmap.DrawableToBitmapConverter	drawToBitmap(com.bumptech.glide.load.engine.bitmap_recycle.BitmapPool,android.graphics.drawable.Drawable,int,int)	height	3
com.bumptech.glide.load.resource.bitmap.BitmapEncoder	BitmapEncoder(com.bumptech.glide.load.engine.bitmap_recycle.ArrayPool)	arrayPool	0
com.bumptech.glide.load.resource.bitmap.BitmapEncoder	encode(com.bumptech.glide.load.engine.Resource,java.io.File,com.bumptech.glide.load.Options)	resource	0
com.bumptech.glide.load.resource.bitmap.BitmapEncoder	encode(com.bumptech.glide.load.engine.Resource,java.io.File,com.bumptech.glide.load.Options)	file	1
com.bumptech.glide.load.resource.bitmap.BitmapEncoder	encode(com.bumptech.glide.load.engine.Resource,java.io.File,com.bumptech.glide.load.Options)	options	2
com.bumptech.glide.load.resource.bitmap.BitmapEncoder	getFormat(android.graphics.Bitmap,com.bumptech.glide.load.Options)	options	1
com.bumptech.glide.load.resource.bitmap.BitmapEncoder	getFormat(android.graphics.Bitmap,com.bumptech.glide.load.Options)	bitmap	0
com.bumptech.glide.load.resource.bitmap.CenterInside	equals(java.lang.Object)	o	0
com.bumptech.glide.load.resource.bitmap.CenterInside	updateDiskCacheKey(java.security.MessageDigest)	messageDigest	0
com.bumptech.glide.load.resource.bitmap.LazyBitmapDrawableResource	obtain(android.content.res.Resources,com.bumptech.glide.load.engine.Resource)	bitmapResource	1
com.bumptech.glide.load.resource.bitmap.LazyBitmapDrawableResource	obtain(android.content.res.Resources,com.bumptech.glide.load.engine.Resource)	resources	0
com.bumptech.glide.load.resource.bitmap.VideoDecoder$1	update(byte[],java.lang.Long,java.security.MessageDigest)	messageDigest	2
com.bumptech.glide.load.resource.bitmap.VideoDecoder$2	update(byte[],java.lang.Integer,java.security.MessageDigest)	value	1
com.bumptech.glide.load.resource.bitmap.VideoDecoder$2	update(byte[],java.lang.Integer,java.security.MessageDigest)	messageDigest	2
com.bumptech.glide.load.resource.bitmap.VideoDecoder	asset(com.bumptech.glide.load.engine.bitmap_recycle.BitmapPool)	bitmapPool	0
com.bumptech.glide.load.resource.bitmap.VideoDecoder	parcel(com.bumptech.glide.load.engine.bitmap_recycle.BitmapPool)	bitmapPool	0
com.bumptech.glide.load.resource.bitmap.VideoDecoder	byteBuffer(com.bumptech.glide.load.engine.bitmap_recycle.BitmapPool)	bitmapPool	0
com.bumptech.glide.load.resource.bitmap.VideoDecoder	VideoDecoder(com.bumptech.glide.load.engine.bitmap_recycle.BitmapPool,com.bumptech.glide.load.resource.bitmap.VideoDecoder.MediaInitializer,com.bumptech.glide.load.resource.bitmap.VideoDecoder.MediaMetadataRetrieverFactory)	initializer	1
com.bumptech.glide.load.resource.bitmap.VideoDecoder	VideoDecoder(com.bumptech.glide.load.engine.bitmap_recycle.BitmapPool,com.bumptech.glide.load.resource.bitmap.VideoDecoder.MediaInitializer,com.bumptech.glide.load.resource.bitmap.VideoDecoder.MediaMetadataRetrieverFactory)	bitmapPool	0
com.bumptech.glide.load.resource.bitmap.VideoDecoder	VideoDecoder(com.bumptech.glide.load.engine.bitmap_recycle.BitmapPool,com.bumptech.glide.load.resource.bitmap.VideoDecoder.MediaInitializer,com.bumptech.glide.load.resource.bitmap.VideoDecoder.MediaMetadataRetrieverFactory)	factory	2
com.bumptech.glide.load.resource.bitmap.VideoDecoder	decode(T,int,int,com.bumptech.glide.load.Options)	options	3
com.bumptech.glide.load.resource.bitmap.VideoDecoder	decodeFrame(T,android.media.MediaMetadataRetriever,long,int,int,int,com.bumptech.glide.load.resource.bitmap.DownsampleStrategy)	strategy	6
com.bumptech.glide.load.resource.bitmap.VideoDecoder	decodeFrame(T,android.media.MediaMetadataRetriever,long,int,int,int,com.bumptech.glide.load.resource.bitmap.DownsampleStrategy)	outHeight	5
com.bumptech.glide.load.resource.bitmap.VideoDecoder	decodeFrame(T,android.media.MediaMetadataRetriever,long,int,int,int,com.bumptech.glide.load.resource.bitmap.DownsampleStrategy)	outWidth	4
com.bumptech.glide.load.resource.bitmap.VideoDecoder	correctHdr180DegVideoFrameOrientation(android.media.MediaMetadataRetriever,android.graphics.Bitmap)	frame	1
com.bumptech.glide.load.resource.bitmap.VideoDecoder	correctHdr180DegVideoFrameOrientation(android.media.MediaMetadataRetriever,android.graphics.Bitmap)	mediaMetadataRetriever	0
com.bumptech.glide.load.resource.bitmap.VideoDecoder	isHDR(android.media.MediaMetadataRetriever)	mediaMetadataRetriever	0
com.bumptech.glide.load.resource.bitmap.VideoDecoder	decodeScaledFrame(android.media.MediaMetadataRetriever,long,int,int,int,com.bumptech.glide.load.resource.bitmap.DownsampleStrategy)	mediaMetadataRetriever	0
com.bumptech.glide.load.resource.bitmap.VideoDecoder	decodeScaledFrame(android.media.MediaMetadataRetriever,long,int,int,int,com.bumptech.glide.load.resource.bitmap.DownsampleStrategy)	strategy	5
com.bumptech.glide.load.resource.bitmap.VideoDecoder	decodeOriginalFrame(android.media.MediaMetadataRetriever,long,int)	mediaMetadataRetriever	0
com.bumptech.glide.load.resource.bitmap.VideoDecoder	isUnsupportedFormat(T,android.media.MediaMetadataRetriever)	mediaMetadataRetriever	1
com.bumptech.glide.load.resource.bitmap.VideoDecoder$AssetFileDescriptorInitializer	initializeRetriever(android.media.MediaMetadataRetriever,android.content.res.AssetFileDescriptor)	retriever	0
com.bumptech.glide.load.resource.bitmap.VideoDecoder$AssetFileDescriptorInitializer	initializeExtractor(android.media.MediaExtractor,android.content.res.AssetFileDescriptor)	extractor	0
com.bumptech.glide.load.resource.bitmap.VideoDecoder$ParcelFileDescriptorInitializer	initializeRetriever(android.media.MediaMetadataRetriever,android.os.ParcelFileDescriptor)	retriever	0
com.bumptech.glide.load.resource.bitmap.VideoDecoder$ParcelFileDescriptorInitializer	initializeExtractor(android.media.MediaExtractor,android.os.ParcelFileDescriptor)	extractor	0
com.bumptech.glide.load.resource.bitmap.VideoDecoder$ByteBufferInitializer	initializeRetriever(android.media.MediaMetadataRetriever,java.nio.ByteBuffer)	retriever	0
com.bumptech.glide.load.resource.bitmap.VideoDecoder$ByteBufferInitializer	initializeExtractor(android.media.MediaExtractor,java.nio.ByteBuffer)	extractor	0
com.bumptech.glide.load.resource.bitmap.VideoDecoder$ByteBufferInitializer	getMediaDataSource(java.nio.ByteBuffer)	data	0
com.bumptech.glide.load.resource.bitmap.VideoDecoder$ByteBufferInitializer$1	readAt(long,byte[],int,int)	position	0
com.bumptech.glide.load.resource.bitmap.BitmapDrawableEncoder	BitmapDrawableEncoder(com.bumptech.glide.load.engine.bitmap_recycle.BitmapPool,com.bumptech.glide.load.ResourceEncoder)	bitmapPool	0
com.bumptech.glide.load.resource.bitmap.BitmapDrawableEncoder	BitmapDrawableEncoder(com.bumptech.glide.load.engine.bitmap_recycle.BitmapPool,com.bumptech.glide.load.ResourceEncoder)	encoder	1
com.bumptech.glide.load.resource.bitmap.BitmapResource	obtain(android.graphics.Bitmap,com.bumptech.glide.load.engine.bitmap_recycle.BitmapPool)	bitmap	0
com.bumptech.glide.load.resource.bitmap.BitmapResource	obtain(android.graphics.Bitmap,com.bumptech.glide.load.engine.bitmap_recycle.BitmapPool)	bitmapPool	1
com.bumptech.glide.load.resource.bitmap.BitmapDrawableTransformation	convertToBitmapDrawableResource(com.bumptech.glide.load.engine.Resource)	resource	0
com.bumptech.glide.load.resource.bitmap.BitmapDrawableTransformation	convertToDrawableResource(com.bumptech.glide.load.engine.Resource)	toConvert	0
com.bumptech.glide.load.resource.bitmap.BitmapDrawableTransformation	equals(java.lang.Object)	o	0
com.bumptech.glide.load.resource.bitmap.Rotate	Rotate(int)	degreesToRotate	0
com.bumptech.glide.load.resource.bitmap.Rotate	equals(java.lang.Object)	o	0
com.bumptech.glide.load.resource.bitmap.Rotate	updateDiskCacheKey(java.security.MessageDigest)	messageDigest	0
com.bumptech.glide.load.resource.bitmap.DefaultImageHeaderParser	hasJpegMpf(com.bumptech.glide.load.resource.bitmap.DefaultImageHeaderParser.Reader,com.bumptech.glide.load.engine.bitmap_recycle.ArrayPool)	byteArrayPool	1
com.bumptech.glide.load.resource.bitmap.DefaultImageHeaderParser	getType(com.bumptech.glide.load.resource.bitmap.DefaultImageHeaderParser.Reader)	reader	0
com.bumptech.glide.load.resource.bitmap.DefaultImageHeaderParser	sniffAvif(com.bumptech.glide.load.resource.bitmap.DefaultImageHeaderParser.Reader,int)	boxSize	1
com.bumptech.glide.load.resource.bitmap.DefaultImageHeaderParser	sniffAvif(com.bumptech.glide.load.resource.bitmap.DefaultImageHeaderParser.Reader,int)	reader	0
com.bumptech.glide.load.resource.bitmap.DefaultImageHeaderParser	getOrientation(com.bumptech.glide.load.resource.bitmap.DefaultImageHeaderParser.Reader,com.bumptech.glide.load.engine.bitmap_recycle.ArrayPool)	reader	0
com.bumptech.glide.load.resource.bitmap.DefaultImageHeaderParser	getOrientation(com.bumptech.glide.load.resource.bitmap.DefaultImageHeaderParser.Reader,com.bumptech.glide.load.engine.bitmap_recycle.ArrayPool)	byteArrayPool	1
com.bumptech.glide.load.resource.bitmap.DefaultImageHeaderParser	parseExifSegment(com.bumptech.glide.load.resource.bitmap.DefaultImageHeaderParser.Reader,byte[],int)	exifSegmentLength	2
com.bumptech.glide.load.resource.bitmap.DefaultImageHeaderParser	parseExifSegment(com.bumptech.glide.load.resource.bitmap.DefaultImageHeaderParser.Reader,byte[],int)	reader	0
com.bumptech.glide.load.resource.bitmap.DefaultImageHeaderParser	hasMatchingBytes(byte[],int,byte[])	byteLength	1
com.bumptech.glide.load.resource.bitmap.DefaultImageHeaderParser	hasMatchingBytes(byte[],int,byte[])	bytesToMatch	2
com.bumptech.glide.load.resource.bitmap.DefaultImageHeaderParser	hasMatchingBytes(byte[],int,byte[])	bytes	0
com.bumptech.glide.load.resource.bitmap.DefaultImageHeaderParser	hasJpegMpfPreamble(com.bumptech.glide.load.resource.bitmap.DefaultImageHeaderParser.Reader,byte[],int)	app2SegmentLength	2
com.bumptech.glide.load.resource.bitmap.DefaultImageHeaderParser	hasJpegMpfPreamble(com.bumptech.glide.load.resource.bitmap.DefaultImageHeaderParser.Reader,byte[],int)	reader	0
com.bumptech.glide.load.resource.bitmap.DefaultImageHeaderParser	moveToSegmentAndGetLength(com.bumptech.glide.load.resource.bitmap.DefaultImageHeaderParser.Reader,int)	reader	0
com.bumptech.glide.load.resource.bitmap.DefaultImageHeaderParser	moveToSegmentAndGetLength(com.bumptech.glide.load.resource.bitmap.DefaultImageHeaderParser.Reader,int)	requestedSegmentType	1
com.bumptech.glide.load.resource.bitmap.DefaultImageHeaderParser	parseExifSegment(com.bumptech.glide.load.resource.bitmap.DefaultImageHeaderParser.RandomAccessReader)	segmentData	0
com.bumptech.glide.load.resource.bitmap.DefaultImageHeaderParser	calcTagOffset(int,int)	tagIndex	1
com.bumptech.glide.load.resource.bitmap.DefaultImageHeaderParser	calcTagOffset(int,int)	ifdOffset	0
com.bumptech.glide.load.resource.bitmap.DefaultImageHeaderParser	handles(int)	imageMagicNumber	0
com.bumptech.glide.load.resource.bitmap.DefaultImageHeaderParser$RandomAccessReader	isAvailable(int,int)	offset	0
com.bumptech.glide.load.resource.bitmap.DefaultImageHeaderParser$RandomAccessReader	isAvailable(int,int)	byteSize	1
com.bumptech.glide.load.resource.bitmap.DefaultImageHeaderParser$ByteBufferReader	ByteBufferReader(java.nio.ByteBuffer)	byteBuffer	0
com.bumptech.glide.load.resource.bitmap.DefaultImageHeaderParser$StreamReader	StreamReader(java.io.InputStream)	is	0
com.bumptech.glide.load.resource.bitmap.DefaultImageHeaderParser$StreamReader	read(byte[],int)	byteCount	1
com.bumptech.glide.load.resource.bitmap.DefaultImageHeaderParser$StreamReader	skip(long)	total	0
com.bumptech.glide.load.resource.bitmap.GlideBitmapFactory	isLikelyToContainGainmap(com.bumptech.glide.load.resource.bitmap.ImageReader)	imageReader	0
com.bumptech.glide.load.resource.bitmap.GlideBitmapFactory	safeAndExpensiveDecodeHardwareBitmapWithGainmap(java.io.InputStream,android.graphics.BitmapFactory.Options)	options	1
com.bumptech.glide.load.resource.bitmap.GlideBitmapFactory	safeAndExpensiveDecodeHardwareBitmapWithGainmap(byte[],android.graphics.BitmapFactory.Options)	options	1
com.bumptech.glide.load.resource.bitmap.GlideBitmapFactory	safeAndExpensiveDecodeHardwareBitmapWithGainmap(java.io.FileDescriptor,android.graphics.BitmapFactory.Options)	options	1
com.bumptech.glide.load.resource.bitmap.GlideBitmapFactory	safeDecodeBitmapWithGainmap(android.graphics.Bitmap)	softwareBitmap	0
com.bumptech.glide.load.resource.bitmap.GlideBitmapFactory$GainmapCopier	convertSingleChannelGainmapToTripleChannelGainmap(android.graphics.Gainmap)	gainmap	0
com.bumptech.glide.load.resource.bitmap.GlideBitmapFactory$GainmapDecoderWorkaroundStateCalculator	needsGainmapDecodeWorkaround(android.graphics.BitmapFactory.Options)	options	0
com.bumptech.glide.load.resource.bitmap.ResourceBitmapDecoder	ResourceBitmapDecoder(com.bumptech.glide.load.resource.drawable.ResourceDrawableDecoder,com.bumptech.glide.load.engine.bitmap_recycle.BitmapPool)	drawableDecoder	0
com.bumptech.glide.load.resource.bitmap.ResourceBitmapDecoder	ResourceBitmapDecoder(com.bumptech.glide.load.resource.drawable.ResourceDrawableDecoder,com.bumptech.glide.load.engine.bitmap_recycle.BitmapPool)	bitmapPool	1
com.bumptech.glide.load.resource.drawable.ResourceDrawableDecoder	ResourceDrawableDecoder(android.content.Context)	context	0
com.bumptech.glide.load.resource.drawable.ResourceDrawableDecoder	handles(android.net.Uri,com.bumptech.glide.load.Options)	source	0
com.bumptech.glide.load.resource.drawable.ResourceDrawableDecoder	decode(android.net.Uri,int,int,com.bumptech.glide.load.Options)	source	0
com.bumptech.glide.load.resource.drawable.ResourceDrawableDecoder	decode(android.net.Uri,int,int,com.bumptech.glide.load.Options)	options	3
com.bumptech.glide.load.resource.drawable.ResourceDrawableDecoder	findContextForPackage(android.net.Uri,java.lang.String)	packageName	1
com.bumptech.glide.load.resource.drawable.ResourceDrawableDecoder	findContextForPackage(android.net.Uri,java.lang.String)	source	0
com.bumptech.glide.load.resource.drawable.ResourceDrawableDecoder	findResourceIdFromUri(android.content.Context,android.net.Uri)	source	1
com.bumptech.glide.load.resource.drawable.ResourceDrawableDecoder	findResourceIdFromTypeAndNameResourceUri(android.content.Context,android.net.Uri)	context	0
com.bumptech.glide.load.resource.drawable.ResourceDrawableDecoder	findResourceIdFromTypeAndNameResourceUri(android.content.Context,android.net.Uri)	source	1
com.bumptech.glide.load.resource.drawable.ResourceDrawableDecoder	findResourceIdFromResourceIdUri(android.net.Uri)	source	0
com.bumptech.glide.load.resource.bitmap.BitmapTransitionOptions	equals(java.lang.Object)	o	0
com.bumptech.glide.request.transition.DrawableCrossFadeFactory	DrawableCrossFadeFactory(int,boolean)	duration	0
com.bumptech.glide.request.transition.DrawableCrossFadeFactory	DrawableCrossFadeFactory(int,boolean)	isCrossFadeEnabled	1
com.bumptech.glide.request.transition.DrawableCrossFadeFactory	build(com.bumptech.glide.load.DataSource,boolean)	dataSource	0
com.bumptech.glide.request.transition.DrawableCrossFadeFactory$Builder	Builder(int)	durationMillis	0
com.bumptech.glide.request.transition.DrawableCrossFadeFactory$Builder	setCrossFadeEnabled(boolean)	isCrossFadeEnabled	0
com.bumptech.glide.request.transition.DrawableCrossFadeTransition	DrawableCrossFadeTransition(int,boolean)	isCrossFadeEnabled	1
com.bumptech.glide.request.transition.DrawableCrossFadeTransition	DrawableCrossFadeTransition(int,boolean)	duration	0
com.bumptech.glide.request.transition.DrawableCrossFadeTransition	transition(android.graphics.drawable.Drawable,com.bumptech.glide.request.transition.Transition.ViewAdapter)	adapter	1
com.bumptech.glide.request.transition.DrawableCrossFadeTransition	transition(android.graphics.drawable.Drawable,com.bumptech.glide.request.transition.Transition.ViewAdapter)	current	0
com.bumptech.glide.load.resource.bitmap.CircleCrop	equals(java.lang.Object)	o	0
com.bumptech.glide.load.resource.bitmap.CircleCrop	updateDiskCacheKey(java.security.MessageDigest)	messageDigest	0
com.bumptech.glide.load.resource.bitmap.BitmapDrawableResource	BitmapDrawableResource(android.graphics.drawable.BitmapDrawable,com.bumptech.glide.load.engine.bitmap_recycle.BitmapPool)	bitmapPool	1
com.bumptech.glide.load.resource.bitmap.StreamBitmapDecoder	StreamBitmapDecoder(com.bumptech.glide.load.resource.bitmap.Downsampler,com.bumptech.glide.load.engine.bitmap_recycle.ArrayPool)	byteArrayPool	1
com.bumptech.glide.load.resource.bitmap.StreamBitmapDecoder	StreamBitmapDecoder(com.bumptech.glide.load.resource.bitmap.Downsampler,com.bumptech.glide.load.engine.bitmap_recycle.ArrayPool)	downsampler	0
com.bumptech.glide.load.resource.bitmap.StreamBitmapDecoder	decode(java.io.InputStream,int,int,com.bumptech.glide.load.Options)	source	0
com.bumptech.glide.load.resource.bitmap.StreamBitmapDecoder$UntrustedCallbacks	UntrustedCallbacks(com.bumptech.glide.load.resource.bitmap.RecyclableBufferedInputStream,com.bumptech.glide.util.ExceptionPassthroughInputStream)	exceptionStream	1
com.bumptech.glide.load.resource.bitmap.StreamBitmapDecoder$UntrustedCallbacks	UntrustedCallbacks(com.bumptech.glide.load.resource.bitmap.RecyclableBufferedInputStream,com.bumptech.glide.util.ExceptionPassthroughInputStream)	bufferedStream	0
com.bumptech.glide.load.resource.bitmap.StreamBitmapDecoder$UntrustedCallbacks	onDecodeComplete(com.bumptech.glide.load.engine.bitmap_recycle.BitmapPool,android.graphics.Bitmap)	bitmapPool	0
com.bumptech.glide.load.resource.bitmap.StreamBitmapDecoder$UntrustedCallbacks	onDecodeComplete(com.bumptech.glide.load.engine.bitmap_recycle.BitmapPool,android.graphics.Bitmap)	downsampled	1
com.bumptech.glide.load.resource.bitmap.UnitBitmapDecoder	decode(android.graphics.Bitmap,int,int,com.bumptech.glide.load.Options)	source	0
com.bumptech.glide.load.resource.bitmap.UnitBitmapDecoder$NonOwnedBitmapResource	NonOwnedBitmapResource(android.graphics.Bitmap)	bitmap	0
com.bumptech.glide.load.resource.bitmap.DrawableTransformation	DrawableTransformation(com.bumptech.glide.load.Transformation,boolean)	wrapped	0
com.bumptech.glide.load.resource.bitmap.DrawableTransformation	DrawableTransformation(com.bumptech.glide.load.Transformation,boolean)	isRequired	1
com.bumptech.glide.load.resource.bitmap.DrawableTransformation	transform(android.content.Context,com.bumptech.glide.load.engine.Resource,int,int)	resource	1
com.bumptech.glide.load.resource.bitmap.DrawableTransformation	equals(java.lang.Object)	o	0
com.bumptech.glide.load.resource.bitmap.RoundedCorners	RoundedCorners(int)	roundingRadius	0
com.bumptech.glide.load.resource.bitmap.RoundedCorners	equals(java.lang.Object)	o	0
com.bumptech.glide.load.resource.bitmap.RoundedCorners	updateDiskCacheKey(java.security.MessageDigest)	messageDigest	0
com.bumptech.glide.load.resource.bitmap.GranularRoundedCorners	GranularRoundedCorners(float,float,float,float)	topLeft	0
com.bumptech.glide.load.resource.bitmap.GranularRoundedCorners	GranularRoundedCorners(float,float,float,float)	bottomRight	2
com.bumptech.glide.load.resource.bitmap.GranularRoundedCorners	GranularRoundedCorners(float,float,float,float)	bottomLeft	3
com.bumptech.glide.load.resource.bitmap.GranularRoundedCorners	GranularRoundedCorners(float,float,float,float)	topRight	1
com.bumptech.glide.load.resource.bitmap.GranularRoundedCorners	equals(java.lang.Object)	o	0
com.bumptech.glide.load.resource.bitmap.GranularRoundedCorners	updateDiskCacheKey(java.security.MessageDigest)	messageDigest	0
com.bumptech.glide.load.resource.bitmap.ParcelFileDescriptorBitmapDecoder	ParcelFileDescriptorBitmapDecoder(com.bumptech.glide.load.resource.bitmap.Downsampler)	downsampler	0
com.bumptech.glide.load.resource.bitmap.ParcelFileDescriptorBitmapDecoder	isSafeToTryDecoding(android.os.ParcelFileDescriptor)	source	0
com.bumptech.glide.load.resource.bitmap.CenterCrop	equals(java.lang.Object)	o	0
com.bumptech.glide.load.resource.bitmap.CenterCrop	updateDiskCacheKey(java.security.MessageDigest)	messageDigest	0
com.bumptech.glide.load.resource.bitmap.ExifInterfaceImageHeaderParser	getOrientation(java.io.InputStream,com.bumptech.glide.load.engine.bitmap_recycle.ArrayPool)	is	0
com.bumptech.glide.load.resource.bitmap.TransformationUtils	centerCrop(com.bumptech.glide.load.engine.bitmap_recycle.BitmapPool,android.graphics.Bitmap,int,int)	height	3
com.bumptech.glide.load.resource.bitmap.TransformationUtils	centerCrop(com.bumptech.glide.load.engine.bitmap_recycle.BitmapPool,android.graphics.Bitmap,int,int)	width	2
com.bumptech.glide.load.resource.bitmap.TransformationUtils	centerCrop(com.bumptech.glide.load.engine.bitmap_recycle.BitmapPool,android.graphics.Bitmap,int,int)	pool	0
com.bumptech.glide.load.resource.bitmap.TransformationUtils	centerCrop(com.bumptech.glide.load.engine.bitmap_recycle.BitmapPool,android.graphics.Bitmap,int,int)	inBitmap	1
com.bumptech.glide.load.resource.bitmap.TransformationUtils	fitCenter(com.bumptech.glide.load.engine.bitmap_recycle.BitmapPool,android.graphics.Bitmap,int,int)	pool	0
com.bumptech.glide.load.resource.bitmap.TransformationUtils	fitCenter(com.bumptech.glide.load.engine.bitmap_recycle.BitmapPool,android.graphics.Bitmap,int,int)	width	2
com.bumptech.glide.load.resource.bitmap.TransformationUtils	fitCenter(com.bumptech.glide.load.engine.bitmap_recycle.BitmapPool,android.graphics.Bitmap,int,int)	height	3
com.bumptech.glide.load.resource.bitmap.TransformationUtils	fitCenter(com.bumptech.glide.load.engine.bitmap_recycle.BitmapPool,android.graphics.Bitmap,int,int)	inBitmap	1
com.bumptech.glide.load.resource.bitmap.TransformationUtils	centerInside(com.bumptech.glide.load.engine.bitmap_recycle.BitmapPool,android.graphics.Bitmap,int,int)	inBitmap	1
com.bumptech.glide.load.resource.bitmap.TransformationUtils	centerInside(com.bumptech.glide.load.engine.bitmap_recycle.BitmapPool,android.graphics.Bitmap,int,int)	width	2
com.bumptech.glide.load.resource.bitmap.TransformationUtils	centerInside(com.bumptech.glide.load.engine.bitmap_recycle.BitmapPool,android.graphics.Bitmap,int,int)	height	3
com.bumptech.glide.load.resource.bitmap.TransformationUtils	setAlpha(android.graphics.Bitmap,android.graphics.Bitmap)	outBitmap	1
com.bumptech.glide.load.resource.bitmap.TransformationUtils	rotateImage(android.graphics.Bitmap,int)	imageToOrient	0
com.bumptech.glide.load.resource.bitmap.TransformationUtils	rotateImage(android.graphics.Bitmap,int)	degreesToRotate	1
com.bumptech.glide.load.resource.bitmap.TransformationUtils	getExifOrientationDegrees(int)	exifOrientation	0
com.bumptech.glide.load.resource.bitmap.TransformationUtils	rotateImageExif(com.bumptech.glide.load.engine.bitmap_recycle.BitmapPool,android.graphics.Bitmap,int)	inBitmap	1
com.bumptech.glide.load.resource.bitmap.TransformationUtils	isExifOrientationRequired(int)	exifOrientation	0
com.bumptech.glide.load.resource.bitmap.TransformationUtils	circleCrop(com.bumptech.glide.load.engine.bitmap_recycle.BitmapPool,android.graphics.Bitmap,int,int)	inBitmap	1
com.bumptech.glide.load.resource.bitmap.TransformationUtils	circleCrop(com.bumptech.glide.load.engine.bitmap_recycle.BitmapPool,android.graphics.Bitmap,int,int)	pool	0
com.bumptech.glide.load.resource.bitmap.TransformationUtils	getAlphaSafeBitmap(com.bumptech.glide.load.engine.bitmap_recycle.BitmapPool,android.graphics.Bitmap)	pool	0
com.bumptech.glide.load.resource.bitmap.TransformationUtils	getAlphaSafeBitmap(com.bumptech.glide.load.engine.bitmap_recycle.BitmapPool,android.graphics.Bitmap)	maybeAlphaSafe	1
com.bumptech.glide.load.resource.bitmap.TransformationUtils$1	drawRoundedCorners(android.graphics.Canvas,android.graphics.Paint,android.graphics.RectF)	canvas	0
com.bumptech.glide.load.resource.bitmap.TransformationUtils$2	drawRoundedCorners(android.graphics.Canvas,android.graphics.Paint,android.graphics.RectF)	canvas	0
com.bumptech.glide.load.resource.bitmap.TransformationUtils	roundedCorners(com.bumptech.glide.load.engine.bitmap_recycle.BitmapPool,android.graphics.Bitmap,com.bumptech.glide.load.resource.bitmap.TransformationUtils.DrawRoundedCornerFn)	pool	0
com.bumptech.glide.load.resource.bitmap.TransformationUtils	roundedCorners(com.bumptech.glide.load.engine.bitmap_recycle.BitmapPool,android.graphics.Bitmap,com.bumptech.glide.load.resource.bitmap.TransformationUtils.DrawRoundedCornerFn)	drawRoundedCornerFn	2
com.bumptech.glide.load.resource.bitmap.TransformationUtils	clear(android.graphics.Canvas)	canvas	0
com.bumptech.glide.load.resource.bitmap.TransformationUtils	getNonNullConfig(android.graphics.Bitmap)	bitmap	0
com.bumptech.glide.load.resource.bitmap.TransformationUtils	applyMatrix(android.graphics.Bitmap,android.graphics.Bitmap,android.graphics.Matrix)	targetBitmap	1
com.bumptech.glide.load.resource.bitmap.TransformationUtils	initializeMatrixForRotation(int,android.graphics.Matrix)	matrix	1
com.bumptech.glide.load.resource.bitmap.TransformationUtils	initializeMatrixForRotation(int,android.graphics.Matrix)	exifOrientation	0
com.bumptech.glide.load.resource.bitmap.ByteBufferBitmapDecoder	ByteBufferBitmapDecoder(com.bumptech.glide.load.resource.bitmap.Downsampler)	downsampler	0
com.bumptech.glide.load.resource.drawable.AnimatedImageDecoder	streamDecoder(java.util.List,com.bumptech.glide.load.engine.bitmap_recycle.ArrayPool)	imageHeaderParsers	0
com.bumptech.glide.load.resource.drawable.AnimatedImageDecoder	streamDecoder(java.util.List,com.bumptech.glide.load.engine.bitmap_recycle.ArrayPool)	arrayPool	1
com.bumptech.glide.load.resource.drawable.AnimatedImageDecoder	byteBufferDecoder(java.util.List,com.bumptech.glide.load.engine.bitmap_recycle.ArrayPool)	arrayPool	1
com.bumptech.glide.load.resource.drawable.AnimatedImageDecoder	byteBufferDecoder(java.util.List,com.bumptech.glide.load.engine.bitmap_recycle.ArrayPool)	imageHeaderParsers	0
com.bumptech.glide.load.resource.drawable.AnimatedImageDecoder	AnimatedImageDecoder(java.util.List,com.bumptech.glide.load.engine.bitmap_recycle.ArrayPool)	imageHeaderParsers	0
com.bumptech.glide.load.resource.drawable.AnimatedImageDecoder	AnimatedImageDecoder(java.util.List,com.bumptech.glide.load.engine.bitmap_recycle.ArrayPool)	arrayPool	1
com.bumptech.glide.load.resource.drawable.AnimatedImageDecoder	isHandled(com.bumptech.glide.load.ImageHeaderParser.ImageType)	imageType	0
com.bumptech.glide.load.resource.drawable.AnimatedImageDecoder$AnimatedImageDrawableResource	AnimatedImageDrawableResource(android.graphics.drawable.AnimatedImageDrawable)	imageDrawable	0
com.bumptech.glide.load.resource.drawable.AnimatedImageDecoder$StreamAnimatedImageDecoder	StreamAnimatedImageDecoder(com.bumptech.glide.load.resource.drawable.AnimatedImageDecoder)	delegate	0
com.bumptech.glide.load.resource.drawable.AnimatedImageDecoder$ByteBufferAnimatedImageDecoder	ByteBufferAnimatedImageDecoder(com.bumptech.glide.load.resource.drawable.AnimatedImageDecoder)	delegate	0
com.bumptech.glide.load.resource.drawable.AnimatedWebpDecoder	streamDecoder(java.util.List,com.bumptech.glide.load.engine.bitmap_recycle.ArrayPool)	imageHeaderParsers	0
com.bumptech.glide.load.resource.drawable.AnimatedWebpDecoder	streamDecoder(java.util.List,com.bumptech.glide.load.engine.bitmap_recycle.ArrayPool)	arrayPool	1
com.bumptech.glide.load.resource.drawable.AnimatedWebpDecoder	byteBufferDecoder(java.util.List,com.bumptech.glide.load.engine.bitmap_recycle.ArrayPool)	arrayPool	1
com.bumptech.glide.load.resource.drawable.AnimatedWebpDecoder	byteBufferDecoder(java.util.List,com.bumptech.glide.load.engine.bitmap_recycle.ArrayPool)	imageHeaderParsers	0
com.bumptech.glide.load.resource.drawable.AnimatedWebpDecoder	AnimatedWebpDecoder(java.util.List,com.bumptech.glide.load.engine.bitmap_recycle.ArrayPool)	arrayPool	1
com.bumptech.glide.load.resource.drawable.AnimatedWebpDecoder	AnimatedWebpDecoder(java.util.List,com.bumptech.glide.load.engine.bitmap_recycle.ArrayPool)	imageHeaderParsers	0
com.bumptech.glide.load.resource.drawable.AnimatedWebpDecoder	isHandled(com.bumptech.glide.load.ImageHeaderParser.ImageType)	imageType	0
com.bumptech.glide.load.resource.drawable.AnimatedWebpDecoder$AnimatedImageDrawableResource	AnimatedImageDrawableResource(android.graphics.drawable.AnimatedImageDrawable)	imageDrawable	0
com.bumptech.glide.load.resource.drawable.AnimatedWebpDecoder$StreamAnimatedWebpDecoder	StreamAnimatedWebpDecoder(com.bumptech.glide.load.resource.drawable.AnimatedWebpDecoder)	delegate	0
com.bumptech.glide.load.resource.drawable.AnimatedWebpDecoder$ByteBufferAnimatedWebpDecoder	ByteBufferAnimatedWebpDecoder(com.bumptech.glide.load.resource.drawable.AnimatedWebpDecoder)	delegate	0
com.bumptech.glide.load.resource.drawable.NonOwnedDrawableResource	newInstance(android.graphics.drawable.Drawable)	drawable	0
com.bumptech.glide.load.resource.drawable.DrawableTransitionOptions	equals(java.lang.Object)	o	0
com.bumptech.glide.load.resource.drawable.DrawableDecoderCompat	getDrawable(android.content.Context,android.content.Context,int,android.content.res.Resources.Theme)	ourContext	0
com.bumptech.glide.load.resource.drawable.DrawableDecoderCompat	loadDrawableV7(android.content.Context,int,android.content.res.Resources.Theme)	context	0
com.bumptech.glide.load.resource.drawable.DrawableDecoderCompat	loadDrawableV7(android.content.Context,int,android.content.res.Resources.Theme)	theme	2
com.bumptech.glide.load.resource.transcode.DrawableBytesTranscoder	DrawableBytesTranscoder(com.bumptech.glide.load.engine.bitmap_recycle.BitmapPool,com.bumptech.glide.load.resource.transcode.ResourceTranscoder,com.bumptech.glide.load.resource.transcode.ResourceTranscoder)	bitmapBytesTranscoder	1
com.bumptech.glide.load.resource.transcode.DrawableBytesTranscoder	DrawableBytesTranscoder(com.bumptech.glide.load.engine.bitmap_recycle.BitmapPool,com.bumptech.glide.load.resource.transcode.ResourceTranscoder,com.bumptech.glide.load.resource.transcode.ResourceTranscoder)	bitmapPool	0
com.bumptech.glide.load.resource.transcode.DrawableBytesTranscoder	DrawableBytesTranscoder(com.bumptech.glide.load.engine.bitmap_recycle.BitmapPool,com.bumptech.glide.load.resource.transcode.ResourceTranscoder,com.bumptech.glide.load.resource.transcode.ResourceTranscoder)	gifDrawableBytesTranscoder	2
com.bumptech.glide.load.resource.transcode.DrawableBytesTranscoder	transcode(com.bumptech.glide.load.engine.Resource,com.bumptech.glide.load.Options)	toTranscode	0
com.bumptech.glide.load.resource.transcode.DrawableBytesTranscoder	toGifDrawableResource(com.bumptech.glide.load.engine.Resource)	resource	0
com.bumptech.glide.load.resource.transcode.BitmapBytesTranscoder	BitmapBytesTranscoder(android.graphics.Bitmap.CompressFormat,int)	compressFormat	0
com.bumptech.glide.load.resource.transcode.BitmapBytesTranscoder	BitmapBytesTranscoder(android.graphics.Bitmap.CompressFormat,int)	quality	1
com.bumptech.glide.load.resource.transcode.BitmapBytesTranscoder	transcode(com.bumptech.glide.load.engine.Resource,com.bumptech.glide.load.Options)	toTranscode	0
com.bumptech.glide.load.resource.transcode.UnitTranscoder	transcode(com.bumptech.glide.load.engine.Resource,com.bumptech.glide.load.Options)	toTranscode	0
com.bumptech.glide.load.resource.transcode.GifDrawableBytesTranscoder	transcode(com.bumptech.glide.load.engine.Resource,com.bumptech.glide.load.Options)	toTranscode	0
com.bumptech.glide.load.resource.gif.GifDrawableTransformation	transform(android.content.Context,com.bumptech.glide.load.engine.Resource,int,int)	resource	1
com.bumptech.glide.load.resource.gif.GifDrawableTransformation	equals(java.lang.Object)	o	0
com.bumptech.glide.load.resource.gif.GifFrameResourceDecoder	GifFrameResourceDecoder(com.bumptech.glide.load.engine.bitmap_recycle.BitmapPool)	bitmapPool	0
com.bumptech.glide.load.resource.gif.GifFrameResourceDecoder	decode(com.bumptech.glide.gifdecoder.GifDecoder,int,int,com.bumptech.glide.load.Options)	source	0
com.bumptech.glide.load.resource.gif.ByteBufferGifDecoder	ByteBufferGifDecoder(android.content.Context,java.util.List,com.bumptech.glide.load.engine.bitmap_recycle.BitmapPool,com.bumptech.glide.load.engine.bitmap_recycle.ArrayPool,com.bumptech.glide.load.resource.gif.ByteBufferGifDecoder.GifHeaderParserPool,com.bumptech.glide.load.resource.gif.ByteBufferGifDecoder.GifDecoderFactory)	context	0
com.bumptech.glide.load.resource.gif.ByteBufferGifDecoder	ByteBufferGifDecoder(android.content.Context,java.util.List,com.bumptech.glide.load.engine.bitmap_recycle.BitmapPool,com.bumptech.glide.load.engine.bitmap_recycle.ArrayPool,com.bumptech.glide.load.resource.gif.ByteBufferGifDecoder.GifHeaderParserPool,com.bumptech.glide.load.resource.gif.ByteBufferGifDecoder.GifDecoderFactory)	bitmapPool	2
com.bumptech.glide.load.resource.gif.ByteBufferGifDecoder	ByteBufferGifDecoder(android.content.Context,java.util.List,com.bumptech.glide.load.engine.bitmap_recycle.BitmapPool,com.bumptech.glide.load.engine.bitmap_recycle.ArrayPool,com.bumptech.glide.load.resource.gif.ByteBufferGifDecoder.GifHeaderParserPool,com.bumptech.glide.load.resource.gif.ByteBufferGifDecoder.GifDecoderFactory)	parsers	1
com.bumptech.glide.load.resource.gif.ByteBufferGifDecoder	ByteBufferGifDecoder(android.content.Context,java.util.List,com.bumptech.glide.load.engine.bitmap_recycle.BitmapPool,com.bumptech.glide.load.engine.bitmap_recycle.ArrayPool,com.bumptech.glide.load.resource.gif.ByteBufferGifDecoder.GifHeaderParserPool,com.bumptech.glide.load.resource.gif.ByteBufferGifDecoder.GifDecoderFactory)	parserPool	4
com.bumptech.glide.load.resource.gif.ByteBufferGifDecoder	ByteBufferGifDecoder(android.content.Context,java.util.List,com.bumptech.glide.load.engine.bitmap_recycle.BitmapPool,com.bumptech.glide.load.engine.bitmap_recycle.ArrayPool,com.bumptech.glide.load.resource.gif.ByteBufferGifDecoder.GifHeaderParserPool,com.bumptech.glide.load.resource.gif.ByteBufferGifDecoder.GifDecoderFactory)	gifDecoderFactory	5
com.bumptech.glide.load.resource.gif.ByteBufferGifDecoder	ByteBufferGifDecoder(android.content.Context,java.util.List,com.bumptech.glide.load.engine.bitmap_recycle.BitmapPool,com.bumptech.glide.load.engine.bitmap_recycle.ArrayPool,com.bumptech.glide.load.resource.gif.ByteBufferGifDecoder.GifHeaderParserPool,com.bumptech.glide.load.resource.gif.ByteBufferGifDecoder.GifDecoderFactory)	arrayPool	3
com.bumptech.glide.load.resource.gif.ByteBufferGifDecoder	handles(java.nio.ByteBuffer,com.bumptech.glide.load.Options)	options	1
com.bumptech.glide.load.resource.gif.ByteBufferGifDecoder	decode(java.nio.ByteBuffer,int,int,com.bumptech.glide.gifdecoder.GifHeaderParser,com.bumptech.glide.load.Options)	width	1
com.bumptech.glide.load.resource.gif.ByteBufferGifDecoder	decode(java.nio.ByteBuffer,int,int,com.bumptech.glide.gifdecoder.GifHeaderParser,com.bumptech.glide.load.Options)	height	2
com.bumptech.glide.load.resource.gif.ByteBufferGifDecoder	decode(java.nio.ByteBuffer,int,int,com.bumptech.glide.gifdecoder.GifHeaderParser,com.bumptech.glide.load.Options)	parser	3
com.bumptech.glide.load.resource.gif.ByteBufferGifDecoder	decode(java.nio.ByteBuffer,int,int,com.bumptech.glide.gifdecoder.GifHeaderParser,com.bumptech.glide.load.Options)	options	4
com.bumptech.glide.load.resource.gif.ByteBufferGifDecoder$GifDecoderFactory	build(com.bumptech.glide.gifdecoder.GifDecoder.BitmapProvider,com.bumptech.glide.gifdecoder.GifHeader,java.nio.ByteBuffer,int)	sampleSize	3
com.bumptech.glide.load.resource.gif.ByteBufferGifDecoder$GifDecoderFactory	build(com.bumptech.glide.gifdecoder.GifDecoder.BitmapProvider,com.bumptech.glide.gifdecoder.GifHeader,java.nio.ByteBuffer,int)	provider	0
com.bumptech.glide.load.resource.gif.ByteBufferGifDecoder$GifDecoderFactory	build(com.bumptech.glide.gifdecoder.GifDecoder.BitmapProvider,com.bumptech.glide.gifdecoder.GifHeader,java.nio.ByteBuffer,int)	data	2
com.bumptech.glide.load.resource.gif.ByteBufferGifDecoder$GifDecoderFactory	build(com.bumptech.glide.gifdecoder.GifDecoder.BitmapProvider,com.bumptech.glide.gifdecoder.GifHeader,java.nio.ByteBuffer,int)	header	1
com.bumptech.glide.load.resource.gif.ByteBufferGifDecoder$GifHeaderParserPool	release(com.bumptech.glide.gifdecoder.GifHeaderParser)	parser	0
com.bumptech.glide.load.resource.gif.GifBitmapProvider	GifBitmapProvider(com.bumptech.glide.load.engine.bitmap_recycle.BitmapPool,com.bumptech.glide.load.engine.bitmap_recycle.ArrayPool)	arrayPool	1
com.bumptech.glide.load.resource.gif.GifBitmapProvider	GifBitmapProvider(com.bumptech.glide.load.engine.bitmap_recycle.BitmapPool,com.bumptech.glide.load.engine.bitmap_recycle.ArrayPool)	bitmapPool	0
com.bumptech.glide.load.resource.gif.GifBitmapProvider	obtainByteArray(int)	size	0
com.bumptech.glide.load.resource.gif.GifBitmapProvider	obtainIntArray(int)	size	0
com.bumptech.glide.load.resource.gif.StreamGifDecoder	StreamGifDecoder(java.util.List,com.bumptech.glide.load.ResourceDecoder,com.bumptech.glide.load.engine.bitmap_recycle.ArrayPool)	byteBufferDecoder	1
com.bumptech.glide.load.resource.gif.StreamGifDecoder	StreamGifDecoder(java.util.List,com.bumptech.glide.load.ResourceDecoder,com.bumptech.glide.load.engine.bitmap_recycle.ArrayPool)	parsers	0
com.bumptech.glide.load.resource.gif.StreamGifDecoder	StreamGifDecoder(java.util.List,com.bumptech.glide.load.ResourceDecoder,com.bumptech.glide.load.engine.bitmap_recycle.ArrayPool)	byteArrayPool	2
com.bumptech.glide.load.resource.gif.StreamGifDecoder	handles(java.io.InputStream,com.bumptech.glide.load.Options)	options	1
com.bumptech.glide.load.resource.gif.StreamGifDecoder	inputStreamToBytes(java.io.InputStream)	is	0
com.bumptech.glide.load.resource.gif.GifDrawableEncoder	encode(com.bumptech.glide.load.engine.Resource,java.io.File,com.bumptech.glide.load.Options)	data	0
com.bumptech.glide.load.resource.bytes.ByteBufferRewinder	ByteBufferRewinder(java.nio.ByteBuffer)	buffer	0
com.bumptech.glide.load.resource.bytes.ByteBufferRewinder$Factory	build(java.nio.ByteBuffer)	data	0
com.bumptech.glide.load.resource.UnitTransformation	transform(android.content.Context,com.bumptech.glide.load.engine.Resource,int,int)	resource	1
com.bumptech.glide.load.resource.file.FileDecoder	decode(java.io.File,int,int,com.bumptech.glide.load.Options)	source	0
com.bumptech.glide.load.model.DataUrlLoader	DataUrlLoader(com.bumptech.glide.load.model.DataUrlLoader.DataDecoder)	dataDecoder	0
com.bumptech.glide.load.model.DataUrlLoader	buildLoadData(Model,int,int,com.bumptech.glide.load.Options)	model	0
com.bumptech.glide.load.model.DataUrlLoader	handles(Model)	model	0
com.bumptech.glide.load.model.DataUrlLoader$DataUriFetcher	DataUriFetcher(java.lang.String,com.bumptech.glide.load.model.DataUrlLoader.DataDecoder)	reader	1
com.bumptech.glide.load.model.DataUrlLoader$DataUriFetcher	DataUriFetcher(java.lang.String,com.bumptech.glide.load.model.DataUrlLoader.DataDecoder)	dataUri	0
com.bumptech.glide.load.model.DataUrlLoader$DataUriFetcher	loadData(com.bumptech.glide.Priority,com.bumptech.glide.load.data.DataFetcher.DataCallback)	callback	1
com.bumptech.glide.load.model.DataUrlLoader$StreamFactory$1	decode(java.lang.String)	url	0
com.bumptech.glide.load.model.DataUrlLoader$StreamFactory$1	close(java.io.InputStream)	inputStream	0
com.bumptech.glide.load.model.LazyHeaders	buildHeaderValue(java.util.List)	factories	0
com.bumptech.glide.load.model.LazyHeaders	equals(java.lang.Object)	o	0
com.bumptech.glide.load.model.LazyHeaders$Builder	setHeader(java.lang.String,com.bumptech.glide.load.model.LazyHeaderFactory)	factory	1
com.bumptech.glide.load.model.LazyHeaders$StringHeaderFactory	StringHeaderFactory(java.lang.String)	value	0
com.bumptech.glide.load.model.LazyHeaders$StringHeaderFactory	equals(java.lang.Object)	o	0
com.bumptech.glide.load.model.StringLoader	StringLoader(com.bumptech.glide.load.model.ModelLoader)	uriLoader	0
com.bumptech.glide.load.model.StringLoader	parseUri(java.lang.String)	model	0
com.bumptech.glide.load.model.StringLoader$StreamFactory	build(com.bumptech.glide.load.model.MultiModelLoaderFactory)	multiFactory	0
com.bumptech.glide.load.model.StringLoader$FileDescriptorFactory	build(com.bumptech.glide.load.model.MultiModelLoaderFactory)	multiFactory	0
com.bumptech.glide.load.model.StringLoader$AssetFileDescriptorFactory	build(com.bumptech.glide.load.model.MultiModelLoaderFactory)	multiFactory	0
com.bumptech.glide.load.model.ResourceLoader	ResourceLoader(android.content.res.Resources,com.bumptech.glide.load.model.ModelLoader)	uriLoader	1
com.bumptech.glide.load.model.ResourceLoader	ResourceLoader(android.content.res.Resources,com.bumptech.glide.load.model.ModelLoader)	resources	0
com.bumptech.glide.load.model.ResourceLoader$StreamFactory	StreamFactory(android.content.res.Resources)	resources	0
com.bumptech.glide.load.model.ResourceLoader$StreamFactory	build(com.bumptech.glide.load.model.MultiModelLoaderFactory)	multiFactory	0
com.bumptech.glide.load.model.ResourceLoader$FileDescriptorFactory	FileDescriptorFactory(android.content.res.Resources)	resources	0
com.bumptech.glide.load.model.ResourceLoader$FileDescriptorFactory	build(com.bumptech.glide.load.model.MultiModelLoaderFactory)	multiFactory	0
com.bumptech.glide.load.model.ResourceLoader$AssetFileDescriptorFactory	AssetFileDescriptorFactory(android.content.res.Resources)	resources	0
com.bumptech.glide.load.model.ResourceLoader$AssetFileDescriptorFactory	build(com.bumptech.glide.load.model.MultiModelLoaderFactory)	multiFactory	0
com.bumptech.glide.load.model.ResourceLoader$UriFactory	UriFactory(android.content.res.Resources)	resources	0
com.bumptech.glide.load.model.FileLoader	FileLoader(com.bumptech.glide.load.model.FileLoader.FileOpener)	fileOpener	0
com.bumptech.glide.load.model.FileLoader	buildLoadData(java.io.File,int,int,com.bumptech.glide.load.Options)	model	0
com.bumptech.glide.load.model.FileLoader$FileFetcher	FileFetcher(java.io.File,com.bumptech.glide.load.model.FileLoader.FileOpener)	file	0
com.bumptech.glide.load.model.FileLoader$FileFetcher	FileFetcher(java.io.File,com.bumptech.glide.load.model.FileLoader.FileOpener)	opener	1
com.bumptech.glide.load.model.FileLoader$FileFetcher	loadData(com.bumptech.glide.Priority,com.bumptech.glide.load.data.DataFetcher.DataCallback)	callback	1
com.bumptech.glide.load.model.FileLoader$Factory	Factory(com.bumptech.glide.load.model.FileLoader.FileOpener)	opener	0
com.bumptech.glide.load.model.FileLoader$StreamFactory$1	open(java.io.File)	file	0
com.bumptech.glide.load.model.FileLoader$StreamFactory$1	close(java.io.InputStream)	inputStream	0
com.bumptech.glide.load.model.FileLoader$FileDescriptorFactory$1	close(android.os.ParcelFileDescriptor)	parcelFileDescriptor	0
com.bumptech.glide.load.model.UriLoader	UriLoader(com.bumptech.glide.load.model.UriLoader.LocalUriFetcherFactory)	factory	0
com.bumptech.glide.load.model.UriLoader	buildLoadData(android.net.Uri,int,int,com.bumptech.glide.load.Options)	model	0
com.bumptech.glide.load.model.UriLoader$StreamFactory	StreamFactory(android.content.ContentResolver)	contentResolver	0
com.bumptech.glide.load.model.UriLoader$StreamFactory	build(android.net.Uri)	uri	0
com.bumptech.glide.load.model.UriLoader$FileDescriptorFactory	FileDescriptorFactory(android.content.ContentResolver)	contentResolver	0
com.bumptech.glide.load.model.UriLoader$FileDescriptorFactory	build(android.net.Uri)	uri	0
com.bumptech.glide.load.model.UriLoader$AssetFileDescriptorFactory	AssetFileDescriptorFactory(android.content.ContentResolver)	contentResolver	0
com.bumptech.glide.load.model.UriLoader$AssetFileDescriptorFactory	build(android.net.Uri)	uri	0
com.bumptech.glide.load.model.StreamEncoder	StreamEncoder(com.bumptech.glide.load.engine.bitmap_recycle.ArrayPool)	byteArrayPool	0
com.bumptech.glide.load.model.StreamEncoder	encode(java.io.InputStream,java.io.File,com.bumptech.glide.load.Options)	file	1
com.bumptech.glide.load.model.StreamEncoder	encode(java.io.InputStream,java.io.File,com.bumptech.glide.load.Options)	data	0
com.bumptech.glide.load.model.UnitModelLoader	buildLoadData(Model,int,int,com.bumptech.glide.load.Options)	model	0
com.bumptech.glide.load.model.UnitModelLoader$UnitFetcher	UnitFetcher(Model)	resource	0
com.bumptech.glide.load.model.UnitModelLoader$UnitFetcher	loadData(com.bumptech.glide.Priority,com.bumptech.glide.load.data.DataFetcher.DataCallback)	callback	1
com.bumptech.glide.load.model.AssetUriLoader	AssetUriLoader(android.content.res.AssetManager,com.bumptech.glide.load.model.AssetUriLoader.AssetFetcherFactory)	factory	1
com.bumptech.glide.load.model.AssetUriLoader	AssetUriLoader(android.content.res.AssetManager,com.bumptech.glide.load.model.AssetUriLoader.AssetFetcherFactory)	assetManager	0
com.bumptech.glide.load.model.AssetUriLoader	buildLoadData(android.net.Uri,int,int,com.bumptech.glide.load.Options)	model	0
com.bumptech.glide.load.model.AssetUriLoader	handles(android.net.Uri)	model	0
com.bumptech.glide.load.model.AssetUriLoader$StreamFactory	StreamFactory(android.content.res.AssetManager)	assetManager	0
com.bumptech.glide.load.model.AssetUriLoader$StreamFactory	buildFetcher(android.content.res.AssetManager,java.lang.String)	assetPath	1
com.bumptech.glide.load.model.AssetUriLoader$StreamFactory	buildFetcher(android.content.res.AssetManager,java.lang.String)	assetManager	0
com.bumptech.glide.load.model.AssetUriLoader$FileDescriptorFactory	FileDescriptorFactory(android.content.res.AssetManager)	assetManager	0
com.bumptech.glide.load.model.AssetUriLoader$FileDescriptorFactory	buildFetcher(android.content.res.AssetManager,java.lang.String)	assetPath	1
com.bumptech.glide.load.model.AssetUriLoader$FileDescriptorFactory	buildFetcher(android.content.res.AssetManager,java.lang.String)	assetManager	0
com.bumptech.glide.load.model.MediaStoreFileLoader	MediaStoreFileLoader(android.content.Context)	context	0
com.bumptech.glide.load.model.MediaStoreFileLoader	buildLoadData(android.net.Uri,int,int,com.bumptech.glide.load.Options)	uri	0
com.bumptech.glide.load.model.MediaStoreFileLoader$FilePathFetcher	FilePathFetcher(android.content.Context,android.net.Uri)	uri	1
com.bumptech.glide.load.model.MediaStoreFileLoader$FilePathFetcher	FilePathFetcher(android.content.Context,android.net.Uri)	context	0
com.bumptech.glide.load.model.MediaStoreFileLoader$FilePathFetcher	loadData(com.bumptech.glide.Priority,com.bumptech.glide.load.data.DataFetcher.DataCallback)	callback	1
com.bumptech.glide.load.model.MediaStoreFileLoader$Factory	Factory(android.content.Context)	context	0
com.bumptech.glide.load.model.DirectResourceLoader	inputStreamFactory(android.content.Context)	context	0
com.bumptech.glide.load.model.DirectResourceLoader	assetFileDescriptorFactory(android.content.Context)	context	0
com.bumptech.glide.load.model.DirectResourceLoader	drawableFactory(android.content.Context)	context	0
com.bumptech.glide.load.model.DirectResourceLoader	DirectResourceLoader(android.content.Context,com.bumptech.glide.load.model.DirectResourceLoader.ResourceOpener)	resourceOpener	1
com.bumptech.glide.load.model.DirectResourceLoader	DirectResourceLoader(android.content.Context,com.bumptech.glide.load.model.DirectResourceLoader.ResourceOpener)	context	0
com.bumptech.glide.load.model.DirectResourceLoader	buildLoadData(java.lang.Integer,int,int,com.bumptech.glide.load.Options)	options	3
com.bumptech.glide.load.model.DirectResourceLoader	buildLoadData(java.lang.Integer,int,int,com.bumptech.glide.load.Options)	resourceId	0
com.bumptech.glide.load.model.DirectResourceLoader$AssetFileDescriptorFactory	AssetFileDescriptorFactory(android.content.Context)	context	0
com.bumptech.glide.load.model.DirectResourceLoader$AssetFileDescriptorFactory	open(android.content.res.Resources.Theme,android.content.res.Resources,int)	resources	1
com.bumptech.glide.load.model.DirectResourceLoader$AssetFileDescriptorFactory	close(android.content.res.AssetFileDescriptor)	data	0
com.bumptech.glide.load.model.DirectResourceLoader$InputStreamFactory	InputStreamFactory(android.content.Context)	context	0
com.bumptech.glide.load.model.DirectResourceLoader$InputStreamFactory	open(android.content.res.Resources.Theme,android.content.res.Resources,int)	resources	1
com.bumptech.glide.load.model.DirectResourceLoader$InputStreamFactory	close(java.io.InputStream)	data	0
com.bumptech.glide.load.model.DirectResourceLoader$DrawableFactory	DrawableFactory(android.content.Context)	context	0
com.bumptech.glide.load.model.DirectResourceLoader$ResourceDataFetcher	ResourceDataFetcher(android.content.res.Resources.Theme,android.content.res.Resources,com.bumptech.glide.load.model.DirectResourceLoader.ResourceOpener,int)	theme	0
com.bumptech.glide.load.model.DirectResourceLoader$ResourceDataFetcher	ResourceDataFetcher(android.content.res.Resources.Theme,android.content.res.Resources,com.bumptech.glide.load.model.DirectResourceLoader.ResourceOpener,int)	resources	1
com.bumptech.glide.load.model.DirectResourceLoader$ResourceDataFetcher	ResourceDataFetcher(android.content.res.Resources.Theme,android.content.res.Resources,com.bumptech.glide.load.model.DirectResourceLoader.ResourceOpener,int)	resourceOpener	2
com.bumptech.glide.load.model.DirectResourceLoader$ResourceDataFetcher	ResourceDataFetcher(android.content.res.Resources.Theme,android.content.res.Resources,com.bumptech.glide.load.model.DirectResourceLoader.ResourceOpener,int)	resourceId	3
com.bumptech.glide.load.model.DirectResourceLoader$ResourceDataFetcher	loadData(com.bumptech.glide.Priority,com.bumptech.glide.load.data.DataFetcher.DataCallback)	callback	1
com.bumptech.glide.load.model.ResourceUriLoader	newStreamFactory(android.content.Context)	context	0
com.bumptech.glide.load.model.ResourceUriLoader	newAssetFileDescriptorFactory(android.content.Context)	context	0
com.bumptech.glide.load.model.ResourceUriLoader	ResourceUriLoader(android.content.Context,com.bumptech.glide.load.model.ModelLoader)	context	0
com.bumptech.glide.load.model.ResourceUriLoader	ResourceUriLoader(android.content.Context,com.bumptech.glide.load.model.ModelLoader)	delegate	1
com.bumptech.glide.load.model.ResourceUriLoader	buildLoadData(android.net.Uri,int,int,com.bumptech.glide.load.Options)	uri	0
com.bumptech.glide.load.model.ResourceUriLoader	parseResourceNameUri(android.net.Uri,int,int,com.bumptech.glide.load.Options)	uri	0
com.bumptech.glide.load.model.ResourceUriLoader$InputStreamFactory	InputStreamFactory(android.content.Context)	context	0
com.bumptech.glide.load.model.ResourceUriLoader$InputStreamFactory	build(com.bumptech.glide.load.model.MultiModelLoaderFactory)	multiFactory	0
com.bumptech.glide.load.model.ResourceUriLoader$AssetFileDescriptorFactory	AssetFileDescriptorFactory(android.content.Context)	context	0
com.bumptech.glide.load.model.ResourceUriLoader$AssetFileDescriptorFactory	build(com.bumptech.glide.load.model.MultiModelLoaderFactory)	multiFactory	0
com.bumptech.glide.load.model.ByteBufferFileLoader	buildLoadData(java.io.File,int,int,com.bumptech.glide.load.Options)	file	0
com.bumptech.glide.load.model.ByteBufferFileLoader$ByteBufferFetcher	ByteBufferFetcher(java.io.File)	file	0
com.bumptech.glide.load.model.ByteBufferFileLoader$ByteBufferFetcher	loadData(com.bumptech.glide.Priority,com.bumptech.glide.load.data.DataFetcher.DataCallback)	callback	1
com.bumptech.glide.load.model.stream.HttpGlideUrlLoader	HttpGlideUrlLoader(com.bumptech.glide.load.model.ModelCache)	modelCache	0
com.bumptech.glide.load.model.stream.HttpGlideUrlLoader	buildLoadData(com.bumptech.glide.load.model.GlideUrl,int,int,com.bumptech.glide.load.Options)	options	3
com.bumptech.glide.load.model.stream.HttpGlideUrlLoader	buildLoadData(com.bumptech.glide.load.model.GlideUrl,int,int,com.bumptech.glide.load.Options)	model	0
com.bumptech.glide.load.model.ModelCache	ModelCache(long)	size	0
com.bumptech.glide.load.model.ModelCache$1	onItemEvicted(com.bumptech.glide.load.model.ModelCache.ModelKey,B)	key	0
com.bumptech.glide.load.model.ModelCache$ModelKey	init(A,int,int)	height	2
com.bumptech.glide.load.model.ModelCache$ModelKey	init(A,int,int)	width	1
com.bumptech.glide.load.model.ModelCache$ModelKey	init(A,int,int)	model	0
com.bumptech.glide.load.model.ModelCache$ModelKey	equals(java.lang.Object)	o	0
com.bumptech.glide.load.model.stream.UrlLoader	UrlLoader(com.bumptech.glide.load.model.ModelLoader)	glideUrlLoader	0
com.bumptech.glide.load.model.stream.UrlLoader$StreamFactory	build(com.bumptech.glide.load.model.MultiModelLoaderFactory)	multiFactory	0
com.bumptech.glide.load.model.stream.MediaStoreImageThumbLoader	MediaStoreImageThumbLoader(android.content.Context)	context	0
com.bumptech.glide.load.model.stream.MediaStoreImageThumbLoader	buildLoadData(android.net.Uri,int,int,com.bumptech.glide.load.Options)	model	0
com.bumptech.glide.load.model.stream.MediaStoreImageThumbLoader$Factory	Factory(android.content.Context)	context	0
com.bumptech.glide.load.model.stream.BaseGlideUrlLoader	BaseGlideUrlLoader(com.bumptech.glide.load.model.ModelLoader,com.bumptech.glide.load.model.ModelCache)	concreteLoader	0
com.bumptech.glide.load.model.stream.BaseGlideUrlLoader	BaseGlideUrlLoader(com.bumptech.glide.load.model.ModelLoader,com.bumptech.glide.load.model.ModelCache)	modelCache	1
com.bumptech.glide.load.model.stream.BaseGlideUrlLoader	getAlternateKeys(java.util.Collection)	alternateUrls	0
com.bumptech.glide.load.model.UrlUriLoader	UrlUriLoader(com.bumptech.glide.load.model.ModelLoader)	urlLoader	0
com.bumptech.glide.load.model.UrlUriLoader	buildLoadData(android.net.Uri,int,int,com.bumptech.glide.load.Options)	uri	0
com.bumptech.glide.load.model.UrlUriLoader$StreamFactory	build(com.bumptech.glide.load.model.MultiModelLoaderFactory)	multiFactory	0
com.bumptech.glide.load.model.stream.MediaStoreVideoThumbLoader	MediaStoreVideoThumbLoader(android.content.Context)	context	0
com.bumptech.glide.load.model.stream.MediaStoreVideoThumbLoader	buildLoadData(android.net.Uri,int,int,com.bumptech.glide.load.Options)	model	0
com.bumptech.glide.load.model.stream.MediaStoreVideoThumbLoader	isRequestingDefaultFrame(com.bumptech.glide.load.Options)	options	0
com.bumptech.glide.load.model.stream.MediaStoreVideoThumbLoader$Factory	Factory(android.content.Context)	context	0
com.bumptech.glide.load.model.stream.QMediaStoreUriLoader	QMediaStoreUriLoader(android.content.Context,com.bumptech.glide.load.model.ModelLoader,com.bumptech.glide.load.model.ModelLoader,java.lang.Class)	dataClass	3
com.bumptech.glide.load.model.stream.QMediaStoreUriLoader	QMediaStoreUriLoader(android.content.Context,com.bumptech.glide.load.model.ModelLoader,com.bumptech.glide.load.model.ModelLoader,java.lang.Class)	context	0
com.bumptech.glide.load.model.stream.QMediaStoreUriLoader	QMediaStoreUriLoader(android.content.Context,com.bumptech.glide.load.model.ModelLoader,com.bumptech.glide.load.model.ModelLoader,java.lang.Class)	fileDelegate	1
com.bumptech.glide.load.model.stream.QMediaStoreUriLoader	QMediaStoreUriLoader(android.content.Context,com.bumptech.glide.load.model.ModelLoader,com.bumptech.glide.load.model.ModelLoader,java.lang.Class)	uriDelegate	2
com.bumptech.glide.load.model.stream.QMediaStoreUriLoader	buildLoadData(android.net.Uri,int,int,com.bumptech.glide.load.Options)	uri	0
com.bumptech.glide.load.model.stream.QMediaStoreUriLoader	buildLoadData(android.net.Uri,int,int,com.bumptech.glide.load.Options)	width	1
com.bumptech.glide.load.model.stream.QMediaStoreUriLoader	buildLoadData(android.net.Uri,int,int,com.bumptech.glide.load.Options)	height	2
com.bumptech.glide.load.model.stream.QMediaStoreUriLoader	buildLoadData(android.net.Uri,int,int,com.bumptech.glide.load.Options)	options	3
com.bumptech.glide.load.model.stream.QMediaStoreUriLoader$QMediaStoreUriFetcher	QMediaStoreUriFetcher(android.content.Context,com.bumptech.glide.load.model.ModelLoader,com.bumptech.glide.load.model.ModelLoader,android.net.Uri,int,int,com.bumptech.glide.load.Options,java.lang.Class)	fileDelegate	1
com.bumptech.glide.load.model.stream.QMediaStoreUriLoader$QMediaStoreUriFetcher	QMediaStoreUriFetcher(android.content.Context,com.bumptech.glide.load.model.ModelLoader,com.bumptech.glide.load.model.ModelLoader,android.net.Uri,int,int,com.bumptech.glide.load.Options,java.lang.Class)	dataClass	7
com.bumptech.glide.load.model.stream.QMediaStoreUriLoader$QMediaStoreUriFetcher	QMediaStoreUriFetcher(android.content.Context,com.bumptech.glide.load.model.ModelLoader,com.bumptech.glide.load.model.ModelLoader,android.net.Uri,int,int,com.bumptech.glide.load.Options,java.lang.Class)	uriDelegate	2
com.bumptech.glide.load.model.stream.QMediaStoreUriLoader$QMediaStoreUriFetcher	QMediaStoreUriFetcher(android.content.Context,com.bumptech.glide.load.model.ModelLoader,com.bumptech.glide.load.model.ModelLoader,android.net.Uri,int,int,com.bumptech.glide.load.Options,java.lang.Class)	height	5
com.bumptech.glide.load.model.stream.QMediaStoreUriLoader$QMediaStoreUriFetcher	QMediaStoreUriFetcher(android.content.Context,com.bumptech.glide.load.model.ModelLoader,com.bumptech.glide.load.model.ModelLoader,android.net.Uri,int,int,com.bumptech.glide.load.Options,java.lang.Class)	width	4
com.bumptech.glide.load.model.stream.QMediaStoreUriLoader$QMediaStoreUriFetcher	QMediaStoreUriFetcher(android.content.Context,com.bumptech.glide.load.model.ModelLoader,com.bumptech.glide.load.model.ModelLoader,android.net.Uri,int,int,com.bumptech.glide.load.Options,java.lang.Class)	options	6
com.bumptech.glide.load.model.stream.QMediaStoreUriLoader$QMediaStoreUriFetcher	QMediaStoreUriFetcher(android.content.Context,com.bumptech.glide.load.model.ModelLoader,com.bumptech.glide.load.model.ModelLoader,android.net.Uri,int,int,com.bumptech.glide.load.Options,java.lang.Class)	context	0
com.bumptech.glide.load.model.stream.QMediaStoreUriLoader$QMediaStoreUriFetcher	QMediaStoreUriFetcher(android.content.Context,com.bumptech.glide.load.model.ModelLoader,com.bumptech.glide.load.model.ModelLoader,android.net.Uri,int,int,com.bumptech.glide.load.Options,java.lang.Class)	uri	3
com.bumptech.glide.load.model.stream.QMediaStoreUriLoader$QMediaStoreUriFetcher	loadData(com.bumptech.glide.Priority,com.bumptech.glide.load.data.DataFetcher.DataCallback)	callback	1
com.bumptech.glide.load.model.stream.QMediaStoreUriLoader$QMediaStoreUriFetcher	queryForFilePath(android.net.Uri)	uri	0
com.bumptech.glide.load.model.stream.QMediaStoreUriLoader$Factory	Factory(android.content.Context,java.lang.Class)	dataClass	1
com.bumptech.glide.load.model.stream.QMediaStoreUriLoader$Factory	Factory(android.content.Context,java.lang.Class)	context	0
com.bumptech.glide.load.model.stream.QMediaStoreUriLoader$Factory	build(com.bumptech.glide.load.model.MultiModelLoaderFactory)	multiFactory	0
com.bumptech.glide.load.model.ByteArrayLoader	ByteArrayLoader(com.bumptech.glide.load.model.ByteArrayLoader.Converter)	converter	0
com.bumptech.glide.load.model.ByteArrayLoader	buildLoadData(byte[],int,int,com.bumptech.glide.load.Options)	model	0
com.bumptech.glide.load.model.ByteArrayLoader$Fetcher	Fetcher(byte[],com.bumptech.glide.load.model.ByteArrayLoader.Converter)	converter	1
com.bumptech.glide.load.model.ByteArrayLoader$Fetcher	Fetcher(byte[],com.bumptech.glide.load.model.ByteArrayLoader.Converter)	model	0
com.bumptech.glide.load.model.ByteArrayLoader$Fetcher	loadData(com.bumptech.glide.Priority,com.bumptech.glide.load.data.DataFetcher.DataCallback)	callback	1
com.bumptech.glide.load.model.ByteArrayLoader$StreamFactory$1	convert(byte[])	model	0
com.bumptech.glide.request.ThumbnailRequestCoordinator	ThumbnailRequestCoordinator(java.lang.Object,com.bumptech.glide.request.RequestCoordinator)	parent	1
com.bumptech.glide.request.ThumbnailRequestCoordinator	ThumbnailRequestCoordinator(java.lang.Object,com.bumptech.glide.request.RequestCoordinator)	requestLock	0
com.bumptech.glide.request.ThumbnailRequestCoordinator	setRequests(com.bumptech.glide.request.Request,com.bumptech.glide.request.Request)	thumb	1
com.bumptech.glide.request.ThumbnailRequestCoordinator	setRequests(com.bumptech.glide.request.Request,com.bumptech.glide.request.Request)	full	0
com.bumptech.glide.request.ThumbnailRequestCoordinator	canSetImage(com.bumptech.glide.request.Request)	request	0
com.bumptech.glide.request.ThumbnailRequestCoordinator	canNotifyStatusChanged(com.bumptech.glide.request.Request)	request	0
com.bumptech.glide.request.ThumbnailRequestCoordinator	canNotifyCleared(com.bumptech.glide.request.Request)	request	0
com.bumptech.glide.request.ThumbnailRequestCoordinator	onRequestSuccess(com.bumptech.glide.request.Request)	request	0
com.bumptech.glide.request.ThumbnailRequestCoordinator	onRequestFailed(com.bumptech.glide.request.Request)	request	0
com.bumptech.glide.request.ThumbnailRequestCoordinator	isEquivalentTo(com.bumptech.glide.request.Request)	o	0
com.bumptech.glide.request.transition.ViewAnimationFactory	ViewAnimationFactory(com.bumptech.glide.request.transition.ViewTransition.ViewTransitionAnimationFactory)	viewTransitionAnimationFactory	0
com.bumptech.glide.request.transition.ViewAnimationFactory	build(com.bumptech.glide.load.DataSource,boolean)	dataSource	0
com.bumptech.glide.request.transition.ViewAnimationFactory	build(com.bumptech.glide.load.DataSource,boolean)	isFirstResource	1
com.bumptech.glide.request.transition.ViewAnimationFactory$ConcreteViewTransitionAnimationFactory	ConcreteViewTransitionAnimationFactory(android.view.animation.Animation)	animation	0
com.bumptech.glide.request.transition.ViewAnimationFactory$ResourceViewTransitionAnimationFactory	ResourceViewTransitionAnimationFactory(int)	animationId	0
com.bumptech.glide.request.transition.ViewTransition	ViewTransition(com.bumptech.glide.request.transition.ViewTransition.ViewTransitionAnimationFactory)	viewTransitionAnimationFactory	0
com.bumptech.glide.request.transition.ViewTransition	transition(R,com.bumptech.glide.request.transition.Transition.ViewAdapter)	adapter	1
com.bumptech.glide.request.transition.BitmapTransitionFactory	getBitmap(android.graphics.Bitmap)	current	0
com.bumptech.glide.request.transition.BitmapContainerTransitionFactory	BitmapContainerTransitionFactory(com.bumptech.glide.request.transition.TransitionFactory)	realFactory	0
com.bumptech.glide.request.transition.BitmapContainerTransitionFactory$BitmapGlideAnimation	BitmapGlideAnimation(com.bumptech.glide.request.transition.Transition)	transition	0
com.bumptech.glide.request.transition.BitmapContainerTransitionFactory$BitmapGlideAnimation	transition(R,com.bumptech.glide.request.transition.Transition.ViewAdapter)	adapter	1
com.bumptech.glide.request.transition.ViewPropertyAnimationFactory	ViewPropertyAnimationFactory(com.bumptech.glide.request.transition.ViewPropertyTransition.Animator)	animator	0
com.bumptech.glide.request.transition.ViewPropertyAnimationFactory	build(com.bumptech.glide.load.DataSource,boolean)	isFirstResource	1
com.bumptech.glide.request.transition.ViewPropertyAnimationFactory	build(com.bumptech.glide.load.DataSource,boolean)	dataSource	0
com.bumptech.glide.request.target.ImageViewTarget	onResourceReady(Z,com.bumptech.glide.request.transition.Transition)	transition	1
com.bumptech.glide.request.target.ImageViewTarget	maybeUpdateAnimatable(Z)	resource	0
com.bumptech.glide.request.target.SimpleTarget	SimpleTarget(int,int)	height	1
com.bumptech.glide.request.target.SimpleTarget	SimpleTarget(int,int)	width	0
com.bumptech.glide.request.target.SimpleTarget	getSize(com.bumptech.glide.request.target.SizeReadyCallback)	cb	0
com.bumptech.glide.request.target.BitmapThumbnailImageViewTarget	getDrawable(android.graphics.Bitmap)	resource	0
com.bumptech.glide.request.target.AppWidgetTarget	AppWidgetTarget(android.content.Context,int,int,int,android.widget.RemoteViews,int[])	widgetIds	5
com.bumptech.glide.request.target.AppWidgetTarget	AppWidgetTarget(android.content.Context,int,int,int,android.widget.RemoteViews,int[])	viewId	3
com.bumptech.glide.request.target.AppWidgetTarget	AppWidgetTarget(android.content.Context,int,int,int,android.widget.RemoteViews,android.content.ComponentName)	viewId	3
com.bumptech.glide.request.target.NotificationTarget	NotificationTarget(android.content.Context,int,int,int,android.widget.RemoteViews,android.app.Notification,int,java.lang.String)	notificationId	6
com.bumptech.glide.request.target.NotificationTarget	NotificationTarget(android.content.Context,int,int,int,android.widget.RemoteViews,android.app.Notification,int,java.lang.String)	viewId	3
com.bumptech.glide.request.target.NotificationTarget	NotificationTarget(android.content.Context,int,int,int,android.widget.RemoteViews,android.app.Notification,int,java.lang.String)	notificationTag	7
com.bumptech.glide.request.target.FixedSizeDrawable	FixedSizeDrawable(com.bumptech.glide.request.target.FixedSizeDrawable.State,android.graphics.drawable.Drawable)	wrapped	1
com.bumptech.glide.request.target.FixedSizeDrawable	draw(android.graphics.Canvas)	canvas	0
com.bumptech.glide.request.target.FixedSizeDrawable$State	State(android.graphics.drawable.Drawable.ConstantState,int,int)	wrapped	0
com.bumptech.glide.request.target.FixedSizeDrawable$State	State(android.graphics.drawable.Drawable.ConstantState,int,int)	height	2
com.bumptech.glide.request.target.FixedSizeDrawable$State	State(android.graphics.drawable.Drawable.ConstantState,int,int)	width	1
com.bumptech.glide.request.target.DrawableThumbnailImageViewTarget	getDrawable(android.graphics.drawable.Drawable)	resource	0
com.bumptech.glide.request.target.PreloadTarget$1	handleMessage(android.os.Message)	message	0
com.bumptech.glide.request.target.PreloadTarget	obtain(com.bumptech.glide.RequestManager,int,int)	width	1
com.bumptech.glide.request.target.PreloadTarget	obtain(com.bumptech.glide.RequestManager,int,int)	height	2
com.bumptech.glide.request.target.PreloadTarget	obtain(com.bumptech.glide.RequestManager,int,int)	requestManager	0
com.bumptech.glide.request.target.PreloadTarget	PreloadTarget(com.bumptech.glide.RequestManager,int,int)	requestManager	0
com.bumptech.glide.request.SingleRequest	obtain(android.content.Context,com.bumptech.glide.GlideContext,java.lang.Object,java.lang.Object,java.lang.Class,com.bumptech.glide.request.BaseRequestOptions,int,int,com.bumptech.glide.Priority,com.bumptech.glide.request.target.Target,com.bumptech.glide.request.RequestListener,java.util.List,com.bumptech.glide.request.RequestCoordinator,com.bumptech.glide.load.engine.Engine,com.bumptech.glide.request.transition.TransitionFactory,java.util.concurrent.Executor)	requestLock	2
com.bumptech.glide.request.SingleRequest	obtain(android.content.Context,com.bumptech.glide.GlideContext,java.lang.Object,java.lang.Object,java.lang.Class,com.bumptech.glide.request.BaseRequestOptions,int,int,com.bumptech.glide.Priority,com.bumptech.glide.request.target.Target,com.bumptech.glide.request.RequestListener,java.util.List,com.bumptech.glide.request.RequestCoordinator,com.bumptech.glide.load.engine.Engine,com.bumptech.glide.request.transition.TransitionFactory,java.util.concurrent.Executor)	requestListeners	11
com.bumptech.glide.request.SingleRequest	obtain(android.content.Context,com.bumptech.glide.GlideContext,java.lang.Object,java.lang.Object,java.lang.Class,com.bumptech.glide.request.BaseRequestOptions,int,int,com.bumptech.glide.Priority,com.bumptech.glide.request.target.Target,com.bumptech.glide.request.RequestListener,java.util.List,com.bumptech.glide.request.RequestCoordinator,com.bumptech.glide.load.engine.Engine,com.bumptech.glide.request.transition.TransitionFactory,java.util.concurrent.Executor)	targetListener	10
com.bumptech.glide.request.SingleRequest	obtain(android.content.Context,com.bumptech.glide.GlideContext,java.lang.Object,java.lang.Object,java.lang.Class,com.bumptech.glide.request.BaseRequestOptions,int,int,com.bumptech.glide.Priority,com.bumptech.glide.request.target.Target,com.bumptech.glide.request.RequestListener,java.util.List,com.bumptech.glide.request.RequestCoordinator,com.bumptech.glide.load.engine.Engine,com.bumptech.glide.request.transition.TransitionFactory,java.util.concurrent.Executor)	glideContext	1
com.bumptech.glide.request.SingleRequest	obtain(android.content.Context,com.bumptech.glide.GlideContext,java.lang.Object,java.lang.Object,java.lang.Class,com.bumptech.glide.request.BaseRequestOptions,int,int,com.bumptech.glide.Priority,com.bumptech.glide.request.target.Target,com.bumptech.glide.request.RequestListener,java.util.List,com.bumptech.glide.request.RequestCoordinator,com.bumptech.glide.load.engine.Engine,com.bumptech.glide.request.transition.TransitionFactory,java.util.concurrent.Executor)	overrideWidth	6
com.bumptech.glide.request.SingleRequest	obtain(android.content.Context,com.bumptech.glide.GlideContext,java.lang.Object,java.lang.Object,java.lang.Class,com.bumptech.glide.request.BaseRequestOptions,int,int,com.bumptech.glide.Priority,com.bumptech.glide.request.target.Target,com.bumptech.glide.request.RequestListener,java.util.List,com.bumptech.glide.request.RequestCoordinator,com.bumptech.glide.load.engine.Engine,com.bumptech.glide.request.transition.TransitionFactory,java.util.concurrent.Executor)	transcodeClass	4
com.bumptech.glide.request.SingleRequest	obtain(android.content.Context,com.bumptech.glide.GlideContext,java.lang.Object,java.lang.Object,java.lang.Class,com.bumptech.glide.request.BaseRequestOptions,int,int,com.bumptech.glide.Priority,com.bumptech.glide.request.target.Target,com.bumptech.glide.request.RequestListener,java.util.List,com.bumptech.glide.request.RequestCoordinator,com.bumptech.glide.load.engine.Engine,com.bumptech.glide.request.transition.TransitionFactory,java.util.concurrent.Executor)	overrideHeight	7
com.bumptech.glide.request.SingleRequest	obtain(android.content.Context,com.bumptech.glide.GlideContext,java.lang.Object,java.lang.Object,java.lang.Class,com.bumptech.glide.request.BaseRequestOptions,int,int,com.bumptech.glide.Priority,com.bumptech.glide.request.target.Target,com.bumptech.glide.request.RequestListener,java.util.List,com.bumptech.glide.request.RequestCoordinator,com.bumptech.glide.load.engine.Engine,com.bumptech.glide.request.transition.TransitionFactory,java.util.concurrent.Executor)	requestCoordinator	12
com.bumptech.glide.request.SingleRequest	obtain(android.content.Context,com.bumptech.glide.GlideContext,java.lang.Object,java.lang.Object,java.lang.Class,com.bumptech.glide.request.BaseRequestOptions,int,int,com.bumptech.glide.Priority,com.bumptech.glide.request.target.Target,com.bumptech.glide.request.RequestListener,java.util.List,com.bumptech.glide.request.RequestCoordinator,com.bumptech.glide.load.engine.Engine,com.bumptech.glide.request.transition.TransitionFactory,java.util.concurrent.Executor)	context	0
com.bumptech.glide.request.SingleRequest	obtain(android.content.Context,com.bumptech.glide.GlideContext,java.lang.Object,java.lang.Object,java.lang.Class,com.bumptech.glide.request.BaseRequestOptions,int,int,com.bumptech.glide.Priority,com.bumptech.glide.request.target.Target,com.bumptech.glide.request.RequestListener,java.util.List,com.bumptech.glide.request.RequestCoordinator,com.bumptech.glide.load.engine.Engine,com.bumptech.glide.request.transition.TransitionFactory,java.util.concurrent.Executor)	model	3
com.bumptech.glide.request.SingleRequest	obtain(android.content.Context,com.bumptech.glide.GlideContext,java.lang.Object,java.lang.Object,java.lang.Class,com.bumptech.glide.request.BaseRequestOptions,int,int,com.bumptech.glide.Priority,com.bumptech.glide.request.target.Target,com.bumptech.glide.request.RequestListener,java.util.List,com.bumptech.glide.request.RequestCoordinator,com.bumptech.glide.load.engine.Engine,com.bumptech.glide.request.transition.TransitionFactory,java.util.concurrent.Executor)	callbackExecutor	15
com.bumptech.glide.request.SingleRequest	obtain(android.content.Context,com.bumptech.glide.GlideContext,java.lang.Object,java.lang.Object,java.lang.Class,com.bumptech.glide.request.BaseRequestOptions,int,int,com.bumptech.glide.Priority,com.bumptech.glide.request.target.Target,com.bumptech.glide.request.RequestListener,java.util.List,com.bumptech.glide.request.RequestCoordinator,com.bumptech.glide.load.engine.Engine,com.bumptech.glide.request.transition.TransitionFactory,java.util.concurrent.Executor)	target	9
com.bumptech.glide.request.SingleRequest	obtain(android.content.Context,com.bumptech.glide.GlideContext,java.lang.Object,java.lang.Object,java.lang.Class,com.bumptech.glide.request.BaseRequestOptions,int,int,com.bumptech.glide.Priority,com.bumptech.glide.request.target.Target,com.bumptech.glide.request.RequestListener,java.util.List,com.bumptech.glide.request.RequestCoordinator,com.bumptech.glide.load.engine.Engine,com.bumptech.glide.request.transition.TransitionFactory,java.util.concurrent.Executor)	priority	8
com.bumptech.glide.request.SingleRequest	obtain(android.content.Context,com.bumptech.glide.GlideContext,java.lang.Object,java.lang.Object,java.lang.Class,com.bumptech.glide.request.BaseRequestOptions,int,int,com.bumptech.glide.Priority,com.bumptech.glide.request.target.Target,com.bumptech.glide.request.RequestListener,java.util.List,com.bumptech.glide.request.RequestCoordinator,com.bumptech.glide.load.engine.Engine,com.bumptech.glide.request.transition.TransitionFactory,java.util.concurrent.Executor)	requestOptions	5
com.bumptech.glide.request.SingleRequest	obtain(android.content.Context,com.bumptech.glide.GlideContext,java.lang.Object,java.lang.Object,java.lang.Class,com.bumptech.glide.request.BaseRequestOptions,int,int,com.bumptech.glide.Priority,com.bumptech.glide.request.target.Target,com.bumptech.glide.request.RequestListener,java.util.List,com.bumptech.glide.request.RequestCoordinator,com.bumptech.glide.load.engine.Engine,com.bumptech.glide.request.transition.TransitionFactory,java.util.concurrent.Executor)	engine	13
com.bumptech.glide.request.SingleRequest	obtain(android.content.Context,com.bumptech.glide.GlideContext,java.lang.Object,java.lang.Object,java.lang.Class,com.bumptech.glide.request.BaseRequestOptions,int,int,com.bumptech.glide.Priority,com.bumptech.glide.request.target.Target,com.bumptech.glide.request.RequestListener,java.util.List,com.bumptech.glide.request.RequestCoordinator,com.bumptech.glide.load.engine.Engine,com.bumptech.glide.request.transition.TransitionFactory,java.util.concurrent.Executor)	animationFactory	14
com.bumptech.glide.request.SingleRequest	SingleRequest(android.content.Context,com.bumptech.glide.GlideContext,java.lang.Object,java.lang.Object,java.lang.Class,com.bumptech.glide.request.BaseRequestOptions,int,int,com.bumptech.glide.Priority,com.bumptech.glide.request.target.Target,com.bumptech.glide.request.RequestListener,java.util.List,com.bumptech.glide.request.RequestCoordinator,com.bumptech.glide.load.engine.Engine,com.bumptech.glide.request.transition.TransitionFactory,java.util.concurrent.Executor)	transcodeClass	4
com.bumptech.glide.request.SingleRequest	SingleRequest(android.content.Context,com.bumptech.glide.GlideContext,java.lang.Object,java.lang.Object,java.lang.Class,com.bumptech.glide.request.BaseRequestOptions,int,int,com.bumptech.glide.Priority,com.bumptech.glide.request.target.Target,com.bumptech.glide.request.RequestListener,java.util.List,com.bumptech.glide.request.RequestCoordinator,com.bumptech.glide.load.engine.Engine,com.bumptech.glide.request.transition.TransitionFactory,java.util.concurrent.Executor)	engine	13
com.bumptech.glide.request.SingleRequest	SingleRequest(android.content.Context,com.bumptech.glide.GlideContext,java.lang.Object,java.lang.Object,java.lang.Class,com.bumptech.glide.request.BaseRequestOptions,int,int,com.bumptech.glide.Priority,com.bumptech.glide.request.target.Target,com.bumptech.glide.request.RequestListener,java.util.List,com.bumptech.glide.request.RequestCoordinator,com.bumptech.glide.load.engine.Engine,com.bumptech.glide.request.transition.TransitionFactory,java.util.concurrent.Executor)	requestLock	2
com.bumptech.glide.request.SingleRequest	SingleRequest(android.content.Context,com.bumptech.glide.GlideContext,java.lang.Object,java.lang.Object,java.lang.Class,com.bumptech.glide.request.BaseRequestOptions,int,int,com.bumptech.glide.Priority,com.bumptech.glide.request.target.Target,com.bumptech.glide.request.RequestListener,java.util.List,com.bumptech.glide.request.RequestCoordinator,com.bumptech.glide.load.engine.Engine,com.bumptech.glide.request.transition.TransitionFactory,java.util.concurrent.Executor)	callbackExecutor	15
com.bumptech.glide.request.SingleRequest	SingleRequest(android.content.Context,com.bumptech.glide.GlideContext,java.lang.Object,java.lang.Object,java.lang.Class,com.bumptech.glide.request.BaseRequestOptions,int,int,com.bumptech.glide.Priority,com.bumptech.glide.request.target.Target,com.bumptech.glide.request.RequestListener,java.util.List,com.bumptech.glide.request.RequestCoordinator,com.bumptech.glide.load.engine.Engine,com.bumptech.glide.request.transition.TransitionFactory,java.util.concurrent.Executor)	overrideWidth	6
com.bumptech.glide.request.SingleRequest	SingleRequest(android.content.Context,com.bumptech.glide.GlideContext,java.lang.Object,java.lang.Object,java.lang.Class,com.bumptech.glide.request.BaseRequestOptions,int,int,com.bumptech.glide.Priority,com.bumptech.glide.request.target.Target,com.bumptech.glide.request.RequestListener,java.util.List,com.bumptech.glide.request.RequestCoordinator,com.bumptech.glide.load.engine.Engine,com.bumptech.glide.request.transition.TransitionFactory,java.util.concurrent.Executor)	targetListener	10
com.bumptech.glide.request.SingleRequest	SingleRequest(android.content.Context,com.bumptech.glide.GlideContext,java.lang.Object,java.lang.Object,java.lang.Class,com.bumptech.glide.request.BaseRequestOptions,int,int,com.bumptech.glide.Priority,com.bumptech.glide.request.target.Target,com.bumptech.glide.request.RequestListener,java.util.List,com.bumptech.glide.request.RequestCoordinator,com.bumptech.glide.load.engine.Engine,com.bumptech.glide.request.transition.TransitionFactory,java.util.concurrent.Executor)	priority	8
com.bumptech.glide.request.SingleRequest	SingleRequest(android.content.Context,com.bumptech.glide.GlideContext,java.lang.Object,java.lang.Object,java.lang.Class,com.bumptech.glide.request.BaseRequestOptions,int,int,com.bumptech.glide.Priority,com.bumptech.glide.request.target.Target,com.bumptech.glide.request.RequestListener,java.util.List,com.bumptech.glide.request.RequestCoordinator,com.bumptech.glide.load.engine.Engine,com.bumptech.glide.request.transition.TransitionFactory,java.util.concurrent.Executor)	glideContext	1
com.bumptech.glide.request.SingleRequest	SingleRequest(android.content.Context,com.bumptech.glide.GlideContext,java.lang.Object,java.lang.Object,java.lang.Class,com.bumptech.glide.request.BaseRequestOptions,int,int,com.bumptech.glide.Priority,com.bumptech.glide.request.target.Target,com.bumptech.glide.request.RequestListener,java.util.List,com.bumptech.glide.request.RequestCoordinator,com.bumptech.glide.load.engine.Engine,com.bumptech.glide.request.transition.TransitionFactory,java.util.concurrent.Executor)	requestOptions	5
com.bumptech.glide.request.SingleRequest	SingleRequest(android.content.Context,com.bumptech.glide.GlideContext,java.lang.Object,java.lang.Object,java.lang.Class,com.bumptech.glide.request.BaseRequestOptions,int,int,com.bumptech.glide.Priority,com.bumptech.glide.request.target.Target,com.bumptech.glide.request.RequestListener,java.util.List,com.bumptech.glide.request.RequestCoordinator,com.bumptech.glide.load.engine.Engine,com.bumptech.glide.request.transition.TransitionFactory,java.util.concurrent.Executor)	animationFactory	14
com.bumptech.glide.request.SingleRequest	SingleRequest(android.content.Context,com.bumptech.glide.GlideContext,java.lang.Object,java.lang.Object,java.lang.Class,com.bumptech.glide.request.BaseRequestOptions,int,int,com.bumptech.glide.Priority,com.bumptech.glide.request.target.Target,com.bumptech.glide.request.RequestListener,java.util.List,com.bumptech.glide.request.RequestCoordinator,com.bumptech.glide.load.engine.Engine,com.bumptech.glide.request.transition.TransitionFactory,java.util.concurrent.Executor)	requestListeners	11
com.bumptech.glide.request.SingleRequest	SingleRequest(android.content.Context,com.bumptech.glide.GlideContext,java.lang.Object,java.lang.Object,java.lang.Class,com.bumptech.glide.request.BaseRequestOptions,int,int,com.bumptech.glide.Priority,com.bumptech.glide.request.target.Target,com.bumptech.glide.request.RequestListener,java.util.List,com.bumptech.glide.request.RequestCoordinator,com.bumptech.glide.load.engine.Engine,com.bumptech.glide.request.transition.TransitionFactory,java.util.concurrent.Executor)	model	3
com.bumptech.glide.request.SingleRequest	SingleRequest(android.content.Context,com.bumptech.glide.GlideContext,java.lang.Object,java.lang.Object,java.lang.Class,com.bumptech.glide.request.BaseRequestOptions,int,int,com.bumptech.glide.Priority,com.bumptech.glide.request.target.Target,com.bumptech.glide.request.RequestListener,java.util.List,com.bumptech.glide.request.RequestCoordinator,com.bumptech.glide.load.engine.Engine,com.bumptech.glide.request.transition.TransitionFactory,java.util.concurrent.Executor)	target	9
com.bumptech.glide.request.SingleRequest	SingleRequest(android.content.Context,com.bumptech.glide.GlideContext,java.lang.Object,java.lang.Object,java.lang.Class,com.bumptech.glide.request.BaseRequestOptions,int,int,com.bumptech.glide.Priority,com.bumptech.glide.request.target.Target,com.bumptech.glide.request.RequestListener,java.util.List,com.bumptech.glide.request.RequestCoordinator,com.bumptech.glide.load.engine.Engine,com.bumptech.glide.request.transition.TransitionFactory,java.util.concurrent.Executor)	requestCoordinator	12
com.bumptech.glide.request.SingleRequest	SingleRequest(android.content.Context,com.bumptech.glide.GlideContext,java.lang.Object,java.lang.Object,java.lang.Class,com.bumptech.glide.request.BaseRequestOptions,int,int,com.bumptech.glide.Priority,com.bumptech.glide.request.target.Target,com.bumptech.glide.request.RequestListener,java.util.List,com.bumptech.glide.request.RequestCoordinator,com.bumptech.glide.load.engine.Engine,com.bumptech.glide.request.transition.TransitionFactory,java.util.concurrent.Executor)	context	0
com.bumptech.glide.request.SingleRequest	SingleRequest(android.content.Context,com.bumptech.glide.GlideContext,java.lang.Object,java.lang.Object,java.lang.Class,com.bumptech.glide.request.BaseRequestOptions,int,int,com.bumptech.glide.Priority,com.bumptech.glide.request.target.Target,com.bumptech.glide.request.RequestListener,java.util.List,com.bumptech.glide.request.RequestCoordinator,com.bumptech.glide.load.engine.Engine,com.bumptech.glide.request.transition.TransitionFactory,java.util.concurrent.Executor)	overrideHeight	7
com.bumptech.glide.request.SingleRequest	maybeApplySizeMultiplier(int,float)	size	0
com.bumptech.glide.request.SingleRequest	onResourceReady(com.bumptech.glide.load.engine.Resource,com.bumptech.glide.load.DataSource,boolean)	resource	0
com.bumptech.glide.request.SingleRequest	onResourceReady(com.bumptech.glide.load.engine.Resource,R,com.bumptech.glide.load.DataSource,boolean)	resource	0
com.bumptech.glide.request.SingleRequest	onLoadFailed(com.bumptech.glide.load.engine.GlideException,int)	maxLogLevel	1
com.bumptech.glide.request.SingleRequest	onLoadFailed(com.bumptech.glide.load.engine.GlideException,int)	e	0
com.bumptech.glide.request.SingleRequest	isEquivalentTo(com.bumptech.glide.request.Request)	o	0
com.bumptech.glide.request.RequestFutureTarget	RequestFutureTarget(int,int,boolean,com.bumptech.glide.request.RequestFutureTarget.Waiter)	height	1
com.bumptech.glide.request.RequestFutureTarget	RequestFutureTarget(int,int,boolean,com.bumptech.glide.request.RequestFutureTarget.Waiter)	waiter	3
com.bumptech.glide.request.RequestFutureTarget	RequestFutureTarget(int,int,boolean,com.bumptech.glide.request.RequestFutureTarget.Waiter)	width	0
com.bumptech.glide.request.RequestFutureTarget	RequestFutureTarget(int,int,boolean,com.bumptech.glide.request.RequestFutureTarget.Waiter)	assertBackgroundThread	2
com.bumptech.glide.request.RequestFutureTarget	cancel(boolean)	mayInterruptIfRunning	0
com.bumptech.glide.request.RequestFutureTarget	getSize(com.bumptech.glide.request.target.SizeReadyCallback)	cb	0
com.bumptech.glide.request.RequestFutureTarget	setRequest(com.bumptech.glide.request.Request)	request	0
com.bumptech.glide.request.RequestFutureTarget	doGet(java.lang.Long)	timeoutMillis	0
com.bumptech.glide.request.RequestFutureTarget	onLoadFailed(com.bumptech.glide.load.engine.GlideException,java.lang.Object,com.bumptech.glide.request.target.Target,boolean)	e	0
com.bumptech.glide.request.RequestFutureTarget	onResourceReady(R,java.lang.Object,com.bumptech.glide.request.target.Target,com.bumptech.glide.load.DataSource,boolean)	resource	0
com.bumptech.glide.request.RequestFutureTarget$Waiter	waitForTimeout(java.lang.Object,long)	toWaitOn	0
com.bumptech.glide.request.RequestFutureTarget$Waiter	notifyAll(java.lang.Object)	toNotify	0
com.bumptech.glide.request.ErrorRequestCoordinator	ErrorRequestCoordinator(java.lang.Object,com.bumptech.glide.request.RequestCoordinator)	requestLock	0
com.bumptech.glide.request.ErrorRequestCoordinator	ErrorRequestCoordinator(java.lang.Object,com.bumptech.glide.request.RequestCoordinator)	parent	1
com.bumptech.glide.request.ErrorRequestCoordinator	setRequests(com.bumptech.glide.request.Request,com.bumptech.glide.request.Request)	error	1
com.bumptech.glide.request.ErrorRequestCoordinator	setRequests(com.bumptech.glide.request.Request,com.bumptech.glide.request.Request)	primary	0
com.bumptech.glide.request.ErrorRequestCoordinator	isEquivalentTo(com.bumptech.glide.request.Request)	o	0
com.bumptech.glide.request.ErrorRequestCoordinator	canNotifyCleared(com.bumptech.glide.request.Request)	request	0
com.bumptech.glide.request.ErrorRequestCoordinator	isValidRequestForStatusChanged(com.bumptech.glide.request.Request)	request	0
com.bumptech.glide.request.ErrorRequestCoordinator	onRequestSuccess(com.bumptech.glide.request.Request)	request	0
com.bumptech.glide.request.ErrorRequestCoordinator	onRequestFailed(com.bumptech.glide.request.Request)	request	0
