message_type	message	enc_class	enc_member	offset	path	target_kind	target_class	target_method	target_param	target_index	target_path	infos
METHOD_NO_INIT	initializer method does not guarantee @NonNull field requestOptions (line 93) is initialized along all control-flow paths (remember to check for exceptions or early returns).	com.bumptech.glide.RequestManager	RequestManager(com.bumptech.glide.Glide,com.bumptech.glide.manager.Lifecycle,com.bumptech.glide.manager.RequestManagerTreeNode,com.bumptech.glide.manager.RequestTracker,com.bumptech.glide.manager.ConnectivityMonitorFactory,android.content.Context)	4392	/home/nima/Developer/nullness-benchmarks/glide/library/src/main/java/com/bumptech/glide/RequestManager.java	null	null	null	null	null	null
PASS_NULLABLE	passing @Nullable parameter 'previous' where @NonNull is required	com.bumptech.glide.RequestBuilder	into(Y,com.bumptech.glide.request.RequestListener,com.bumptech.glide.request.BaseRequestOptions,java.util.concurrent.Executor)	39442	/home/nima/Developer/nullness-benchmarks/glide/library/src/main/java/com/bumptech/glide/RequestBuilder.java	PARAMETER	com.bumptech.glide.request.Request	isEquivalentTo(com.bumptech.glide.request.Request)	other	0	/home/nima/Developer/nullness-benchmarks/glide/library/src/main/java/com/bumptech/glide/request/Request.java
PASS_NULLABLE	passing @Nullable parameter 'previous' where @NonNull is required	com.bumptech.glide.RequestBuilder	into(Y,com.bumptech.glide.request.RequestListener,com.bumptech.glide.request.BaseRequestOptions,java.util.concurrent.Executor)	39487	/home/nima/Developer/nullness-benchmarks/glide/library/src/main/java/com/bumptech/glide/RequestBuilder.java	PARAMETER	com.bumptech.glide.RequestBuilder	isSkipMemoryCacheWithCompletePreviousRequest(com.bumptech.glide.request.BaseRequestOptions,com.bumptech.glide.request.Request)	previous	1	/home/nima/Developer/nullness-benchmarks/glide/library/src/main/java/com/bumptech/glide/RequestBuilder.java
DEREFERENCE_NULLABLE	dereferenced expression previous is @Nullable	com.bumptech.glide.RequestBuilder	into(Y,com.bumptech.glide.request.RequestListener,com.bumptech.glide.request.BaseRequestOptions,java.util.concurrent.Executor)	40231	/home/nima/Developer/nullness-benchmarks/glide/library/src/main/java/com/bumptech/glide/RequestBuilder.java	null	null	null	null	null	null
PASS_NULLABLE	passing @Nullable parameter 'targetListener' where @NonNull is required	com.bumptech.glide.RequestBuilder	buildRequestRecursive(java.lang.Object,com.bumptech.glide.request.target.Target,com.bumptech.glide.request.RequestListener,com.bumptech.glide.request.RequestCoordinator,com.bumptech.glide.TransitionOptions,com.bumptech.glide.Priority,int,int,com.bumptech.glide.request.BaseRequestOptions,java.util.concurrent.Executor)	50384	/home/nima/Developer/nullness-benchmarks/glide/library/src/main/java/com/bumptech/glide/RequestBuilder.java	PARAMETER	com.bumptech.glide.RequestBuilder	buildThumbnailRequestRecursive(java.lang.Object,com.bumptech.glide.request.target.Target,com.bumptech.glide.request.RequestListener,com.bumptech.glide.request.RequestCoordinator,com.bumptech.glide.TransitionOptions,com.bumptech.glide.Priority,int,int,com.bumptech.glide.request.BaseRequestOptions,java.util.concurrent.Executor)	targetListener	2	/home/nima/Developer/nullness-benchmarks/glide/library/src/main/java/com/bumptech/glide/RequestBuilder.java
DEREFERENCE_NULLABLE	dereferenced expression errorBuilder is @Nullable	com.bumptech.glide.RequestBuilder	buildRequestRecursive(java.lang.Object,com.bumptech.glide.request.target.Target,com.bumptech.glide.request.RequestListener,com.bumptech.glide.request.RequestCoordinator,com.bumptech.glide.TransitionOptions,com.bumptech.glide.Priority,int,int,com.bumptech.glide.request.BaseRequestOptions,java.util.concurrent.Executor)	50793	/home/nima/Developer/nullness-benchmarks/glide/library/src/main/java/com/bumptech/glide/RequestBuilder.java	null	null	null	null	null	null
PASS_NULLABLE	passing @Nullable parameter 'parentCoordinator' where @NonNull is required	com.bumptech.glide.RequestBuilder	buildThumbnailRequestRecursive(java.lang.Object,com.bumptech.glide.request.target.Target,com.bumptech.glide.request.RequestListener,com.bumptech.glide.request.RequestCoordinator,com.bumptech.glide.TransitionOptions,com.bumptech.glide.Priority,int,int,com.bumptech.glide.request.BaseRequestOptions,java.util.concurrent.Executor)	55685	/home/nima/Developer/nullness-benchmarks/glide/library/src/main/java/com/bumptech/glide/RequestBuilder.java	PARAMETER	com.bumptech.glide.RequestBuilder	obtainRequest(java.lang.Object,com.bumptech.glide.request.target.Target,com.bumptech.glide.request.RequestListener,com.bumptech.glide.request.BaseRequestOptions,com.bumptech.glide.request.RequestCoordinator,com.bumptech.glide.TransitionOptions,com.bumptech.glide.Priority,int,int,java.util.concurrent.Executor)	requestCoordinator	4	/home/nima/Developer/nullness-benchmarks/glide/library/src/main/java/com/bumptech/glide/RequestBuilder.java
PASS_NULLABLE	passing @Nullable parameter 'model' where @NonNull is required	com.bumptech.glide.RequestBuilder	obtainRequest(java.lang.Object,com.bumptech.glide.request.target.Target,com.bumptech.glide.request.RequestListener,com.bumptech.glide.request.BaseRequestOptions,com.bumptech.glide.request.RequestCoordinator,com.bumptech.glide.TransitionOptions,com.bumptech.glide.Priority,int,int,java.util.concurrent.Executor)	56390	/home/nima/Developer/nullness-benchmarks/glide/library/src/main/java/com/bumptech/glide/RequestBuilder.java	PARAMETER	com.bumptech.glide.request.SingleRequest	obtain(android.content.Context,com.bumptech.glide.GlideContext,java.lang.Object,java.lang.Object,java.lang.Class,com.bumptech.glide.request.BaseRequestOptions,int,int,com.bumptech.glide.Priority,com.bumptech.glide.request.target.Target,com.bumptech.glide.request.RequestListener,java.util.List,com.bumptech.glide.request.RequestCoordinator,com.bumptech.glide.load.engine.Engine,com.bumptech.glide.request.transition.TransitionFactory,java.util.concurrent.Executor)	model	3	/home/nima/Developer/nullness-benchmarks/glide/library/src/main/java/com/bumptech/glide/request/SingleRequest.java
RETURN_NULLABLE	returning @Nullable expression from method with @NonNull return type	com.bumptech.glide.RequestBuilder	getModel()	56836	/home/nima/Developer/nullness-benchmarks/glide/library/src/main/java/com/bumptech/glide/RequestBuilder.java	METHOD	com.bumptech.glide.RequestBuilder	getModel()	null	null	/home/nima/Developer/nullness-benchmarks/glide/library/src/main/java/com/bumptech/glide/RequestBuilder.java
METHOD_NO_INIT	initializer method does not guarantee @NonNull field config (line 101) is initialized along all control-flow paths (remember to check for exceptions or early returns).	com.bumptech.glide.load.engine.prefill.PreFillType$Builder	Builder(int,int)	3581	/home/nima/Developer/nullness-benchmarks/glide/library/src/main/java/com/bumptech/glide/load/engine/prefill/PreFillType.java	null	null	null	null	null	null
ASSIGN_FIELD_NULLABLE	assigning @Nullable expression to @NonNull field	com.bumptech.glide.load.engine.prefill.PreFillType$Builder	setConfig(android.graphics.Bitmap.Config)	4155	/home/nima/Developer/nullness-benchmarks/glide/library/src/main/java/com/bumptech/glide/load/engine/prefill/PreFillType.java	FIELD	com.bumptech.glide.load.engine.prefill.PreFillType$Builder	null	config	null	/home/nima/Developer/nullness-benchmarks/glide/library/src/main/java/com/bumptech/glide/load/engine/prefill/PreFillType.java
FIELD_NO_INIT	@NonNull field GlideSuppliers$1.instance not initialized	com.bumptech.glide.util.GlideSuppliers$1	instance	473	/home/nima/Developer/nullness-benchmarks/glide/library/src/main/java/com/bumptech/glide/util/GlideSuppliers.java	FIELD	com.bumptech.glide.util.GlideSuppliers$1	null	instance	null	/home/nima/Developer/nullness-benchmarks/glide/library/src/main/java/com/bumptech/glide/util/GlideSuppliers.java
FIELD_NO_INIT	@NonNull static field glide not initialized	com.bumptech.glide.Glide	glide	2740	/home/nima/Developer/nullness-benchmarks/glide/library/src/main/java/com/bumptech/glide/Glide.java	FIELD	com.bumptech.glide.Glide	null	glide	null	/home/nima/Developer/nullness-benchmarks/glide/library/src/main/java/com/bumptech/glide/Glide.java
ASSIGN_FIELD_NULLABLE	assigning @Nullable expression to @NonNull field	com.bumptech.glide.Glide	tearDown()	7587	/home/nima/Developer/nullness-benchmarks/glide/library/src/main/java/com/bumptech/glide/Glide.java	FIELD	com.bumptech.glide.Glide	null	glide	null	/home/nima/Developer/nullness-benchmarks/glide/library/src/main/java/com/bumptech/glide/Glide.java
PASS_NULLABLE	passing @Nullable parameter 'annotationGeneratedModule' where @NonNull is required	com.bumptech.glide.Glide	initializeGlide(android.content.Context,com.bumptech.glide.GlideBuilder,com.bumptech.glide.GeneratedAppGlideModule)	9738	/home/nima/Developer/nullness-benchmarks/glide/library/src/main/java/com/bumptech/glide/Glide.java	PARAMETER	com.bumptech.glide.GlideBuilder	build(android.content.Context,java.util.List,com.bumptech.glide.module.AppGlideModule)	annotationGeneratedGlideModule	2	/home/nima/Developer/nullness-benchmarks/glide/library/src/main/java/com/bumptech/glide/GlideBuilder.java
PASS_NULLABLE	passing @Nullable parameter 'decodeFormat' where @NonNull is required	com.bumptech.glide.Glide	preFillBitmapPool(com.bumptech.glide.load.engine.prefill.PreFillType.Builder[])	16734	/home/nima/Developer/nullness-benchmarks/glide/library/src/main/java/com/bumptech/glide/Glide.java	PARAMETER	com.bumptech.glide.load.engine.prefill.BitmapPreFiller	BitmapPreFiller(com.bumptech.glide.load.engine.cache.MemoryCache,com.bumptech.glide.load.engine.bitmap_recycle.BitmapPool,com.bumptech.glide.load.DecodeFormat)	defaultFormat	2	/home/nima/Developer/nullness-benchmarks/glide/library/src/main/java/com/bumptech/glide/load/engine/prefill/BitmapPreFiller.java
PASS_NULLABLE	passing @Nullable parameter 'context' where @NonNull is required	com.bumptech.glide.Glide	getRetriever(android.content.Context)	20231	/home/nima/Developer/nullness-benchmarks/glide/library/src/main/java/com/bumptech/glide/Glide.java	PARAMETER	com.bumptech.glide.Glide	get(android.content.Context)	context	0	/home/nima/Developer/nullness-benchmarks/glide/library/src/main/java/com/bumptech/glide/Glide.java
METHOD_NO_INIT	initializer method does not guarantee @NonNull fields paint (line 68), destRect (line 69), animationCallbacks (line 72) are initialized along all control-flow paths (remember to check for exceptions or early returns).	com.bumptech.glide.load.resource.gif.GifDrawable	GifDrawable(com.bumptech.glide.load.resource.gif.GifDrawable.GifState)	5765	/home/nima/Developer/nullness-benchmarks/glide/library/src/main/java/com/bumptech/glide/load/resource/gif/GifDrawable.java	null	null	null	null	null	null
METHOD_NO_INIT	initializer method does not guarantee @NonNull fields current (line 49), next (line 51), firstFrame (line 52), transformation (line 53), pendingTarget (line 54) are initialized along all control-flow paths (remember to check for exceptions or early returns).	com.bumptech.glide.load.resource.gif.GifFrameLoader	GifFrameLoader(com.bumptech.glide.load.engine.bitmap_recycle.BitmapPool,com.bumptech.glide.RequestManager,com.bumptech.glide.gifdecoder.GifDecoder,android.os.Handler,com.bumptech.glide.RequestBuilder,com.bumptech.glide.load.Transformation,android.graphics.Bitmap)	2572	/home/nima/Developer/nullness-benchmarks/glide/library/src/main/java/com/bumptech/glide/load/resource/gif/GifFrameLoader.java	null	null	null	null	null	null
PASS_NULLABLE	passing @Nullable parameter 'null' where @NonNull is required	com.bumptech.glide.load.resource.gif.GifFrameLoader	GifFrameLoader(com.bumptech.glide.Glide,com.bumptech.glide.gifdecoder.GifDecoder,int,int,com.bumptech.glide.load.Transformation,android.graphics.Bitmap)	2323	/home/nima/Developer/nullness-benchmarks/glide/library/src/main/java/com/bumptech/glide/load/resource/gif/GifFrameLoader.java	PARAMETER	com.bumptech.glide.load.resource.gif.GifFrameLoader	GifFrameLoader(com.bumptech.glide.load.engine.bitmap_recycle.BitmapPool,com.bumptech.glide.RequestManager,com.bumptech.glide.gifdecoder.GifDecoder,android.os.Handler,com.bumptech.glide.RequestBuilder,com.bumptech.glide.load.Transformation,android.graphics.Bitmap)	handler	3	/home/nima/Developer/nullness-benchmarks/glide/library/src/main/java/com/bumptech/glide/load/resource/gif/GifFrameLoader.java
ASSIGN_FIELD_NULLABLE	assigning @Nullable expression to @NonNull field	com.bumptech.glide.load.resource.gif.GifFrameLoader	clear()	5181	/home/nima/Developer/nullness-benchmarks/glide/library/src/main/java/com/bumptech/glide/load/resource/gif/GifFrameLoader.java	FIELD	com.bumptech.glide.load.resource.gif.GifFrameLoader	null	current	null	/home/nima/Developer/nullness-benchmarks/glide/library/src/main/java/com/bumptech/glide/load/resource/gif/GifFrameLoader.java
ASSIGN_FIELD_NULLABLE	assigning @Nullable expression to @NonNull field	com.bumptech.glide.load.resource.gif.GifFrameLoader	clear()	5267	/home/nima/Developer/nullness-benchmarks/glide/library/src/main/java/com/bumptech/glide/load/resource/gif/GifFrameLoader.java	FIELD	com.bumptech.glide.load.resource.gif.GifFrameLoader	null	next	null	/home/nima/Developer/nullness-benchmarks/glide/library/src/main/java/com/bumptech/glide/load/resource/gif/GifFrameLoader.java
ASSIGN_FIELD_NULLABLE	assigning @Nullable expression to @NonNull field	com.bumptech.glide.load.resource.gif.GifFrameLoader	clear()	5368	/home/nima/Developer/nullness-benchmarks/glide/library/src/main/java/com/bumptech/glide/load/resource/gif/GifFrameLoader.java	FIELD	com.bumptech.glide.load.resource.gif.GifFrameLoader	null	pendingTarget	null	/home/nima/Developer/nullness-benchmarks/glide/library/src/main/java/com/bumptech/glide/load/resource/gif/GifFrameLoader.java
ASSIGN_FIELD_NULLABLE	assigning @Nullable expression to @NonNull field	com.bumptech.glide.load.resource.gif.GifFrameLoader	loadNextFrame()	5960	/home/nima/Developer/nullness-benchmarks/glide/library/src/main/java/com/bumptech/glide/load/resource/gif/GifFrameLoader.java	FIELD	com.bumptech.glide.load.resource.gif.GifFrameLoader	null	pendingTarget	null	/home/nima/Developer/nullness-benchmarks/glide/library/src/main/java/com/bumptech/glide/load/resource/gif/GifFrameLoader.java
ASSIGN_FIELD_NULLABLE	assigning @Nullable expression to @NonNull field	com.bumptech.glide.load.resource.gif.GifFrameLoader	recycleFirstFrame()	6612	/home/nima/Developer/nullness-benchmarks/glide/library/src/main/java/com/bumptech/glide/load/resource/gif/GifFrameLoader.java	FIELD	com.bumptech.glide.load.resource.gif.GifFrameLoader	null	firstFrame	null	/home/nima/Developer/nullness-benchmarks/glide/library/src/main/java/com/bumptech/glide/load/resource/gif/GifFrameLoader.java
ASSIGN_FIELD_NULLABLE	assigning @Nullable expression to @NonNull field	com.bumptech.glide.load.resource.gif.GifFrameLoader	setNextStartFromFirstFrame()	6876	/home/nima/Developer/nullness-benchmarks/glide/library/src/main/java/com/bumptech/glide/load/resource/gif/GifFrameLoader.java	FIELD	com.bumptech.glide.load.resource.gif.GifFrameLoader	null	pendingTarget	null	/home/nima/Developer/nullness-benchmarks/glide/library/src/main/java/com/bumptech/glide/load/resource/gif/GifFrameLoader.java
METHOD_NO_INIT	initializer method does not guarantee @NonNull field resource (line 323) is initialized along all control-flow paths (remember to check for exceptions or early returns).	com.bumptech.glide.load.resource.gif.GifFrameLoader$DelayTarget	DelayTarget(android.os.Handler,int,long)	9349	/home/nima/Developer/nullness-benchmarks/glide/library/src/main/java/com/bumptech/glide/load/resource/gif/GifFrameLoader.java	null	null	null	null	null	null
ASSIGN_FIELD_NULLABLE	assigning @Nullable expression to @NonNull field	com.bumptech.glide.load.resource.gif.GifFrameLoader$DelayTarget	onLoadCleared(android.graphics.drawable.Drawable)	9949	/home/nima/Developer/nullness-benchmarks/glide/library/src/main/java/com/bumptech/glide/load/resource/gif/GifFrameLoader.java	FIELD	com.bumptech.glide.load.resource.gif.GifFrameLoader$DelayTarget	null	resource	null	/home/nima/Developer/nullness-benchmarks/glide/library/src/main/java/com/bumptech/glide/load/resource/gif/GifFrameLoader.java
METHOD_NO_INIT	initializer method does not guarantee @NonNull fields key (line 24), dataSource (line 25), dataClass (line 26) are initialized along all control-flow paths (remember to check for exceptions or early returns).	com.bumptech.glide.load.engine.GlideException	GlideException(java.lang.String,java.util.List)	1139	/home/nima/Developer/nullness-benchmarks/glide/library/src/main/java/com/bumptech/glide/load/engine/GlideException.java	null	null	null	null	null	null
PASS_NULLABLE	passing @Nullable parameter 'null' where @NonNull is required	com.bumptech.glide.load.engine.GlideException	setLoggingDetails(com.bumptech.glide.load.Key,com.bumptech.glide.load.DataSource)	1378	/home/nima/Developer/nullness-benchmarks/glide/library/src/main/java/com/bumptech/glide/load/engine/GlideException.java	PARAMETER	com.bumptech.glide.load.engine.GlideException	setLoggingDetails(com.bumptech.glide.load.Key,com.bumptech.glide.load.DataSource,java.lang.Class)	dataClass	2	/home/nima/Developer/nullness-benchmarks/glide/library/src/main/java/com/bumptech/glide/load/engine/GlideException.java
PASS_NULLABLE	passing @Nullable parameter 'null' where @NonNull is required	com.bumptech.glide.load.engine.Engine	Engine(com.bumptech.glide.load.engine.cache.MemoryCache,com.bumptech.glide.load.engine.cache.DiskCache.Factory,com.bumptech.glide.load.engine.executor.GlideExecutor,com.bumptech.glide.load.engine.executor.GlideExecutor,com.bumptech.glide.load.engine.executor.GlideExecutor,com.bumptech.glide.load.engine.executor.GlideExecutor,boolean)	2172	/home/nima/Developer/nullness-benchmarks/glide/library/src/main/java/com/bumptech/glide/load/engine/Engine.java	PARAMETER	com.bumptech.glide.load.engine.Engine	Engine(com.bumptech.glide.load.engine.cache.MemoryCache,com.bumptech.glide.load.engine.cache.DiskCache.Factory,com.bumptech.glide.load.engine.executor.GlideExecutor,com.bumptech.glide.load.engine.executor.GlideExecutor,com.bumptech.glide.load.engine.executor.GlideExecutor,com.bumptech.glide.load.engine.executor.GlideExecutor,com.bumptech.glide.load.engine.Jobs,com.bumptech.glide.load.engine.EngineKeyFactory,com.bumptech.glide.load.engine.ActiveResources,com.bumptech.glide.load.engine.Engine.EngineJobFactory,com.bumptech.glide.load.engine.Engine.DecodeJobFactory,com.bumptech.glide.load.engine.ResourceRecycler,boolean)	jobs	6	/home/nima/Developer/nullness-benchmarks/glide/library/src/main/java/com/bumptech/glide/load/engine/Engine.java
PASS_NULLABLE	passing @Nullable parameter 'null' where @NonNull is required	com.bumptech.glide.load.engine.Engine	Engine(com.bumptech.glide.load.engine.cache.MemoryCache,com.bumptech.glide.load.engine.cache.DiskCache.Factory,com.bumptech.glide.load.engine.executor.GlideExecutor,com.bumptech.glide.load.engine.executor.GlideExecutor,com.bumptech.glide.load.engine.executor.GlideExecutor,com.bumptech.glide.load.engine.executor.GlideExecutor,boolean)	2172	/home/nima/Developer/nullness-benchmarks/glide/library/src/main/java/com/bumptech/glide/load/engine/Engine.java	PARAMETER	com.bumptech.glide.load.engine.Engine	Engine(com.bumptech.glide.load.engine.cache.MemoryCache,com.bumptech.glide.load.engine.cache.DiskCache.Factory,com.bumptech.glide.load.engine.executor.GlideExecutor,com.bumptech.glide.load.engine.executor.GlideExecutor,com.bumptech.glide.load.engine.executor.GlideExecutor,com.bumptech.glide.load.engine.executor.GlideExecutor,com.bumptech.glide.load.engine.Jobs,com.bumptech.glide.load.engine.EngineKeyFactory,com.bumptech.glide.load.engine.ActiveResources,com.bumptech.glide.load.engine.Engine.EngineJobFactory,com.bumptech.glide.load.engine.Engine.DecodeJobFactory,com.bumptech.glide.load.engine.ResourceRecycler,boolean)	keyFactory	7	/home/nima/Developer/nullness-benchmarks/glide/library/src/main/java/com/bumptech/glide/load/engine/Engine.java
PASS_NULLABLE	passing @Nullable parameter 'null' where @NonNull is required	com.bumptech.glide.load.engine.Engine	Engine(com.bumptech.glide.load.engine.cache.MemoryCache,com.bumptech.glide.load.engine.cache.DiskCache.Factory,com.bumptech.glide.load.engine.executor.GlideExecutor,com.bumptech.glide.load.engine.executor.GlideExecutor,com.bumptech.glide.load.engine.executor.GlideExecutor,com.bumptech.glide.load.engine.executor.GlideExecutor,boolean)	2172	/home/nima/Developer/nullness-benchmarks/glide/library/src/main/java/com/bumptech/glide/load/engine/Engine.java	PARAMETER	com.bumptech.glide.load.engine.Engine	Engine(com.bumptech.glide.load.engine.cache.MemoryCache,com.bumptech.glide.load.engine.cache.DiskCache.Factory,com.bumptech.glide.load.engine.executor.GlideExecutor,com.bumptech.glide.load.engine.executor.GlideExecutor,com.bumptech.glide.load.engine.executor.GlideExecutor,com.bumptech.glide.load.engine.executor.GlideExecutor,com.bumptech.glide.load.engine.Jobs,com.bumptech.glide.load.engine.EngineKeyFactory,com.bumptech.glide.load.engine.ActiveResources,com.bumptech.glide.load.engine.Engine.EngineJobFactory,com.bumptech.glide.load.engine.Engine.DecodeJobFactory,com.bumptech.glide.load.engine.ResourceRecycler,boolean)	activeResources	8	/home/nima/Developer/nullness-benchmarks/glide/library/src/main/java/com/bumptech/glide/load/engine/Engine.java
PASS_NULLABLE	passing @Nullable parameter 'null' where @NonNull is required	com.bumptech.glide.load.engine.Engine	Engine(com.bumptech.glide.load.engine.cache.MemoryCache,com.bumptech.glide.load.engine.cache.DiskCache.Factory,com.bumptech.glide.load.engine.executor.GlideExecutor,com.bumptech.glide.load.engine.executor.GlideExecutor,com.bumptech.glide.load.engine.executor.GlideExecutor,com.bumptech.glide.load.engine.executor.GlideExecutor,boolean)	2172	/home/nima/Developer/nullness-benchmarks/glide/library/src/main/java/com/bumptech/glide/load/engine/Engine.java	PARAMETER	com.bumptech.glide.load.engine.Engine	Engine(com.bumptech.glide.load.engine.cache.MemoryCache,com.bumptech.glide.load.engine.cache.DiskCache.Factory,com.bumptech.glide.load.engine.executor.GlideExecutor,com.bumptech.glide.load.engine.executor.GlideExecutor,com.bumptech.glide.load.engine.executor.GlideExecutor,com.bumptech.glide.load.engine.executor.GlideExecutor,com.bumptech.glide.load.engine.Jobs,com.bumptech.glide.load.engine.EngineKeyFactory,com.bumptech.glide.load.engine.ActiveResources,com.bumptech.glide.load.engine.Engine.EngineJobFactory,com.bumptech.glide.load.engine.Engine.DecodeJobFactory,com.bumptech.glide.load.engine.ResourceRecycler,boolean)	engineJobFactory	9	/home/nima/Developer/nullness-benchmarks/glide/library/src/main/java/com/bumptech/glide/load/engine/Engine.java
PASS_NULLABLE	passing @Nullable parameter 'null' where @NonNull is required	com.bumptech.glide.load.engine.Engine	Engine(com.bumptech.glide.load.engine.cache.MemoryCache,com.bumptech.glide.load.engine.cache.DiskCache.Factory,com.bumptech.glide.load.engine.executor.GlideExecutor,com.bumptech.glide.load.engine.executor.GlideExecutor,com.bumptech.glide.load.engine.executor.GlideExecutor,com.bumptech.glide.load.engine.executor.GlideExecutor,boolean)	2172	/home/nima/Developer/nullness-benchmarks/glide/library/src/main/java/com/bumptech/glide/load/engine/Engine.java	PARAMETER	com.bumptech.glide.load.engine.Engine	Engine(com.bumptech.glide.load.engine.cache.MemoryCache,com.bumptech.glide.load.engine.cache.DiskCache.Factory,com.bumptech.glide.load.engine.executor.GlideExecutor,com.bumptech.glide.load.engine.executor.GlideExecutor,com.bumptech.glide.load.engine.executor.GlideExecutor,com.bumptech.glide.load.engine.executor.GlideExecutor,com.bumptech.glide.load.engine.Jobs,com.bumptech.glide.load.engine.EngineKeyFactory,com.bumptech.glide.load.engine.ActiveResources,com.bumptech.glide.load.engine.Engine.EngineJobFactory,com.bumptech.glide.load.engine.Engine.DecodeJobFactory,com.bumptech.glide.load.engine.ResourceRecycler,boolean)	decodeJobFactory	10	/home/nima/Developer/nullness-benchmarks/glide/library/src/main/java/com/bumptech/glide/load/engine/Engine.java
PASS_NULLABLE	passing @Nullable parameter 'null' where @NonNull is required	com.bumptech.glide.load.engine.Engine	Engine(com.bumptech.glide.load.engine.cache.MemoryCache,com.bumptech.glide.load.engine.cache.DiskCache.Factory,com.bumptech.glide.load.engine.executor.GlideExecutor,com.bumptech.glide.load.engine.executor.GlideExecutor,com.bumptech.glide.load.engine.executor.GlideExecutor,com.bumptech.glide.load.engine.executor.GlideExecutor,boolean)	2172	/home/nima/Developer/nullness-benchmarks/glide/library/src/main/java/com/bumptech/glide/load/engine/Engine.java	PARAMETER	com.bumptech.glide.load.engine.Engine	Engine(com.bumptech.glide.load.engine.cache.MemoryCache,com.bumptech.glide.load.engine.cache.DiskCache.Factory,com.bumptech.glide.load.engine.executor.GlideExecutor,com.bumptech.glide.load.engine.executor.GlideExecutor,com.bumptech.glide.load.engine.executor.GlideExecutor,com.bumptech.glide.load.engine.executor.GlideExecutor,com.bumptech.glide.load.engine.Jobs,com.bumptech.glide.load.engine.EngineKeyFactory,com.bumptech.glide.load.engine.ActiveResources,com.bumptech.glide.load.engine.Engine.EngineJobFactory,com.bumptech.glide.load.engine.Engine.DecodeJobFactory,com.bumptech.glide.load.engine.ResourceRecycler,boolean)	resourceRecycler	11	/home/nima/Developer/nullness-benchmarks/glide/library/src/main/java/com/bumptech/glide/load/engine/Engine.java
RETURN_NULLABLE	returning @Nullable expression from method with @NonNull return type	com.bumptech.glide.load.engine.Engine	load(com.bumptech.glide.GlideContext,java.lang.Object,com.bumptech.glide.load.Key,int,int,java.lang.Class,java.lang.Class,com.bumptech.glide.Priority,com.bumptech.glide.load.engine.DiskCacheStrategy,java.util.Map,boolean,boolean,com.bumptech.glide.load.Options,boolean,boolean,boolean,boolean,com.bumptech.glide.request.ResourceCallback,java.util.concurrent.Executor)	7685	/home/nima/Developer/nullness-benchmarks/glide/library/src/main/java/com/bumptech/glide/load/engine/Engine.java	METHOD	com.bumptech.glide.load.engine.Engine	load(com.bumptech.glide.GlideContext,java.lang.Object,com.bumptech.glide.load.Key,int,int,java.lang.Class,java.lang.Class,com.bumptech.glide.Priority,com.bumptech.glide.load.engine.DiskCacheStrategy,java.util.Map,boolean,boolean,com.bumptech.glide.load.Options,boolean,boolean,boolean,boolean,com.bumptech.glide.request.ResourceCallback,java.util.concurrent.Executor)	null	null	/home/nima/Developer/nullness-benchmarks/glide/library/src/main/java/com/bumptech/glide/load/engine/Engine.java
RETURN_NULLABLE	returning @Nullable expression from method with @NonNull return type	com.bumptech.glide.load.engine.Engine	getEngineResourceFromCache(com.bumptech.glide.load.Key)	11562	/home/nima/Developer/nullness-benchmarks/glide/library/src/main/java/com/bumptech/glide/load/engine/Engine.java	METHOD	com.bumptech.glide.load.engine.Engine	getEngineResourceFromCache(com.bumptech.glide.load.Key)	null	null	/home/nima/Developer/nullness-benchmarks/glide/library/src/main/java/com/bumptech/glide/load/engine/Engine.java
METHOD_NO_INIT	initializer method does not guarantee @NonNull field diskCache (line 446) is initialized along all control-flow paths (remember to check for exceptions or early returns).	com.bumptech.glide.load.engine.Engine$LazyDiskCacheProvider	LazyDiskCacheProvider(com.bumptech.glide.load.engine.cache.DiskCache.Factory)	14225	/home/nima/Developer/nullness-benchmarks/glide/library/src/main/java/com/bumptech/glide/load/engine/Engine.java	null	null	null	null	null	null
ASSIGN_FIELD_NULLABLE	assigning @Nullable expression to @NonNull field	com.bumptech.glide.load.engine.Engine$LazyDiskCacheProvider	getDiskCache()	14633	/home/nima/Developer/nullness-benchmarks/glide/library/src/main/java/com/bumptech/glide/load/engine/Engine.java	FIELD	com.bumptech.glide.load.engine.Engine$LazyDiskCacheProvider	null	diskCache	null	/home/nima/Developer/nullness-benchmarks/glide/library/src/main/java/com/bumptech/glide/load/engine/Engine.java
METHOD_NO_INIT	initializer method does not guarantee @NonNull field applicationManager (line 34) is initialized along all control-flow paths (remember to check for exceptions or early returns).	com.bumptech.glide.manager.RequestManagerRetriever	RequestManagerRetriever(com.bumptech.glide.manager.RequestManagerRetriever.RequestManagerFactory)	1832	/home/nima/Developer/nullness-benchmarks/glide/library/src/main/java/com/bumptech/glide/manager/RequestManagerRetriever.java	null	null	null	null	null	null
METHOD_NO_INIT	initializer method does not guarantee @NonNull field current (line 22) is initialized along all control-flow paths (remember to check for exceptions or early returns).	com.bumptech.glide.load.engine.prefill.BitmapPreFiller	BitmapPreFiller(com.bumptech.glide.load.engine.cache.MemoryCache,com.bumptech.glide.load.engine.bitmap_recycle.BitmapPool,com.bumptech.glide.load.DecodeFormat)	734	/home/nima/Developer/nullness-benchmarks/glide/library/src/main/java/com/bumptech/glide/load/engine/prefill/BitmapPreFiller.java	null	null	null	null	null	null
FIELD_NO_INIT	@NonNull field engine not initialized	com.bumptech.glide.GlideBuilder	engine	2294	/home/nima/Developer/nullness-benchmarks/glide/library/src/main/java/com/bumptech/glide/GlideBuilder.java	FIELD	com.bumptech.glide.GlideBuilder	null	engine	null	/home/nima/Developer/nullness-benchmarks/glide/library/src/main/java/com/bumptech/glide/GlideBuilder.java
FIELD_NO_INIT	@NonNull field bitmapPool not initialized	com.bumptech.glide.GlideBuilder	bitmapPool	2319	/home/nima/Developer/nullness-benchmarks/glide/library/src/main/java/com/bumptech/glide/GlideBuilder.java	FIELD	com.bumptech.glide.GlideBuilder	null	bitmapPool	null	/home/nima/Developer/nullness-benchmarks/glide/library/src/main/java/com/bumptech/glide/GlideBuilder.java
FIELD_NO_INIT	@NonNull field arrayPool not initialized	com.bumptech.glide.GlideBuilder	arrayPool	2352	/home/nima/Developer/nullness-benchmarks/glide/library/src/main/java/com/bumptech/glide/GlideBuilder.java	FIELD	com.bumptech.glide.GlideBuilder	null	arrayPool	null	/home/nima/Developer/nullness-benchmarks/glide/library/src/main/java/com/bumptech/glide/GlideBuilder.java
FIELD_NO_INIT	@NonNull field memoryCache not initialized	com.bumptech.glide.GlideBuilder	memoryCache	2383	/home/nima/Developer/nullness-benchmarks/glide/library/src/main/java/com/bumptech/glide/GlideBuilder.java	FIELD	com.bumptech.glide.GlideBuilder	null	memoryCache	null	/home/nima/Developer/nullness-benchmarks/glide/library/src/main/java/com/bumptech/glide/GlideBuilder.java
FIELD_NO_INIT	@NonNull field sourceExecutor not initialized	com.bumptech.glide.GlideBuilder	sourceExecutor	2418	/home/nima/Developer/nullness-benchmarks/glide/library/src/main/java/com/bumptech/glide/GlideBuilder.java	FIELD	com.bumptech.glide.GlideBuilder	null	sourceExecutor	null	/home/nima/Developer/nullness-benchmarks/glide/library/src/main/java/com/bumptech/glide/GlideBuilder.java
FIELD_NO_INIT	@NonNull field diskCacheExecutor not initialized	com.bumptech.glide.GlideBuilder	diskCacheExecutor	2458	/home/nima/Developer/nullness-benchmarks/glide/library/src/main/java/com/bumptech/glide/GlideBuilder.java	FIELD	com.bumptech.glide.GlideBuilder	null	diskCacheExecutor	null	/home/nima/Developer/nullness-benchmarks/glide/library/src/main/java/com/bumptech/glide/GlideBuilder.java
FIELD_NO_INIT	@NonNull field diskCacheFactory not initialized	com.bumptech.glide.GlideBuilder	diskCacheFactory	2501	/home/nima/Developer/nullness-benchmarks/glide/library/src/main/java/com/bumptech/glide/GlideBuilder.java	FIELD	com.bumptech.glide.GlideBuilder	null	diskCacheFactory	null	/home/nima/Developer/nullness-benchmarks/glide/library/src/main/java/com/bumptech/glide/GlideBuilder.java
FIELD_NO_INIT	@NonNull field memorySizeCalculator not initialized	com.bumptech.glide.GlideBuilder	memorySizeCalculator	2547	/home/nima/Developer/nullness-benchmarks/glide/library/src/main/java/com/bumptech/glide/GlideBuilder.java	FIELD	com.bumptech.glide.GlideBuilder	null	memorySizeCalculator	null	/home/nima/Developer/nullness-benchmarks/glide/library/src/main/java/com/bumptech/glide/GlideBuilder.java
FIELD_NO_INIT	@NonNull field connectivityMonitorFactory not initialized	com.bumptech.glide.GlideBuilder	connectivityMonitorFactory	2600	/home/nima/Developer/nullness-benchmarks/glide/library/src/main/java/com/bumptech/glide/GlideBuilder.java	FIELD	com.bumptech.glide.GlideBuilder	null	connectivityMonitorFactory	null	/home/nima/Developer/nullness-benchmarks/glide/library/src/main/java/com/bumptech/glide/GlideBuilder.java
FIELD_NO_INIT	@NonNull field animationExecutor not initialized	com.bumptech.glide.GlideBuilder	animationExecutor	2997	/home/nima/Developer/nullness-benchmarks/glide/library/src/main/java/com/bumptech/glide/GlideBuilder.java	FIELD	com.bumptech.glide.GlideBuilder	null	animationExecutor	null	/home/nima/Developer/nullness-benchmarks/glide/library/src/main/java/com/bumptech/glide/GlideBuilder.java
ASSIGN_FIELD_NULLABLE	assigning @Nullable expression to @NonNull field	com.bumptech.glide.GlideBuilder	setBitmapPool(com.bumptech.glide.load.engine.bitmap_recycle.BitmapPool)	3505	/home/nima/Developer/nullness-benchmarks/glide/library/src/main/java/com/bumptech/glide/GlideBuilder.java	FIELD	com.bumptech.glide.GlideBuilder	null	bitmapPool	null	/home/nima/Developer/nullness-benchmarks/glide/library/src/main/java/com/bumptech/glide/GlideBuilder.java
ASSIGN_FIELD_NULLABLE	assigning @Nullable expression to @NonNull field	com.bumptech.glide.GlideBuilder	setArrayPool(com.bumptech.glide.load.engine.bitmap_recycle.ArrayPool)	3844	/home/nima/Developer/nullness-benchmarks/glide/library/src/main/java/com/bumptech/glide/GlideBuilder.java	FIELD	com.bumptech.glide.GlideBuilder	null	arrayPool	null	/home/nima/Developer/nullness-benchmarks/glide/library/src/main/java/com/bumptech/glide/GlideBuilder.java
ASSIGN_FIELD_NULLABLE	assigning @Nullable expression to @NonNull field	com.bumptech.glide.GlideBuilder	setMemoryCache(com.bumptech.glide.load.engine.cache.MemoryCache)	4302	/home/nima/Developer/nullness-benchmarks/glide/library/src/main/java/com/bumptech/glide/GlideBuilder.java	FIELD	com.bumptech.glide.GlideBuilder	null	memoryCache	null	/home/nima/Developer/nullness-benchmarks/glide/library/src/main/java/com/bumptech/glide/GlideBuilder.java
ASSIGN_FIELD_NULLABLE	assigning @Nullable expression to @NonNull field	com.bumptech.glide.GlideBuilder	setDiskCache(com.bumptech.glide.load.engine.cache.DiskCache.Factory)	4870	/home/nima/Developer/nullness-benchmarks/glide/library/src/main/java/com/bumptech/glide/GlideBuilder.java	FIELD	com.bumptech.glide.GlideBuilder	null	diskCacheFactory	null	/home/nima/Developer/nullness-benchmarks/glide/library/src/main/java/com/bumptech/glide/GlideBuilder.java
ASSIGN_FIELD_NULLABLE	assigning @Nullable expression to @NonNull field	com.bumptech.glide.GlideBuilder	setSourceExecutor(com.bumptech.glide.load.engine.executor.GlideExecutor)	6389	/home/nima/Developer/nullness-benchmarks/glide/library/src/main/java/com/bumptech/glide/GlideBuilder.java	FIELD	com.bumptech.glide.GlideBuilder	null	sourceExecutor	null	/home/nima/Developer/nullness-benchmarks/glide/library/src/main/java/com/bumptech/glide/GlideBuilder.java
ASSIGN_FIELD_NULLABLE	assigning @Nullable expression to @NonNull field	com.bumptech.glide.GlideBuilder	setDiskCacheExecutor(com.bumptech.glide.load.engine.executor.GlideExecutor)	7193	/home/nima/Developer/nullness-benchmarks/glide/library/src/main/java/com/bumptech/glide/GlideBuilder.java	FIELD	com.bumptech.glide.GlideBuilder	null	diskCacheExecutor	null	/home/nima/Developer/nullness-benchmarks/glide/library/src/main/java/com/bumptech/glide/GlideBuilder.java
ASSIGN_FIELD_NULLABLE	assigning @Nullable expression to @NonNull field	com.bumptech.glide.GlideBuilder	setAnimationExecutor(com.bumptech.glide.load.engine.executor.GlideExecutor)	7888	/home/nima/Developer/nullness-benchmarks/glide/library/src/main/java/com/bumptech/glide/GlideBuilder.java	FIELD	com.bumptech.glide.GlideBuilder	null	animationExecutor	null	/home/nima/Developer/nullness-benchmarks/glide/library/src/main/java/com/bumptech/glide/GlideBuilder.java
ASSIGN_FIELD_NULLABLE	assigning @Nullable expression to @NonNull field	com.bumptech.glide.GlideBuilder	setMemorySizeCalculator(com.bumptech.glide.load.engine.cache.MemorySizeCalculator)	11999	/home/nima/Developer/nullness-benchmarks/glide/library/src/main/java/com/bumptech/glide/GlideBuilder.java	FIELD	com.bumptech.glide.GlideBuilder	null	memorySizeCalculator	null	/home/nima/Developer/nullness-benchmarks/glide/library/src/main/java/com/bumptech/glide/GlideBuilder.java
ASSIGN_FIELD_NULLABLE	assigning @Nullable expression to @NonNull field	com.bumptech.glide.GlideBuilder	setConnectivityMonitorFactory(com.bumptech.glide.manager.ConnectivityMonitorFactory)	12570	/home/nima/Developer/nullness-benchmarks/glide/library/src/main/java/com/bumptech/glide/GlideBuilder.java	FIELD	com.bumptech.glide.GlideBuilder	null	connectivityMonitorFactory	null	/home/nima/Developer/nullness-benchmarks/glide/library/src/main/java/com/bumptech/glide/GlideBuilder.java
PASS_NULLABLE	passing @Nullable parameter 'null' where @NonNull is required	com.bumptech.glide.provider.LoadPathCache	NO_PATHS_SIGNAL	728	/home/nima/Developer/nullness-benchmarks/glide/library/src/main/java/com/bumptech/glide/provider/LoadPathCache.java	PARAMETER	com.bumptech.glide.load.engine.LoadPath	LoadPath(java.lang.Class,java.lang.Class,java.lang.Class,java.util.List,androidx.core.util.Pools.Pool)	listPool	4	/home/nima/Developer/nullness-benchmarks/glide/library/src/main/java/com/bumptech/glide/load/engine/LoadPath.java
PASS_NULLABLE	passing @Nullable parameter 'null' where @NonNull is required	com.bumptech.glide.provider.LoadPathCache	NO_PATHS_SIGNAL	867	/home/nima/Developer/nullness-benchmarks/glide/library/src/main/java/com/bumptech/glide/provider/LoadPathCache.java	PARAMETER	com.bumptech.glide.load.engine.DecodePath	DecodePath(java.lang.Class,java.lang.Class,java.lang.Class,java.util.List,com.bumptech.glide.load.resource.transcode.ResourceTranscoder,androidx.core.util.Pools.Pool)	listPool	5	/home/nima/Developer/nullness-benchmarks/glide/library/src/main/java/com/bumptech/glide/load/engine/DecodePath.java
RETURN_NULLABLE	returning @Nullable expression from method with @NonNull return type	com.bumptech.glide.load.engine.DecodePath	decode(com.bumptech.glide.load.data.DataRewinder,int,int,com.bumptech.glide.load.Options,com.bumptech.glide.load.engine.DecodePath.DecodeCallback)	2302	/home/nima/Developer/nullness-benchmarks/glide/library/src/main/java/com/bumptech/glide/load/engine/DecodePath.java	METHOD	com.bumptech.glide.load.engine.DecodePath	decode(com.bumptech.glide.load.data.DataRewinder,int,int,com.bumptech.glide.load.Options,com.bumptech.glide.load.engine.DecodePath.DecodeCallback)	null	null	/home/nima/Developer/nullness-benchmarks/glide/library/src/main/java/com/bumptech/glide/load/engine/DecodePath.java
METHOD_NO_INIT	initializer method does not guarantee @NonNull field keyBytes (line 36) is initialized along all control-flow paths (remember to check for exceptions or early returns).	com.bumptech.glide.load.Option	Option(java.lang.String,T,com.bumptech.glide.load.Option.CacheKeyUpdater)	3481	/home/nima/Developer/nullness-benchmarks/glide/library/src/main/java/com/bumptech/glide/load/Option.java	null	null	null	null	null	null
ASSIGN_FIELD_NULLABLE	assigning @Nullable expression to @NonNull field	com.bumptech.glide.load.Option	Option(java.lang.String,T,com.bumptech.glide.load.Option.CacheKeyUpdater)	3650	/home/nima/Developer/nullness-benchmarks/glide/library/src/main/java/com/bumptech/glide/load/Option.java	FIELD	com.bumptech.glide.load.Option	null	defaultValue	null	/home/nima/Developer/nullness-benchmarks/glide/library/src/main/java/com/bumptech/glide/load/Option.java
RETURN_NULLABLE	returning @Nullable expression from method with @NonNull return type	com.bumptech.glide.load.model.MultiModelLoader	buildLoadData(Model,int,int,com.bumptech.glide.load.Options)	2169	/home/nima/Developer/nullness-benchmarks/glide/library/src/main/java/com/bumptech/glide/load/model/MultiModelLoader.java	METHOD	com.bumptech.glide.load.model.MultiModelLoader	buildLoadData(Model,int,int,com.bumptech.glide.load.Options)	null	null	/home/nima/Developer/nullness-benchmarks/glide/library/src/main/java/com/bumptech/glide/load/model/MultiModelLoader.java
METHOD_NO_INIT	initializer method does not guarantee @NonNull fields priority (line 81), callback (line 82) are initialized along all control-flow paths (remember to check for exceptions or early returns).	com.bumptech.glide.load.model.MultiModelLoader$MultiFetcher	MultiFetcher(java.util.List,androidx.core.util.Pools.Pool)	3085	/home/nima/Developer/nullness-benchmarks/glide/library/src/main/java/com/bumptech/glide/load/model/MultiModelLoader.java	null	null	null	null	null	null
METHOD_NO_INIT	initializer method does not guarantee @NonNull fields first (line 9), second (line 10), third (line 11) are initialized along all control-flow paths (remember to check for exceptions or early returns).	com.bumptech.glide.util.MultiClassKey	MultiClassKey()	350	/home/nima/Developer/nullness-benchmarks/glide/library/src/main/java/com/bumptech/glide/util/MultiClassKey.java	null	null	null	null	null	null
METHOD_NO_INIT	initializer method does not guarantee @NonNull fields first (line 9), second (line 10), third (line 11) are initialized along all control-flow paths (remember to check for exceptions or early returns).	com.bumptech.glide.util.MultiClassKey	MultiClassKey(java.lang.Class,java.lang.Class)	405	/home/nima/Developer/nullness-benchmarks/glide/library/src/main/java/com/bumptech/glide/util/MultiClassKey.java	null	null	null	null	null	null
METHOD_NO_INIT	initializer method does not guarantee @NonNull fields first (line 9), second (line 10), third (line 11) are initialized along all control-flow paths (remember to check for exceptions or early returns).	com.bumptech.glide.util.MultiClassKey	MultiClassKey(java.lang.Class,java.lang.Class,java.lang.Class)	510	/home/nima/Developer/nullness-benchmarks/glide/library/src/main/java/com/bumptech/glide/util/MultiClassKey.java	null	null	null	null	null	null
ASSIGN_FIELD_NULLABLE	assigning @Nullable expression to @NonNull field	com.bumptech.glide.util.MultiClassKey	set(java.lang.Class,java.lang.Class,java.lang.Class)	910	/home/nima/Developer/nullness-benchmarks/glide/library/src/main/java/com/bumptech/glide/util/MultiClassKey.java	FIELD	com.bumptech.glide.util.MultiClassKey	null	third	null	/home/nima/Developer/nullness-benchmarks/glide/library/src/main/java/com/bumptech/glide/util/MultiClassKey.java
METHOD_NO_INIT	initializer method does not guarantee @NonNull field name (line 453) is initialized along all control-flow paths (remember to check for exceptions or early returns).	com.bumptech.glide.load.engine.executor.GlideExecutor$Builder	Builder(boolean)	15668	/home/nima/Developer/nullness-benchmarks/glide/library/src/main/java/com/bumptech/glide/load/engine/executor/GlideExecutor.java	null	null	null	null	null	null
UNBOX_NULLABLE	unboxing of a @Nullable value	com.bumptech.glide.load.engine.prefill.PreFillQueue	remove()	775	/home/nima/Developer/nullness-benchmarks/glide/library/src/main/java/com/bumptech/glide/load/engine/prefill/PreFillQueue.java	null	null	null	null	null	null
RETURN_NULLABLE	returning @Nullable expression from method with @NonNull return type	com.bumptech.glide.manager.LifecycleRequestManagerRetriever	getOnly(androidx.lifecycle.Lifecycle)	972	/home/nima/Developer/nullness-benchmarks/glide/library/src/main/java/com/bumptech/glide/manager/LifecycleRequestManagerRetriever.java	METHOD	com.bumptech.glide.manager.LifecycleRequestManagerRetriever	getOnly(androidx.lifecycle.Lifecycle)	null	null	/home/nima/Developer/nullness-benchmarks/glide/library/src/main/java/com/bumptech/glide/manager/LifecycleRequestManagerRetriever.java
FIELD_NO_INIT	@NonNull field request not initialized	com.bumptech.glide.request.target.BaseTarget	request	1421	/home/nima/Developer/nullness-benchmarks/glide/library/src/main/java/com/bumptech/glide/request/target/BaseTarget.java	FIELD	com.bumptech.glide.request.target.BaseTarget	null	request	null	/home/nima/Developer/nullness-benchmarks/glide/library/src/main/java/com/bumptech/glide/request/target/BaseTarget.java
ASSIGN_FIELD_NULLABLE	assigning @Nullable expression to @NonNull field	com.bumptech.glide.request.target.BaseTarget	setRequest(com.bumptech.glide.request.Request)	1517	/home/nima/Developer/nullness-benchmarks/glide/library/src/main/java/com/bumptech/glide/request/target/BaseTarget.java	FIELD	com.bumptech.glide.request.target.BaseTarget	null	request	null	/home/nima/Developer/nullness-benchmarks/glide/library/src/main/java/com/bumptech/glide/request/target/BaseTarget.java
RETURN_NULLABLE	returning @Nullable expression from method with @NonNull return type	com.bumptech.glide.load.engine.Jobs	get(com.bumptech.glide.load.Key,boolean)	530	/home/nima/Developer/nullness-benchmarks/glide/library/src/main/java/com/bumptech/glide/load/engine/Jobs.java	METHOD	com.bumptech.glide.load.engine.Jobs	get(com.bumptech.glide.load.Key,boolean)	null	null	/home/nima/Developer/nullness-benchmarks/glide/library/src/main/java/com/bumptech/glide/load/engine/Jobs.java
METHOD_NO_INIT	initializer method does not guarantee @NonNull fields glideContext (line 53), signature (line 54), priority (line 55), loadKey (line 56), diskCacheStrategy (line 59), options (line 60), callback (line 61), stage (line 63), runReason (line 64), model (line 67), currentThread (line 69), currentSourceKey (line 70), currentAttemptingKey (line 71), currentData (line 72), currentDataSource (line 73), currentFetcher (line 74), currentGenerator (line 76) are initialized along all control-flow paths (remember to check for exceptions or early returns).	com.bumptech.glide.load.engine.DecodeJob	DecodeJob(com.bumptech.glide.load.engine.DecodeJob.DiskCacheProvider,androidx.core.util.Pools.Pool)	2934	/home/nima/Developer/nullness-benchmarks/glide/library/src/main/java/com/bumptech/glide/load/engine/DecodeJob.java	null	null	null	null	null	null
ASSIGN_FIELD_NULLABLE	assigning @Nullable expression to @NonNull field	com.bumptech.glide.load.engine.DecodeJob	releaseInternal()	5724	/home/nima/Developer/nullness-benchmarks/glide/library/src/main/java/com/bumptech/glide/load/engine/DecodeJob.java	FIELD	com.bumptech.glide.load.engine.DecodeJob	null	glideContext	null	/home/nima/Developer/nullness-benchmarks/glide/library/src/main/java/com/bumptech/glide/load/engine/DecodeJob.java
ASSIGN_FIELD_NULLABLE	assigning @Nullable expression to @NonNull field	com.bumptech.glide.load.engine.DecodeJob	releaseInternal()	5749	/home/nima/Developer/nullness-benchmarks/glide/library/src/main/java/com/bumptech/glide/load/engine/DecodeJob.java	FIELD	com.bumptech.glide.load.engine.DecodeJob	null	signature	null	/home/nima/Developer/nullness-benchmarks/glide/library/src/main/java/com/bumptech/glide/load/engine/DecodeJob.java
ASSIGN_FIELD_NULLABLE	assigning @Nullable expression to @NonNull field	com.bumptech.glide.load.engine.DecodeJob	releaseInternal()	5771	/home/nima/Developer/nullness-benchmarks/glide/library/src/main/java/com/bumptech/glide/load/engine/DecodeJob.java	FIELD	com.bumptech.glide.load.engine.DecodeJob	null	options	null	/home/nima/Developer/nullness-benchmarks/glide/library/src/main/java/com/bumptech/glide/load/engine/DecodeJob.java
ASSIGN_FIELD_NULLABLE	assigning @Nullable expression to @NonNull field	com.bumptech.glide.load.engine.DecodeJob	releaseInternal()	5791	/home/nima/Developer/nullness-benchmarks/glide/library/src/main/java/com/bumptech/glide/load/engine/DecodeJob.java	FIELD	com.bumptech.glide.load.engine.DecodeJob	null	priority	null	/home/nima/Developer/nullness-benchmarks/glide/library/src/main/java/com/bumptech/glide/load/engine/DecodeJob.java
ASSIGN_FIELD_NULLABLE	assigning @Nullable expression to @NonNull field	com.bumptech.glide.load.engine.DecodeJob	releaseInternal()	5812	/home/nima/Developer/nullness-benchmarks/glide/library/src/main/java/com/bumptech/glide/load/engine/DecodeJob.java	FIELD	com.bumptech.glide.load.engine.DecodeJob	null	loadKey	null	/home/nima/Developer/nullness-benchmarks/glide/library/src/main/java/com/bumptech/glide/load/engine/DecodeJob.java
ASSIGN_FIELD_NULLABLE	assigning @Nullable expression to @NonNull field	com.bumptech.glide.load.engine.DecodeJob	releaseInternal()	5832	/home/nima/Developer/nullness-benchmarks/glide/library/src/main/java/com/bumptech/glide/load/engine/DecodeJob.java	FIELD	com.bumptech.glide.load.engine.DecodeJob	null	callback	null	/home/nima/Developer/nullness-benchmarks/glide/library/src/main/java/com/bumptech/glide/load/engine/DecodeJob.java
ASSIGN_FIELD_NULLABLE	assigning @Nullable expression to @NonNull field	com.bumptech.glide.load.engine.DecodeJob	releaseInternal()	5853	/home/nima/Developer/nullness-benchmarks/glide/library/src/main/java/com/bumptech/glide/load/engine/DecodeJob.java	FIELD	com.bumptech.glide.load.engine.DecodeJob	null	stage	null	/home/nima/Developer/nullness-benchmarks/glide/library/src/main/java/com/bumptech/glide/load/engine/DecodeJob.java
ASSIGN_FIELD_NULLABLE	assigning @Nullable expression to @NonNull field	com.bumptech.glide.load.engine.DecodeJob	releaseInternal()	5871	/home/nima/Developer/nullness-benchmarks/glide/library/src/main/java/com/bumptech/glide/load/engine/DecodeJob.java	FIELD	com.bumptech.glide.load.engine.DecodeJob	null	currentGenerator	null	/home/nima/Developer/nullness-benchmarks/glide/library/src/main/java/com/bumptech/glide/load/engine/DecodeJob.java
ASSIGN_FIELD_NULLABLE	assigning @Nullable expression to @NonNull field	com.bumptech.glide.load.engine.DecodeJob	releaseInternal()	5900	/home/nima/Developer/nullness-benchmarks/glide/library/src/main/java/com/bumptech/glide/load/engine/DecodeJob.java	FIELD	com.bumptech.glide.load.engine.DecodeJob	null	currentThread	null	/home/nima/Developer/nullness-benchmarks/glide/library/src/main/java/com/bumptech/glide/load/engine/DecodeJob.java
ASSIGN_FIELD_NULLABLE	assigning @Nullable expression to @NonNull field	com.bumptech.glide.load.engine.DecodeJob	releaseInternal()	5926	/home/nima/Developer/nullness-benchmarks/glide/library/src/main/java/com/bumptech/glide/load/engine/DecodeJob.java	FIELD	com.bumptech.glide.load.engine.DecodeJob	null	currentSourceKey	null	/home/nima/Developer/nullness-benchmarks/glide/library/src/main/java/com/bumptech/glide/load/engine/DecodeJob.java
ASSIGN_FIELD_NULLABLE	assigning @Nullable expression to @NonNull field	com.bumptech.glide.load.engine.DecodeJob	releaseInternal()	5955	/home/nima/Developer/nullness-benchmarks/glide/library/src/main/java/com/bumptech/glide/load/engine/DecodeJob.java	FIELD	com.bumptech.glide.load.engine.DecodeJob	null	currentData	null	/home/nima/Developer/nullness-benchmarks/glide/library/src/main/java/com/bumptech/glide/load/engine/DecodeJob.java
ASSIGN_FIELD_NULLABLE	assigning @Nullable expression to @NonNull field	com.bumptech.glide.load.engine.DecodeJob	releaseInternal()	5979	/home/nima/Developer/nullness-benchmarks/glide/library/src/main/java/com/bumptech/glide/load/engine/DecodeJob.java	FIELD	com.bumptech.glide.load.engine.DecodeJob	null	currentDataSource	null	/home/nima/Developer/nullness-benchmarks/glide/library/src/main/java/com/bumptech/glide/load/engine/DecodeJob.java
ASSIGN_FIELD_NULLABLE	assigning @Nullable expression to @NonNull field	com.bumptech.glide.load.engine.DecodeJob	releaseInternal()	6009	/home/nima/Developer/nullness-benchmarks/glide/library/src/main/java/com/bumptech/glide/load/engine/DecodeJob.java	FIELD	com.bumptech.glide.load.engine.DecodeJob	null	currentFetcher	null	/home/nima/Developer/nullness-benchmarks/glide/library/src/main/java/com/bumptech/glide/load/engine/DecodeJob.java
ASSIGN_FIELD_NULLABLE	assigning @Nullable expression to @NonNull field	com.bumptech.glide.load.engine.DecodeJob	releaseInternal()	6086	/home/nima/Developer/nullness-benchmarks/glide/library/src/main/java/com/bumptech/glide/load/engine/DecodeJob.java	FIELD	com.bumptech.glide.load.engine.DecodeJob	null	model	null	/home/nima/Developer/nullness-benchmarks/glide/library/src/main/java/com/bumptech/glide/load/engine/DecodeJob.java
RETURN_NULLABLE	returning @Nullable expression from method with @NonNull return type	com.bumptech.glide.load.engine.DecodeJob	getNextGenerator()	9658	/home/nima/Developer/nullness-benchmarks/glide/library/src/main/java/com/bumptech/glide/load/engine/DecodeJob.java	METHOD	com.bumptech.glide.load.engine.DecodeJob	getNextGenerator()	null	null	/home/nima/Developer/nullness-benchmarks/glide/library/src/main/java/com/bumptech/glide/load/engine/DecodeJob.java
WRONG_OVERRIDE_PARAM	parameter data is @NonNull, but parameter in superclass method com.bumptech.glide.load.engine.DataFetcherGenerator.FetcherReadyCallback.onDataFetcherReady(com.bumptech.glide.load.Key,java.lang.Object,com.bumptech.glide.load.data.DataFetcher<?>,com.bumptech.glide.load.DataSource,com.bumptech.glide.load.Key) is @Nullable	com.bumptech.glide.load.engine.DecodeJob	onDataFetcherReady(com.bumptech.glide.load.Key,java.lang.Object,com.bumptech.glide.load.data.DataFetcher,com.bumptech.glide.load.DataSource,com.bumptech.glide.load.Key)	12405	/home/nima/Developer/nullness-benchmarks/glide/library/src/main/java/com/bumptech/glide/load/engine/DecodeJob.java	PARAMETER	com.bumptech.glide.load.engine.DecodeJob	onDataFetcherReady(com.bumptech.glide.load.Key,java.lang.Object,com.bumptech.glide.load.data.DataFetcher,com.bumptech.glide.load.DataSource,com.bumptech.glide.load.Key)	data	1	/home/nima/Developer/nullness-benchmarks/glide/library/src/main/java/com/bumptech/glide/load/engine/DecodeJob.java
RETURN_NULLABLE	returning @Nullable expression from method with @NonNull return type	com.bumptech.glide.load.engine.DecodeJob	decodeFromData(com.bumptech.glide.load.data.DataFetcher,Data,com.bumptech.glide.load.DataSource)	15693	/home/nima/Developer/nullness-benchmarks/glide/library/src/main/java/com/bumptech/glide/load/engine/DecodeJob.java	METHOD	com.bumptech.glide.load.engine.DecodeJob	decodeFromData(com.bumptech.glide.load.data.DataFetcher,Data,com.bumptech.glide.load.DataSource)	null	null	/home/nima/Developer/nullness-benchmarks/glide/library/src/main/java/com/bumptech/glide/load/engine/DecodeJob.java
PASS_NULLABLE	passing @Nullable parameter 'null' where @NonNull is required	com.bumptech.glide.load.engine.DecodeJob	logWithTimeAndKey(java.lang.String,long)	17983	/home/nima/Developer/nullness-benchmarks/glide/library/src/main/java/com/bumptech/glide/load/engine/DecodeJob.java	PARAMETER	com.bumptech.glide.load.engine.DecodeJob	logWithTimeAndKey(java.lang.String,long,java.lang.String)	extraArgs	2	/home/nima/Developer/nullness-benchmarks/glide/library/src/main/java/com/bumptech/glide/load/engine/DecodeJob.java
PASS_NULLABLE	passing @Nullable parameter 'appliedTransformation' where @NonNull is required	com.bumptech.glide.load.engine.DecodeJob	onResourceDecoded(com.bumptech.glide.load.DataSource,com.bumptech.glide.load.engine.Resource)	20125	/home/nima/Developer/nullness-benchmarks/glide/library/src/main/java/com/bumptech/glide/load/engine/DecodeJob.java	PARAMETER	com.bumptech.glide.load.engine.ResourceCacheKey	ResourceCacheKey(com.bumptech.glide.load.engine.bitmap_recycle.ArrayPool,com.bumptech.glide.load.Key,com.bumptech.glide.load.Key,int,int,com.bumptech.glide.load.Transformation,java.lang.Class,com.bumptech.glide.load.Options)	appliedTransformation	5	/home/nima/Developer/nullness-benchmarks/glide/library/src/main/java/com/bumptech/glide/load/engine/ResourceCacheKey.java
METHOD_NO_INIT	initializer method does not guarantee @NonNull fields key (line 688), encoder (line 689), toEncode (line 690) are initialized along all control-flow paths (remember to check for exceptions or early returns).	com.bumptech.glide.load.engine.DecodeJob$DeferredEncodeManager	DeferredEncodeManager()	22399	/home/nima/Developer/nullness-benchmarks/glide/library/src/main/java/com/bumptech/glide/load/engine/DecodeJob.java	null	null	null	null	null	null
ASSIGN_FIELD_NULLABLE	assigning @Nullable expression to @NonNull field	com.bumptech.glide.load.engine.DecodeJob$DeferredEncodeManager	clear()	23234	/home/nima/Developer/nullness-benchmarks/glide/library/src/main/java/com/bumptech/glide/load/engine/DecodeJob.java	FIELD	com.bumptech.glide.load.engine.DecodeJob$DeferredEncodeManager	null	key	null	/home/nima/Developer/nullness-benchmarks/glide/library/src/main/java/com/bumptech/glide/load/engine/DecodeJob.java
ASSIGN_FIELD_NULLABLE	assigning @Nullable expression to @NonNull field	com.bumptech.glide.load.engine.DecodeJob$DeferredEncodeManager	clear()	23252	/home/nima/Developer/nullness-benchmarks/glide/library/src/main/java/com/bumptech/glide/load/engine/DecodeJob.java	FIELD	com.bumptech.glide.load.engine.DecodeJob$DeferredEncodeManager	null	encoder	null	/home/nima/Developer/nullness-benchmarks/glide/library/src/main/java/com/bumptech/glide/load/engine/DecodeJob.java
ASSIGN_FIELD_NULLABLE	assigning @Nullable expression to @NonNull field	com.bumptech.glide.load.engine.DecodeJob$DeferredEncodeManager	clear()	23274	/home/nima/Developer/nullness-benchmarks/glide/library/src/main/java/com/bumptech/glide/load/engine/DecodeJob.java	FIELD	com.bumptech.glide.load.engine.DecodeJob$DeferredEncodeManager	null	toEncode	null	/home/nima/Developer/nullness-benchmarks/glide/library/src/main/java/com/bumptech/glide/load/engine/DecodeJob.java
METHOD_NO_INIT	initializer method does not guarantee @NonNull field listener (line 26) is initialized along all control-flow paths (remember to check for exceptions or early returns).	com.bumptech.glide.load.engine.ActiveResources	ActiveResources(boolean,java.util.concurrent.Executor)	1857	/home/nima/Developer/nullness-benchmarks/glide/library/src/main/java/com/bumptech/glide/load/engine/ActiveResources.java	null	null	null	null	null	null
METHOD_NO_INIT	initializer method does not guarantee @NonNull fields key (line 45), resource (line 50), dataSource (line 52), exception (line 58), engineResource (line 64), decodeJob (line 68) are initialized along all control-flow paths (remember to check for exceptions or early returns).	com.bumptech.glide.load.engine.EngineJob	EngineJob(com.bumptech.glide.load.engine.executor.GlideExecutor,com.bumptech.glide.load.engine.executor.GlideExecutor,com.bumptech.glide.load.engine.executor.GlideExecutor,com.bumptech.glide.load.engine.executor.GlideExecutor,com.bumptech.glide.load.engine.EngineJobListener,com.bumptech.glide.load.engine.EngineResource.ResourceListener,androidx.core.util.Pools.Pool,com.bumptech.glide.load.engine.EngineJob.EngineResourceFactory)	3092	/home/nima/Developer/nullness-benchmarks/glide/library/src/main/java/com/bumptech/glide/load/engine/EngineJob.java	null	null	null	null	null	null
ASSIGN_FIELD_NULLABLE	assigning @Nullable expression to @NonNull field	com.bumptech.glide.load.engine.EngineJob	release()	9927	/home/nima/Developer/nullness-benchmarks/glide/library/src/main/java/com/bumptech/glide/load/engine/EngineJob.java	FIELD	com.bumptech.glide.load.engine.EngineJob	null	key	null	/home/nima/Developer/nullness-benchmarks/glide/library/src/main/java/com/bumptech/glide/load/engine/EngineJob.java
ASSIGN_FIELD_NULLABLE	assigning @Nullable expression to @NonNull field	com.bumptech.glide.load.engine.EngineJob	release()	9943	/home/nima/Developer/nullness-benchmarks/glide/library/src/main/java/com/bumptech/glide/load/engine/EngineJob.java	FIELD	com.bumptech.glide.load.engine.EngineJob	null	engineResource	null	/home/nima/Developer/nullness-benchmarks/glide/library/src/main/java/com/bumptech/glide/load/engine/EngineJob.java
ASSIGN_FIELD_NULLABLE	assigning @Nullable expression to @NonNull field	com.bumptech.glide.load.engine.EngineJob	release()	9970	/home/nima/Developer/nullness-benchmarks/glide/library/src/main/java/com/bumptech/glide/load/engine/EngineJob.java	FIELD	com.bumptech.glide.load.engine.EngineJob	null	resource	null	/home/nima/Developer/nullness-benchmarks/glide/library/src/main/java/com/bumptech/glide/load/engine/EngineJob.java
ASSIGN_FIELD_NULLABLE	assigning @Nullable expression to @NonNull field	com.bumptech.glide.load.engine.EngineJob	release()	10167	/home/nima/Developer/nullness-benchmarks/glide/library/src/main/java/com/bumptech/glide/load/engine/EngineJob.java	FIELD	com.bumptech.glide.load.engine.EngineJob	null	decodeJob	null	/home/nima/Developer/nullness-benchmarks/glide/library/src/main/java/com/bumptech/glide/load/engine/EngineJob.java
ASSIGN_FIELD_NULLABLE	assigning @Nullable expression to @NonNull field	com.bumptech.glide.load.engine.EngineJob	release()	10189	/home/nima/Developer/nullness-benchmarks/glide/library/src/main/java/com/bumptech/glide/load/engine/EngineJob.java	FIELD	com.bumptech.glide.load.engine.EngineJob	null	exception	null	/home/nima/Developer/nullness-benchmarks/glide/library/src/main/java/com/bumptech/glide/load/engine/EngineJob.java
ASSIGN_FIELD_NULLABLE	assigning @Nullable expression to @NonNull field	com.bumptech.glide.load.engine.EngineJob	release()	10211	/home/nima/Developer/nullness-benchmarks/glide/library/src/main/java/com/bumptech/glide/load/engine/EngineJob.java	FIELD	com.bumptech.glide.load.engine.EngineJob	null	dataSource	null	/home/nima/Developer/nullness-benchmarks/glide/library/src/main/java/com/bumptech/glide/load/engine/EngineJob.java
PASS_NULLABLE	passing @Nullable parameter 'null' where @NonNull is required	com.bumptech.glide.load.engine.EngineJob	notifyCallbacksOfException()	12022	/home/nima/Developer/nullness-benchmarks/glide/library/src/main/java/com/bumptech/glide/load/engine/EngineJob.java	PARAMETER	com.bumptech.glide.load.engine.EngineJobListener	onEngineJobComplete(com.bumptech.glide.load.engine.EngineJob,com.bumptech.glide.load.Key,com.bumptech.glide.load.engine.EngineResource)	resource	2	/home/nima/Developer/nullness-benchmarks/glide/library/src/main/java/com/bumptech/glide/load/engine/EngineJobListener.java
METHOD_NO_INIT	initializer method does not guarantee @NonNull field recycledAtStackTraceException (line 52) is initialized along all control-flow paths (remember to check for exceptions or early returns).	com.bumptech.glide.util.pool.StateVerifier$DebugStateVerifier	DebugStateVerifier()	1434	/home/nima/Developer/nullness-benchmarks/glide/library/src/main/java/com/bumptech/glide/util/pool/StateVerifier.java	null	null	null	null	null	null
ASSIGN_FIELD_NULLABLE	assigning @Nullable expression to @NonNull field	com.bumptech.glide.util.pool.StateVerifier$DebugStateVerifier	setRecycled(boolean)	1860	/home/nima/Developer/nullness-benchmarks/glide/library/src/main/java/com/bumptech/glide/util/pool/StateVerifier.java	FIELD	com.bumptech.glide.util.pool.StateVerifier$DebugStateVerifier	null	recycledAtStackTraceException	null	/home/nima/Developer/nullness-benchmarks/glide/library/src/main/java/com/bumptech/glide/util/pool/StateVerifier.java
FIELD_NO_INIT	@NonNull field glideContext not initialized	com.bumptech.glide.load.engine.DecodeHelper	glideContext	1055	/home/nima/Developer/nullness-benchmarks/glide/library/src/main/java/com/bumptech/glide/load/engine/DecodeHelper.java	FIELD	com.bumptech.glide.load.engine.DecodeHelper	null	glideContext	null	/home/nima/Developer/nullness-benchmarks/glide/library/src/main/java/com/bumptech/glide/load/engine/DecodeHelper.java
FIELD_NO_INIT	@NonNull field model not initialized	com.bumptech.glide.load.engine.DecodeHelper	model	1092	/home/nima/Developer/nullness-benchmarks/glide/library/src/main/java/com/bumptech/glide/load/engine/DecodeHelper.java	FIELD	com.bumptech.glide.load.engine.DecodeHelper	null	model	null	/home/nima/Developer/nullness-benchmarks/glide/library/src/main/java/com/bumptech/glide/load/engine/DecodeHelper.java
FIELD_NO_INIT	@NonNull field resourceClass not initialized	com.bumptech.glide.load.engine.DecodeHelper	resourceClass	1159	/home/nima/Developer/nullness-benchmarks/glide/library/src/main/java/com/bumptech/glide/load/engine/DecodeHelper.java	FIELD	com.bumptech.glide.load.engine.DecodeHelper	null	resourceClass	null	/home/nima/Developer/nullness-benchmarks/glide/library/src/main/java/com/bumptech/glide/load/engine/DecodeHelper.java
FIELD_NO_INIT	@NonNull field diskCacheProvider not initialized	com.bumptech.glide.load.engine.DecodeHelper	diskCacheProvider	1193	/home/nima/Developer/nullness-benchmarks/glide/library/src/main/java/com/bumptech/glide/load/engine/DecodeHelper.java	FIELD	com.bumptech.glide.load.engine.DecodeHelper	null	diskCacheProvider	null	/home/nima/Developer/nullness-benchmarks/glide/library/src/main/java/com/bumptech/glide/load/engine/DecodeHelper.java
FIELD_NO_INIT	@NonNull field options not initialized	com.bumptech.glide.load.engine.DecodeHelper	options	1250	/home/nima/Developer/nullness-benchmarks/glide/library/src/main/java/com/bumptech/glide/load/engine/DecodeHelper.java	FIELD	com.bumptech.glide.load.engine.DecodeHelper	null	options	null	/home/nima/Developer/nullness-benchmarks/glide/library/src/main/java/com/bumptech/glide/load/engine/DecodeHelper.java
FIELD_NO_INIT	@NonNull field transformations not initialized	com.bumptech.glide.load.engine.DecodeHelper	transformations	1277	/home/nima/Developer/nullness-benchmarks/glide/library/src/main/java/com/bumptech/glide/load/engine/DecodeHelper.java	FIELD	com.bumptech.glide.load.engine.DecodeHelper	null	transformations	null	/home/nima/Developer/nullness-benchmarks/glide/library/src/main/java/com/bumptech/glide/load/engine/DecodeHelper.java
FIELD_NO_INIT	@NonNull field transcodeClass not initialized	com.bumptech.glide.load.engine.DecodeHelper	transcodeClass	1337	/home/nima/Developer/nullness-benchmarks/glide/library/src/main/java/com/bumptech/glide/load/engine/DecodeHelper.java	FIELD	com.bumptech.glide.load.engine.DecodeHelper	null	transcodeClass	null	/home/nima/Developer/nullness-benchmarks/glide/library/src/main/java/com/bumptech/glide/load/engine/DecodeHelper.java
FIELD_NO_INIT	@NonNull field signature not initialized	com.bumptech.glide.load.engine.DecodeHelper	signature	1447	/home/nima/Developer/nullness-benchmarks/glide/library/src/main/java/com/bumptech/glide/load/engine/DecodeHelper.java	FIELD	com.bumptech.glide.load.engine.DecodeHelper	null	signature	null	/home/nima/Developer/nullness-benchmarks/glide/library/src/main/java/com/bumptech/glide/load/engine/DecodeHelper.java
FIELD_NO_INIT	@NonNull field priority not initialized	com.bumptech.glide.load.engine.DecodeHelper	priority	1472	/home/nima/Developer/nullness-benchmarks/glide/library/src/main/java/com/bumptech/glide/load/engine/DecodeHelper.java	FIELD	com.bumptech.glide.load.engine.DecodeHelper	null	priority	null	/home/nima/Developer/nullness-benchmarks/glide/library/src/main/java/com/bumptech/glide/load/engine/DecodeHelper.java
FIELD_NO_INIT	@NonNull field diskCacheStrategy not initialized	com.bumptech.glide.load.engine.DecodeHelper	diskCacheStrategy	1501	/home/nima/Developer/nullness-benchmarks/glide/library/src/main/java/com/bumptech/glide/load/engine/DecodeHelper.java	FIELD	com.bumptech.glide.load.engine.DecodeHelper	null	diskCacheStrategy	null	/home/nima/Developer/nullness-benchmarks/glide/library/src/main/java/com/bumptech/glide/load/engine/DecodeHelper.java
ASSIGN_FIELD_NULLABLE	assigning @Nullable expression to @NonNull field	com.bumptech.glide.load.engine.DecodeHelper	clear()	2720	/home/nima/Developer/nullness-benchmarks/glide/library/src/main/java/com/bumptech/glide/load/engine/DecodeHelper.java	FIELD	com.bumptech.glide.load.engine.DecodeHelper	null	glideContext	null	/home/nima/Developer/nullness-benchmarks/glide/library/src/main/java/com/bumptech/glide/load/engine/DecodeHelper.java
ASSIGN_FIELD_NULLABLE	assigning @Nullable expression to @NonNull field	com.bumptech.glide.load.engine.DecodeHelper	clear()	2745	/home/nima/Developer/nullness-benchmarks/glide/library/src/main/java/com/bumptech/glide/load/engine/DecodeHelper.java	FIELD	com.bumptech.glide.load.engine.DecodeHelper	null	model	null	/home/nima/Developer/nullness-benchmarks/glide/library/src/main/java/com/bumptech/glide/load/engine/DecodeHelper.java
ASSIGN_FIELD_NULLABLE	assigning @Nullable expression to @NonNull field	com.bumptech.glide.load.engine.DecodeHelper	clear()	2763	/home/nima/Developer/nullness-benchmarks/glide/library/src/main/java/com/bumptech/glide/load/engine/DecodeHelper.java	FIELD	com.bumptech.glide.load.engine.DecodeHelper	null	signature	null	/home/nima/Developer/nullness-benchmarks/glide/library/src/main/java/com/bumptech/glide/load/engine/DecodeHelper.java
ASSIGN_FIELD_NULLABLE	assigning @Nullable expression to @NonNull field	com.bumptech.glide.load.engine.DecodeHelper	clear()	2785	/home/nima/Developer/nullness-benchmarks/glide/library/src/main/java/com/bumptech/glide/load/engine/DecodeHelper.java	FIELD	com.bumptech.glide.load.engine.DecodeHelper	null	resourceClass	null	/home/nima/Developer/nullness-benchmarks/glide/library/src/main/java/com/bumptech/glide/load/engine/DecodeHelper.java
ASSIGN_FIELD_NULLABLE	assigning @Nullable expression to @NonNull field	com.bumptech.glide.load.engine.DecodeHelper	clear()	2811	/home/nima/Developer/nullness-benchmarks/glide/library/src/main/java/com/bumptech/glide/load/engine/DecodeHelper.java	FIELD	com.bumptech.glide.load.engine.DecodeHelper	null	transcodeClass	null	/home/nima/Developer/nullness-benchmarks/glide/library/src/main/java/com/bumptech/glide/load/engine/DecodeHelper.java
ASSIGN_FIELD_NULLABLE	assigning @Nullable expression to @NonNull field	com.bumptech.glide.load.engine.DecodeHelper	clear()	2838	/home/nima/Developer/nullness-benchmarks/glide/library/src/main/java/com/bumptech/glide/load/engine/DecodeHelper.java	FIELD	com.bumptech.glide.load.engine.DecodeHelper	null	options	null	/home/nima/Developer/nullness-benchmarks/glide/library/src/main/java/com/bumptech/glide/load/engine/DecodeHelper.java
ASSIGN_FIELD_NULLABLE	assigning @Nullable expression to @NonNull field	com.bumptech.glide.load.engine.DecodeHelper	clear()	2858	/home/nima/Developer/nullness-benchmarks/glide/library/src/main/java/com/bumptech/glide/load/engine/DecodeHelper.java	FIELD	com.bumptech.glide.load.engine.DecodeHelper	null	priority	null	/home/nima/Developer/nullness-benchmarks/glide/library/src/main/java/com/bumptech/glide/load/engine/DecodeHelper.java
ASSIGN_FIELD_NULLABLE	assigning @Nullable expression to @NonNull field	com.bumptech.glide.load.engine.DecodeHelper	clear()	2879	/home/nima/Developer/nullness-benchmarks/glide/library/src/main/java/com/bumptech/glide/load/engine/DecodeHelper.java	FIELD	com.bumptech.glide.load.engine.DecodeHelper	null	transformations	null	/home/nima/Developer/nullness-benchmarks/glide/library/src/main/java/com/bumptech/glide/load/engine/DecodeHelper.java
ASSIGN_FIELD_NULLABLE	assigning @Nullable expression to @NonNull field	com.bumptech.glide.load.engine.DecodeHelper	clear()	2907	/home/nima/Developer/nullness-benchmarks/glide/library/src/main/java/com/bumptech/glide/load/engine/DecodeHelper.java	FIELD	com.bumptech.glide.load.engine.DecodeHelper	null	diskCacheStrategy	null	/home/nima/Developer/nullness-benchmarks/glide/library/src/main/java/com/bumptech/glide/load/engine/DecodeHelper.java
RETURN_NULLABLE	returning @Nullable expression from method with @NonNull return type	com.bumptech.glide.load.engine.DecodeHelper	getLoadPath(java.lang.Class)	4106	/home/nima/Developer/nullness-benchmarks/glide/library/src/main/java/com/bumptech/glide/load/engine/DecodeHelper.java	METHOD	com.bumptech.glide.load.engine.DecodeHelper	getLoadPath(java.lang.Class)	null	null	/home/nima/Developer/nullness-benchmarks/glide/library/src/main/java/com/bumptech/glide/load/engine/DecodeHelper.java
METHOD_NO_INIT	initializer method does not guarantee @NonNull field toWrap (line 28) is initialized along all control-flow paths (remember to check for exceptions or early returns).	com.bumptech.glide.load.engine.LockedResource	LockedResource()	1350	/home/nima/Developer/nullness-benchmarks/glide/library/src/main/java/com/bumptech/glide/load/engine/LockedResource.java	null	null	null	null	null	null
ASSIGN_FIELD_NULLABLE	assigning @Nullable expression to @NonNull field	com.bumptech.glide.load.engine.LockedResource	release()	1569	/home/nima/Developer/nullness-benchmarks/glide/library/src/main/java/com/bumptech/glide/load/engine/LockedResource.java	FIELD	com.bumptech.glide.load.engine.LockedResource	null	toWrap	null	/home/nima/Developer/nullness-benchmarks/glide/library/src/main/java/com/bumptech/glide/load/engine/LockedResource.java
FIELD_NO_INIT	@NonNull static field instance not initialized	com.bumptech.glide.manager.SingletonConnectivityReceiver	instance	1186	/home/nima/Developer/nullness-benchmarks/glide/library/src/main/java/com/bumptech/glide/manager/SingletonConnectivityReceiver.java	FIELD	com.bumptech.glide.manager.SingletonConnectivityReceiver	null	instance	null	/home/nima/Developer/nullness-benchmarks/glide/library/src/main/java/com/bumptech/glide/manager/SingletonConnectivityReceiver.java
ASSIGN_FIELD_NULLABLE	assigning @Nullable expression to @NonNull field	com.bumptech.glide.manager.SingletonConnectivityReceiver	reset()	1936	/home/nima/Developer/nullness-benchmarks/glide/library/src/main/java/com/bumptech/glide/manager/SingletonConnectivityReceiver.java	FIELD	com.bumptech.glide.manager.SingletonConnectivityReceiver	null	instance	null	/home/nima/Developer/nullness-benchmarks/glide/library/src/main/java/com/bumptech/glide/manager/SingletonConnectivityReceiver.java
ASSIGN_FIELD_NULLABLE	assigning @Nullable expression to @NonNull field	com.bumptech.glide.util.pool.GlideTrace	COOKIE_CREATOR	303	/home/nima/Developer/nullness-benchmarks/glide/library/src/main/java/com/bumptech/glide/util/pool/GlideTrace.java	FIELD	com.bumptech.glide.util.pool.GlideTrace	null	COOKIE_CREATOR	null	/home/nima/Developer/nullness-benchmarks/glide/library/src/main/java/com/bumptech/glide/util/pool/GlideTrace.java
METHOD_NO_INIT	initializer method does not guarantee @NonNull fields wrapped (line 29), exception (line 30) are initialized along all control-flow paths (remember to check for exceptions or early returns).	com.bumptech.glide.util.ExceptionPassthroughInputStream	ExceptionPassthroughInputStream()	1887	/home/nima/Developer/nullness-benchmarks/glide/library/src/main/java/com/bumptech/glide/util/ExceptionPassthroughInputStream.java	null	null	null	null	null	null
ASSIGN_FIELD_NULLABLE	assigning @Nullable expression to @NonNull field	com.bumptech.glide.util.ExceptionPassthroughInputStream	release()	3366	/home/nima/Developer/nullness-benchmarks/glide/library/src/main/java/com/bumptech/glide/util/ExceptionPassthroughInputStream.java	FIELD	com.bumptech.glide.util.ExceptionPassthroughInputStream	null	exception	null	/home/nima/Developer/nullness-benchmarks/glide/library/src/main/java/com/bumptech/glide/util/ExceptionPassthroughInputStream.java
ASSIGN_FIELD_NULLABLE	assigning @Nullable expression to @NonNull field	com.bumptech.glide.util.ExceptionPassthroughInputStream	release()	3388	/home/nima/Developer/nullness-benchmarks/glide/library/src/main/java/com/bumptech/glide/util/ExceptionPassthroughInputStream.java	FIELD	com.bumptech.glide.util.ExceptionPassthroughInputStream	null	wrapped	null	/home/nima/Developer/nullness-benchmarks/glide/library/src/main/java/com/bumptech/glide/util/ExceptionPassthroughInputStream.java
METHOD_NO_INIT	initializer method does not guarantee @NonNull fields wrapped (line 26), exception (line 27) are initialized along all control-flow paths (remember to check for exceptions or early returns).	com.bumptech.glide.util.ExceptionCatchingInputStream	ExceptionCatchingInputStream()	1566	/home/nima/Developer/nullness-benchmarks/glide/library/src/main/java/com/bumptech/glide/util/ExceptionCatchingInputStream.java	null	null	null	null	null	null
ASSIGN_FIELD_NULLABLE	assigning @Nullable expression to @NonNull field	com.bumptech.glide.util.ExceptionCatchingInputStream	release()	3118	/home/nima/Developer/nullness-benchmarks/glide/library/src/main/java/com/bumptech/glide/util/ExceptionCatchingInputStream.java	FIELD	com.bumptech.glide.util.ExceptionCatchingInputStream	null	exception	null	/home/nima/Developer/nullness-benchmarks/glide/library/src/main/java/com/bumptech/glide/util/ExceptionCatchingInputStream.java
ASSIGN_FIELD_NULLABLE	assigning @Nullable expression to @NonNull field	com.bumptech.glide.util.ExceptionCatchingInputStream	release()	3140	/home/nima/Developer/nullness-benchmarks/glide/library/src/main/java/com/bumptech/glide/util/ExceptionCatchingInputStream.java	FIELD	com.bumptech.glide.util.ExceptionCatchingInputStream	null	wrapped	null	/home/nima/Developer/nullness-benchmarks/glide/library/src/main/java/com/bumptech/glide/util/ExceptionCatchingInputStream.java
METHOD_NO_INIT	initializer method does not guarantee @NonNull fields size (line 21), viewTarget (line 25) are initialized along all control-flow paths (remember to check for exceptions or early returns).	com.bumptech.glide.util.ViewPreloadSizeProvider	ViewPreloadSizeProvider()	1225	/home/nima/Developer/nullness-benchmarks/glide/library/src/main/java/com/bumptech/glide/util/ViewPreloadSizeProvider.java	null	null	null	null	null	null
METHOD_NO_INIT	initializer method does not guarantee @NonNull field size (line 21) is initialized along all control-flow paths (remember to check for exceptions or early returns).	com.bumptech.glide.util.ViewPreloadSizeProvider	ViewPreloadSizeProvider(android.view.View)	1619	/home/nima/Developer/nullness-benchmarks/glide/library/src/main/java/com/bumptech/glide/util/ViewPreloadSizeProvider.java	null	null	null	null	null	null
ASSIGN_FIELD_NULLABLE	assigning @Nullable expression to @NonNull field	com.bumptech.glide.util.ViewPreloadSizeProvider	onSizeReady(int,int)	2117	/home/nima/Developer/nullness-benchmarks/glide/library/src/main/java/com/bumptech/glide/util/ViewPreloadSizeProvider.java	FIELD	com.bumptech.glide.util.ViewPreloadSizeProvider	null	viewTarget	null	/home/nima/Developer/nullness-benchmarks/glide/library/src/main/java/com/bumptech/glide/util/ViewPreloadSizeProvider.java
PASS_NULLABLE	passing @Nullable parameter 'b' where @NonNull is required	com.bumptech.glide.util.Util	bothBaseRequestOptionsNullEquivalentOrEquals(com.bumptech.glide.request.BaseRequestOptions,com.bumptech.glide.request.BaseRequestOptions)	8162	/home/nima/Developer/nullness-benchmarks/glide/library/src/main/java/com/bumptech/glide/util/Util.java	PARAMETER	com.bumptech.glide.request.BaseRequestOptions	isEquivalentTo(com.bumptech.glide.request.BaseRequestOptions)	other	0	/home/nima/Developer/nullness-benchmarks/glide/library/src/main/java/com/bumptech/glide/request/BaseRequestOptions.java
METHOD_NO_INIT	initializer method does not guarantee @NonNull field values (line 124) is initialized along all control-flow paths (remember to check for exceptions or early returns).	com.bumptech.glide.load.engine.bitmap_recycle.GroupedLinkedMap$LinkedEntry	LinkedEntry(K)	3813	/home/nima/Developer/nullness-benchmarks/glide/library/src/main/java/com/bumptech/glide/load/engine/bitmap_recycle/GroupedLinkedMap.java	null	null	null	null	null	null
PASS_NULLABLE	passing @Nullable parameter 'null' where @NonNull is required	com.bumptech.glide.load.engine.bitmap_recycle.GroupedLinkedMap$LinkedEntry	LinkedEntry()	3790	/home/nima/Developer/nullness-benchmarks/glide/library/src/main/java/com/bumptech/glide/load/engine/bitmap_recycle/GroupedLinkedMap.java	PARAMETER	com.bumptech.glide.load.engine.bitmap_recycle.GroupedLinkedMap$LinkedEntry	LinkedEntry(K)	key	0	/home/nima/Developer/nullness-benchmarks/glide/library/src/main/java/com/bumptech/glide/load/engine/bitmap_recycle/GroupedLinkedMap.java
UNBOX_NULLABLE	unboxing of a @Nullable value	com.bumptech.glide.load.engine.bitmap_recycle.SizeStrategy	decrementBitmapOfSize(java.lang.Integer)	2289	/home/nima/Developer/nullness-benchmarks/glide/library/src/main/java/com/bumptech/glide/load/engine/bitmap_recycle/SizeStrategy.java	null	null	null	null	null	null
PASS_NULLABLE	passing @Nullable parameter 'evicted' where @NonNull is required	com.bumptech.glide.load.engine.bitmap_recycle.LruArrayPool	evictToSize(int)	4981	/home/nima/Developer/nullness-benchmarks/glide/library/src/main/java/com/bumptech/glide/load/engine/bitmap_recycle/LruArrayPool.java	PARAMETER	com.bumptech.glide.load.engine.bitmap_recycle.LruArrayPool	getAdapterFromObject(T)	object	0	/home/nima/Developer/nullness-benchmarks/glide/library/src/main/java/com/bumptech/glide/load/engine/bitmap_recycle/LruArrayPool.java
PASS_NULLABLE	passing @Nullable parameter 'evicted' where @NonNull is required	com.bumptech.glide.load.engine.bitmap_recycle.LruArrayPool	evictToSize(int)	5033	/home/nima/Developer/nullness-benchmarks/glide/library/src/main/java/com/bumptech/glide/load/engine/bitmap_recycle/LruArrayPool.java	PARAMETER	com.bumptech.glide.load.engine.bitmap_recycle.ArrayAdapterInterface	getArrayLength(T)	array	0	/home/nima/Developer/nullness-benchmarks/glide/library/src/main/java/com/bumptech/glide/load/engine/bitmap_recycle/ArrayAdapterInterface.java
PASS_NULLABLE	passing @Nullable parameter 'evicted' where @NonNull is required	com.bumptech.glide.load.engine.bitmap_recycle.LruArrayPool	evictToSize(int)	5137	/home/nima/Developer/nullness-benchmarks/glide/library/src/main/java/com/bumptech/glide/load/engine/bitmap_recycle/LruArrayPool.java	PARAMETER	com.bumptech.glide.load.engine.bitmap_recycle.ArrayAdapterInterface	getArrayLength(T)	array	0	/home/nima/Developer/nullness-benchmarks/glide/library/src/main/java/com/bumptech/glide/load/engine/bitmap_recycle/ArrayAdapterInterface.java
DEREFERENCE_NULLABLE	dereferenced expression evicted is @Nullable	com.bumptech.glide.load.engine.bitmap_recycle.LruArrayPool	evictToSize(int)	5175	/home/nima/Developer/nullness-benchmarks/glide/library/src/main/java/com/bumptech/glide/load/engine/bitmap_recycle/LruArrayPool.java	null	null	null	null	null	null
UNBOX_NULLABLE	unboxing of a @Nullable value	com.bumptech.glide.load.engine.bitmap_recycle.LruArrayPool	getCurrentSize()	7210	/home/nima/Developer/nullness-benchmarks/glide/library/src/main/java/com/bumptech/glide/load/engine/bitmap_recycle/LruArrayPool.java	null	null	null	null	null	null
METHOD_NO_INIT	initializer method does not guarantee @NonNull field arrayClass (line 241) is initialized along all control-flow paths (remember to check for exceptions or early returns).	com.bumptech.glide.load.engine.bitmap_recycle.LruArrayPool$Key	Key(com.bumptech.glide.load.engine.bitmap_recycle.LruArrayPool.KeyPool)	7793	/home/nima/Developer/nullness-benchmarks/glide/library/src/main/java/com/bumptech/glide/load/engine/bitmap_recycle/LruArrayPool.java	null	null	null	null	null	null
METHOD_NO_INIT	initializer method does not guarantee @NonNull field config (line 201) is initialized along all control-flow paths (remember to check for exceptions or early returns).	com.bumptech.glide.load.engine.bitmap_recycle.SizeConfigStrategy$Key	Key(com.bumptech.glide.load.engine.bitmap_recycle.SizeConfigStrategy.KeyPool)	6652	/home/nima/Developer/nullness-benchmarks/glide/library/src/main/java/com/bumptech/glide/load/engine/bitmap_recycle/SizeConfigStrategy.java	null	null	null	null	null	null
PASS_NULLABLE	passing @Nullable parameter 'config' where @NonNull is required	com.bumptech.glide.load.engine.bitmap_recycle.LruBitmapPool	getDirtyOrNull(int,int,android.graphics.Bitmap.Config)	6078	/home/nima/Developer/nullness-benchmarks/glide/library/src/main/java/com/bumptech/glide/load/engine/bitmap_recycle/LruBitmapPool.java	PARAMETER	com.bumptech.glide.load.engine.bitmap_recycle.LruBitmapPool	assertNotHardwareConfig(android.graphics.Bitmap.Config)	config	0	/home/nima/Developer/nullness-benchmarks/glide/library/src/main/java/com/bumptech/glide/load/engine/bitmap_recycle/LruBitmapPool.java
PASS_NULLABLE	passing @Nullable parameter 'config' where @NonNull is required	com.bumptech.glide.load.engine.bitmap_recycle.LruBitmapPool	getDirtyOrNull(int,int,android.graphics.Bitmap.Config)	6484	/home/nima/Developer/nullness-benchmarks/glide/library/src/main/java/com/bumptech/glide/load/engine/bitmap_recycle/LruBitmapPool.java	PARAMETER	com.bumptech.glide.load.engine.bitmap_recycle.LruPoolStrategy	logBitmap(int,int,android.graphics.Bitmap.Config)	config	2	/home/nima/Developer/nullness-benchmarks/glide/library/src/main/java/com/bumptech/glide/load/engine/bitmap_recycle/LruPoolStrategy.java
PASS_NULLABLE	passing @Nullable parameter 'config' where @NonNull is required	com.bumptech.glide.load.engine.bitmap_recycle.LruBitmapPool	getDirtyOrNull(int,int,android.graphics.Bitmap.Config)	6764	/home/nima/Developer/nullness-benchmarks/glide/library/src/main/java/com/bumptech/glide/load/engine/bitmap_recycle/LruBitmapPool.java	PARAMETER	com.bumptech.glide.load.engine.bitmap_recycle.LruPoolStrategy	logBitmap(int,int,android.graphics.Bitmap.Config)	config	2	/home/nima/Developer/nullness-benchmarks/glide/library/src/main/java/com/bumptech/glide/load/engine/bitmap_recycle/LruPoolStrategy.java
RETURN_NULLABLE	returning @Nullable expression from method with @NonNull return type	com.bumptech.glide.load.engine.bitmap_recycle.AttributeStrategy	get(int,int,android.graphics.Bitmap.Config)	844	/home/nima/Developer/nullness-benchmarks/glide/library/src/main/java/com/bumptech/glide/load/engine/bitmap_recycle/AttributeStrategy.java	METHOD	com.bumptech.glide.load.engine.bitmap_recycle.AttributeStrategy	get(int,int,android.graphics.Bitmap.Config)	null	null	/home/nima/Developer/nullness-benchmarks/glide/library/src/main/java/com/bumptech/glide/load/engine/bitmap_recycle/AttributeStrategy.java
RETURN_NULLABLE	returning @Nullable expression from method with @NonNull return type	com.bumptech.glide.load.engine.bitmap_recycle.AttributeStrategy	removeLast()	924	/home/nima/Developer/nullness-benchmarks/glide/library/src/main/java/com/bumptech/glide/load/engine/bitmap_recycle/AttributeStrategy.java	METHOD	com.bumptech.glide.load.engine.bitmap_recycle.AttributeStrategy	removeLast()	null	null	/home/nima/Developer/nullness-benchmarks/glide/library/src/main/java/com/bumptech/glide/load/engine/bitmap_recycle/AttributeStrategy.java
METHOD_NO_INIT	initializer method does not guarantee @NonNull field config (line 85) is initialized along all control-flow paths (remember to check for exceptions or early returns).	com.bumptech.glide.load.engine.bitmap_recycle.AttributeStrategy$Key	Key(com.bumptech.glide.load.engine.bitmap_recycle.AttributeStrategy.KeyPool)	2247	/home/nima/Developer/nullness-benchmarks/glide/library/src/main/java/com/bumptech/glide/load/engine/bitmap_recycle/AttributeStrategy.java	null	null	null	null	null	null
METHOD_NO_INIT	initializer method does not guarantee @NonNull fields sourceKey (line 25), modelLoaders (line 26), loadData (line 28), cacheFile (line 31), currentKey (line 34) are initialized along all control-flow paths (remember to check for exceptions or early returns).	com.bumptech.glide.load.engine.ResourceCacheGenerator	ResourceCacheGenerator(com.bumptech.glide.load.engine.DecodeHelper,com.bumptech.glide.load.engine.DataFetcherGenerator.FetcherReadyCallback)	1241	/home/nima/Developer/nullness-benchmarks/glide/library/src/main/java/com/bumptech/glide/load/engine/ResourceCacheGenerator.java	null	null	null	null	null	null
ASSIGN_FIELD_NULLABLE	assigning @Nullable expression to @NonNull field	com.bumptech.glide.load.engine.ResourceCacheGenerator	startNext()	3253	/home/nima/Developer/nullness-benchmarks/glide/library/src/main/java/com/bumptech/glide/load/engine/ResourceCacheGenerator.java	FIELD	com.bumptech.glide.load.engine.ResourceCacheGenerator	null	cacheFile	null	/home/nima/Developer/nullness-benchmarks/glide/library/src/main/java/com/bumptech/glide/load/engine/ResourceCacheGenerator.java
ASSIGN_FIELD_NULLABLE	assigning @Nullable expression to @NonNull field	com.bumptech.glide.load.engine.ResourceCacheGenerator	startNext()	3486	/home/nima/Developer/nullness-benchmarks/glide/library/src/main/java/com/bumptech/glide/load/engine/ResourceCacheGenerator.java	FIELD	com.bumptech.glide.load.engine.ResourceCacheGenerator	null	loadData	null	/home/nima/Developer/nullness-benchmarks/glide/library/src/main/java/com/bumptech/glide/load/engine/ResourceCacheGenerator.java
ASSIGN_FIELD_NULLABLE	assigning @Nullable expression to @NonNull field	com.bumptech.glide.load.engine.ResourceCacheGenerator	startNext()	3672	/home/nima/Developer/nullness-benchmarks/glide/library/src/main/java/com/bumptech/glide/load/engine/ResourceCacheGenerator.java	FIELD	com.bumptech.glide.load.engine.ResourceCacheGenerator	null	loadData	null	/home/nima/Developer/nullness-benchmarks/glide/library/src/main/java/com/bumptech/glide/load/engine/ResourceCacheGenerator.java
WRONG_OVERRIDE_PARAM	parameter data is @NonNull, but parameter in superclass method com.bumptech.glide.load.data.DataFetcher.DataCallback.onDataReady(T) is @Nullable	com.bumptech.glide.load.engine.ResourceCacheGenerator	onDataReady(java.lang.Object)	4323	/home/nima/Developer/nullness-benchmarks/glide/library/src/main/java/com/bumptech/glide/load/engine/ResourceCacheGenerator.java	PARAMETER	com.bumptech.glide.load.engine.ResourceCacheGenerator	onDataReady(java.lang.Object)	data	0	/home/nima/Developer/nullness-benchmarks/glide/library/src/main/java/com/bumptech/glide/load/engine/ResourceCacheGenerator.java
METHOD_NO_INIT	initializer method does not guarantee @NonNull fields sourceCacheGenerator (line 38), dataToCache (line 39), loadData (line 40), originalKey (line 41) are initialized along all control-flow paths (remember to check for exceptions or early returns).	com.bumptech.glide.load.engine.SourceGenerator	SourceGenerator(com.bumptech.glide.load.engine.DecodeHelper,com.bumptech.glide.load.engine.DataFetcherGenerator.FetcherReadyCallback)	1745	/home/nima/Developer/nullness-benchmarks/glide/library/src/main/java/com/bumptech/glide/load/engine/SourceGenerator.java	null	null	null	null	null	null
ASSIGN_FIELD_NULLABLE	assigning @Nullable expression to @NonNull field	com.bumptech.glide.load.engine.SourceGenerator	startNext()	2100	/home/nima/Developer/nullness-benchmarks/glide/library/src/main/java/com/bumptech/glide/load/engine/SourceGenerator.java	FIELD	com.bumptech.glide.load.engine.SourceGenerator	null	dataToCache	null	/home/nima/Developer/nullness-benchmarks/glide/library/src/main/java/com/bumptech/glide/load/engine/SourceGenerator.java
ASSIGN_FIELD_NULLABLE	assigning @Nullable expression to @NonNull field	com.bumptech.glide.load.engine.SourceGenerator	startNext()	3206	/home/nima/Developer/nullness-benchmarks/glide/library/src/main/java/com/bumptech/glide/load/engine/SourceGenerator.java	FIELD	com.bumptech.glide.load.engine.SourceGenerator	null	sourceCacheGenerator	null	/home/nima/Developer/nullness-benchmarks/glide/library/src/main/java/com/bumptech/glide/load/engine/SourceGenerator.java
ASSIGN_FIELD_NULLABLE	assigning @Nullable expression to @NonNull field	com.bumptech.glide.load.engine.SourceGenerator	startNext()	3240	/home/nima/Developer/nullness-benchmarks/glide/library/src/main/java/com/bumptech/glide/load/engine/SourceGenerator.java	FIELD	com.bumptech.glide.load.engine.SourceGenerator	null	loadData	null	/home/nima/Developer/nullness-benchmarks/glide/library/src/main/java/com/bumptech/glide/load/engine/SourceGenerator.java
PASS_NULLABLE	passing @Nullable parameter 'data' where @NonNull is required	com.bumptech.glide.load.engine.SourceGenerator$1	onDataReady(java.lang.Object)	3981	/home/nima/Developer/nullness-benchmarks/glide/library/src/main/java/com/bumptech/glide/load/engine/SourceGenerator.java	PARAMETER	com.bumptech.glide.load.engine.SourceGenerator	onDataReadyInternal(com.bumptech.glide.load.model.ModelLoader.LoadData,java.lang.Object)	data	1	/home/nima/Developer/nullness-benchmarks/glide/library/src/main/java/com/bumptech/glide/load/engine/SourceGenerator.java
WRONG_OVERRIDE_PARAM	parameter data is @NonNull, but parameter in superclass method com.bumptech.glide.load.engine.DataFetcherGenerator.FetcherReadyCallback.onDataFetcherReady(com.bumptech.glide.load.Key,java.lang.Object,com.bumptech.glide.load.data.DataFetcher<?>,com.bumptech.glide.load.DataSource,com.bumptech.glide.load.Key) is @Nullable	com.bumptech.glide.load.engine.SourceGenerator	onDataFetcherReady(com.bumptech.glide.load.Key,java.lang.Object,com.bumptech.glide.load.data.DataFetcher,com.bumptech.glide.load.DataSource,com.bumptech.glide.load.Key)	8532	/home/nima/Developer/nullness-benchmarks/glide/library/src/main/java/com/bumptech/glide/load/engine/SourceGenerator.java	PARAMETER	com.bumptech.glide.load.engine.SourceGenerator	onDataFetcherReady(com.bumptech.glide.load.Key,java.lang.Object,com.bumptech.glide.load.data.DataFetcher,com.bumptech.glide.load.DataSource,com.bumptech.glide.load.Key)	data	1	/home/nima/Developer/nullness-benchmarks/glide/library/src/main/java/com/bumptech/glide/load/engine/SourceGenerator.java
METHOD_NO_INIT	initializer method does not guarantee @NonNull fields sourceKey (line 24), modelLoaders (line 25), loadData (line 27), cacheFile (line 30) are initialized along all control-flow paths (remember to check for exceptions or early returns).	com.bumptech.glide.load.engine.DataCacheGenerator	DataCacheGenerator(java.util.List,com.bumptech.glide.load.engine.DecodeHelper,com.bumptech.glide.load.engine.DataFetcherGenerator.FetcherReadyCallback)	1457	/home/nima/Developer/nullness-benchmarks/glide/library/src/main/java/com/bumptech/glide/load/engine/DataCacheGenerator.java	null	null	null	null	null	null
ASSIGN_FIELD_NULLABLE	assigning @Nullable expression to @NonNull field	com.bumptech.glide.load.engine.DataCacheGenerator	startNext()	2299	/home/nima/Developer/nullness-benchmarks/glide/library/src/main/java/com/bumptech/glide/load/engine/DataCacheGenerator.java	FIELD	com.bumptech.glide.load.engine.DataCacheGenerator	null	cacheFile	null	/home/nima/Developer/nullness-benchmarks/glide/library/src/main/java/com/bumptech/glide/load/engine/DataCacheGenerator.java
ASSIGN_FIELD_NULLABLE	assigning @Nullable expression to @NonNull field	com.bumptech.glide.load.engine.DataCacheGenerator	startNext()	2538	/home/nima/Developer/nullness-benchmarks/glide/library/src/main/java/com/bumptech/glide/load/engine/DataCacheGenerator.java	FIELD	com.bumptech.glide.load.engine.DataCacheGenerator	null	loadData	null	/home/nima/Developer/nullness-benchmarks/glide/library/src/main/java/com/bumptech/glide/load/engine/DataCacheGenerator.java
ASSIGN_FIELD_NULLABLE	assigning @Nullable expression to @NonNull field	com.bumptech.glide.load.engine.DataCacheGenerator	startNext()	2724	/home/nima/Developer/nullness-benchmarks/glide/library/src/main/java/com/bumptech/glide/load/engine/DataCacheGenerator.java	FIELD	com.bumptech.glide.load.engine.DataCacheGenerator	null	loadData	null	/home/nima/Developer/nullness-benchmarks/glide/library/src/main/java/com/bumptech/glide/load/engine/DataCacheGenerator.java
WRONG_OVERRIDE_PARAM	parameter data is @NonNull, but parameter in superclass method com.bumptech.glide.load.data.DataFetcher.DataCallback.onDataReady(T) is @Nullable	com.bumptech.glide.load.engine.DataCacheGenerator	onDataReady(java.lang.Object)	3374	/home/nima/Developer/nullness-benchmarks/glide/library/src/main/java/com/bumptech/glide/load/engine/DataCacheGenerator.java	PARAMETER	com.bumptech.glide.load.engine.DataCacheGenerator	onDataReady(java.lang.Object)	data	0	/home/nima/Developer/nullness-benchmarks/glide/library/src/main/java/com/bumptech/glide/load/engine/DataCacheGenerator.java
METHOD_NO_INIT	initializer method does not guarantee @NonNull field listener (line 12) is initialized along all control-flow paths (remember to check for exceptions or early returns).	com.bumptech.glide.load.engine.cache.LruResourceCache	LruResourceCache(long)	635	/home/nima/Developer/nullness-benchmarks/glide/library/src/main/java/com/bumptech/glide/load/engine/cache/LruResourceCache.java	null	null	null	null	null	null
RETURN_NULLABLE	returning @Nullable expression from method with @NonNull return type	com.bumptech.glide.load.engine.cache.ExternalCacheDiskCacheFactory$1	getCacheDirectory()	1245	/home/nima/Developer/nullness-benchmarks/glide/library/src/main/java/com/bumptech/glide/load/engine/cache/ExternalCacheDiskCacheFactory.java	METHOD	com.bumptech.glide.load.engine.cache.ExternalCacheDiskCacheFactory$1	getCacheDirectory()	null	null	/home/nima/Developer/nullness-benchmarks/glide/library/src/main/java/com/bumptech/glide/load/engine/cache/ExternalCacheDiskCacheFactory.java
RETURN_NULLABLE	returning @Nullable expression from method with @NonNull return type	com.bumptech.glide.load.engine.cache.DiskLruCacheFactory	build()	2107	/home/nima/Developer/nullness-benchmarks/glide/library/src/main/java/com/bumptech/glide/load/engine/cache/DiskLruCacheFactory.java	METHOD	com.bumptech.glide.load.engine.cache.DiskLruCacheFactory	build()	null	null	/home/nima/Developer/nullness-benchmarks/glide/library/src/main/java/com/bumptech/glide/load/engine/cache/DiskLruCacheFactory.java
RETURN_NULLABLE	returning @Nullable expression from method with @NonNull return type	com.bumptech.glide.load.engine.cache.DiskLruCacheFactory	build()	2259	/home/nima/Developer/nullness-benchmarks/glide/library/src/main/java/com/bumptech/glide/load/engine/cache/DiskLruCacheFactory.java	METHOD	com.bumptech.glide.load.engine.cache.DiskLruCacheFactory	build()	null	null	/home/nima/Developer/nullness-benchmarks/glide/library/src/main/java/com/bumptech/glide/load/engine/cache/DiskLruCacheFactory.java
METHOD_NO_INIT	initializer method does not guarantee @NonNull field diskLruCache (line 31) is initialized along all control-flow paths (remember to check for exceptions or early returns).	com.bumptech.glide.load.engine.cache.DiskLruCacheWrapper	DiskLruCacheWrapper(java.io.File,long)	2373	/home/nima/Developer/nullness-benchmarks/glide/library/src/main/java/com/bumptech/glide/load/engine/cache/DiskLruCacheWrapper.java	null	null	null	null	null	null
FIELD_NO_INIT	@NonNull static field wrapper not initialized	com.bumptech.glide.load.engine.cache.DiskLruCacheWrapper	wrapper	719	/home/nima/Developer/nullness-benchmarks/glide/library/src/main/java/com/bumptech/glide/load/engine/cache/DiskLruCacheWrapper.java	FIELD	com.bumptech.glide.load.engine.cache.DiskLruCacheWrapper	null	wrapper	null	/home/nima/Developer/nullness-benchmarks/glide/library/src/main/java/com/bumptech/glide/load/engine/cache/DiskLruCacheWrapper.java
RETURN_NULLABLE	returning @Nullable expression from method with @NonNull return type	com.bumptech.glide.load.engine.cache.DiskLruCacheWrapper	get(com.bumptech.glide.load.Key)	3667	/home/nima/Developer/nullness-benchmarks/glide/library/src/main/java/com/bumptech/glide/load/engine/cache/DiskLruCacheWrapper.java	METHOD	com.bumptech.glide.load.engine.cache.DiskLruCacheWrapper	get(com.bumptech.glide.load.Key)	null	null	/home/nima/Developer/nullness-benchmarks/glide/library/src/main/java/com/bumptech/glide/load/engine/cache/DiskLruCacheWrapper.java
ASSIGN_FIELD_NULLABLE	assigning @Nullable expression to @NonNull field	com.bumptech.glide.load.engine.cache.DiskLruCacheWrapper	resetDiskCache()	6032	/home/nima/Developer/nullness-benchmarks/glide/library/src/main/java/com/bumptech/glide/load/engine/cache/DiskLruCacheWrapper.java	FIELD	com.bumptech.glide.load.engine.cache.DiskLruCacheWrapper	null	diskLruCache	null	/home/nima/Developer/nullness-benchmarks/glide/library/src/main/java/com/bumptech/glide/load/engine/cache/DiskLruCacheWrapper.java
RETURN_NULLABLE	returning @Nullable expression from method with @NonNull return type	com.bumptech.glide.load.engine.cache.InternalCacheDiskCacheFactory$1	getCacheDirectory()	1070	/home/nima/Developer/nullness-benchmarks/glide/library/src/main/java/com/bumptech/glide/load/engine/cache/InternalCacheDiskCacheFactory.java	METHOD	com.bumptech.glide.load.engine.cache.InternalCacheDiskCacheFactory$1	getCacheDirectory()	null	null	/home/nima/Developer/nullness-benchmarks/glide/library/src/main/java/com/bumptech/glide/load/engine/cache/InternalCacheDiskCacheFactory.java
RETURN_NULLABLE	returning @Nullable expression from method with @NonNull return type	com.bumptech.glide.load.engine.cache.DiskCacheAdapter	get(com.bumptech.glide.load.Key)	317	/home/nima/Developer/nullness-benchmarks/glide/library/src/main/java/com/bumptech/glide/load/engine/cache/DiskCacheAdapter.java	METHOD	com.bumptech.glide.load.engine.cache.DiskCacheAdapter	get(com.bumptech.glide.load.Key)	null	null	/home/nima/Developer/nullness-benchmarks/glide/library/src/main/java/com/bumptech/glide/load/engine/cache/DiskCacheAdapter.java
FIELD_NO_INIT	@NonNull field listener not initialized	com.bumptech.glide.load.engine.cache.MemoryCacheAdapter	listener	340	/home/nima/Developer/nullness-benchmarks/glide/library/src/main/java/com/bumptech/glide/load/engine/cache/MemoryCacheAdapter.java	FIELD	com.bumptech.glide.load.engine.cache.MemoryCacheAdapter	null	listener	null	/home/nima/Developer/nullness-benchmarks/glide/library/src/main/java/com/bumptech/glide/load/engine/cache/MemoryCacheAdapter.java
RETURN_NULLABLE	returning @Nullable expression from method with @NonNull return type	com.bumptech.glide.load.engine.cache.ExternalPreferredCacheDiskCacheFactory$1	getCacheDirectory()	2232	/home/nima/Developer/nullness-benchmarks/glide/library/src/main/java/com/bumptech/glide/load/engine/cache/ExternalPreferredCacheDiskCacheFactory.java	METHOD	com.bumptech.glide.load.engine.cache.ExternalPreferredCacheDiskCacheFactory$1	getCacheDirectory()	null	null	/home/nima/Developer/nullness-benchmarks/glide/library/src/main/java/com/bumptech/glide/load/engine/cache/ExternalPreferredCacheDiskCacheFactory.java
METHOD_NO_INIT	initializer method does not guarantee @NonNull field data (line 20) is initialized along all control-flow paths (remember to check for exceptions or early returns).	com.bumptech.glide.load.data.AssetPathFetcher	AssetPathFetcher(android.content.res.AssetManager,java.lang.String)	708	/home/nima/Developer/nullness-benchmarks/glide/library/src/main/java/com/bumptech/glide/load/data/AssetPathFetcher.java	null	null	null	null	null	null
METHOD_NO_INIT	initializer method does not guarantee @NonNull field data (line 23) is initialized along all control-flow paths (remember to check for exceptions or early returns).	com.bumptech.glide.load.data.LocalUriFetcher	LocalUriFetcher(android.content.ContentResolver,android.net.Uri)	1274	/home/nima/Developer/nullness-benchmarks/glide/library/src/main/java/com/bumptech/glide/load/data/LocalUriFetcher.java	null	null	null	null	null	null
ASSIGN_FIELD_NULLABLE	assigning @Nullable expression to @NonNull field	com.bumptech.glide.load.data.BufferedOutputStream	release()	2697	/home/nima/Developer/nullness-benchmarks/glide/library/src/main/java/com/bumptech/glide/load/data/BufferedOutputStream.java	FIELD	com.bumptech.glide.load.data.BufferedOutputStream	null	buffer	null	/home/nima/Developer/nullness-benchmarks/glide/library/src/main/java/com/bumptech/glide/load/data/BufferedOutputStream.java
METHOD_NO_INIT	initializer method does not guarantee @NonNull fields urlConnection (line 38), stream (line 39) are initialized along all control-flow paths (remember to check for exceptions or early returns).	com.bumptech.glide.load.data.HttpUrlFetcher	HttpUrlFetcher(com.bumptech.glide.load.model.GlideUrl,int,com.bumptech.glide.load.data.HttpUrlFetcher.HttpUrlConnectionFactory)	1670	/home/nima/Developer/nullness-benchmarks/glide/library/src/main/java/com/bumptech/glide/load/data/HttpUrlFetcher.java	null	null	null	null	null	null
PASS_NULLABLE	passing @Nullable parameter 'null' where @NonNull is required	com.bumptech.glide.load.data.HttpUrlFetcher	loadData(com.bumptech.glide.Priority,com.bumptech.glide.load.data.DataFetcher.DataCallback)	2100	/home/nima/Developer/nullness-benchmarks/glide/library/src/main/java/com/bumptech/glide/load/data/HttpUrlFetcher.java	PARAMETER	com.bumptech.glide.load.data.HttpUrlFetcher	loadDataWithRedirects(java.net.URL,int,java.net.URL,java.util.Map)	lastUrl	2	/home/nima/Developer/nullness-benchmarks/glide/library/src/main/java/com/bumptech/glide/load/data/HttpUrlFetcher.java
RETURN_NULLABLE	returning @Nullable expression from method with @NonNull return type	com.bumptech.glide.load.data.HttpUrlFetcher	loadDataWithRedirects(java.net.URL,int,java.net.URL,java.util.Map)	3838	/home/nima/Developer/nullness-benchmarks/glide/library/src/main/java/com/bumptech/glide/load/data/HttpUrlFetcher.java	METHOD	com.bumptech.glide.load.data.HttpUrlFetcher	loadDataWithRedirects(java.net.URL,int,java.net.URL,java.util.Map)	null	null	/home/nima/Developer/nullness-benchmarks/glide/library/src/main/java/com/bumptech/glide/load/data/HttpUrlFetcher.java
ASSIGN_FIELD_NULLABLE	assigning @Nullable expression to @NonNull field	com.bumptech.glide.load.data.HttpUrlFetcher	cleanup()	7690	/home/nima/Developer/nullness-benchmarks/glide/library/src/main/java/com/bumptech/glide/load/data/HttpUrlFetcher.java	FIELD	com.bumptech.glide.load.data.HttpUrlFetcher	null	urlConnection	null	/home/nima/Developer/nullness-benchmarks/glide/library/src/main/java/com/bumptech/glide/load/data/HttpUrlFetcher.java
ASSIGN_FIELD_NULLABLE	assigning @Nullable expression to @NonNull field	com.bumptech.glide.load.resource.bitmap.RecyclableBufferedInputStream	release()	4090	/home/nima/Developer/nullness-benchmarks/glide/library/src/main/java/com/bumptech/glide/load/resource/bitmap/RecyclableBufferedInputStream.java	FIELD	com.bumptech.glide.load.resource.bitmap.RecyclableBufferedInputStream	null	buf	null	/home/nima/Developer/nullness-benchmarks/glide/library/src/main/java/com/bumptech/glide/load/resource/bitmap/RecyclableBufferedInputStream.java
ASSIGN_FIELD_NULLABLE	assigning @Nullable expression to @NonNull field	com.bumptech.glide.load.resource.bitmap.RecyclableBufferedInputStream	close()	4424	/home/nima/Developer/nullness-benchmarks/glide/library/src/main/java/com/bumptech/glide/load/resource/bitmap/RecyclableBufferedInputStream.java	FIELD	com.bumptech.glide.load.resource.bitmap.RecyclableBufferedInputStream	null	buf	null	/home/nima/Developer/nullness-benchmarks/glide/library/src/main/java/com/bumptech/glide/load/resource/bitmap/RecyclableBufferedInputStream.java
METHOD_NO_INIT	initializer method does not guarantee @NonNull field inputStream (line 30) is initialized along all control-flow paths (remember to check for exceptions or early returns).	com.bumptech.glide.load.data.mediastore.ThumbFetcher	ThumbFetcher(android.net.Uri,com.bumptech.glide.load.data.mediastore.ThumbnailStreamOpener)	1927	/home/nima/Developer/nullness-benchmarks/glide/library/src/main/java/com/bumptech/glide/load/data/mediastore/ThumbFetcher.java	null	null	null	null	null	null
RETURN_NULLABLE	returning @Nullable expression from method with @NonNull return type	com.bumptech.glide.load.data.mediastore.ThumbnailStreamOpener	open(android.net.Uri)	2389	/home/nima/Developer/nullness-benchmarks/glide/library/src/main/java/com/bumptech/glide/load/data/mediastore/ThumbnailStreamOpener.java	METHOD	com.bumptech.glide.load.data.mediastore.ThumbnailStreamOpener	open(android.net.Uri)	null	null	/home/nima/Developer/nullness-benchmarks/glide/library/src/main/java/com/bumptech/glide/load/data/mediastore/ThumbnailStreamOpener.java
RETURN_NULLABLE	returning @Nullable expression from method with @NonNull return type	com.bumptech.glide.load.data.mediastore.ThumbnailStreamOpener	open(android.net.Uri)	2476	/home/nima/Developer/nullness-benchmarks/glide/library/src/main/java/com/bumptech/glide/load/data/mediastore/ThumbnailStreamOpener.java	METHOD	com.bumptech.glide.load.data.mediastore.ThumbnailStreamOpener	open(android.net.Uri)	null	null	/home/nima/Developer/nullness-benchmarks/glide/library/src/main/java/com/bumptech/glide/load/data/mediastore/ThumbnailStreamOpener.java
ASSIGN_FIELD_NULLABLE	assigning @Nullable expression to @NonNull field	com.bumptech.glide.load.resource.DefaultOnHeaderDecodedListener	DefaultOnHeaderDecodedListener(int,int,com.bumptech.glide.load.Options)	1951	/home/nima/Developer/nullness-benchmarks/glide/library/src/main/java/com/bumptech/glide/load/resource/DefaultOnHeaderDecodedListener.java	FIELD	com.bumptech.glide.load.resource.DefaultOnHeaderDecodedListener	null	decodeFormat	null	/home/nima/Developer/nullness-benchmarks/glide/library/src/main/java/com/bumptech/glide/load/resource/DefaultOnHeaderDecodedListener.java
ASSIGN_FIELD_NULLABLE	assigning @Nullable expression to @NonNull field	com.bumptech.glide.load.resource.DefaultOnHeaderDecodedListener	DefaultOnHeaderDecodedListener(int,int,com.bumptech.glide.load.Options)	2010	/home/nima/Developer/nullness-benchmarks/glide/library/src/main/java/com/bumptech/glide/load/resource/DefaultOnHeaderDecodedListener.java	FIELD	com.bumptech.glide.load.resource.DefaultOnHeaderDecodedListener	null	strategy	null	/home/nima/Developer/nullness-benchmarks/glide/library/src/main/java/com/bumptech/glide/load/resource/DefaultOnHeaderDecodedListener.java
UNBOX_NULLABLE	unboxing of a @Nullable value	com.bumptech.glide.load.resource.DefaultOnHeaderDecodedListener	DefaultOnHeaderDecodedListener(int,int,com.bumptech.glide.load.Options)	2099	/home/nima/Developer/nullness-benchmarks/glide/library/src/main/java/com/bumptech/glide/load/resource/DefaultOnHeaderDecodedListener.java	null	null	null	null	null	null
ASSIGN_FIELD_NULLABLE	assigning @Nullable expression to @NonNull field	com.bumptech.glide.load.resource.DefaultOnHeaderDecodedListener	DefaultOnHeaderDecodedListener(int,int,com.bumptech.glide.load.Options)	2221	/home/nima/Developer/nullness-benchmarks/glide/library/src/main/java/com/bumptech/glide/load/resource/DefaultOnHeaderDecodedListener.java	FIELD	com.bumptech.glide.load.resource.DefaultOnHeaderDecodedListener	null	preferredColorSpace	null	/home/nima/Developer/nullness-benchmarks/glide/library/src/main/java/com/bumptech/glide/load/resource/DefaultOnHeaderDecodedListener.java
FIELD_NO_INIT	@NonNull static field instance not initialized	com.bumptech.glide.load.resource.bitmap.HardwareConfigState	instance	2904	/home/nima/Developer/nullness-benchmarks/glide/library/src/main/java/com/bumptech/glide/load/resource/bitmap/HardwareConfigState.java	FIELD	com.bumptech.glide.load.resource.bitmap.HardwareConfigState	null	instance	null	/home/nima/Developer/nullness-benchmarks/glide/library/src/main/java/com/bumptech/glide/load/resource/bitmap/HardwareConfigState.java
UNBOX_NULLABLE	unboxing of a @Nullable value	com.bumptech.glide.load.resource.bitmap.Downsampler	decode(com.bumptech.glide.load.resource.bitmap.ImageReader,int,int,com.bumptech.glide.load.Options,com.bumptech.glide.load.resource.bitmap.Downsampler.DecodeCallbacks)	11718	/home/nima/Developer/nullness-benchmarks/glide/library/src/main/java/com/bumptech/glide/load/resource/bitmap/Downsampler.java	null	null	null	null	null	null
UNBOX_NULLABLE	unboxing of a @Nullable value	com.bumptech.glide.load.resource.bitmap.Downsampler	decode(com.bumptech.glide.load.resource.bitmap.ImageReader,int,int,com.bumptech.glide.load.Options,com.bumptech.glide.load.resource.bitmap.Downsampler.DecodeCallbacks)	11859	/home/nima/Developer/nullness-benchmarks/glide/library/src/main/java/com/bumptech/glide/load/resource/bitmap/Downsampler.java	null	null	null	null	null	null
PASS_NULLABLE	passing @Nullable parameter 'downsampleStrategy' where @NonNull is required	com.bumptech.glide.load.resource.bitmap.Downsampler	decode(com.bumptech.glide.load.resource.bitmap.ImageReader,int,int,com.bumptech.glide.load.Options,com.bumptech.glide.load.resource.bitmap.Downsampler.DecodeCallbacks)	11984	/home/nima/Developer/nullness-benchmarks/glide/library/src/main/java/com/bumptech/glide/load/resource/bitmap/Downsampler.java	PARAMETER	com.bumptech.glide.load.resource.bitmap.Downsampler	decodeFromWrappedStreams(com.bumptech.glide.load.resource.bitmap.ImageReader,android.graphics.BitmapFactory.Options,com.bumptech.glide.load.resource.bitmap.DownsampleStrategy,com.bumptech.glide.load.DecodeFormat,com.bumptech.glide.load.PreferredColorSpace,boolean,int,int,boolean,com.bumptech.glide.load.resource.bitmap.Downsampler.DecodeCallbacks)	downsampleStrategy	2	/home/nima/Developer/nullness-benchmarks/glide/library/src/main/java/com/bumptech/glide/load/resource/bitmap/Downsampler.java
PASS_NULLABLE	passing @Nullable parameter 'decodeFormat' where @NonNull is required	com.bumptech.glide.load.resource.bitmap.Downsampler	decode(com.bumptech.glide.load.resource.bitmap.ImageReader,int,int,com.bumptech.glide.load.Options,com.bumptech.glide.load.resource.bitmap.Downsampler.DecodeCallbacks)	11984	/home/nima/Developer/nullness-benchmarks/glide/library/src/main/java/com/bumptech/glide/load/resource/bitmap/Downsampler.java	PARAMETER	com.bumptech.glide.load.resource.bitmap.Downsampler	decodeFromWrappedStreams(com.bumptech.glide.load.resource.bitmap.ImageReader,android.graphics.BitmapFactory.Options,com.bumptech.glide.load.resource.bitmap.DownsampleStrategy,com.bumptech.glide.load.DecodeFormat,com.bumptech.glide.load.PreferredColorSpace,boolean,int,int,boolean,com.bumptech.glide.load.resource.bitmap.Downsampler.DecodeCallbacks)	decodeFormat	3	/home/nima/Developer/nullness-benchmarks/glide/library/src/main/java/com/bumptech/glide/load/resource/bitmap/Downsampler.java
PASS_NULLABLE	passing @Nullable parameter 'preferredColorSpace' where @NonNull is required	com.bumptech.glide.load.resource.bitmap.Downsampler	decode(com.bumptech.glide.load.resource.bitmap.ImageReader,int,int,com.bumptech.glide.load.Options,com.bumptech.glide.load.resource.bitmap.Downsampler.DecodeCallbacks)	11984	/home/nima/Developer/nullness-benchmarks/glide/library/src/main/java/com/bumptech/glide/load/resource/bitmap/Downsampler.java	PARAMETER	com.bumptech.glide.load.resource.bitmap.Downsampler	decodeFromWrappedStreams(com.bumptech.glide.load.resource.bitmap.ImageReader,android.graphics.BitmapFactory.Options,com.bumptech.glide.load.resource.bitmap.DownsampleStrategy,com.bumptech.glide.load.DecodeFormat,com.bumptech.glide.load.PreferredColorSpace,boolean,int,int,boolean,com.bumptech.glide.load.resource.bitmap.Downsampler.DecodeCallbacks)	preferredColorSpace	4	/home/nima/Developer/nullness-benchmarks/glide/library/src/main/java/com/bumptech/glide/load/resource/bitmap/Downsampler.java
RETURN_NULLABLE	returning @Nullable expression from method with @NonNull return type	com.bumptech.glide.load.resource.bitmap.Downsampler	decode(com.bumptech.glide.load.resource.bitmap.ImageReader,int,int,com.bumptech.glide.load.Options,com.bumptech.glide.load.resource.bitmap.Downsampler.DecodeCallbacks)	12348	/home/nima/Developer/nullness-benchmarks/glide/library/src/main/java/com/bumptech/glide/load/resource/bitmap/Downsampler.java	METHOD	com.bumptech.glide.load.resource.bitmap.Downsampler	decode(com.bumptech.glide.load.resource.bitmap.ImageReader,int,int,com.bumptech.glide.load.Options,com.bumptech.glide.load.resource.bitmap.Downsampler.DecodeCallbacks)	null	null	/home/nima/Developer/nullness-benchmarks/glide/library/src/main/java/com/bumptech/glide/load/resource/bitmap/Downsampler.java
RETURN_NULLABLE	returning @Nullable expression from method with @NonNull return type	com.bumptech.glide.load.resource.bitmap.Downsampler	decodeFromWrappedStreams(com.bumptech.glide.load.resource.bitmap.ImageReader,android.graphics.BitmapFactory.Options,com.bumptech.glide.load.resource.bitmap.DownsampleStrategy,com.bumptech.glide.load.DecodeFormat,com.bumptech.glide.load.PreferredColorSpace,boolean,int,int,boolean,com.bumptech.glide.load.resource.bitmap.Downsampler.DecodeCallbacks)	18206	/home/nima/Developer/nullness-benchmarks/glide/library/src/main/java/com/bumptech/glide/load/resource/bitmap/Downsampler.java	METHOD	com.bumptech.glide.load.resource.bitmap.Downsampler	decodeFromWrappedStreams(com.bumptech.glide.load.resource.bitmap.ImageReader,android.graphics.BitmapFactory.Options,com.bumptech.glide.load.resource.bitmap.DownsampleStrategy,com.bumptech.glide.load.DecodeFormat,com.bumptech.glide.load.PreferredColorSpace,boolean,int,int,boolean,com.bumptech.glide.load.resource.bitmap.Downsampler.DecodeCallbacks)	null	null	/home/nima/Developer/nullness-benchmarks/glide/library/src/main/java/com/bumptech/glide/load/resource/bitmap/Downsampler.java
RETURN_NULLABLE	returning @Nullable expression from method with @NonNull return type	com.bumptech.glide.load.resource.bitmap.Downsampler	decodeStream(com.bumptech.glide.load.resource.bitmap.ImageReader,android.graphics.BitmapFactory.Options,com.bumptech.glide.load.resource.bitmap.Downsampler.DecodeCallbacks,com.bumptech.glide.load.engine.bitmap_recycle.BitmapPool)	32114	/home/nima/Developer/nullness-benchmarks/glide/library/src/main/java/com/bumptech/glide/load/resource/bitmap/Downsampler.java	METHOD	com.bumptech.glide.load.resource.bitmap.Downsampler	decodeStream(com.bumptech.glide.load.resource.bitmap.ImageReader,android.graphics.BitmapFactory.Options,com.bumptech.glide.load.resource.bitmap.Downsampler.DecodeCallbacks,com.bumptech.glide.load.engine.bitmap_recycle.BitmapPool)	null	null	/home/nima/Developer/nullness-benchmarks/glide/library/src/main/java/com/bumptech/glide/load/resource/bitmap/Downsampler.java
RETURN_NULLABLE	returning @Nullable expression from method with @NonNull return type	com.bumptech.glide.load.resource.bitmap.Downsampler	getInBitmapString(android.graphics.BitmapFactory.Options)	33428	/home/nima/Developer/nullness-benchmarks/glide/library/src/main/java/com/bumptech/glide/load/resource/bitmap/Downsampler.java	METHOD	com.bumptech.glide.load.resource.bitmap.Downsampler	getInBitmapString(android.graphics.BitmapFactory.Options)	null	null	/home/nima/Developer/nullness-benchmarks/glide/library/src/main/java/com/bumptech/glide/load/resource/bitmap/Downsampler.java
RETURN_NULLABLE	returning @Nullable expression from method with @NonNull return type	com.bumptech.glide.load.resource.bitmap.BitmapTransformation	transform(android.content.Context,com.bumptech.glide.load.engine.Resource,int,int)	3795	/home/nima/Developer/nullness-benchmarks/glide/library/src/main/java/com/bumptech/glide/load/resource/bitmap/BitmapTransformation.java	METHOD	com.bumptech.glide.load.resource.bitmap.BitmapTransformation	transform(android.content.Context,com.bumptech.glide.load.engine.Resource,int,int)	null	null	/home/nima/Developer/nullness-benchmarks/glide/library/src/main/java/com/bumptech/glide/load/resource/bitmap/BitmapTransformation.java
UNBOX_NULLABLE	unboxing of a @Nullable value	com.bumptech.glide.load.resource.bitmap.BitmapEncoder	encode(com.bumptech.glide.load.engine.Resource,java.io.File,com.bumptech.glide.load.Options)	2906	/home/nima/Developer/nullness-benchmarks/glide/library/src/main/java/com/bumptech/glide/load/resource/bitmap/BitmapEncoder.java	null	null	null	null	null	null
RETURN_NULLABLE	returning @Nullable expression from method with @NonNull return type	com.bumptech.glide.load.resource.bitmap.LazyBitmapDrawableResource	obtain(android.content.Context,android.graphics.Bitmap)	1142	/home/nima/Developer/nullness-benchmarks/glide/library/src/main/java/com/bumptech/glide/load/resource/bitmap/LazyBitmapDrawableResource.java	METHOD	com.bumptech.glide.load.resource.bitmap.LazyBitmapDrawableResource	obtain(android.content.Context,android.graphics.Bitmap)	null	null	/home/nima/Developer/nullness-benchmarks/glide/library/src/main/java/com/bumptech/glide/load/resource/bitmap/LazyBitmapDrawableResource.java
RETURN_NULLABLE	returning @Nullable expression from method with @NonNull return type	com.bumptech.glide.load.resource.bitmap.LazyBitmapDrawableResource	obtain(android.content.res.Resources,com.bumptech.glide.load.engine.bitmap_recycle.BitmapPool,android.graphics.Bitmap)	1620	/home/nima/Developer/nullness-benchmarks/glide/library/src/main/java/com/bumptech/glide/load/resource/bitmap/LazyBitmapDrawableResource.java	METHOD	com.bumptech.glide.load.resource.bitmap.LazyBitmapDrawableResource	obtain(android.content.res.Resources,com.bumptech.glide.load.engine.bitmap_recycle.BitmapPool,android.graphics.Bitmap)	null	null	/home/nima/Developer/nullness-benchmarks/glide/library/src/main/java/com/bumptech/glide/load/resource/bitmap/LazyBitmapDrawableResource.java
UNBOX_NULLABLE	unboxing of a @Nullable value	com.bumptech.glide.load.resource.bitmap.VideoDecoder	decode(T,int,int,com.bumptech.glide.load.Options)	6641	/home/nima/Developer/nullness-benchmarks/glide/library/src/main/java/com/bumptech/glide/load/resource/bitmap/VideoDecoder.java	null	null	null	null	null	null
RETURN_NULLABLE	returning @Nullable expression from method with @NonNull return type	com.bumptech.glide.load.resource.bitmap.VideoDecoder	decode(T,int,int,com.bumptech.glide.load.Options)	7823	/home/nima/Developer/nullness-benchmarks/glide/library/src/main/java/com/bumptech/glide/load/resource/bitmap/VideoDecoder.java	METHOD	com.bumptech.glide.load.resource.bitmap.VideoDecoder	decode(T,int,int,com.bumptech.glide.load.Options)	null	null	/home/nima/Developer/nullness-benchmarks/glide/library/src/main/java/com/bumptech/glide/load/resource/bitmap/VideoDecoder.java
METHOD_NO_INIT	initializer method does not guarantee @NonNull field resourceTransition (line 21) is initialized along all control-flow paths (remember to check for exceptions or early returns).	com.bumptech.glide.request.transition.DrawableCrossFadeFactory	DrawableCrossFadeFactory(int,boolean)	1000	/home/nima/Developer/nullness-benchmarks/glide/library/src/main/java/com/bumptech/glide/request/transition/DrawableCrossFadeFactory.java	null	null	null	null	null	null
RETURN_NULLABLE	returning @Nullable expression from method with @NonNull return type	com.bumptech.glide.load.resource.bitmap.DrawableTransformation	newDrawableResource(android.content.Context,com.bumptech.glide.load.engine.Resource)	3454	/home/nima/Developer/nullness-benchmarks/glide/library/src/main/java/com/bumptech/glide/load/resource/bitmap/DrawableTransformation.java	METHOD	com.bumptech.glide.load.resource.bitmap.DrawableTransformation	newDrawableResource(android.content.Context,com.bumptech.glide.load.engine.Resource)	null	null	/home/nima/Developer/nullness-benchmarks/glide/library/src/main/java/com/bumptech/glide/load/resource/bitmap/DrawableTransformation.java
RETURN_NULLABLE	returning @Nullable expression from method with @NonNull return type	com.bumptech.glide.load.resource.bitmap.BitmapDrawableDecoder	decode(DataType,int,int,com.bumptech.glide.load.Options)	2070	/home/nima/Developer/nullness-benchmarks/glide/library/src/main/java/com/bumptech/glide/load/resource/bitmap/BitmapDrawableDecoder.java	METHOD	com.bumptech.glide.load.resource.bitmap.BitmapDrawableDecoder	decode(DataType,int,int,com.bumptech.glide.load.Options)	null	null	/home/nima/Developer/nullness-benchmarks/glide/library/src/main/java/com/bumptech/glide/load/resource/bitmap/BitmapDrawableDecoder.java
PASS_NULLABLE	passing @Nullable parameter 'BitmapResource.obtain(((BitmapDrawable) drawable).getBitmap(), bitmapPool)' where @NonNull is required	com.bumptech.glide.load.resource.transcode.DrawableBytesTranscoder	transcode(com.bumptech.glide.load.engine.Resource,com.bumptech.glide.load.Options)	1596	/home/nima/Developer/nullness-benchmarks/glide/library/src/main/java/com/bumptech/glide/load/resource/transcode/DrawableBytesTranscoder.java	PARAMETER	com.bumptech.glide.load.resource.transcode.ResourceTranscoder	transcode(com.bumptech.glide.load.engine.Resource,com.bumptech.glide.load.Options)	toTranscode	0	/home/nima/Developer/nullness-benchmarks/glide/library/src/main/java/com/bumptech/glide/load/resource/transcode/ResourceTranscoder.java
RETURN_NULLABLE	returning @Nullable expression from method with @NonNull return type	com.bumptech.glide.load.resource.gif.GifFrameResourceDecoder	decode(com.bumptech.glide.gifdecoder.GifDecoder,int,int,com.bumptech.glide.load.Options)	1073	/home/nima/Developer/nullness-benchmarks/glide/library/src/main/java/com/bumptech/glide/load/resource/gif/GifFrameResourceDecoder.java	METHOD	com.bumptech.glide.load.resource.gif.GifFrameResourceDecoder	decode(com.bumptech.glide.gifdecoder.GifDecoder,int,int,com.bumptech.glide.load.Options)	null	null	/home/nima/Developer/nullness-benchmarks/glide/library/src/main/java/com/bumptech/glide/load/resource/gif/GifFrameResourceDecoder.java
UNBOX_NULLABLE	unboxing of a @Nullable value	com.bumptech.glide.load.resource.gif.ByteBufferGifDecoder	handles(java.nio.ByteBuffer,com.bumptech.glide.load.Options)	3055	/home/nima/Developer/nullness-benchmarks/glide/library/src/main/java/com/bumptech/glide/load/resource/gif/ByteBufferGifDecoder.java	null	null	null	null	null	null
RETURN_NULLABLE	returning @Nullable expression from method with @NonNull return type	com.bumptech.glide.load.resource.gif.ByteBufferGifDecoder	decode(java.nio.ByteBuffer,int,int,com.bumptech.glide.load.Options)	3392	/home/nima/Developer/nullness-benchmarks/glide/library/src/main/java/com/bumptech/glide/load/resource/gif/ByteBufferGifDecoder.java	METHOD	com.bumptech.glide.load.resource.gif.ByteBufferGifDecoder	decode(java.nio.ByteBuffer,int,int,com.bumptech.glide.load.Options)	null	null	/home/nima/Developer/nullness-benchmarks/glide/library/src/main/java/com/bumptech/glide/load/resource/gif/ByteBufferGifDecoder.java
UNBOX_NULLABLE	unboxing of a @Nullable value	com.bumptech.glide.load.resource.gif.StreamGifDecoder	handles(java.io.InputStream,com.bumptech.glide.load.Options)	1573	/home/nima/Developer/nullness-benchmarks/glide/library/src/main/java/com/bumptech/glide/load/resource/gif/StreamGifDecoder.java	null	null	null	null	null	null
RETURN_NULLABLE	returning @Nullable expression from method with @NonNull return type	com.bumptech.glide.load.resource.gif.StreamGifDecoder	decode(java.io.InputStream,int,int,com.bumptech.glide.load.Options)	1951	/home/nima/Developer/nullness-benchmarks/glide/library/src/main/java/com/bumptech/glide/load/resource/gif/StreamGifDecoder.java	METHOD	com.bumptech.glide.load.resource.gif.StreamGifDecoder	decode(java.io.InputStream,int,int,com.bumptech.glide.load.Options)	null	null	/home/nima/Developer/nullness-benchmarks/glide/library/src/main/java/com/bumptech/glide/load/resource/gif/StreamGifDecoder.java
RETURN_NULLABLE	returning @Nullable expression from method with @NonNull return type	com.bumptech.glide.load.resource.gif.StreamGifDecoder	decode(java.io.InputStream,int,int,com.bumptech.glide.load.Options)	2025	/home/nima/Developer/nullness-benchmarks/glide/library/src/main/java/com/bumptech/glide/load/resource/gif/StreamGifDecoder.java	METHOD	com.bumptech.glide.load.resource.gif.StreamGifDecoder	decode(java.io.InputStream,int,int,com.bumptech.glide.load.Options)	null	null	/home/nima/Developer/nullness-benchmarks/glide/library/src/main/java/com/bumptech/glide/load/resource/gif/StreamGifDecoder.java
RETURN_NULLABLE	returning @Nullable expression from method with @NonNull return type	com.bumptech.glide.load.resource.gif.StreamGifDecoder	inputStreamToBytes(java.io.InputStream)	2595	/home/nima/Developer/nullness-benchmarks/glide/library/src/main/java/com/bumptech/glide/load/resource/gif/StreamGifDecoder.java	METHOD	com.bumptech.glide.load.resource.gif.StreamGifDecoder	inputStreamToBytes(java.io.InputStream)	null	null	/home/nima/Developer/nullness-benchmarks/glide/library/src/main/java/com/bumptech/glide/load/resource/gif/StreamGifDecoder.java
METHOD_NO_INIT	initializer method does not guarantee @NonNull field data (line 72) is initialized along all control-flow paths (remember to check for exceptions or early returns).	com.bumptech.glide.load.model.DataUrlLoader$DataUriFetcher	DataUriFetcher(java.lang.String,com.bumptech.glide.load.model.DataUrlLoader.DataDecoder)	2367	/home/nima/Developer/nullness-benchmarks/glide/library/src/main/java/com/bumptech/glide/load/model/DataUrlLoader.java	null	null	null	null	null	null
METHOD_NO_INIT	initializer method does not guarantee @NonNull field combinedHeaders (line 24) is initialized along all control-flow paths (remember to check for exceptions or early returns).	com.bumptech.glide.load.model.LazyHeaders	LazyHeaders(java.util.Map)	802	/home/nima/Developer/nullness-benchmarks/glide/library/src/main/java/com/bumptech/glide/load/model/LazyHeaders.java	null	null	null	null	null	null
RETURN_NULLABLE	returning @Nullable expression from method with @NonNull return type	com.bumptech.glide.load.model.StringLoader	buildLoadData(java.lang.String,int,int,com.bumptech.glide.load.Options)	1124	/home/nima/Developer/nullness-benchmarks/glide/library/src/main/java/com/bumptech/glide/load/model/StringLoader.java	METHOD	com.bumptech.glide.load.model.StringLoader	buildLoadData(java.lang.String,int,int,com.bumptech.glide.load.Options)	null	null	/home/nima/Developer/nullness-benchmarks/glide/library/src/main/java/com/bumptech/glide/load/model/StringLoader.java
RETURN_NULLABLE	returning @Nullable expression from method with @NonNull return type	com.bumptech.glide.load.model.StringLoader	buildLoadData(java.lang.String,int,int,com.bumptech.glide.load.Options)	1147	/home/nima/Developer/nullness-benchmarks/glide/library/src/main/java/com/bumptech/glide/load/model/StringLoader.java	METHOD	com.bumptech.glide.load.model.StringLoader	buildLoadData(java.lang.String,int,int,com.bumptech.glide.load.Options)	null	null	/home/nima/Developer/nullness-benchmarks/glide/library/src/main/java/com/bumptech/glide/load/model/StringLoader.java
RETURN_NULLABLE	returning @Nullable expression from method with @NonNull return type	com.bumptech.glide.load.model.ResourceLoader	buildLoadData(java.lang.Integer,int,int,com.bumptech.glide.load.Options)	1775	/home/nima/Developer/nullness-benchmarks/glide/library/src/main/java/com/bumptech/glide/load/model/ResourceLoader.java	METHOD	com.bumptech.glide.load.model.ResourceLoader	buildLoadData(java.lang.Integer,int,int,com.bumptech.glide.load.Options)	null	null	/home/nima/Developer/nullness-benchmarks/glide/library/src/main/java/com/bumptech/glide/load/model/ResourceLoader.java
METHOD_NO_INIT	initializer method does not guarantee @NonNull field data (line 61) is initialized along all control-flow paths (remember to check for exceptions or early returns).	com.bumptech.glide.load.model.FileLoader$FileFetcher	FileFetcher(java.io.File,com.bumptech.glide.load.model.FileLoader.FileOpener)	1842	/home/nima/Developer/nullness-benchmarks/glide/library/src/main/java/com/bumptech/glide/load/model/FileLoader.java	null	null	null	null	null	null
UNBOX_NULLABLE	unboxing of a @Nullable value	com.bumptech.glide.load.model.stream.HttpGlideUrlLoader	buildLoadData(com.bumptech.glide.load.model.GlideUrl,int,int,com.bumptech.glide.load.Options)	1906	/home/nima/Developer/nullness-benchmarks/glide/library/src/main/java/com/bumptech/glide/load/model/stream/HttpGlideUrlLoader.java	null	null	null	null	null	null
METHOD_NO_INIT	initializer method does not guarantee @NonNull field model (line 79) is initialized along all control-flow paths (remember to check for exceptions or early returns).	com.bumptech.glide.load.model.ModelCache$ModelKey	ModelKey()	2781	/home/nima/Developer/nullness-benchmarks/glide/library/src/main/java/com/bumptech/glide/load/model/ModelCache.java	null	null	null	null	null	null
RETURN_NULLABLE	returning @Nullable expression from method with @NonNull return type	com.bumptech.glide.load.model.stream.UrlLoader	buildLoadData(java.net.URL,int,int,com.bumptech.glide.load.Options)	1121	/home/nima/Developer/nullness-benchmarks/glide/library/src/main/java/com/bumptech/glide/load/model/stream/UrlLoader.java	METHOD	com.bumptech.glide.load.model.stream.UrlLoader	buildLoadData(java.net.URL,int,int,com.bumptech.glide.load.Options)	null	null	/home/nima/Developer/nullness-benchmarks/glide/library/src/main/java/com/bumptech/glide/load/model/stream/UrlLoader.java
RETURN_NULLABLE	returning @Nullable expression from method with @NonNull return type	com.bumptech.glide.load.model.stream.MediaStoreImageThumbLoader	buildLoadData(android.net.Uri,int,int,com.bumptech.glide.load.Options)	1299	/home/nima/Developer/nullness-benchmarks/glide/library/src/main/java/com/bumptech/glide/load/model/stream/MediaStoreImageThumbLoader.java	METHOD	com.bumptech.glide.load.model.stream.MediaStoreImageThumbLoader	buildLoadData(android.net.Uri,int,int,com.bumptech.glide.load.Options)	null	null	/home/nima/Developer/nullness-benchmarks/glide/library/src/main/java/com/bumptech/glide/load/model/stream/MediaStoreImageThumbLoader.java
PASS_NULLABLE	passing @Nullable parameter 'getHeaders(model, width, height, options)' where @NonNull is required	com.bumptech.glide.load.model.stream.BaseGlideUrlLoader	buildLoadData(Model,int,int,com.bumptech.glide.load.Options)	1787	/home/nima/Developer/nullness-benchmarks/glide/library/src/main/java/com/bumptech/glide/load/model/stream/BaseGlideUrlLoader.java	PARAMETER	com.bumptech.glide.load.model.GlideUrl	GlideUrl(java.lang.String,com.bumptech.glide.load.model.Headers)	headers	1	/home/nima/Developer/nullness-benchmarks/glide/library/src/main/java/com/bumptech/glide/load/model/GlideUrl.java
RETURN_NULLABLE	returning @Nullable expression from method with @NonNull return type	com.bumptech.glide.load.model.UrlUriLoader	buildLoadData(android.net.Uri,int,int,com.bumptech.glide.load.Options)	1081	/home/nima/Developer/nullness-benchmarks/glide/library/src/main/java/com/bumptech/glide/load/model/UrlUriLoader.java	METHOD	com.bumptech.glide.load.model.UrlUriLoader	buildLoadData(android.net.Uri,int,int,com.bumptech.glide.load.Options)	null	null	/home/nima/Developer/nullness-benchmarks/glide/library/src/main/java/com/bumptech/glide/load/model/UrlUriLoader.java
METHOD_NO_INIT	initializer method does not guarantee @NonNull fields full (line 14), thumb (line 15) are initialized along all control-flow paths (remember to check for exceptions or early returns).	com.bumptech.glide.request.ThumbnailRequestCoordinator	ThumbnailRequestCoordinator(java.lang.Object,com.bumptech.glide.request.RequestCoordinator)	859	/home/nima/Developer/nullness-benchmarks/glide/library/src/main/java/com/bumptech/glide/request/ThumbnailRequestCoordinator.java	null	null	null	null	null	null
METHOD_NO_INIT	initializer method does not guarantee @NonNull field transition (line 15) is initialized along all control-flow paths (remember to check for exceptions or early returns).	com.bumptech.glide.request.transition.ViewAnimationFactory	ViewAnimationFactory(com.bumptech.glide.request.transition.ViewTransition.ViewTransitionAnimationFactory)	865	/home/nima/Developer/nullness-benchmarks/glide/library/src/main/java/com/bumptech/glide/request/transition/ViewAnimationFactory.java	null	null	null	null	null	null
METHOD_NO_INIT	initializer method does not guarantee @NonNull field animation (line 12) is initialized along all control-flow paths (remember to check for exceptions or early returns).	com.bumptech.glide.request.transition.ViewPropertyAnimationFactory	ViewPropertyAnimationFactory(com.bumptech.glide.request.transition.ViewPropertyTransition.Animator)	437	/home/nima/Developer/nullness-benchmarks/glide/library/src/main/java/com/bumptech/glide/request/transition/ViewPropertyAnimationFactory.java	null	null	null	null	null	null
PASS_NULLABLE	passing @Nullable parameter 'resource' where @NonNull is required	com.bumptech.glide.request.target.ThumbnailImageViewTarget	setResource(T)	1530	/home/nima/Developer/nullness-benchmarks/glide/library/src/main/java/com/bumptech/glide/request/target/ThumbnailImageViewTarget.java	PARAMETER	com.bumptech.glide.request.target.ThumbnailImageViewTarget	getDrawable(T)	resource	0	/home/nima/Developer/nullness-benchmarks/glide/library/src/main/java/com/bumptech/glide/request/target/ThumbnailImageViewTarget.java
PASS_NULLABLE	passing @Nullable parameter 'placeholder' where @NonNull is required	com.bumptech.glide.request.target.ImageViewTarget	onLoadStarted(android.graphics.drawable.Drawable)	2016	/home/nima/Developer/nullness-benchmarks/glide/library/src/main/java/com/bumptech/glide/request/target/ImageViewTarget.java	PARAMETER	com.bumptech.glide.request.target.ImageViewTarget	setDrawable(android.graphics.drawable.Drawable)	drawable	0	/home/nima/Developer/nullness-benchmarks/glide/library/src/main/java/com/bumptech/glide/request/target/ImageViewTarget.java
PASS_NULLABLE	passing @Nullable parameter 'errorDrawable' where @NonNull is required	com.bumptech.glide.request.target.ImageViewTarget	onLoadFailed(android.graphics.drawable.Drawable)	2426	/home/nima/Developer/nullness-benchmarks/glide/library/src/main/java/com/bumptech/glide/request/target/ImageViewTarget.java	PARAMETER	com.bumptech.glide.request.target.ImageViewTarget	setDrawable(android.graphics.drawable.Drawable)	drawable	0	/home/nima/Developer/nullness-benchmarks/glide/library/src/main/java/com/bumptech/glide/request/target/ImageViewTarget.java
PASS_NULLABLE	passing @Nullable parameter 'placeholder' where @NonNull is required	com.bumptech.glide.request.target.ImageViewTarget	onLoadCleared(android.graphics.drawable.Drawable)	2895	/home/nima/Developer/nullness-benchmarks/glide/library/src/main/java/com/bumptech/glide/request/target/ImageViewTarget.java	PARAMETER	com.bumptech.glide.request.target.ImageViewTarget	setDrawable(android.graphics.drawable.Drawable)	drawable	0	/home/nima/Developer/nullness-benchmarks/glide/library/src/main/java/com/bumptech/glide/request/target/ImageViewTarget.java
WRONG_OVERRIDE_PARAM	parameter resource is @NonNull, but parameter in superclass method com.bumptech.glide.request.target.ImageViewTarget.setResource(Z) is @Nullable	com.bumptech.glide.request.target.BitmapImageViewTarget	setResource(android.graphics.Bitmap)	920	/home/nima/Developer/nullness-benchmarks/glide/library/src/main/java/com/bumptech/glide/request/target/BitmapImageViewTarget.java	PARAMETER	com.bumptech.glide.request.target.BitmapImageViewTarget	setResource(android.graphics.Bitmap)	resource	0	/home/nima/Developer/nullness-benchmarks/glide/library/src/main/java/com/bumptech/glide/request/target/BitmapImageViewTarget.java
ASSIGN_FIELD_NULLABLE	assigning @Nullable expression to @NonNull field	com.bumptech.glide.request.target.AppWidgetTarget	AppWidgetTarget(android.content.Context,int,int,int,android.widget.RemoteViews,int[])	2360	/home/nima/Developer/nullness-benchmarks/glide/library/src/main/java/com/bumptech/glide/request/target/AppWidgetTarget.java	FIELD	com.bumptech.glide.request.target.AppWidgetTarget	null	componentName	null	/home/nima/Developer/nullness-benchmarks/glide/library/src/main/java/com/bumptech/glide/request/target/AppWidgetTarget.java
ASSIGN_FIELD_NULLABLE	assigning @Nullable expression to @NonNull field	com.bumptech.glide.request.target.AppWidgetTarget	AppWidgetTarget(android.content.Context,int,int,int,android.widget.RemoteViews,android.content.ComponentName)	4350	/home/nima/Developer/nullness-benchmarks/glide/library/src/main/java/com/bumptech/glide/request/target/AppWidgetTarget.java	FIELD	com.bumptech.glide.request.target.AppWidgetTarget	null	widgetIds	null	/home/nima/Developer/nullness-benchmarks/glide/library/src/main/java/com/bumptech/glide/request/target/AppWidgetTarget.java
PASS_NULLABLE	passing @Nullable parameter 'null' where @NonNull is required	com.bumptech.glide.request.target.NotificationTarget	NotificationTarget(android.content.Context,int,android.widget.RemoteViews,android.app.Notification,int)	2091	/home/nima/Developer/nullness-benchmarks/glide/library/src/main/java/com/bumptech/glide/request/target/NotificationTarget.java	PARAMETER	com.bumptech.glide.request.target.NotificationTarget	NotificationTarget(android.content.Context,int,android.widget.RemoteViews,android.app.Notification,int,java.lang.String)	notificationTag	5	/home/nima/Developer/nullness-benchmarks/glide/library/src/main/java/com/bumptech/glide/request/target/NotificationTarget.java
METHOD_NO_INIT	initializer method does not guarantee @NonNull fields resource (line 96), loadStatus (line 99) are initialized along all control-flow paths (remember to check for exceptions or early returns).	com.bumptech.glide.request.SingleRequest	SingleRequest(android.content.Context,com.bumptech.glide.GlideContext,java.lang.Object,java.lang.Object,java.lang.Class,com.bumptech.glide.request.BaseRequestOptions,int,int,com.bumptech.glide.Priority,com.bumptech.glide.request.target.Target,com.bumptech.glide.request.RequestListener,java.util.List,com.bumptech.glide.request.RequestCoordinator,com.bumptech.glide.load.engine.Engine,com.bumptech.glide.request.transition.TransitionFactory,java.util.concurrent.Executor)	5324	/home/nima/Developer/nullness-benchmarks/glide/library/src/main/java/com/bumptech/glide/request/SingleRequest.java	null	null	null	null	null	null
ASSIGN_FIELD_NULLABLE	assigning @Nullable expression to @NonNull field	com.bumptech.glide.request.SingleRequest	cancel()	9961	/home/nima/Developer/nullness-benchmarks/glide/library/src/main/java/com/bumptech/glide/request/SingleRequest.java	FIELD	com.bumptech.glide.request.SingleRequest	null	loadStatus	null	/home/nima/Developer/nullness-benchmarks/glide/library/src/main/java/com/bumptech/glide/request/SingleRequest.java
ASSIGN_FIELD_NULLABLE	assigning @Nullable expression to @NonNull field	com.bumptech.glide.request.SingleRequest	clear()	11253	/home/nima/Developer/nullness-benchmarks/glide/library/src/main/java/com/bumptech/glide/request/SingleRequest.java	FIELD	com.bumptech.glide.request.SingleRequest	null	resource	null	/home/nima/Developer/nullness-benchmarks/glide/library/src/main/java/com/bumptech/glide/request/SingleRequest.java
RETURN_NULLABLE	returning @Nullable expression from method with @NonNull return type	com.bumptech.glide.request.SingleRequest	getErrorDrawable()	12530	/home/nima/Developer/nullness-benchmarks/glide/library/src/main/java/com/bumptech/glide/request/SingleRequest.java	METHOD	com.bumptech.glide.request.SingleRequest	getErrorDrawable()	null	null	/home/nima/Developer/nullness-benchmarks/glide/library/src/main/java/com/bumptech/glide/request/SingleRequest.java
RETURN_NULLABLE	returning @Nullable expression from method with @NonNull return type	com.bumptech.glide.request.SingleRequest	getPlaceholderDrawable()	12918	/home/nima/Developer/nullness-benchmarks/glide/library/src/main/java/com/bumptech/glide/request/SingleRequest.java	METHOD	com.bumptech.glide.request.SingleRequest	getPlaceholderDrawable()	null	null	/home/nima/Developer/nullness-benchmarks/glide/library/src/main/java/com/bumptech/glide/request/SingleRequest.java
RETURN_NULLABLE	returning @Nullable expression from method with @NonNull return type	com.bumptech.glide.request.SingleRequest	getFallbackDrawable()	13288	/home/nima/Developer/nullness-benchmarks/glide/library/src/main/java/com/bumptech/glide/request/SingleRequest.java	METHOD	com.bumptech.glide.request.SingleRequest	getFallbackDrawable()	null	null	/home/nima/Developer/nullness-benchmarks/glide/library/src/main/java/com/bumptech/glide/request/SingleRequest.java
PASS_NULLABLE	passing @Nullable parameter 'model' where @NonNull is required	com.bumptech.glide.request.SingleRequest	onSizeReady(int,int)	14937	/home/nima/Developer/nullness-benchmarks/glide/library/src/main/java/com/bumptech/glide/request/SingleRequest.java	PARAMETER	com.bumptech.glide.load.engine.Engine	load(com.bumptech.glide.GlideContext,java.lang.Object,com.bumptech.glide.load.Key,int,int,java.lang.Class,java.lang.Class,com.bumptech.glide.Priority,com.bumptech.glide.load.engine.DiskCacheStrategy,java.util.Map,boolean,boolean,com.bumptech.glide.load.Options,boolean,boolean,boolean,boolean,com.bumptech.glide.request.ResourceCallback,java.util.concurrent.Executor)	model	1	/home/nima/Developer/nullness-benchmarks/glide/library/src/main/java/com/bumptech/glide/load/engine/Engine.java
ASSIGN_FIELD_NULLABLE	assigning @Nullable expression to @NonNull field	com.bumptech.glide.request.SingleRequest	onSizeReady(int,int)	16026	/home/nima/Developer/nullness-benchmarks/glide/library/src/main/java/com/bumptech/glide/request/SingleRequest.java	FIELD	com.bumptech.glide.request.SingleRequest	null	loadStatus	null	/home/nima/Developer/nullness-benchmarks/glide/library/src/main/java/com/bumptech/glide/request/SingleRequest.java
ASSIGN_FIELD_NULLABLE	assigning @Nullable expression to @NonNull field	com.bumptech.glide.request.SingleRequest	onResourceReady(com.bumptech.glide.load.engine.Resource,com.bumptech.glide.load.DataSource,boolean)	17714	/home/nima/Developer/nullness-benchmarks/glide/library/src/main/java/com/bumptech/glide/request/SingleRequest.java	FIELD	com.bumptech.glide.request.SingleRequest	null	loadStatus	null	/home/nima/Developer/nullness-benchmarks/glide/library/src/main/java/com/bumptech/glide/request/SingleRequest.java
ASSIGN_FIELD_NULLABLE	assigning @Nullable expression to @NonNull field	com.bumptech.glide.request.SingleRequest	onResourceReady(com.bumptech.glide.load.engine.Resource,com.bumptech.glide.load.DataSource,boolean)	18271	/home/nima/Developer/nullness-benchmarks/glide/library/src/main/java/com/bumptech/glide/request/SingleRequest.java	FIELD	com.bumptech.glide.request.SingleRequest	null	resource	null	/home/nima/Developer/nullness-benchmarks/glide/library/src/main/java/com/bumptech/glide/request/SingleRequest.java
ASSIGN_FIELD_NULLABLE	assigning @Nullable expression to @NonNull field	com.bumptech.glide.request.SingleRequest	onResourceReady(com.bumptech.glide.load.engine.Resource,com.bumptech.glide.load.DataSource,boolean)	19239	/home/nima/Developer/nullness-benchmarks/glide/library/src/main/java/com/bumptech/glide/request/SingleRequest.java	FIELD	com.bumptech.glide.request.SingleRequest	null	resource	null	/home/nima/Developer/nullness-benchmarks/glide/library/src/main/java/com/bumptech/glide/request/SingleRequest.java
PASS_NULLABLE	passing @Nullable parameter 'model' where @NonNull is required	com.bumptech.glide.request.SingleRequest	onResourceReady(com.bumptech.glide.load.engine.Resource,R,com.bumptech.glide.load.DataSource,boolean)	21210	/home/nima/Developer/nullness-benchmarks/glide/library/src/main/java/com/bumptech/glide/request/SingleRequest.java	PARAMETER	com.bumptech.glide.request.RequestListener	onResourceReady(R,java.lang.Object,com.bumptech.glide.request.target.Target,com.bumptech.glide.load.DataSource,boolean)	model	1	/home/nima/Developer/nullness-benchmarks/glide/library/src/main/java/com/bumptech/glide/request/RequestListener.java
PASS_NULLABLE	passing @Nullable parameter 'model' where @NonNull is required	com.bumptech.glide.request.SingleRequest	onResourceReady(com.bumptech.glide.load.engine.Resource,R,com.bumptech.glide.load.DataSource,boolean)	21550	/home/nima/Developer/nullness-benchmarks/glide/library/src/main/java/com/bumptech/glide/request/SingleRequest.java	PARAMETER	com.bumptech.glide.request.ExperimentalRequestListener	onResourceReady(ResourceT,java.lang.Object,com.bumptech.glide.request.target.Target,com.bumptech.glide.load.DataSource,boolean,boolean)	model	1	/home/nima/Developer/nullness-benchmarks/glide/library/src/main/java/com/bumptech/glide/request/ExperimentalRequestListener.java
PASS_NULLABLE	passing @Nullable parameter 'model' where @NonNull is required	com.bumptech.glide.request.SingleRequest	onResourceReady(com.bumptech.glide.load.engine.Resource,R,com.bumptech.glide.load.DataSource,boolean)	21811	/home/nima/Developer/nullness-benchmarks/glide/library/src/main/java/com/bumptech/glide/request/SingleRequest.java	PARAMETER	com.bumptech.glide.request.RequestListener	onResourceReady(R,java.lang.Object,com.bumptech.glide.request.target.Target,com.bumptech.glide.load.DataSource,boolean)	model	1	/home/nima/Developer/nullness-benchmarks/glide/library/src/main/java/com/bumptech/glide/request/RequestListener.java
ASSIGN_FIELD_NULLABLE	assigning @Nullable expression to @NonNull field	com.bumptech.glide.request.SingleRequest	onLoadFailed(com.bumptech.glide.load.engine.GlideException,int)	22973	/home/nima/Developer/nullness-benchmarks/glide/library/src/main/java/com/bumptech/glide/request/SingleRequest.java	FIELD	com.bumptech.glide.request.SingleRequest	null	loadStatus	null	/home/nima/Developer/nullness-benchmarks/glide/library/src/main/java/com/bumptech/glide/request/SingleRequest.java
PASS_NULLABLE	passing @Nullable parameter 'model' where @NonNull is required	com.bumptech.glide.request.SingleRequest	onLoadFailed(com.bumptech.glide.load.engine.GlideException,int)	23394	/home/nima/Developer/nullness-benchmarks/glide/library/src/main/java/com/bumptech/glide/request/SingleRequest.java	PARAMETER	com.bumptech.glide.request.RequestListener	onLoadFailed(com.bumptech.glide.load.engine.GlideException,java.lang.Object,com.bumptech.glide.request.target.Target,boolean)	model	1	/home/nima/Developer/nullness-benchmarks/glide/library/src/main/java/com/bumptech/glide/request/RequestListener.java
PASS_NULLABLE	passing @Nullable parameter 'model' where @NonNull is required	com.bumptech.glide.request.SingleRequest	onLoadFailed(com.bumptech.glide.load.engine.GlideException,int)	23579	/home/nima/Developer/nullness-benchmarks/glide/library/src/main/java/com/bumptech/glide/request/SingleRequest.java	PARAMETER	com.bumptech.glide.request.RequestListener	onLoadFailed(com.bumptech.glide.load.engine.GlideException,java.lang.Object,com.bumptech.glide.request.target.Target,boolean)	model	1	/home/nima/Developer/nullness-benchmarks/glide/library/src/main/java/com/bumptech/glide/request/RequestListener.java
PASS_NULLABLE	passing @Nullable parameter 'null' where @NonNull is required	com.bumptech.glide.request.RequestFutureTarget	get()	3804	/home/nima/Developer/nullness-benchmarks/glide/library/src/main/java/com/bumptech/glide/request/RequestFutureTarget.java	PARAMETER	com.bumptech.glide.request.RequestFutureTarget	doGet(java.lang.Long)	timeoutMillis	0	/home/nima/Developer/nullness-benchmarks/glide/library/src/main/java/com/bumptech/glide/request/RequestFutureTarget.java
RETURN_NULLABLE	returning @Nullable expression from method with @NonNull return type	com.bumptech.glide.request.RequestFutureTarget	doGet(java.lang.Long)	5784	/home/nima/Developer/nullness-benchmarks/glide/library/src/main/java/com/bumptech/glide/request/RequestFutureTarget.java	METHOD	com.bumptech.glide.request.RequestFutureTarget	doGet(java.lang.Long)	null	null	/home/nima/Developer/nullness-benchmarks/glide/library/src/main/java/com/bumptech/glide/request/RequestFutureTarget.java
RETURN_NULLABLE	returning @Nullable expression from method with @NonNull return type	com.bumptech.glide.request.RequestFutureTarget	doGet(java.lang.Long)	6457	/home/nima/Developer/nullness-benchmarks/glide/library/src/main/java/com/bumptech/glide/request/RequestFutureTarget.java	METHOD	com.bumptech.glide.request.RequestFutureTarget	doGet(java.lang.Long)	null	null	/home/nima/Developer/nullness-benchmarks/glide/library/src/main/java/com/bumptech/glide/request/RequestFutureTarget.java
METHOD_NO_INIT	initializer method does not guarantee @NonNull fields primary (line 15), error (line 16) are initialized along all control-flow paths (remember to check for exceptions or early returns).	com.bumptech.glide.request.ErrorRequestCoordinator	ErrorRequestCoordinator(java.lang.Object,com.bumptech.glide.request.RequestCoordinator)	684	/home/nima/Developer/nullness-benchmarks/glide/library/src/main/java/com/bumptech/glide/request/ErrorRequestCoordinator.java	null	null	null	null	null	null
