id	class	method	parent	flags	annotations	visibility	non-primitive-return	path
1	com.bumptech.glide.MemoryCategory	MemoryCategory(float)	0	[false]		private	false	/home/nima/Developer/nullness-benchmarks/glide/library/src/main/java/com/bumptech/glide/MemoryCategory.java
2	com.bumptech.glide.MemoryCategory	getMultiplier()	0	[]		public	false	/home/nima/Developer/nullness-benchmarks/glide/library/src/main/java/com/bumptech/glide/MemoryCategory.java
3	com.bumptech.glide.ModelTypes	load(android.graphics.Bitmap)	0	[true]	androidx.annotation.NonNull,androidx.annotation.CheckResult	public	true	/home/nima/Developer/nullness-benchmarks/glide/library/src/main/java/com/bumptech/glide/ModelTypes.java
4	com.bumptech.glide.ModelTypes	load(android.graphics.drawable.Drawable)	0	[true]	androidx.annotation.NonNull,androidx.annotation.CheckResult	public	true	/home/nima/Developer/nullness-benchmarks/glide/library/src/main/java/com/bumptech/glide/ModelTypes.java
5	com.bumptech.glide.ModelTypes	load(java.lang.String)	0	[true]	androidx.annotation.NonNull,androidx.annotation.CheckResult	public	true	/home/nima/Developer/nullness-benchmarks/glide/library/src/main/java/com/bumptech/glide/ModelTypes.java
6	com.bumptech.glide.ModelTypes	load(android.net.Uri)	0	[true]	androidx.annotation.NonNull,androidx.annotation.CheckResult	public	true	/home/nima/Developer/nullness-benchmarks/glide/library/src/main/java/com/bumptech/glide/ModelTypes.java
7	com.bumptech.glide.ModelTypes	load(java.io.File)	0	[true]	androidx.annotation.NonNull,androidx.annotation.CheckResult	public	true	/home/nima/Developer/nullness-benchmarks/glide/library/src/main/java/com/bumptech/glide/ModelTypes.java
8	com.bumptech.glide.ModelTypes	load(java.lang.Integer)	0	[true]	androidx.annotation.NonNull,androidx.annotation.CheckResult	public	true	/home/nima/Developer/nullness-benchmarks/glide/library/src/main/java/com/bumptech/glide/ModelTypes.java
9	com.bumptech.glide.ModelTypes	load(java.net.URL)	0	[true]	java.lang.Deprecated,androidx.annotation.CheckResult	public	true	/home/nima/Developer/nullness-benchmarks/glide/library/src/main/java/com/bumptech/glide/ModelTypes.java
10	com.bumptech.glide.ModelTypes	load(byte[])	0	[true]	androidx.annotation.NonNull,androidx.annotation.CheckResult	public	true	/home/nima/Developer/nullness-benchmarks/glide/library/src/main/java/com/bumptech/glide/ModelTypes.java
11	com.bumptech.glide.ModelTypes	load(java.lang.Object)	0	[true]	androidx.annotation.NonNull,androidx.annotation.CheckResult,java.lang.SuppressWarnings	public	true	/home/nima/Developer/nullness-benchmarks/glide/library/src/main/java/com/bumptech/glide/ModelTypes.java
12	com.bumptech.glide.ListPreloader$PreloadModelProvider	getPreloadItems(int)	0	[false]	androidx.annotation.NonNull	public	true	/home/nima/Developer/nullness-benchmarks/glide/library/src/main/java/com/bumptech/glide/ListPreloader.java
13	com.bumptech.glide.ListPreloader$PreloadModelProvider	getPreloadRequestBuilder(U)	0	[false]	androidx.annotation.Nullable	public	true	/home/nima/Developer/nullness-benchmarks/glide/library/src/main/java/com/bumptech/glide/ListPreloader.java
14	com.bumptech.glide.ListPreloader$PreloadSizeProvider	getPreloadSize(T,int,int)	0	[false, false, false]	androidx.annotation.Nullable	public	true	/home/nima/Developer/nullness-benchmarks/glide/library/src/main/java/com/bumptech/glide/ListPreloader.java
15	com.bumptech.glide.ListPreloader	ListPreloader(com.bumptech.glide.RequestManager,com.bumptech.glide.ListPreloader.PreloadModelProvider,com.bumptech.glide.ListPreloader.PreloadSizeProvider,int)	0	[false, false, false, false]		public	false	/home/nima/Developer/nullness-benchmarks/glide/library/src/main/java/com/bumptech/glide/ListPreloader.java
16	com.bumptech.glide.ListPreloader	onScrollStateChanged(android.widget.AbsListView,int)	17	[false, false]	java.lang.Override	public	false	/home/nima/Developer/nullness-benchmarks/glide/library/src/main/java/com/bumptech/glide/ListPreloader.java
18	com.bumptech.glide.ListPreloader	onScroll(android.widget.AbsListView,int,int,int)	19	[false, false, false, false]	java.lang.Override	public	false	/home/nima/Developer/nullness-benchmarks/glide/library/src/main/java/com/bumptech/glide/ListPreloader.java
20	com.bumptech.glide.ListPreloader	preload(int,boolean)	0	[false, false]		private	false	/home/nima/Developer/nullness-benchmarks/glide/library/src/main/java/com/bumptech/glide/ListPreloader.java
21	com.bumptech.glide.ListPreloader	preload(int,int)	0	[false, false]		private	false	/home/nima/Developer/nullness-benchmarks/glide/library/src/main/java/com/bumptech/glide/ListPreloader.java
22	com.bumptech.glide.ListPreloader	preloadAdapterPosition(java.util.List,int,boolean)	0	[false, false, false]		private	false	/home/nima/Developer/nullness-benchmarks/glide/library/src/main/java/com/bumptech/glide/ListPreloader.java
23	com.bumptech.glide.ListPreloader	preloadItem(T,int,int)	0	[true, false, false]	java.lang.SuppressWarnings	private	false	/home/nima/Developer/nullness-benchmarks/glide/library/src/main/java/com/bumptech/glide/ListPreloader.java
24	com.bumptech.glide.ListPreloader	cancelAll()	0	[]		private	false	/home/nima/Developer/nullness-benchmarks/glide/library/src/main/java/com/bumptech/glide/ListPreloader.java
25	com.bumptech.glide.ListPreloader$PreloadTargetQueue	PreloadTargetQueue(int)	0	[false]	java.lang.SuppressWarnings	package	false	/home/nima/Developer/nullness-benchmarks/glide/library/src/main/java/com/bumptech/glide/ListPreloader.java
26	com.bumptech.glide.ListPreloader$PreloadTargetQueue	next(int,int)	0	[false, false]		public	true	/home/nima/Developer/nullness-benchmarks/glide/library/src/main/java/com/bumptech/glide/ListPreloader.java
27	com.bumptech.glide.ListPreloader$PreloadTarget	PreloadTarget()	0	[]	com.bumptech.glide.util.Synthetic	package	false	/home/nima/Developer/nullness-benchmarks/glide/library/src/main/java/com/bumptech/glide/ListPreloader.java
28	com.bumptech.glide.ListPreloader$PreloadTarget	onLoadStarted(android.graphics.drawable.Drawable)	29	[true]	java.lang.Override	public	false	/home/nima/Developer/nullness-benchmarks/glide/library/src/main/java/com/bumptech/glide/ListPreloader.java
30	com.bumptech.glide.ListPreloader$PreloadTarget	onLoadFailed(android.graphics.drawable.Drawable)	31	[true]	java.lang.Override	public	false	/home/nima/Developer/nullness-benchmarks/glide/library/src/main/java/com/bumptech/glide/ListPreloader.java
32	com.bumptech.glide.ListPreloader$PreloadTarget	onResourceReady(java.lang.Object,com.bumptech.glide.request.transition.Transition)	33	[false, true]	java.lang.Override	public	false	/home/nima/Developer/nullness-benchmarks/glide/library/src/main/java/com/bumptech/glide/ListPreloader.java
34	com.bumptech.glide.ListPreloader$PreloadTarget	onLoadCleared(android.graphics.drawable.Drawable)	35	[true]	java.lang.Override	public	false	/home/nima/Developer/nullness-benchmarks/glide/library/src/main/java/com/bumptech/glide/ListPreloader.java
36	com.bumptech.glide.ListPreloader$PreloadTarget	getSize(com.bumptech.glide.request.target.SizeReadyCallback)	37	[false]	java.lang.Override	public	false	/home/nima/Developer/nullness-benchmarks/glide/library/src/main/java/com/bumptech/glide/ListPreloader.java
38	com.bumptech.glide.ListPreloader$PreloadTarget	removeCallback(com.bumptech.glide.request.target.SizeReadyCallback)	39	[false]	java.lang.Override	public	false	/home/nima/Developer/nullness-benchmarks/glide/library/src/main/java/com/bumptech/glide/ListPreloader.java
40	com.bumptech.glide.ListPreloader$PreloadTarget	setRequest(com.bumptech.glide.request.Request)	41	[true]	java.lang.Override	public	false	/home/nima/Developer/nullness-benchmarks/glide/library/src/main/java/com/bumptech/glide/ListPreloader.java
42	com.bumptech.glide.ListPreloader$PreloadTarget	getRequest()	43	[]	androidx.annotation.Nullable,java.lang.Override	public	true	/home/nima/Developer/nullness-benchmarks/glide/library/src/main/java/com/bumptech/glide/ListPreloader.java
44	com.bumptech.glide.ListPreloader$PreloadTarget	onStart()	45	[]	java.lang.Override	public	false	/home/nima/Developer/nullness-benchmarks/glide/library/src/main/java/com/bumptech/glide/ListPreloader.java
46	com.bumptech.glide.ListPreloader$PreloadTarget	onStop()	47	[]	java.lang.Override	public	false	/home/nima/Developer/nullness-benchmarks/glide/library/src/main/java/com/bumptech/glide/ListPreloader.java
48	com.bumptech.glide.ListPreloader$PreloadTarget	onDestroy()	49	[]	java.lang.Override	public	false	/home/nima/Developer/nullness-benchmarks/glide/library/src/main/java/com/bumptech/glide/ListPreloader.java
50	com.bumptech.glide.request.RequestOptions	sizeMultiplierOf(float)	0	[false]	java.lang.SuppressWarnings,androidx.annotation.NonNull,androidx.annotation.CheckResult	public	true	/home/nima/Developer/nullness-benchmarks/glide/library/src/main/java/com/bumptech/glide/request/RequestOptions.java
51	com.bumptech.glide.request.RequestOptions	diskCacheStrategyOf(com.bumptech.glide.load.engine.DiskCacheStrategy)	0	[false]	androidx.annotation.NonNull,androidx.annotation.CheckResult	public	true	/home/nima/Developer/nullness-benchmarks/glide/library/src/main/java/com/bumptech/glide/request/RequestOptions.java
52	com.bumptech.glide.request.RequestOptions	priorityOf(com.bumptech.glide.Priority)	0	[false]	java.lang.SuppressWarnings,androidx.annotation.NonNull,androidx.annotation.CheckResult	public	true	/home/nima/Developer/nullness-benchmarks/glide/library/src/main/java/com/bumptech/glide/request/RequestOptions.java
53	com.bumptech.glide.request.RequestOptions	placeholderOf(android.graphics.drawable.Drawable)	0	[true]	androidx.annotation.NonNull,androidx.annotation.CheckResult	public	true	/home/nima/Developer/nullness-benchmarks/glide/library/src/main/java/com/bumptech/glide/request/RequestOptions.java
54	com.bumptech.glide.request.RequestOptions	placeholderOf(int)	0	[false]	androidx.annotation.NonNull,androidx.annotation.CheckResult	public	true	/home/nima/Developer/nullness-benchmarks/glide/library/src/main/java/com/bumptech/glide/request/RequestOptions.java
55	com.bumptech.glide.request.RequestOptions	errorOf(android.graphics.drawable.Drawable)	0	[true]	androidx.annotation.NonNull,androidx.annotation.CheckResult	public	true	/home/nima/Developer/nullness-benchmarks/glide/library/src/main/java/com/bumptech/glide/request/RequestOptions.java
56	com.bumptech.glide.request.RequestOptions	errorOf(int)	0	[false]	androidx.annotation.NonNull,androidx.annotation.CheckResult	public	true	/home/nima/Developer/nullness-benchmarks/glide/library/src/main/java/com/bumptech/glide/request/RequestOptions.java
57	com.bumptech.glide.request.RequestOptions	skipMemoryCacheOf(boolean)	0	[false]	androidx.annotation.NonNull,androidx.annotation.CheckResult	public	true	/home/nima/Developer/nullness-benchmarks/glide/library/src/main/java/com/bumptech/glide/request/RequestOptions.java
58	com.bumptech.glide.request.RequestOptions	overrideOf(int,int)	0	[false, false]	java.lang.SuppressWarnings,androidx.annotation.NonNull,androidx.annotation.CheckResult	public	true	/home/nima/Developer/nullness-benchmarks/glide/library/src/main/java/com/bumptech/glide/request/RequestOptions.java
59	com.bumptech.glide.request.RequestOptions	overrideOf(int)	0	[false]	java.lang.SuppressWarnings,androidx.annotation.NonNull,androidx.annotation.CheckResult	public	true	/home/nima/Developer/nullness-benchmarks/glide/library/src/main/java/com/bumptech/glide/request/RequestOptions.java
60	com.bumptech.glide.request.RequestOptions	signatureOf(com.bumptech.glide.load.Key)	0	[false]	androidx.annotation.NonNull,androidx.annotation.CheckResult	public	true	/home/nima/Developer/nullness-benchmarks/glide/library/src/main/java/com/bumptech/glide/request/RequestOptions.java
61	com.bumptech.glide.request.RequestOptions	fitCenterTransform()	0	[]	androidx.annotation.NonNull,androidx.annotation.CheckResult	public	true	/home/nima/Developer/nullness-benchmarks/glide/library/src/main/java/com/bumptech/glide/request/RequestOptions.java
62	com.bumptech.glide.request.RequestOptions	centerInsideTransform()	0	[]	java.lang.SuppressWarnings,androidx.annotation.NonNull,androidx.annotation.CheckResult	public	true	/home/nima/Developer/nullness-benchmarks/glide/library/src/main/java/com/bumptech/glide/request/RequestOptions.java
63	com.bumptech.glide.request.RequestOptions	centerCropTransform()	0	[]	java.lang.SuppressWarnings,androidx.annotation.NonNull,androidx.annotation.CheckResult	public	true	/home/nima/Developer/nullness-benchmarks/glide/library/src/main/java/com/bumptech/glide/request/RequestOptions.java
64	com.bumptech.glide.request.RequestOptions	circleCropTransform()	0	[]	java.lang.SuppressWarnings,androidx.annotation.NonNull,androidx.annotation.CheckResult	public	true	/home/nima/Developer/nullness-benchmarks/glide/library/src/main/java/com/bumptech/glide/request/RequestOptions.java
65	com.bumptech.glide.request.RequestOptions	bitmapTransform(com.bumptech.glide.load.Transformation)	0	[false]	java.lang.SuppressWarnings,androidx.annotation.NonNull,androidx.annotation.CheckResult	public	true	/home/nima/Developer/nullness-benchmarks/glide/library/src/main/java/com/bumptech/glide/request/RequestOptions.java
66	com.bumptech.glide.request.RequestOptions	noTransformation()	0	[]	java.lang.SuppressWarnings,androidx.annotation.NonNull,androidx.annotation.CheckResult	public	true	/home/nima/Developer/nullness-benchmarks/glide/library/src/main/java/com/bumptech/glide/request/RequestOptions.java
67	com.bumptech.glide.request.RequestOptions	option(com.bumptech.glide.load.Option,T)	0	[false, false]	androidx.annotation.NonNull,androidx.annotation.CheckResult	public	true	/home/nima/Developer/nullness-benchmarks/glide/library/src/main/java/com/bumptech/glide/request/RequestOptions.java
68	com.bumptech.glide.request.RequestOptions	decodeTypeOf(java.lang.Class)	0	[false]	androidx.annotation.NonNull,androidx.annotation.CheckResult	public	true	/home/nima/Developer/nullness-benchmarks/glide/library/src/main/java/com/bumptech/glide/request/RequestOptions.java
69	com.bumptech.glide.request.RequestOptions	formatOf(com.bumptech.glide.load.DecodeFormat)	0	[false]	java.lang.SuppressWarnings,androidx.annotation.NonNull,androidx.annotation.CheckResult	public	true	/home/nima/Developer/nullness-benchmarks/glide/library/src/main/java/com/bumptech/glide/request/RequestOptions.java
70	com.bumptech.glide.request.RequestOptions	frameOf(long)	0	[false]	java.lang.SuppressWarnings,androidx.annotation.NonNull,androidx.annotation.CheckResult	public	true	/home/nima/Developer/nullness-benchmarks/glide/library/src/main/java/com/bumptech/glide/request/RequestOptions.java
71	com.bumptech.glide.request.RequestOptions	downsampleOf(com.bumptech.glide.load.resource.bitmap.DownsampleStrategy)	0	[false]	java.lang.SuppressWarnings,androidx.annotation.NonNull,androidx.annotation.CheckResult	public	true	/home/nima/Developer/nullness-benchmarks/glide/library/src/main/java/com/bumptech/glide/request/RequestOptions.java
72	com.bumptech.glide.request.RequestOptions	timeoutOf(int)	0	[false]	androidx.annotation.NonNull,androidx.annotation.CheckResult	public	true	/home/nima/Developer/nullness-benchmarks/glide/library/src/main/java/com/bumptech/glide/request/RequestOptions.java
73	com.bumptech.glide.request.RequestOptions	encodeQualityOf(int)	0	[false]	java.lang.SuppressWarnings,androidx.annotation.NonNull,androidx.annotation.CheckResult	public	true	/home/nima/Developer/nullness-benchmarks/glide/library/src/main/java/com/bumptech/glide/request/RequestOptions.java
74	com.bumptech.glide.request.RequestOptions	encodeFormatOf(android.graphics.Bitmap.CompressFormat)	0	[false]	java.lang.SuppressWarnings,androidx.annotation.NonNull,androidx.annotation.CheckResult	public	true	/home/nima/Developer/nullness-benchmarks/glide/library/src/main/java/com/bumptech/glide/request/RequestOptions.java
75	com.bumptech.glide.request.RequestOptions	noAnimation()	0	[]	java.lang.SuppressWarnings,androidx.annotation.NonNull,androidx.annotation.CheckResult	public	true	/home/nima/Developer/nullness-benchmarks/glide/library/src/main/java/com/bumptech/glide/request/RequestOptions.java
76	com.bumptech.glide.request.RequestOptions	equals(java.lang.Object)	77	[false]	java.lang.Override	public	false	/home/nima/Developer/nullness-benchmarks/glide/library/src/main/java/com/bumptech/glide/request/RequestOptions.java
78	com.bumptech.glide.request.RequestOptions	hashCode()	79	[]	java.lang.SuppressWarnings,java.lang.Override	public	false	/home/nima/Developer/nullness-benchmarks/glide/library/src/main/java/com/bumptech/glide/request/RequestOptions.java
80	com.bumptech.glide.RequestManager$1	run()	81	[]	java.lang.Override	public	false	/home/nima/Developer/nullness-benchmarks/glide/library/src/main/java/com/bumptech/glide/RequestManager.java
82	com.bumptech.glide.RequestManager	RequestManager(com.bumptech.glide.Glide,com.bumptech.glide.manager.Lifecycle,com.bumptech.glide.manager.RequestManagerTreeNode,android.content.Context)	0	[false, false, false, false]		public	false	/home/nima/Developer/nullness-benchmarks/glide/library/src/main/java/com/bumptech/glide/RequestManager.java
83	com.bumptech.glide.RequestManager	RequestManager(com.bumptech.glide.Glide,com.bumptech.glide.manager.Lifecycle,com.bumptech.glide.manager.RequestManagerTreeNode,com.bumptech.glide.manager.RequestTracker,com.bumptech.glide.manager.ConnectivityMonitorFactory,android.content.Context)	0	[false, false, false, false, false, false]	java.lang.SuppressWarnings	package	false	/home/nima/Developer/nullness-benchmarks/glide/library/src/main/java/com/bumptech/glide/RequestManager.java
84	com.bumptech.glide.RequestManager	setRequestOptions(com.bumptech.glide.request.RequestOptions)	0	[false]		protected	false	/home/nima/Developer/nullness-benchmarks/glide/library/src/main/java/com/bumptech/glide/RequestManager.java
85	com.bumptech.glide.RequestManager	updateRequestOptions(com.bumptech.glide.request.RequestOptions)	0	[false]		private	false	/home/nima/Developer/nullness-benchmarks/glide/library/src/main/java/com/bumptech/glide/RequestManager.java
86	com.bumptech.glide.RequestManager	applyDefaultRequestOptions(com.bumptech.glide.request.RequestOptions)	0	[false]	androidx.annotation.NonNull	public	true	/home/nima/Developer/nullness-benchmarks/glide/library/src/main/java/com/bumptech/glide/RequestManager.java
87	com.bumptech.glide.RequestManager	setDefaultRequestOptions(com.bumptech.glide.request.RequestOptions)	0	[false]	androidx.annotation.NonNull	public	true	/home/nima/Developer/nullness-benchmarks/glide/library/src/main/java/com/bumptech/glide/RequestManager.java
88	com.bumptech.glide.RequestManager	clearOnStop()	0	[]	androidx.annotation.NonNull	public	true	/home/nima/Developer/nullness-benchmarks/glide/library/src/main/java/com/bumptech/glide/RequestManager.java
89	com.bumptech.glide.RequestManager	addDefaultRequestListener(com.bumptech.glide.request.RequestListener)	0	[false]		public	true	/home/nima/Developer/nullness-benchmarks/glide/library/src/main/java/com/bumptech/glide/RequestManager.java
90	com.bumptech.glide.RequestManager	setPauseAllRequestsOnTrimMemoryModerate(boolean)	0	[false]		public	false	/home/nima/Developer/nullness-benchmarks/glide/library/src/main/java/com/bumptech/glide/RequestManager.java
91	com.bumptech.glide.RequestManager	isPaused()	0	[]		public	false	/home/nima/Developer/nullness-benchmarks/glide/library/src/main/java/com/bumptech/glide/RequestManager.java
92	com.bumptech.glide.RequestManager	pauseRequests()	0	[]		public	false	/home/nima/Developer/nullness-benchmarks/glide/library/src/main/java/com/bumptech/glide/RequestManager.java
93	com.bumptech.glide.RequestManager	pauseAllRequests()	0	[]		public	false	/home/nima/Developer/nullness-benchmarks/glide/library/src/main/java/com/bumptech/glide/RequestManager.java
94	com.bumptech.glide.RequestManager	pauseAllRequestsRecursive()	0	[]	java.lang.SuppressWarnings	public	false	/home/nima/Developer/nullness-benchmarks/glide/library/src/main/java/com/bumptech/glide/RequestManager.java
95	com.bumptech.glide.RequestManager	pauseRequestsRecursive()	0	[]	java.lang.SuppressWarnings	public	false	/home/nima/Developer/nullness-benchmarks/glide/library/src/main/java/com/bumptech/glide/RequestManager.java
96	com.bumptech.glide.RequestManager	resumeRequests()	0	[]		public	false	/home/nima/Developer/nullness-benchmarks/glide/library/src/main/java/com/bumptech/glide/RequestManager.java
97	com.bumptech.glide.RequestManager	resumeRequestsRecursive()	0	[]	java.lang.SuppressWarnings	public	false	/home/nima/Developer/nullness-benchmarks/glide/library/src/main/java/com/bumptech/glide/RequestManager.java
98	com.bumptech.glide.RequestManager	onStart()	45	[]	java.lang.Override	public	false	/home/nima/Developer/nullness-benchmarks/glide/library/src/main/java/com/bumptech/glide/RequestManager.java
99	com.bumptech.glide.RequestManager	onStop()	47	[]	java.lang.Override	public	false	/home/nima/Developer/nullness-benchmarks/glide/library/src/main/java/com/bumptech/glide/RequestManager.java
100	com.bumptech.glide.RequestManager	onDestroy()	49	[]	java.lang.Override	public	false	/home/nima/Developer/nullness-benchmarks/glide/library/src/main/java/com/bumptech/glide/RequestManager.java
101	com.bumptech.glide.RequestManager	asBitmap()	0	[]	androidx.annotation.NonNull,androidx.annotation.CheckResult	public	true	/home/nima/Developer/nullness-benchmarks/glide/library/src/main/java/com/bumptech/glide/RequestManager.java
102	com.bumptech.glide.RequestManager	asGif()	0	[]	androidx.annotation.NonNull,androidx.annotation.CheckResult	public	true	/home/nima/Developer/nullness-benchmarks/glide/library/src/main/java/com/bumptech/glide/RequestManager.java
103	com.bumptech.glide.RequestManager	asDrawable()	0	[]	androidx.annotation.NonNull,androidx.annotation.CheckResult	public	true	/home/nima/Developer/nullness-benchmarks/glide/library/src/main/java/com/bumptech/glide/RequestManager.java
104	com.bumptech.glide.RequestManager	load(android.graphics.Bitmap)	3	[true]	androidx.annotation.NonNull,androidx.annotation.CheckResult,java.lang.Override	public	true	/home/nima/Developer/nullness-benchmarks/glide/library/src/main/java/com/bumptech/glide/RequestManager.java
105	com.bumptech.glide.RequestManager	load(android.graphics.drawable.Drawable)	4	[true]	androidx.annotation.NonNull,androidx.annotation.CheckResult,java.lang.Override	public	true	/home/nima/Developer/nullness-benchmarks/glide/library/src/main/java/com/bumptech/glide/RequestManager.java
106	com.bumptech.glide.RequestManager	load(java.lang.String)	5	[true]	androidx.annotation.NonNull,androidx.annotation.CheckResult,java.lang.Override	public	true	/home/nima/Developer/nullness-benchmarks/glide/library/src/main/java/com/bumptech/glide/RequestManager.java
107	com.bumptech.glide.RequestManager	load(android.net.Uri)	6	[true]	androidx.annotation.NonNull,androidx.annotation.CheckResult,java.lang.Override	public	true	/home/nima/Developer/nullness-benchmarks/glide/library/src/main/java/com/bumptech/glide/RequestManager.java
108	com.bumptech.glide.RequestManager	load(java.io.File)	7	[true]	androidx.annotation.NonNull,androidx.annotation.CheckResult,java.lang.Override	public	true	/home/nima/Developer/nullness-benchmarks/glide/library/src/main/java/com/bumptech/glide/RequestManager.java
109	com.bumptech.glide.RequestManager	load(java.lang.Integer)	8	[true]	java.lang.SuppressWarnings,androidx.annotation.NonNull,androidx.annotation.CheckResult,java.lang.Override	public	true	/home/nima/Developer/nullness-benchmarks/glide/library/src/main/java/com/bumptech/glide/RequestManager.java
110	com.bumptech.glide.RequestManager	load(java.net.URL)	9	[true]	java.lang.SuppressWarnings,androidx.annotation.CheckResult,java.lang.Override,java.lang.Deprecated	public	true	/home/nima/Developer/nullness-benchmarks/glide/library/src/main/java/com/bumptech/glide/RequestManager.java
111	com.bumptech.glide.RequestManager	load(byte[])	10	[true]	androidx.annotation.NonNull,androidx.annotation.CheckResult,java.lang.Override	public	true	/home/nima/Developer/nullness-benchmarks/glide/library/src/main/java/com/bumptech/glide/RequestManager.java
112	com.bumptech.glide.RequestManager	load(java.lang.Object)	11	[true]	androidx.annotation.NonNull,androidx.annotation.CheckResult,java.lang.Override	public	true	/home/nima/Developer/nullness-benchmarks/glide/library/src/main/java/com/bumptech/glide/RequestManager.java
113	com.bumptech.glide.RequestManager	downloadOnly()	0	[]	androidx.annotation.NonNull,androidx.annotation.CheckResult	public	true	/home/nima/Developer/nullness-benchmarks/glide/library/src/main/java/com/bumptech/glide/RequestManager.java
114	com.bumptech.glide.RequestManager	download(java.lang.Object)	0	[true]	androidx.annotation.NonNull,androidx.annotation.CheckResult	public	true	/home/nima/Developer/nullness-benchmarks/glide/library/src/main/java/com/bumptech/glide/RequestManager.java
115	com.bumptech.glide.RequestManager	asFile()	0	[]	androidx.annotation.NonNull,androidx.annotation.CheckResult	public	true	/home/nima/Developer/nullness-benchmarks/glide/library/src/main/java/com/bumptech/glide/RequestManager.java
116	com.bumptech.glide.RequestManager	as(java.lang.Class)	0	[false]	androidx.annotation.NonNull,androidx.annotation.CheckResult	public	true	/home/nima/Developer/nullness-benchmarks/glide/library/src/main/java/com/bumptech/glide/RequestManager.java
117	com.bumptech.glide.RequestManager	clear(android.view.View)	0	[false]		public	false	/home/nima/Developer/nullness-benchmarks/glide/library/src/main/java/com/bumptech/glide/RequestManager.java
118	com.bumptech.glide.RequestManager	clear(com.bumptech.glide.request.target.Target)	0	[true]		public	false	/home/nima/Developer/nullness-benchmarks/glide/library/src/main/java/com/bumptech/glide/RequestManager.java
119	com.bumptech.glide.RequestManager	untrackOrDelegate(com.bumptech.glide.request.target.Target)	0	[false]		private	false	/home/nima/Developer/nullness-benchmarks/glide/library/src/main/java/com/bumptech/glide/RequestManager.java
120	com.bumptech.glide.RequestManager	untrack(com.bumptech.glide.request.target.Target)	0	[false]		package	false	/home/nima/Developer/nullness-benchmarks/glide/library/src/main/java/com/bumptech/glide/RequestManager.java
121	com.bumptech.glide.RequestManager	track(com.bumptech.glide.request.target.Target,com.bumptech.glide.request.Request)	0	[false, false]		package	false	/home/nima/Developer/nullness-benchmarks/glide/library/src/main/java/com/bumptech/glide/RequestManager.java
122	com.bumptech.glide.RequestManager	getDefaultRequestListeners()	0	[]		package	true	/home/nima/Developer/nullness-benchmarks/glide/library/src/main/java/com/bumptech/glide/RequestManager.java
123	com.bumptech.glide.RequestManager	getDefaultRequestOptions()	0	[]		package	true	/home/nima/Developer/nullness-benchmarks/glide/library/src/main/java/com/bumptech/glide/RequestManager.java
124	com.bumptech.glide.RequestManager	getDefaultTransitionOptions(java.lang.Class)	0	[false]	androidx.annotation.NonNull	package	true	/home/nima/Developer/nullness-benchmarks/glide/library/src/main/java/com/bumptech/glide/RequestManager.java
125	com.bumptech.glide.RequestManager	toString()	126	[]	java.lang.Override	public	true	/home/nima/Developer/nullness-benchmarks/glide/library/src/main/java/com/bumptech/glide/RequestManager.java
127	com.bumptech.glide.RequestManager	onTrimMemory(int)	128	[false]	java.lang.Override	public	false	/home/nima/Developer/nullness-benchmarks/glide/library/src/main/java/com/bumptech/glide/RequestManager.java
129	com.bumptech.glide.RequestManager	onLowMemory()	130	[]	java.lang.Override	public	false	/home/nima/Developer/nullness-benchmarks/glide/library/src/main/java/com/bumptech/glide/RequestManager.java
131	com.bumptech.glide.RequestManager	clearRequests()	0	[]		private	false	/home/nima/Developer/nullness-benchmarks/glide/library/src/main/java/com/bumptech/glide/RequestManager.java
132	com.bumptech.glide.RequestManager	onConfigurationChanged(android.content.res.Configuration)	133	[false]	java.lang.Override	public	false	/home/nima/Developer/nullness-benchmarks/glide/library/src/main/java/com/bumptech/glide/RequestManager.java
134	com.bumptech.glide.RequestManager$RequestManagerConnectivityListener	RequestManagerConnectivityListener(com.bumptech.glide.manager.RequestTracker)	0	[false]		package	false	/home/nima/Developer/nullness-benchmarks/glide/library/src/main/java/com/bumptech/glide/RequestManager.java
135	com.bumptech.glide.RequestManager$RequestManagerConnectivityListener	onConnectivityChanged(boolean)	136	[false]	java.lang.Override	public	false	/home/nima/Developer/nullness-benchmarks/glide/library/src/main/java/com/bumptech/glide/RequestManager.java
137	com.bumptech.glide.RequestManager$ClearTarget	ClearTarget(android.view.View)	0	[false]		package	false	/home/nima/Developer/nullness-benchmarks/glide/library/src/main/java/com/bumptech/glide/RequestManager.java
138	com.bumptech.glide.RequestManager$ClearTarget	onResourceCleared(android.graphics.drawable.Drawable)	139	[true]	java.lang.Override	protected	false	/home/nima/Developer/nullness-benchmarks/glide/library/src/main/java/com/bumptech/glide/RequestManager.java
140	com.bumptech.glide.RequestManager$ClearTarget	onLoadFailed(android.graphics.drawable.Drawable)	31	[true]	java.lang.Override	public	false	/home/nima/Developer/nullness-benchmarks/glide/library/src/main/java/com/bumptech/glide/RequestManager.java
141	com.bumptech.glide.RequestManager$ClearTarget	onResourceReady(java.lang.Object,com.bumptech.glide.request.transition.Transition)	33	[false, true]	java.lang.Override	public	false	/home/nima/Developer/nullness-benchmarks/glide/library/src/main/java/com/bumptech/glide/RequestManager.java
45	com.bumptech.glide.manager.LifecycleListener	onStart()	0	[]		public	false	/home/nima/Developer/nullness-benchmarks/glide/library/src/main/java/com/bumptech/glide/manager/LifecycleListener.java
47	com.bumptech.glide.manager.LifecycleListener	onStop()	0	[]		public	false	/home/nima/Developer/nullness-benchmarks/glide/library/src/main/java/com/bumptech/glide/manager/LifecycleListener.java
49	com.bumptech.glide.manager.LifecycleListener	onDestroy()	0	[]		public	false	/home/nima/Developer/nullness-benchmarks/glide/library/src/main/java/com/bumptech/glide/manager/LifecycleListener.java
142	com.bumptech.glide.request.BaseRequestOptions	isSet(int,int)	0	[false, false]		private	false	/home/nima/Developer/nullness-benchmarks/glide/library/src/main/java/com/bumptech/glide/request/BaseRequestOptions.java
143	com.bumptech.glide.request.BaseRequestOptions	sizeMultiplier(float)	0	[false]	androidx.annotation.NonNull,androidx.annotation.CheckResult	public	true	/home/nima/Developer/nullness-benchmarks/glide/library/src/main/java/com/bumptech/glide/request/BaseRequestOptions.java
144	com.bumptech.glide.request.BaseRequestOptions	useUnlimitedSourceGeneratorsPool(boolean)	0	[false]	androidx.annotation.NonNull,androidx.annotation.CheckResult	public	true	/home/nima/Developer/nullness-benchmarks/glide/library/src/main/java/com/bumptech/glide/request/BaseRequestOptions.java
145	com.bumptech.glide.request.BaseRequestOptions	useAnimationPool(boolean)	0	[false]	androidx.annotation.NonNull,androidx.annotation.CheckResult	public	true	/home/nima/Developer/nullness-benchmarks/glide/library/src/main/java/com/bumptech/glide/request/BaseRequestOptions.java
146	com.bumptech.glide.request.BaseRequestOptions	onlyRetrieveFromCache(boolean)	0	[false]	androidx.annotation.NonNull,androidx.annotation.CheckResult	public	true	/home/nima/Developer/nullness-benchmarks/glide/library/src/main/java/com/bumptech/glide/request/BaseRequestOptions.java
147	com.bumptech.glide.request.BaseRequestOptions	diskCacheStrategy(com.bumptech.glide.load.engine.DiskCacheStrategy)	0	[false]	androidx.annotation.NonNull,androidx.annotation.CheckResult	public	true	/home/nima/Developer/nullness-benchmarks/glide/library/src/main/java/com/bumptech/glide/request/BaseRequestOptions.java
148	com.bumptech.glide.request.BaseRequestOptions	priority(com.bumptech.glide.Priority)	0	[false]	androidx.annotation.NonNull,androidx.annotation.CheckResult	public	true	/home/nima/Developer/nullness-benchmarks/glide/library/src/main/java/com/bumptech/glide/request/BaseRequestOptions.java
149	com.bumptech.glide.request.BaseRequestOptions	placeholder(android.graphics.drawable.Drawable)	0	[true]	androidx.annotation.NonNull,androidx.annotation.CheckResult	public	true	/home/nima/Developer/nullness-benchmarks/glide/library/src/main/java/com/bumptech/glide/request/BaseRequestOptions.java
150	com.bumptech.glide.request.BaseRequestOptions	placeholder(int)	0	[false]	androidx.annotation.NonNull,androidx.annotation.CheckResult	public	true	/home/nima/Developer/nullness-benchmarks/glide/library/src/main/java/com/bumptech/glide/request/BaseRequestOptions.java
151	com.bumptech.glide.request.BaseRequestOptions	fallback(android.graphics.drawable.Drawable)	0	[true]	androidx.annotation.NonNull,androidx.annotation.CheckResult	public	true	/home/nima/Developer/nullness-benchmarks/glide/library/src/main/java/com/bumptech/glide/request/BaseRequestOptions.java
152	com.bumptech.glide.request.BaseRequestOptions	fallback(int)	0	[false]	androidx.annotation.NonNull,androidx.annotation.CheckResult	public	true	/home/nima/Developer/nullness-benchmarks/glide/library/src/main/java/com/bumptech/glide/request/BaseRequestOptions.java
153	com.bumptech.glide.request.BaseRequestOptions	error(android.graphics.drawable.Drawable)	0	[true]	androidx.annotation.NonNull,androidx.annotation.CheckResult	public	true	/home/nima/Developer/nullness-benchmarks/glide/library/src/main/java/com/bumptech/glide/request/BaseRequestOptions.java
154	com.bumptech.glide.request.BaseRequestOptions	error(int)	0	[false]	androidx.annotation.NonNull,androidx.annotation.CheckResult	public	true	/home/nima/Developer/nullness-benchmarks/glide/library/src/main/java/com/bumptech/glide/request/BaseRequestOptions.java
155	com.bumptech.glide.request.BaseRequestOptions	theme(android.content.res.Resources.Theme)	0	[true]	androidx.annotation.NonNull,androidx.annotation.CheckResult	public	true	/home/nima/Developer/nullness-benchmarks/glide/library/src/main/java/com/bumptech/glide/request/BaseRequestOptions.java
156	com.bumptech.glide.request.BaseRequestOptions	skipMemoryCache(boolean)	0	[false]	androidx.annotation.NonNull,androidx.annotation.CheckResult	public	true	/home/nima/Developer/nullness-benchmarks/glide/library/src/main/java/com/bumptech/glide/request/BaseRequestOptions.java
157	com.bumptech.glide.request.BaseRequestOptions	override(int,int)	0	[false, false]	androidx.annotation.NonNull,androidx.annotation.CheckResult	public	true	/home/nima/Developer/nullness-benchmarks/glide/library/src/main/java/com/bumptech/glide/request/BaseRequestOptions.java
158	com.bumptech.glide.request.BaseRequestOptions	override(int)	0	[false]	androidx.annotation.NonNull,androidx.annotation.CheckResult	public	true	/home/nima/Developer/nullness-benchmarks/glide/library/src/main/java/com/bumptech/glide/request/BaseRequestOptions.java
159	com.bumptech.glide.request.BaseRequestOptions	signature(com.bumptech.glide.load.Key)	0	[false]	androidx.annotation.NonNull,androidx.annotation.CheckResult	public	true	/home/nima/Developer/nullness-benchmarks/glide/library/src/main/java/com/bumptech/glide/request/BaseRequestOptions.java
160	com.bumptech.glide.request.BaseRequestOptions	clone()	161	[]	java.lang.SuppressWarnings,androidx.annotation.CheckResult,java.lang.Override	public	true	/home/nima/Developer/nullness-benchmarks/glide/library/src/main/java/com/bumptech/glide/request/BaseRequestOptions.java
162	com.bumptech.glide.request.BaseRequestOptions	set(com.bumptech.glide.load.Option,Y)	0	[false, false]	androidx.annotation.NonNull,androidx.annotation.CheckResult	public	true	/home/nima/Developer/nullness-benchmarks/glide/library/src/main/java/com/bumptech/glide/request/BaseRequestOptions.java
163	com.bumptech.glide.request.BaseRequestOptions	removeOption(com.bumptech.glide.load.Option)	0	[false]		package	true	/home/nima/Developer/nullness-benchmarks/glide/library/src/main/java/com/bumptech/glide/request/BaseRequestOptions.java
164	com.bumptech.glide.request.BaseRequestOptions	decode(java.lang.Class)	0	[false]	androidx.annotation.NonNull,androidx.annotation.CheckResult	public	true	/home/nima/Developer/nullness-benchmarks/glide/library/src/main/java/com/bumptech/glide/request/BaseRequestOptions.java
165	com.bumptech.glide.request.BaseRequestOptions	isTransformationAllowed()	0	[]		public	false	/home/nima/Developer/nullness-benchmarks/glide/library/src/main/java/com/bumptech/glide/request/BaseRequestOptions.java
166	com.bumptech.glide.request.BaseRequestOptions	isTransformationSet()	0	[]		public	false	/home/nima/Developer/nullness-benchmarks/glide/library/src/main/java/com/bumptech/glide/request/BaseRequestOptions.java
167	com.bumptech.glide.request.BaseRequestOptions	isLocked()	0	[]		public	false	/home/nima/Developer/nullness-benchmarks/glide/library/src/main/java/com/bumptech/glide/request/BaseRequestOptions.java
168	com.bumptech.glide.request.BaseRequestOptions	encodeFormat(android.graphics.Bitmap.CompressFormat)	0	[false]	androidx.annotation.NonNull,androidx.annotation.CheckResult	public	true	/home/nima/Developer/nullness-benchmarks/glide/library/src/main/java/com/bumptech/glide/request/BaseRequestOptions.java
169	com.bumptech.glide.request.BaseRequestOptions	encodeQuality(int)	0	[false]	androidx.annotation.NonNull,androidx.annotation.CheckResult	public	true	/home/nima/Developer/nullness-benchmarks/glide/library/src/main/java/com/bumptech/glide/request/BaseRequestOptions.java
170	com.bumptech.glide.request.BaseRequestOptions	frame(long)	0	[false]	androidx.annotation.NonNull,androidx.annotation.CheckResult	public	true	/home/nima/Developer/nullness-benchmarks/glide/library/src/main/java/com/bumptech/glide/request/BaseRequestOptions.java
171	com.bumptech.glide.request.BaseRequestOptions	format(com.bumptech.glide.load.DecodeFormat)	0	[false]	androidx.annotation.NonNull,androidx.annotation.CheckResult	public	true	/home/nima/Developer/nullness-benchmarks/glide/library/src/main/java/com/bumptech/glide/request/BaseRequestOptions.java
172	com.bumptech.glide.request.BaseRequestOptions	disallowHardwareConfig()	0	[]	androidx.annotation.NonNull,androidx.annotation.CheckResult	public	true	/home/nima/Developer/nullness-benchmarks/glide/library/src/main/java/com/bumptech/glide/request/BaseRequestOptions.java
173	com.bumptech.glide.request.BaseRequestOptions	downsample(com.bumptech.glide.load.resource.bitmap.DownsampleStrategy)	0	[false]	androidx.annotation.NonNull,androidx.annotation.CheckResult	public	true	/home/nima/Developer/nullness-benchmarks/glide/library/src/main/java/com/bumptech/glide/request/BaseRequestOptions.java
174	com.bumptech.glide.request.BaseRequestOptions	timeout(int)	0	[false]	androidx.annotation.NonNull,androidx.annotation.CheckResult	public	true	/home/nima/Developer/nullness-benchmarks/glide/library/src/main/java/com/bumptech/glide/request/BaseRequestOptions.java
175	com.bumptech.glide.request.BaseRequestOptions	optionalCenterCrop()	0	[]	androidx.annotation.NonNull,androidx.annotation.CheckResult	public	true	/home/nima/Developer/nullness-benchmarks/glide/library/src/main/java/com/bumptech/glide/request/BaseRequestOptions.java
176	com.bumptech.glide.request.BaseRequestOptions	centerCrop()	0	[]	androidx.annotation.NonNull,androidx.annotation.CheckResult	public	true	/home/nima/Developer/nullness-benchmarks/glide/library/src/main/java/com/bumptech/glide/request/BaseRequestOptions.java
177	com.bumptech.glide.request.BaseRequestOptions	optionalFitCenter()	0	[]	androidx.annotation.NonNull,androidx.annotation.CheckResult	public	true	/home/nima/Developer/nullness-benchmarks/glide/library/src/main/java/com/bumptech/glide/request/BaseRequestOptions.java
178	com.bumptech.glide.request.BaseRequestOptions	fitCenter()	0	[]	androidx.annotation.NonNull,androidx.annotation.CheckResult	public	true	/home/nima/Developer/nullness-benchmarks/glide/library/src/main/java/com/bumptech/glide/request/BaseRequestOptions.java
179	com.bumptech.glide.request.BaseRequestOptions	optionalCenterInside()	0	[]	androidx.annotation.NonNull,androidx.annotation.CheckResult	public	true	/home/nima/Developer/nullness-benchmarks/glide/library/src/main/java/com/bumptech/glide/request/BaseRequestOptions.java
180	com.bumptech.glide.request.BaseRequestOptions	centerInside()	0	[]	androidx.annotation.NonNull,androidx.annotation.CheckResult	public	true	/home/nima/Developer/nullness-benchmarks/glide/library/src/main/java/com/bumptech/glide/request/BaseRequestOptions.java
181	com.bumptech.glide.request.BaseRequestOptions	optionalCircleCrop()	0	[]	androidx.annotation.NonNull,androidx.annotation.CheckResult	public	true	/home/nima/Developer/nullness-benchmarks/glide/library/src/main/java/com/bumptech/glide/request/BaseRequestOptions.java
182	com.bumptech.glide.request.BaseRequestOptions	circleCrop()	0	[]	androidx.annotation.NonNull,androidx.annotation.CheckResult	public	true	/home/nima/Developer/nullness-benchmarks/glide/library/src/main/java/com/bumptech/glide/request/BaseRequestOptions.java
183	com.bumptech.glide.request.BaseRequestOptions	optionalTransform(com.bumptech.glide.load.resource.bitmap.DownsampleStrategy,com.bumptech.glide.load.Transformation)	0	[false, false]	java.lang.SuppressWarnings,androidx.annotation.NonNull	package	true	/home/nima/Developer/nullness-benchmarks/glide/library/src/main/java/com/bumptech/glide/request/BaseRequestOptions.java
184	com.bumptech.glide.request.BaseRequestOptions	transform(com.bumptech.glide.load.resource.bitmap.DownsampleStrategy,com.bumptech.glide.load.Transformation)	0	[false, false]	java.lang.SuppressWarnings,androidx.annotation.NonNull,androidx.annotation.CheckResult	package	true	/home/nima/Developer/nullness-benchmarks/glide/library/src/main/java/com/bumptech/glide/request/BaseRequestOptions.java
185	com.bumptech.glide.request.BaseRequestOptions	scaleOnlyTransform(com.bumptech.glide.load.resource.bitmap.DownsampleStrategy,com.bumptech.glide.load.Transformation)	0	[false, false]	androidx.annotation.NonNull	private	true	/home/nima/Developer/nullness-benchmarks/glide/library/src/main/java/com/bumptech/glide/request/BaseRequestOptions.java
186	com.bumptech.glide.request.BaseRequestOptions	optionalScaleOnlyTransform(com.bumptech.glide.load.resource.bitmap.DownsampleStrategy,com.bumptech.glide.load.Transformation)	0	[false, false]	androidx.annotation.NonNull	private	true	/home/nima/Developer/nullness-benchmarks/glide/library/src/main/java/com/bumptech/glide/request/BaseRequestOptions.java
187	com.bumptech.glide.request.BaseRequestOptions	scaleOnlyTransform(com.bumptech.glide.load.resource.bitmap.DownsampleStrategy,com.bumptech.glide.load.Transformation,boolean)	0	[false, false, false]	java.lang.SuppressWarnings,androidx.annotation.NonNull	private	true	/home/nima/Developer/nullness-benchmarks/glide/library/src/main/java/com/bumptech/glide/request/BaseRequestOptions.java
188	com.bumptech.glide.request.BaseRequestOptions	transform(com.bumptech.glide.load.Transformation)	0	[false]	java.lang.SuppressWarnings,androidx.annotation.NonNull,androidx.annotation.CheckResult	public	true	/home/nima/Developer/nullness-benchmarks/glide/library/src/main/java/com/bumptech/glide/request/BaseRequestOptions.java
189	com.bumptech.glide.request.BaseRequestOptions	transform(com.bumptech.glide.load.Transformation[])	0	[false]	java.lang.SuppressWarnings,androidx.annotation.NonNull,androidx.annotation.CheckResult	public	true	/home/nima/Developer/nullness-benchmarks/glide/library/src/main/java/com/bumptech/glide/request/BaseRequestOptions.java
190	com.bumptech.glide.request.BaseRequestOptions	transforms(com.bumptech.glide.load.Transformation[])	0	[false]	java.lang.SuppressWarnings,androidx.annotation.NonNull,androidx.annotation.CheckResult,java.lang.Deprecated	public	true	/home/nima/Developer/nullness-benchmarks/glide/library/src/main/java/com/bumptech/glide/request/BaseRequestOptions.java
191	com.bumptech.glide.request.BaseRequestOptions	optionalTransform(com.bumptech.glide.load.Transformation)	0	[false]	java.lang.SuppressWarnings,androidx.annotation.NonNull,androidx.annotation.CheckResult	public	true	/home/nima/Developer/nullness-benchmarks/glide/library/src/main/java/com/bumptech/glide/request/BaseRequestOptions.java
192	com.bumptech.glide.request.BaseRequestOptions	transform(com.bumptech.glide.load.Transformation,boolean)	0	[false, false]	androidx.annotation.NonNull	package	true	/home/nima/Developer/nullness-benchmarks/glide/library/src/main/java/com/bumptech/glide/request/BaseRequestOptions.java
193	com.bumptech.glide.request.BaseRequestOptions	optionalTransform(java.lang.Class,com.bumptech.glide.load.Transformation)	0	[false, false]	androidx.annotation.NonNull,androidx.annotation.CheckResult	public	true	/home/nima/Developer/nullness-benchmarks/glide/library/src/main/java/com/bumptech/glide/request/BaseRequestOptions.java
194	com.bumptech.glide.request.BaseRequestOptions	transform(java.lang.Class,com.bumptech.glide.load.Transformation,boolean)	0	[false, false, false]	androidx.annotation.NonNull	package	true	/home/nima/Developer/nullness-benchmarks/glide/library/src/main/java/com/bumptech/glide/request/BaseRequestOptions.java
195	com.bumptech.glide.request.BaseRequestOptions	transform(java.lang.Class,com.bumptech.glide.load.Transformation)	0	[false, false]	java.lang.SuppressWarnings,androidx.annotation.NonNull,androidx.annotation.CheckResult	public	true	/home/nima/Developer/nullness-benchmarks/glide/library/src/main/java/com/bumptech/glide/request/BaseRequestOptions.java
196	com.bumptech.glide.request.BaseRequestOptions	dontTransform()	0	[]	androidx.annotation.NonNull,androidx.annotation.CheckResult	public	true	/home/nima/Developer/nullness-benchmarks/glide/library/src/main/java/com/bumptech/glide/request/BaseRequestOptions.java
197	com.bumptech.glide.request.BaseRequestOptions	dontAnimate()	0	[]	java.lang.SuppressWarnings,androidx.annotation.NonNull,androidx.annotation.CheckResult	public	true	/home/nima/Developer/nullness-benchmarks/glide/library/src/main/java/com/bumptech/glide/request/BaseRequestOptions.java
198	com.bumptech.glide.request.BaseRequestOptions	apply(com.bumptech.glide.request.BaseRequestOptions)	0	[false]	androidx.annotation.NonNull,androidx.annotation.CheckResult	public	true	/home/nima/Developer/nullness-benchmarks/glide/library/src/main/java/com/bumptech/glide/request/BaseRequestOptions.java
199	com.bumptech.glide.request.BaseRequestOptions	isEquivalentTo(com.bumptech.glide.request.BaseRequestOptions)	0	[false]		public	false	/home/nima/Developer/nullness-benchmarks/glide/library/src/main/java/com/bumptech/glide/request/BaseRequestOptions.java
77	com.bumptech.glide.request.BaseRequestOptions	equals(java.lang.Object)	200	[false]	java.lang.Override	public	false	/home/nima/Developer/nullness-benchmarks/glide/library/src/main/java/com/bumptech/glide/request/BaseRequestOptions.java
79	com.bumptech.glide.request.BaseRequestOptions	hashCode()	201	[]	java.lang.Override	public	false	/home/nima/Developer/nullness-benchmarks/glide/library/src/main/java/com/bumptech/glide/request/BaseRequestOptions.java
202	com.bumptech.glide.request.BaseRequestOptions	lock()	0	[]	androidx.annotation.NonNull,java.lang.SuppressWarnings	public	true	/home/nima/Developer/nullness-benchmarks/glide/library/src/main/java/com/bumptech/glide/request/BaseRequestOptions.java
203	com.bumptech.glide.request.BaseRequestOptions	autoClone()	0	[]	androidx.annotation.NonNull	public	true	/home/nima/Developer/nullness-benchmarks/glide/library/src/main/java/com/bumptech/glide/request/BaseRequestOptions.java
204	com.bumptech.glide.request.BaseRequestOptions	selfOrThrowIfLocked()	0	[]	androidx.annotation.NonNull,java.lang.SuppressWarnings	protected	true	/home/nima/Developer/nullness-benchmarks/glide/library/src/main/java/com/bumptech/glide/request/BaseRequestOptions.java
205	com.bumptech.glide.request.BaseRequestOptions	isAutoCloneEnabled()	0	[]		protected	false	/home/nima/Developer/nullness-benchmarks/glide/library/src/main/java/com/bumptech/glide/request/BaseRequestOptions.java
206	com.bumptech.glide.request.BaseRequestOptions	isDiskCacheStrategySet()	0	[]		public	false	/home/nima/Developer/nullness-benchmarks/glide/library/src/main/java/com/bumptech/glide/request/BaseRequestOptions.java
207	com.bumptech.glide.request.BaseRequestOptions	isSkipMemoryCacheSet()	0	[]		public	false	/home/nima/Developer/nullness-benchmarks/glide/library/src/main/java/com/bumptech/glide/request/BaseRequestOptions.java
208	com.bumptech.glide.request.BaseRequestOptions	getTransformations()	0	[]	androidx.annotation.NonNull	public	true	/home/nima/Developer/nullness-benchmarks/glide/library/src/main/java/com/bumptech/glide/request/BaseRequestOptions.java
209	com.bumptech.glide.request.BaseRequestOptions	isTransformationRequired()	0	[]	java.lang.SuppressWarnings	public	false	/home/nima/Developer/nullness-benchmarks/glide/library/src/main/java/com/bumptech/glide/request/BaseRequestOptions.java
210	com.bumptech.glide.request.BaseRequestOptions	getOptions()	0	[]	androidx.annotation.NonNull	public	true	/home/nima/Developer/nullness-benchmarks/glide/library/src/main/java/com/bumptech/glide/request/BaseRequestOptions.java
211	com.bumptech.glide.request.BaseRequestOptions	getResourceClass()	0	[]	androidx.annotation.NonNull	public	true	/home/nima/Developer/nullness-benchmarks/glide/library/src/main/java/com/bumptech/glide/request/BaseRequestOptions.java
212	com.bumptech.glide.request.BaseRequestOptions	getDiskCacheStrategy()	0	[]	androidx.annotation.NonNull	public	true	/home/nima/Developer/nullness-benchmarks/glide/library/src/main/java/com/bumptech/glide/request/BaseRequestOptions.java
213	com.bumptech.glide.request.BaseRequestOptions	getErrorPlaceholder()	0	[]	java.lang.SuppressWarnings,androidx.annotation.Nullable	public	true	/home/nima/Developer/nullness-benchmarks/glide/library/src/main/java/com/bumptech/glide/request/BaseRequestOptions.java
214	com.bumptech.glide.request.BaseRequestOptions	getErrorId()	0	[]	java.lang.SuppressWarnings	public	false	/home/nima/Developer/nullness-benchmarks/glide/library/src/main/java/com/bumptech/glide/request/BaseRequestOptions.java
215	com.bumptech.glide.request.BaseRequestOptions	getPlaceholderId()	0	[]	java.lang.SuppressWarnings	public	false	/home/nima/Developer/nullness-benchmarks/glide/library/src/main/java/com/bumptech/glide/request/BaseRequestOptions.java
216	com.bumptech.glide.request.BaseRequestOptions	getPlaceholderDrawable()	0	[]	java.lang.SuppressWarnings,androidx.annotation.Nullable	public	true	/home/nima/Developer/nullness-benchmarks/glide/library/src/main/java/com/bumptech/glide/request/BaseRequestOptions.java
217	com.bumptech.glide.request.BaseRequestOptions	getFallbackId()	0	[]	java.lang.SuppressWarnings	public	false	/home/nima/Developer/nullness-benchmarks/glide/library/src/main/java/com/bumptech/glide/request/BaseRequestOptions.java
218	com.bumptech.glide.request.BaseRequestOptions	getFallbackDrawable()	0	[]	java.lang.SuppressWarnings,androidx.annotation.Nullable	public	true	/home/nima/Developer/nullness-benchmarks/glide/library/src/main/java/com/bumptech/glide/request/BaseRequestOptions.java
219	com.bumptech.glide.request.BaseRequestOptions	getTheme()	0	[]	androidx.annotation.Nullable	public	true	/home/nima/Developer/nullness-benchmarks/glide/library/src/main/java/com/bumptech/glide/request/BaseRequestOptions.java
220	com.bumptech.glide.request.BaseRequestOptions	isMemoryCacheable()	0	[]	java.lang.SuppressWarnings	public	false	/home/nima/Developer/nullness-benchmarks/glide/library/src/main/java/com/bumptech/glide/request/BaseRequestOptions.java
221	com.bumptech.glide.request.BaseRequestOptions	getSignature()	0	[]	androidx.annotation.NonNull	public	true	/home/nima/Developer/nullness-benchmarks/glide/library/src/main/java/com/bumptech/glide/request/BaseRequestOptions.java
222	com.bumptech.glide.request.BaseRequestOptions	isPrioritySet()	0	[]		public	false	/home/nima/Developer/nullness-benchmarks/glide/library/src/main/java/com/bumptech/glide/request/BaseRequestOptions.java
223	com.bumptech.glide.request.BaseRequestOptions	getPriority()	0	[]	androidx.annotation.NonNull	public	true	/home/nima/Developer/nullness-benchmarks/glide/library/src/main/java/com/bumptech/glide/request/BaseRequestOptions.java
224	com.bumptech.glide.request.BaseRequestOptions	getOverrideWidth()	0	[]		public	false	/home/nima/Developer/nullness-benchmarks/glide/library/src/main/java/com/bumptech/glide/request/BaseRequestOptions.java
225	com.bumptech.glide.request.BaseRequestOptions	isValidOverride()	0	[]		public	false	/home/nima/Developer/nullness-benchmarks/glide/library/src/main/java/com/bumptech/glide/request/BaseRequestOptions.java
226	com.bumptech.glide.request.BaseRequestOptions	getOverrideHeight()	0	[]		public	false	/home/nima/Developer/nullness-benchmarks/glide/library/src/main/java/com/bumptech/glide/request/BaseRequestOptions.java
227	com.bumptech.glide.request.BaseRequestOptions	getSizeMultiplier()	0	[]		public	false	/home/nima/Developer/nullness-benchmarks/glide/library/src/main/java/com/bumptech/glide/request/BaseRequestOptions.java
228	com.bumptech.glide.request.BaseRequestOptions	isScaleOnlyOrNoTransform()	0	[]		package	false	/home/nima/Developer/nullness-benchmarks/glide/library/src/main/java/com/bumptech/glide/request/BaseRequestOptions.java
229	com.bumptech.glide.request.BaseRequestOptions	isSet(int)	0	[false]		private	false	/home/nima/Developer/nullness-benchmarks/glide/library/src/main/java/com/bumptech/glide/request/BaseRequestOptions.java
230	com.bumptech.glide.request.BaseRequestOptions	getUseUnlimitedSourceGeneratorsPool()	0	[]	java.lang.SuppressWarnings	public	false	/home/nima/Developer/nullness-benchmarks/glide/library/src/main/java/com/bumptech/glide/request/BaseRequestOptions.java
231	com.bumptech.glide.request.BaseRequestOptions	getUseAnimationPool()	0	[]	java.lang.SuppressWarnings	public	false	/home/nima/Developer/nullness-benchmarks/glide/library/src/main/java/com/bumptech/glide/request/BaseRequestOptions.java
232	com.bumptech.glide.request.BaseRequestOptions	getOnlyRetrieveFromCache()	0	[]	java.lang.SuppressWarnings	public	false	/home/nima/Developer/nullness-benchmarks/glide/library/src/main/java/com/bumptech/glide/request/BaseRequestOptions.java
233	com.bumptech.glide.request.BaseRequestOptions	self()	0	[]	java.lang.SuppressWarnings	private	true	/home/nima/Developer/nullness-benchmarks/glide/library/src/main/java/com/bumptech/glide/request/BaseRequestOptions.java
234	com.bumptech.glide.RequestBuilder	RequestBuilder(com.bumptech.glide.Glide,com.bumptech.glide.RequestManager,java.lang.Class,android.content.Context)	0	[false, false, false, false]	android.annotation.SuppressLint,java.lang.SuppressWarnings	protected	false	/home/nima/Developer/nullness-benchmarks/glide/library/src/main/java/com/bumptech/glide/RequestBuilder.java
235	com.bumptech.glide.RequestBuilder	getRequestManager()	0	[]		package	true	/home/nima/Developer/nullness-benchmarks/glide/library/src/main/java/com/bumptech/glide/RequestBuilder.java
236	com.bumptech.glide.RequestBuilder	RequestBuilder(java.lang.Class,com.bumptech.glide.RequestBuilder)	0	[false, false]	android.annotation.SuppressLint,java.lang.SuppressWarnings	protected	false	/home/nima/Developer/nullness-benchmarks/glide/library/src/main/java/com/bumptech/glide/RequestBuilder.java
237	com.bumptech.glide.RequestBuilder	initRequestListeners(java.util.List)	0	[false]	java.lang.SuppressWarnings,android.annotation.SuppressLint	private	false	/home/nima/Developer/nullness-benchmarks/glide/library/src/main/java/com/bumptech/glide/RequestBuilder.java
238	com.bumptech.glide.RequestBuilder	apply(com.bumptech.glide.request.BaseRequestOptions)	198	[false]	androidx.annotation.NonNull,androidx.annotation.CheckResult,java.lang.Override	public	true	/home/nima/Developer/nullness-benchmarks/glide/library/src/main/java/com/bumptech/glide/RequestBuilder.java
239	com.bumptech.glide.RequestBuilder	transition(com.bumptech.glide.TransitionOptions)	0	[false]	androidx.annotation.NonNull,androidx.annotation.CheckResult	public	true	/home/nima/Developer/nullness-benchmarks/glide/library/src/main/java/com/bumptech/glide/RequestBuilder.java
240	com.bumptech.glide.RequestBuilder	listener(com.bumptech.glide.request.RequestListener)	0	[true]	androidx.annotation.NonNull,androidx.annotation.CheckResult,java.lang.SuppressWarnings	public	true	/home/nima/Developer/nullness-benchmarks/glide/library/src/main/java/com/bumptech/glide/RequestBuilder.java
241	com.bumptech.glide.RequestBuilder	addListener(com.bumptech.glide.request.RequestListener)	0	[true]	androidx.annotation.NonNull,androidx.annotation.CheckResult	public	true	/home/nima/Developer/nullness-benchmarks/glide/library/src/main/java/com/bumptech/glide/RequestBuilder.java
242	com.bumptech.glide.RequestBuilder	error(com.bumptech.glide.RequestBuilder)	0	[true]	androidx.annotation.NonNull	public	true	/home/nima/Developer/nullness-benchmarks/glide/library/src/main/java/com/bumptech/glide/RequestBuilder.java
243	com.bumptech.glide.RequestBuilder	error(java.lang.Object)	0	[false]	androidx.annotation.NonNull,androidx.annotation.CheckResult	public	true	/home/nima/Developer/nullness-benchmarks/glide/library/src/main/java/com/bumptech/glide/RequestBuilder.java
244	com.bumptech.glide.RequestBuilder	cloneWithNullErrorAndThumbnail()	0	[]		private	true	/home/nima/Developer/nullness-benchmarks/glide/library/src/main/java/com/bumptech/glide/RequestBuilder.java
245	com.bumptech.glide.RequestBuilder	thumbnail(com.bumptech.glide.RequestBuilder)	0	[true]	androidx.annotation.NonNull,androidx.annotation.CheckResult,java.lang.SuppressWarnings	public	true	/home/nima/Developer/nullness-benchmarks/glide/library/src/main/java/com/bumptech/glide/RequestBuilder.java
246	com.bumptech.glide.RequestBuilder	thumbnail(com.bumptech.glide.RequestBuilder[])	0	[true]	java.lang.SuppressWarnings,androidx.annotation.NonNull,androidx.annotation.CheckResult	public	true	/home/nima/Developer/nullness-benchmarks/glide/library/src/main/java/com/bumptech/glide/RequestBuilder.java
247	com.bumptech.glide.RequestBuilder	thumbnail(java.util.List)	0	[true]	java.lang.SuppressWarnings,androidx.annotation.NonNull,androidx.annotation.CheckResult	public	true	/home/nima/Developer/nullness-benchmarks/glide/library/src/main/java/com/bumptech/glide/RequestBuilder.java
248	com.bumptech.glide.RequestBuilder	thumbnail(float)	0	[false]	androidx.annotation.NonNull,androidx.annotation.CheckResult,java.lang.SuppressWarnings,java.lang.Deprecated	public	true	/home/nima/Developer/nullness-benchmarks/glide/library/src/main/java/com/bumptech/glide/RequestBuilder.java
249	com.bumptech.glide.RequestBuilder	load(java.lang.Object)	11	[true]	androidx.annotation.NonNull,androidx.annotation.CheckResult,java.lang.SuppressWarnings,java.lang.Override	public	true	/home/nima/Developer/nullness-benchmarks/glide/library/src/main/java/com/bumptech/glide/RequestBuilder.java
250	com.bumptech.glide.RequestBuilder	loadGeneric(java.lang.Object)	0	[true]	androidx.annotation.NonNull	private	true	/home/nima/Developer/nullness-benchmarks/glide/library/src/main/java/com/bumptech/glide/RequestBuilder.java
251	com.bumptech.glide.RequestBuilder	load(android.graphics.Bitmap)	3	[true]	androidx.annotation.NonNull,androidx.annotation.CheckResult,java.lang.Override	public	true	/home/nima/Developer/nullness-benchmarks/glide/library/src/main/java/com/bumptech/glide/RequestBuilder.java
252	com.bumptech.glide.RequestBuilder	load(android.graphics.drawable.Drawable)	4	[true]	androidx.annotation.NonNull,androidx.annotation.CheckResult,java.lang.Override	public	true	/home/nima/Developer/nullness-benchmarks/glide/library/src/main/java/com/bumptech/glide/RequestBuilder.java
253	com.bumptech.glide.RequestBuilder	load(java.lang.String)	5	[true]	androidx.annotation.NonNull,java.lang.Override,androidx.annotation.CheckResult	public	true	/home/nima/Developer/nullness-benchmarks/glide/library/src/main/java/com/bumptech/glide/RequestBuilder.java
254	com.bumptech.glide.RequestBuilder	load(android.net.Uri)	6	[true]	androidx.annotation.NonNull,androidx.annotation.CheckResult,java.lang.Override	public	true	/home/nima/Developer/nullness-benchmarks/glide/library/src/main/java/com/bumptech/glide/RequestBuilder.java
255	com.bumptech.glide.RequestBuilder	maybeApplyOptionsResourceUri(android.net.Uri,com.bumptech.glide.RequestBuilder)	0	[true, false]		private	true	/home/nima/Developer/nullness-benchmarks/glide/library/src/main/java/com/bumptech/glide/RequestBuilder.java
256	com.bumptech.glide.RequestBuilder	applyResourceThemeAndSignature(com.bumptech.glide.RequestBuilder)	0	[false]		private	true	/home/nima/Developer/nullness-benchmarks/glide/library/src/main/java/com/bumptech/glide/RequestBuilder.java
257	com.bumptech.glide.RequestBuilder	load(java.io.File)	7	[true]	androidx.annotation.NonNull,androidx.annotation.CheckResult,java.lang.Override	public	true	/home/nima/Developer/nullness-benchmarks/glide/library/src/main/java/com/bumptech/glide/RequestBuilder.java
258	com.bumptech.glide.RequestBuilder	load(java.lang.Integer)	8	[true]	androidx.annotation.NonNull,androidx.annotation.CheckResult,java.lang.Override	public	true	/home/nima/Developer/nullness-benchmarks/glide/library/src/main/java/com/bumptech/glide/RequestBuilder.java
259	com.bumptech.glide.RequestBuilder	load(java.net.URL)	9	[true]	java.lang.Deprecated,androidx.annotation.CheckResult,java.lang.Override	public	true	/home/nima/Developer/nullness-benchmarks/glide/library/src/main/java/com/bumptech/glide/RequestBuilder.java
260	com.bumptech.glide.RequestBuilder	load(byte[])	10	[true]	androidx.annotation.NonNull,androidx.annotation.CheckResult,java.lang.Override	public	true	/home/nima/Developer/nullness-benchmarks/glide/library/src/main/java/com/bumptech/glide/RequestBuilder.java
261	com.bumptech.glide.RequestBuilder	clone()	160	[]	java.lang.SuppressWarnings,androidx.annotation.CheckResult,java.lang.Override	public	true	/home/nima/Developer/nullness-benchmarks/glide/library/src/main/java/com/bumptech/glide/RequestBuilder.java
262	com.bumptech.glide.RequestBuilder	into(Y)	0	[false]	androidx.annotation.NonNull	public	true	/home/nima/Developer/nullness-benchmarks/glide/library/src/main/java/com/bumptech/glide/RequestBuilder.java
263	com.bumptech.glide.RequestBuilder	into(Y,com.bumptech.glide.request.RequestListener,java.util.concurrent.Executor)	0	[false, true, false]	androidx.annotation.NonNull	package	true	/home/nima/Developer/nullness-benchmarks/glide/library/src/main/java/com/bumptech/glide/RequestBuilder.java
264	com.bumptech.glide.RequestBuilder	into(Y,com.bumptech.glide.request.RequestListener,com.bumptech.glide.request.BaseRequestOptions,java.util.concurrent.Executor)	0	[false, true, false, false]		private	true	/home/nima/Developer/nullness-benchmarks/glide/library/src/main/java/com/bumptech/glide/RequestBuilder.java
265	com.bumptech.glide.RequestBuilder	isSkipMemoryCacheWithCompletePreviousRequest(com.bumptech.glide.request.BaseRequestOptions,com.bumptech.glide.request.Request)	0	[false, false]		private	false	/home/nima/Developer/nullness-benchmarks/glide/library/src/main/java/com/bumptech/glide/RequestBuilder.java
266	com.bumptech.glide.RequestBuilder	into(android.widget.ImageView)	0	[false]	androidx.annotation.NonNull	public	true	/home/nima/Developer/nullness-benchmarks/glide/library/src/main/java/com/bumptech/glide/RequestBuilder.java
267	com.bumptech.glide.RequestBuilder	into(int,int)	0	[false, false]	java.lang.Deprecated	public	true	/home/nima/Developer/nullness-benchmarks/glide/library/src/main/java/com/bumptech/glide/RequestBuilder.java
268	com.bumptech.glide.RequestBuilder	submit()	0	[]	androidx.annotation.NonNull	public	true	/home/nima/Developer/nullness-benchmarks/glide/library/src/main/java/com/bumptech/glide/RequestBuilder.java
269	com.bumptech.glide.RequestBuilder	submit(int,int)	0	[false, false]	androidx.annotation.NonNull	public	true	/home/nima/Developer/nullness-benchmarks/glide/library/src/main/java/com/bumptech/glide/RequestBuilder.java
270	com.bumptech.glide.RequestBuilder	preload(int,int)	0	[false, false]	androidx.annotation.NonNull	public	true	/home/nima/Developer/nullness-benchmarks/glide/library/src/main/java/com/bumptech/glide/RequestBuilder.java
271	com.bumptech.glide.RequestBuilder	preload()	0	[]	androidx.annotation.NonNull	public	true	/home/nima/Developer/nullness-benchmarks/glide/library/src/main/java/com/bumptech/glide/RequestBuilder.java
272	com.bumptech.glide.RequestBuilder	downloadOnly(Y)	0	[false]	java.lang.Deprecated,androidx.annotation.CheckResult	public	true	/home/nima/Developer/nullness-benchmarks/glide/library/src/main/java/com/bumptech/glide/RequestBuilder.java
273	com.bumptech.glide.RequestBuilder	downloadOnly(int,int)	0	[false, false]	java.lang.Deprecated,androidx.annotation.CheckResult	public	true	/home/nima/Developer/nullness-benchmarks/glide/library/src/main/java/com/bumptech/glide/RequestBuilder.java
274	com.bumptech.glide.RequestBuilder	getDownloadOnlyRequest()	0	[]	androidx.annotation.NonNull,androidx.annotation.CheckResult	protected	true	/home/nima/Developer/nullness-benchmarks/glide/library/src/main/java/com/bumptech/glide/RequestBuilder.java
275	com.bumptech.glide.RequestBuilder	getThumbnailPriority(com.bumptech.glide.Priority)	0	[false]	androidx.annotation.NonNull	private	true	/home/nima/Developer/nullness-benchmarks/glide/library/src/main/java/com/bumptech/glide/RequestBuilder.java
276	com.bumptech.glide.RequestBuilder	buildRequest(com.bumptech.glide.request.target.Target,com.bumptech.glide.request.RequestListener,com.bumptech.glide.request.BaseRequestOptions,java.util.concurrent.Executor)	0	[false, true, false, false]		private	true	/home/nima/Developer/nullness-benchmarks/glide/library/src/main/java/com/bumptech/glide/RequestBuilder.java
277	com.bumptech.glide.RequestBuilder	buildRequestRecursive(java.lang.Object,com.bumptech.glide.request.target.Target,com.bumptech.glide.request.RequestListener,com.bumptech.glide.request.RequestCoordinator,com.bumptech.glide.TransitionOptions,com.bumptech.glide.Priority,int,int,com.bumptech.glide.request.BaseRequestOptions,java.util.concurrent.Executor)	0	[false, false, true, true, false, false, false, false, false, false]		private	true	/home/nima/Developer/nullness-benchmarks/glide/library/src/main/java/com/bumptech/glide/RequestBuilder.java
278	com.bumptech.glide.RequestBuilder	buildThumbnailRequestRecursive(java.lang.Object,com.bumptech.glide.request.target.Target,com.bumptech.glide.request.RequestListener,com.bumptech.glide.request.RequestCoordinator,com.bumptech.glide.TransitionOptions,com.bumptech.glide.Priority,int,int,com.bumptech.glide.request.BaseRequestOptions,java.util.concurrent.Executor)	0	[false, false, false, true, false, false, false, false, false, false]		private	true	/home/nima/Developer/nullness-benchmarks/glide/library/src/main/java/com/bumptech/glide/RequestBuilder.java
279	com.bumptech.glide.RequestBuilder	obtainRequest(java.lang.Object,com.bumptech.glide.request.target.Target,com.bumptech.glide.request.RequestListener,com.bumptech.glide.request.BaseRequestOptions,com.bumptech.glide.request.RequestCoordinator,com.bumptech.glide.TransitionOptions,com.bumptech.glide.Priority,int,int,java.util.concurrent.Executor)	0	[false, false, false, false, false, false, false, false, false, false]		private	true	/home/nima/Developer/nullness-benchmarks/glide/library/src/main/java/com/bumptech/glide/RequestBuilder.java
280	com.bumptech.glide.RequestBuilder	getModel()	0	[]		package	true	/home/nima/Developer/nullness-benchmarks/glide/library/src/main/java/com/bumptech/glide/RequestBuilder.java
281	com.bumptech.glide.RequestBuilder	equals(java.lang.Object)	77	[false]	java.lang.Override	public	false	/home/nima/Developer/nullness-benchmarks/glide/library/src/main/java/com/bumptech/glide/RequestBuilder.java
282	com.bumptech.glide.RequestBuilder	hashCode()	79	[]	java.lang.Override	public	false	/home/nima/Developer/nullness-benchmarks/glide/library/src/main/java/com/bumptech/glide/RequestBuilder.java
283	com.bumptech.glide.load.engine.prefill.PreFillType	PreFillType(int,int,android.graphics.Bitmap.Config,int)	0	[false, false, false, false]		package	false	/home/nima/Developer/nullness-benchmarks/glide/library/src/main/java/com/bumptech/glide/load/engine/prefill/PreFillType.java
284	com.bumptech.glide.load.engine.prefill.PreFillType	getWidth()	0	[]		package	false	/home/nima/Developer/nullness-benchmarks/glide/library/src/main/java/com/bumptech/glide/load/engine/prefill/PreFillType.java
285	com.bumptech.glide.load.engine.prefill.PreFillType	getHeight()	0	[]		package	false	/home/nima/Developer/nullness-benchmarks/glide/library/src/main/java/com/bumptech/glide/load/engine/prefill/PreFillType.java
286	com.bumptech.glide.load.engine.prefill.PreFillType	getConfig()	0	[]		package	true	/home/nima/Developer/nullness-benchmarks/glide/library/src/main/java/com/bumptech/glide/load/engine/prefill/PreFillType.java
287	com.bumptech.glide.load.engine.prefill.PreFillType	getWeight()	0	[]		package	false	/home/nima/Developer/nullness-benchmarks/glide/library/src/main/java/com/bumptech/glide/load/engine/prefill/PreFillType.java
288	com.bumptech.glide.load.engine.prefill.PreFillType	equals(java.lang.Object)	200	[false]	java.lang.Override	public	false	/home/nima/Developer/nullness-benchmarks/glide/library/src/main/java/com/bumptech/glide/load/engine/prefill/PreFillType.java
289	com.bumptech.glide.load.engine.prefill.PreFillType	hashCode()	201	[]	java.lang.Override	public	false	/home/nima/Developer/nullness-benchmarks/glide/library/src/main/java/com/bumptech/glide/load/engine/prefill/PreFillType.java
290	com.bumptech.glide.load.engine.prefill.PreFillType	toString()	126	[]	java.lang.Override	public	true	/home/nima/Developer/nullness-benchmarks/glide/library/src/main/java/com/bumptech/glide/load/engine/prefill/PreFillType.java
291	com.bumptech.glide.load.engine.prefill.PreFillType$Builder	Builder(int)	0	[false]		public	false	/home/nima/Developer/nullness-benchmarks/glide/library/src/main/java/com/bumptech/glide/load/engine/prefill/PreFillType.java
292	com.bumptech.glide.load.engine.prefill.PreFillType$Builder	Builder(int,int)	0	[false, false]		public	false	/home/nima/Developer/nullness-benchmarks/glide/library/src/main/java/com/bumptech/glide/load/engine/prefill/PreFillType.java
293	com.bumptech.glide.load.engine.prefill.PreFillType$Builder	setConfig(android.graphics.Bitmap.Config)	0	[true]		public	true	/home/nima/Developer/nullness-benchmarks/glide/library/src/main/java/com/bumptech/glide/load/engine/prefill/PreFillType.java
294	com.bumptech.glide.load.engine.prefill.PreFillType$Builder	getConfig()	0	[]		package	true	/home/nima/Developer/nullness-benchmarks/glide/library/src/main/java/com/bumptech/glide/load/engine/prefill/PreFillType.java
295	com.bumptech.glide.load.engine.prefill.PreFillType$Builder	setWeight(int)	0	[false]		public	true	/home/nima/Developer/nullness-benchmarks/glide/library/src/main/java/com/bumptech/glide/load/engine/prefill/PreFillType.java
296	com.bumptech.glide.load.engine.prefill.PreFillType$Builder	build()	0	[]		package	true	/home/nima/Developer/nullness-benchmarks/glide/library/src/main/java/com/bumptech/glide/load/engine/prefill/PreFillType.java
297	com.bumptech.glide.util.GlideSuppliers$GlideSupplier	get()	0	[]		public	true	/home/nima/Developer/nullness-benchmarks/glide/library/src/main/java/com/bumptech/glide/util/GlideSuppliers.java
298	com.bumptech.glide.util.GlideSuppliers	GlideSuppliers()	0	[]		private	false	/home/nima/Developer/nullness-benchmarks/glide/library/src/main/java/com/bumptech/glide/util/GlideSuppliers.java
299	com.bumptech.glide.util.GlideSuppliers	memorize(com.bumptech.glide.util.GlideSuppliers.GlideSupplier)	0	[false]		public	true	/home/nima/Developer/nullness-benchmarks/glide/library/src/main/java/com/bumptech/glide/util/GlideSuppliers.java
300	com.bumptech.glide.util.GlideSuppliers$1	get()	297	[]	java.lang.Override	public	true	/home/nima/Developer/nullness-benchmarks/glide/library/src/main/java/com/bumptech/glide/util/GlideSuppliers.java
301	com.bumptech.glide.Glide	getPhotoCacheDir(android.content.Context)	0	[false]	androidx.annotation.Nullable	public	true	/home/nima/Developer/nullness-benchmarks/glide/library/src/main/java/com/bumptech/glide/Glide.java
302	com.bumptech.glide.Glide	getPhotoCacheDir(android.content.Context,java.lang.String)	0	[false, false]	androidx.annotation.Nullable	public	true	/home/nima/Developer/nullness-benchmarks/glide/library/src/main/java/com/bumptech/glide/Glide.java
303	com.bumptech.glide.Glide	get(android.content.Context)	0	[false]	androidx.annotation.NonNull,java.lang.SuppressWarnings	public	true	/home/nima/Developer/nullness-benchmarks/glide/library/src/main/java/com/bumptech/glide/Glide.java
304	com.bumptech.glide.Glide	checkAndInitializeGlide(android.content.Context,com.bumptech.glide.GeneratedAppGlideModule)	0	[false, true]	androidx.annotation.GuardedBy,androidx.annotation.VisibleForTesting	package	false	/home/nima/Developer/nullness-benchmarks/glide/library/src/main/java/com/bumptech/glide/Glide.java
305	com.bumptech.glide.Glide	init(com.bumptech.glide.Glide)	0	[false]	androidx.annotation.VisibleForTesting,java.lang.Deprecated	public	false	/home/nima/Developer/nullness-benchmarks/glide/library/src/main/java/com/bumptech/glide/Glide.java
306	com.bumptech.glide.Glide	init(android.content.Context,com.bumptech.glide.GlideBuilder)	0	[false, false]	androidx.annotation.VisibleForTesting	public	false	/home/nima/Developer/nullness-benchmarks/glide/library/src/main/java/com/bumptech/glide/Glide.java
307	com.bumptech.glide.Glide	isInitialized()	0	[]	androidx.annotation.VisibleForTesting	public	false	/home/nima/Developer/nullness-benchmarks/glide/library/src/main/java/com/bumptech/glide/Glide.java
308	com.bumptech.glide.Glide	enableHardwareBitmaps()	0	[]	androidx.annotation.VisibleForTesting	public	false	/home/nima/Developer/nullness-benchmarks/glide/library/src/main/java/com/bumptech/glide/Glide.java
309	com.bumptech.glide.Glide	tearDown()	0	[]	androidx.annotation.VisibleForTesting	public	false	/home/nima/Developer/nullness-benchmarks/glide/library/src/main/java/com/bumptech/glide/Glide.java
310	com.bumptech.glide.Glide	initializeGlide(android.content.Context,com.bumptech.glide.GeneratedAppGlideModule)	0	[false, true]	androidx.annotation.GuardedBy	private	false	/home/nima/Developer/nullness-benchmarks/glide/library/src/main/java/com/bumptech/glide/Glide.java
311	com.bumptech.glide.Glide	initializeGlide(android.content.Context,com.bumptech.glide.GlideBuilder,com.bumptech.glide.GeneratedAppGlideModule)	0	[false, false, true]	androidx.annotation.GuardedBy,java.lang.SuppressWarnings	private	false	/home/nima/Developer/nullness-benchmarks/glide/library/src/main/java/com/bumptech/glide/Glide.java
312	com.bumptech.glide.Glide	getAnnotationGeneratedGlideModules(android.content.Context)	0	[false]	androidx.annotation.Nullable,java.lang.SuppressWarnings	private	true	/home/nima/Developer/nullness-benchmarks/glide/library/src/main/java/com/bumptech/glide/Glide.java
313	com.bumptech.glide.Glide	throwIncorrectGlideModule(java.lang.Exception)	0	[false]		private	false	/home/nima/Developer/nullness-benchmarks/glide/library/src/main/java/com/bumptech/glide/Glide.java
314	com.bumptech.glide.Glide	Glide(android.content.Context,com.bumptech.glide.load.engine.Engine,com.bumptech.glide.load.engine.cache.MemoryCache,com.bumptech.glide.load.engine.bitmap_recycle.BitmapPool,com.bumptech.glide.load.engine.bitmap_recycle.ArrayPool,com.bumptech.glide.manager.RequestManagerRetriever,com.bumptech.glide.manager.ConnectivityMonitorFactory,int,com.bumptech.glide.Glide.RequestOptionsFactory,java.util.Map,java.util.List,java.util.List,com.bumptech.glide.module.AppGlideModule,com.bumptech.glide.GlideExperiments)	0	[false, false, false, false, false, false, false, false, false, false, false, false, true, false]	java.lang.SuppressWarnings	package	false	/home/nima/Developer/nullness-benchmarks/glide/library/src/main/java/com/bumptech/glide/Glide.java
315	com.bumptech.glide.Glide	getBitmapPool()	0	[]	androidx.annotation.NonNull	public	true	/home/nima/Developer/nullness-benchmarks/glide/library/src/main/java/com/bumptech/glide/Glide.java
316	com.bumptech.glide.Glide	getArrayPool()	0	[]	androidx.annotation.NonNull	public	true	/home/nima/Developer/nullness-benchmarks/glide/library/src/main/java/com/bumptech/glide/Glide.java
317	com.bumptech.glide.Glide	getContext()	0	[]	androidx.annotation.NonNull	public	true	/home/nima/Developer/nullness-benchmarks/glide/library/src/main/java/com/bumptech/glide/Glide.java
318	com.bumptech.glide.Glide	getConnectivityMonitorFactory()	0	[]		package	true	/home/nima/Developer/nullness-benchmarks/glide/library/src/main/java/com/bumptech/glide/Glide.java
319	com.bumptech.glide.Glide	getGlideContext()	0	[]	androidx.annotation.NonNull	package	true	/home/nima/Developer/nullness-benchmarks/glide/library/src/main/java/com/bumptech/glide/Glide.java
320	com.bumptech.glide.Glide	preFillBitmapPool(com.bumptech.glide.load.engine.prefill.PreFillType.Builder[])	0	[false]	java.lang.SuppressWarnings	public	false	/home/nima/Developer/nullness-benchmarks/glide/library/src/main/java/com/bumptech/glide/Glide.java
321	com.bumptech.glide.Glide	clearMemory()	0	[]		public	false	/home/nima/Developer/nullness-benchmarks/glide/library/src/main/java/com/bumptech/glide/Glide.java
322	com.bumptech.glide.Glide	trimMemory(int)	0	[false]		public	false	/home/nima/Developer/nullness-benchmarks/glide/library/src/main/java/com/bumptech/glide/Glide.java
323	com.bumptech.glide.Glide	clearDiskCache()	0	[]	java.lang.SuppressWarnings	public	false	/home/nima/Developer/nullness-benchmarks/glide/library/src/main/java/com/bumptech/glide/Glide.java
324	com.bumptech.glide.Glide	getRequestManagerRetriever()	0	[]	androidx.annotation.NonNull	public	true	/home/nima/Developer/nullness-benchmarks/glide/library/src/main/java/com/bumptech/glide/Glide.java
325	com.bumptech.glide.Glide	setMemoryCategory(com.bumptech.glide.MemoryCategory)	0	[false]	java.lang.SuppressWarnings,androidx.annotation.NonNull	public	true	/home/nima/Developer/nullness-benchmarks/glide/library/src/main/java/com/bumptech/glide/Glide.java
326	com.bumptech.glide.Glide	getRetriever(android.content.Context)	0	[true]	androidx.annotation.NonNull	private	true	/home/nima/Developer/nullness-benchmarks/glide/library/src/main/java/com/bumptech/glide/Glide.java
327	com.bumptech.glide.Glide	with(android.content.Context)	0	[false]	androidx.annotation.NonNull	public	true	/home/nima/Developer/nullness-benchmarks/glide/library/src/main/java/com/bumptech/glide/Glide.java
328	com.bumptech.glide.Glide	with(android.app.Activity)	0	[false]	androidx.annotation.NonNull,java.lang.Deprecated	public	true	/home/nima/Developer/nullness-benchmarks/glide/library/src/main/java/com/bumptech/glide/Glide.java
329	com.bumptech.glide.Glide	with(androidx.fragment.app.FragmentActivity)	0	[false]	androidx.annotation.NonNull	public	true	/home/nima/Developer/nullness-benchmarks/glide/library/src/main/java/com/bumptech/glide/Glide.java
330	com.bumptech.glide.Glide	with(androidx.fragment.app.Fragment)	0	[false]	androidx.annotation.NonNull	public	true	/home/nima/Developer/nullness-benchmarks/glide/library/src/main/java/com/bumptech/glide/Glide.java
331	com.bumptech.glide.Glide	with(android.app.Fragment)	0	[false]	java.lang.Deprecated,androidx.annotation.NonNull	public	true	/home/nima/Developer/nullness-benchmarks/glide/library/src/main/java/com/bumptech/glide/Glide.java
332	com.bumptech.glide.Glide	with(android.view.View)	0	[false]	androidx.annotation.NonNull	public	true	/home/nima/Developer/nullness-benchmarks/glide/library/src/main/java/com/bumptech/glide/Glide.java
333	com.bumptech.glide.Glide	getRegistry()	0	[]	androidx.annotation.NonNull	public	true	/home/nima/Developer/nullness-benchmarks/glide/library/src/main/java/com/bumptech/glide/Glide.java
334	com.bumptech.glide.Glide	removeFromManagers(com.bumptech.glide.request.target.Target)	0	[false]		package	false	/home/nima/Developer/nullness-benchmarks/glide/library/src/main/java/com/bumptech/glide/Glide.java
335	com.bumptech.glide.Glide	registerRequestManager(com.bumptech.glide.RequestManager)	0	[false]		package	false	/home/nima/Developer/nullness-benchmarks/glide/library/src/main/java/com/bumptech/glide/Glide.java
336	com.bumptech.glide.Glide	unregisterRequestManager(com.bumptech.glide.RequestManager)	0	[false]		package	false	/home/nima/Developer/nullness-benchmarks/glide/library/src/main/java/com/bumptech/glide/Glide.java
337	com.bumptech.glide.Glide	onTrimMemory(int)	128	[false]	java.lang.Override	public	false	/home/nima/Developer/nullness-benchmarks/glide/library/src/main/java/com/bumptech/glide/Glide.java
338	com.bumptech.glide.Glide	onConfigurationChanged(android.content.res.Configuration)	133	[false]	java.lang.Override	public	false	/home/nima/Developer/nullness-benchmarks/glide/library/src/main/java/com/bumptech/glide/Glide.java
339	com.bumptech.glide.Glide	onLowMemory()	130	[]	java.lang.Override	public	false	/home/nima/Developer/nullness-benchmarks/glide/library/src/main/java/com/bumptech/glide/Glide.java
340	com.bumptech.glide.Glide$RequestOptionsFactory	build()	0	[]	androidx.annotation.NonNull	public	true	/home/nima/Developer/nullness-benchmarks/glide/library/src/main/java/com/bumptech/glide/Glide.java
341	com.bumptech.glide.manager.Lifecycle	addListener(com.bumptech.glide.manager.LifecycleListener)	0	[false]		public	false	/home/nima/Developer/nullness-benchmarks/glide/library/src/main/java/com/bumptech/glide/manager/Lifecycle.java
342	com.bumptech.glide.manager.Lifecycle	removeListener(com.bumptech.glide.manager.LifecycleListener)	0	[false]		public	false	/home/nima/Developer/nullness-benchmarks/glide/library/src/main/java/com/bumptech/glide/manager/Lifecycle.java
343	com.bumptech.glide.manager.RequestTracker	runRequest(com.bumptech.glide.request.Request)	0	[false]		public	false	/home/nima/Developer/nullness-benchmarks/glide/library/src/main/java/com/bumptech/glide/manager/RequestTracker.java
344	com.bumptech.glide.manager.RequestTracker	addRequest(com.bumptech.glide.request.Request)	0	[false]	androidx.annotation.VisibleForTesting	package	false	/home/nima/Developer/nullness-benchmarks/glide/library/src/main/java/com/bumptech/glide/manager/RequestTracker.java
345	com.bumptech.glide.manager.RequestTracker	clearAndRemove(com.bumptech.glide.request.Request)	0	[true]		public	false	/home/nima/Developer/nullness-benchmarks/glide/library/src/main/java/com/bumptech/glide/manager/RequestTracker.java
346	com.bumptech.glide.manager.RequestTracker	isPaused()	0	[]		public	false	/home/nima/Developer/nullness-benchmarks/glide/library/src/main/java/com/bumptech/glide/manager/RequestTracker.java
347	com.bumptech.glide.manager.RequestTracker	pauseRequests()	0	[]		public	false	/home/nima/Developer/nullness-benchmarks/glide/library/src/main/java/com/bumptech/glide/manager/RequestTracker.java
348	com.bumptech.glide.manager.RequestTracker	pauseAllRequests()	0	[]		public	false	/home/nima/Developer/nullness-benchmarks/glide/library/src/main/java/com/bumptech/glide/manager/RequestTracker.java
349	com.bumptech.glide.manager.RequestTracker	resumeRequests()	0	[]		public	false	/home/nima/Developer/nullness-benchmarks/glide/library/src/main/java/com/bumptech/glide/manager/RequestTracker.java
350	com.bumptech.glide.manager.RequestTracker	clearRequests()	0	[]		public	false	/home/nima/Developer/nullness-benchmarks/glide/library/src/main/java/com/bumptech/glide/manager/RequestTracker.java
351	com.bumptech.glide.manager.RequestTracker	restartRequests()	0	[]		public	false	/home/nima/Developer/nullness-benchmarks/glide/library/src/main/java/com/bumptech/glide/manager/RequestTracker.java
352	com.bumptech.glide.manager.RequestTracker	toString()	126	[]	java.lang.Override	public	true	/home/nima/Developer/nullness-benchmarks/glide/library/src/main/java/com/bumptech/glide/manager/RequestTracker.java
353	com.bumptech.glide.manager.RequestManagerTreeNode	getDescendants()	0	[]	androidx.annotation.NonNull	public	true	/home/nima/Developer/nullness-benchmarks/glide/library/src/main/java/com/bumptech/glide/manager/RequestManagerTreeNode.java
354	com.bumptech.glide.manager.TargetTracker	track(com.bumptech.glide.request.target.Target)	0	[false]		public	false	/home/nima/Developer/nullness-benchmarks/glide/library/src/main/java/com/bumptech/glide/manager/TargetTracker.java
355	com.bumptech.glide.manager.TargetTracker	untrack(com.bumptech.glide.request.target.Target)	0	[false]		public	false	/home/nima/Developer/nullness-benchmarks/glide/library/src/main/java/com/bumptech/glide/manager/TargetTracker.java
356	com.bumptech.glide.manager.TargetTracker	onStart()	45	[]	java.lang.Override	public	false	/home/nima/Developer/nullness-benchmarks/glide/library/src/main/java/com/bumptech/glide/manager/TargetTracker.java
357	com.bumptech.glide.manager.TargetTracker	onStop()	47	[]	java.lang.Override	public	false	/home/nima/Developer/nullness-benchmarks/glide/library/src/main/java/com/bumptech/glide/manager/TargetTracker.java
358	com.bumptech.glide.manager.TargetTracker	onDestroy()	49	[]	java.lang.Override	public	false	/home/nima/Developer/nullness-benchmarks/glide/library/src/main/java/com/bumptech/glide/manager/TargetTracker.java
359	com.bumptech.glide.manager.TargetTracker	getAll()	0	[]	androidx.annotation.NonNull	public	true	/home/nima/Developer/nullness-benchmarks/glide/library/src/main/java/com/bumptech/glide/manager/TargetTracker.java
360	com.bumptech.glide.manager.TargetTracker	clear()	0	[]		public	false	/home/nima/Developer/nullness-benchmarks/glide/library/src/main/java/com/bumptech/glide/manager/TargetTracker.java
136	com.bumptech.glide.manager.ConnectivityMonitor$ConnectivityListener	onConnectivityChanged(boolean)	0	[false]		public	false	/home/nima/Developer/nullness-benchmarks/glide/library/src/main/java/com/bumptech/glide/manager/ConnectivityMonitor.java
361	com.bumptech.glide.request.RequestListener	onLoadFailed(com.bumptech.glide.load.engine.GlideException,java.lang.Object,com.bumptech.glide.request.target.Target,boolean)	0	[true, false, false, false]		public	false	/home/nima/Developer/nullness-benchmarks/glide/library/src/main/java/com/bumptech/glide/request/RequestListener.java
362	com.bumptech.glide.request.RequestListener	onResourceReady(R,java.lang.Object,com.bumptech.glide.request.target.Target,com.bumptech.glide.load.DataSource,boolean)	0	[false, false, false, false, false]		public	false	/home/nima/Developer/nullness-benchmarks/glide/library/src/main/java/com/bumptech/glide/request/RequestListener.java
363	com.bumptech.glide.manager.ConnectivityMonitorFactory	build(android.content.Context,com.bumptech.glide.manager.ConnectivityMonitor.ConnectivityListener)	0	[false, false]	androidx.annotation.NonNull	public	true	/home/nima/Developer/nullness-benchmarks/glide/library/src/main/java/com/bumptech/glide/manager/ConnectivityMonitorFactory.java
364	com.bumptech.glide.load.resource.gif.GifDrawable	GifDrawable(android.content.Context,com.bumptech.glide.gifdecoder.GifDecoder,com.bumptech.glide.load.engine.bitmap_recycle.BitmapPool,com.bumptech.glide.load.Transformation,int,int,android.graphics.Bitmap)	0	[false, false, false, false, false, false, false]	java.lang.SuppressWarnings,java.lang.Deprecated	public	false	/home/nima/Developer/nullness-benchmarks/glide/library/src/main/java/com/bumptech/glide/load/resource/gif/GifDrawable.java
365	com.bumptech.glide.load.resource.gif.GifDrawable	GifDrawable(android.content.Context,com.bumptech.glide.gifdecoder.GifDecoder,com.bumptech.glide.load.Transformation,int,int,android.graphics.Bitmap)	0	[false, false, false, false, false, false]		public	false	/home/nima/Developer/nullness-benchmarks/glide/library/src/main/java/com/bumptech/glide/load/resource/gif/GifDrawable.java
366	com.bumptech.glide.load.resource.gif.GifDrawable	GifDrawable(com.bumptech.glide.load.resource.gif.GifDrawable.GifState)	0	[false]		package	false	/home/nima/Developer/nullness-benchmarks/glide/library/src/main/java/com/bumptech/glide/load/resource/gif/GifDrawable.java
367	com.bumptech.glide.load.resource.gif.GifDrawable	GifDrawable(com.bumptech.glide.load.resource.gif.GifFrameLoader,android.graphics.Paint)	0	[false, false]	androidx.annotation.VisibleForTesting	package	false	/home/nima/Developer/nullness-benchmarks/glide/library/src/main/java/com/bumptech/glide/load/resource/gif/GifDrawable.java
368	com.bumptech.glide.load.resource.gif.GifDrawable	getSize()	0	[]		public	false	/home/nima/Developer/nullness-benchmarks/glide/library/src/main/java/com/bumptech/glide/load/resource/gif/GifDrawable.java
369	com.bumptech.glide.load.resource.gif.GifDrawable	getFirstFrame()	0	[]		public	true	/home/nima/Developer/nullness-benchmarks/glide/library/src/main/java/com/bumptech/glide/load/resource/gif/GifDrawable.java
370	com.bumptech.glide.load.resource.gif.GifDrawable	setFrameTransformation(com.bumptech.glide.load.Transformation,android.graphics.Bitmap)	0	[false, false]	java.lang.SuppressWarnings	public	false	/home/nima/Developer/nullness-benchmarks/glide/library/src/main/java/com/bumptech/glide/load/resource/gif/GifDrawable.java
371	com.bumptech.glide.load.resource.gif.GifDrawable	getFrameTransformation()	0	[]		public	true	/home/nima/Developer/nullness-benchmarks/glide/library/src/main/java/com/bumptech/glide/load/resource/gif/GifDrawable.java
372	com.bumptech.glide.load.resource.gif.GifDrawable	getBuffer()	0	[]		public	true	/home/nima/Developer/nullness-benchmarks/glide/library/src/main/java/com/bumptech/glide/load/resource/gif/GifDrawable.java
373	com.bumptech.glide.load.resource.gif.GifDrawable	getFrameCount()	0	[]		public	false	/home/nima/Developer/nullness-benchmarks/glide/library/src/main/java/com/bumptech/glide/load/resource/gif/GifDrawable.java
374	com.bumptech.glide.load.resource.gif.GifDrawable	getFrameIndex()	0	[]	java.lang.SuppressWarnings	public	false	/home/nima/Developer/nullness-benchmarks/glide/library/src/main/java/com/bumptech/glide/load/resource/gif/GifDrawable.java
375	com.bumptech.glide.load.resource.gif.GifDrawable	resetLoopCount()	0	[]		private	false	/home/nima/Developer/nullness-benchmarks/glide/library/src/main/java/com/bumptech/glide/load/resource/gif/GifDrawable.java
376	com.bumptech.glide.load.resource.gif.GifDrawable	startFromFirstFrame()	0	[]	java.lang.SuppressWarnings	public	false	/home/nima/Developer/nullness-benchmarks/glide/library/src/main/java/com/bumptech/glide/load/resource/gif/GifDrawable.java
377	com.bumptech.glide.load.resource.gif.GifDrawable	start()	378	[]	java.lang.Override	public	false	/home/nima/Developer/nullness-benchmarks/glide/library/src/main/java/com/bumptech/glide/load/resource/gif/GifDrawable.java
379	com.bumptech.glide.load.resource.gif.GifDrawable	stop()	380	[]	java.lang.Override	public	false	/home/nima/Developer/nullness-benchmarks/glide/library/src/main/java/com/bumptech/glide/load/resource/gif/GifDrawable.java
381	com.bumptech.glide.load.resource.gif.GifDrawable	startRunning()	0	[]		private	false	/home/nima/Developer/nullness-benchmarks/glide/library/src/main/java/com/bumptech/glide/load/resource/gif/GifDrawable.java
382	com.bumptech.glide.load.resource.gif.GifDrawable	stopRunning()	0	[]		private	false	/home/nima/Developer/nullness-benchmarks/glide/library/src/main/java/com/bumptech/glide/load/resource/gif/GifDrawable.java
383	com.bumptech.glide.load.resource.gif.GifDrawable	setVisible(boolean,boolean)	384	[false, false]	java.lang.Override	public	false	/home/nima/Developer/nullness-benchmarks/glide/library/src/main/java/com/bumptech/glide/load/resource/gif/GifDrawable.java
385	com.bumptech.glide.load.resource.gif.GifDrawable	getIntrinsicWidth()	386	[]	java.lang.Override	public	false	/home/nima/Developer/nullness-benchmarks/glide/library/src/main/java/com/bumptech/glide/load/resource/gif/GifDrawable.java
387	com.bumptech.glide.load.resource.gif.GifDrawable	getIntrinsicHeight()	388	[]	java.lang.Override	public	false	/home/nima/Developer/nullness-benchmarks/glide/library/src/main/java/com/bumptech/glide/load/resource/gif/GifDrawable.java
389	com.bumptech.glide.load.resource.gif.GifDrawable	isRunning()	390	[]	java.lang.Override	public	false	/home/nima/Developer/nullness-benchmarks/glide/library/src/main/java/com/bumptech/glide/load/resource/gif/GifDrawable.java
391	com.bumptech.glide.load.resource.gif.GifDrawable	setIsRunning(boolean)	0	[false]		package	false	/home/nima/Developer/nullness-benchmarks/glide/library/src/main/java/com/bumptech/glide/load/resource/gif/GifDrawable.java
392	com.bumptech.glide.load.resource.gif.GifDrawable	onBoundsChange(android.graphics.Rect)	393	[false]	java.lang.Override	protected	false	/home/nima/Developer/nullness-benchmarks/glide/library/src/main/java/com/bumptech/glide/load/resource/gif/GifDrawable.java
394	com.bumptech.glide.load.resource.gif.GifDrawable	draw(android.graphics.Canvas)	395	[false]	java.lang.Override	public	false	/home/nima/Developer/nullness-benchmarks/glide/library/src/main/java/com/bumptech/glide/load/resource/gif/GifDrawable.java
396	com.bumptech.glide.load.resource.gif.GifDrawable	setAlpha(int)	397	[false]	java.lang.Override	public	false	/home/nima/Developer/nullness-benchmarks/glide/library/src/main/java/com/bumptech/glide/load/resource/gif/GifDrawable.java
398	com.bumptech.glide.load.resource.gif.GifDrawable	setColorFilter(android.graphics.ColorFilter)	399	[false]	java.lang.Override	public	false	/home/nima/Developer/nullness-benchmarks/glide/library/src/main/java/com/bumptech/glide/load/resource/gif/GifDrawable.java
400	com.bumptech.glide.load.resource.gif.GifDrawable	getDestRect()	0	[]		private	true	/home/nima/Developer/nullness-benchmarks/glide/library/src/main/java/com/bumptech/glide/load/resource/gif/GifDrawable.java
401	com.bumptech.glide.load.resource.gif.GifDrawable	getPaint()	0	[]		private	true	/home/nima/Developer/nullness-benchmarks/glide/library/src/main/java/com/bumptech/glide/load/resource/gif/GifDrawable.java
402	com.bumptech.glide.load.resource.gif.GifDrawable	getOpacity()	403	[]	java.lang.Override	public	false	/home/nima/Developer/nullness-benchmarks/glide/library/src/main/java/com/bumptech/glide/load/resource/gif/GifDrawable.java
404	com.bumptech.glide.load.resource.gif.GifDrawable	findCallback()	0	[]		private	true	/home/nima/Developer/nullness-benchmarks/glide/library/src/main/java/com/bumptech/glide/load/resource/gif/GifDrawable.java
405	com.bumptech.glide.load.resource.gif.GifDrawable	onFrameReady()	406	[]	java.lang.Override	public	false	/home/nima/Developer/nullness-benchmarks/glide/library/src/main/java/com/bumptech/glide/load/resource/gif/GifDrawable.java
407	com.bumptech.glide.load.resource.gif.GifDrawable	notifyAnimationEndToListeners()	0	[]		private	false	/home/nima/Developer/nullness-benchmarks/glide/library/src/main/java/com/bumptech/glide/load/resource/gif/GifDrawable.java
408	com.bumptech.glide.load.resource.gif.GifDrawable	getConstantState()	409	[]	java.lang.Override	public	true	/home/nima/Developer/nullness-benchmarks/glide/library/src/main/java/com/bumptech/glide/load/resource/gif/GifDrawable.java
410	com.bumptech.glide.load.resource.gif.GifDrawable	recycle()	0	[]		public	false	/home/nima/Developer/nullness-benchmarks/glide/library/src/main/java/com/bumptech/glide/load/resource/gif/GifDrawable.java
411	com.bumptech.glide.load.resource.gif.GifDrawable	isRecycled()	0	[]		package	false	/home/nima/Developer/nullness-benchmarks/glide/library/src/main/java/com/bumptech/glide/load/resource/gif/GifDrawable.java
412	com.bumptech.glide.load.resource.gif.GifDrawable	setLoopCount(int)	0	[false]	java.lang.SuppressWarnings	public	false	/home/nima/Developer/nullness-benchmarks/glide/library/src/main/java/com/bumptech/glide/load/resource/gif/GifDrawable.java
413	com.bumptech.glide.load.resource.gif.GifDrawable	registerAnimationCallback(androidx.vectordrawable.graphics.drawable.Animatable2Compat.AnimationCallback)	414	[false]	java.lang.Override	public	false	/home/nima/Developer/nullness-benchmarks/glide/library/src/main/java/com/bumptech/glide/load/resource/gif/GifDrawable.java
415	com.bumptech.glide.load.resource.gif.GifDrawable	unregisterAnimationCallback(androidx.vectordrawable.graphics.drawable.Animatable2Compat.AnimationCallback)	416	[false]	java.lang.Override	public	false	/home/nima/Developer/nullness-benchmarks/glide/library/src/main/java/com/bumptech/glide/load/resource/gif/GifDrawable.java
417	com.bumptech.glide.load.resource.gif.GifDrawable	clearAnimationCallbacks()	418	[]	java.lang.Override	public	false	/home/nima/Developer/nullness-benchmarks/glide/library/src/main/java/com/bumptech/glide/load/resource/gif/GifDrawable.java
419	com.bumptech.glide.load.resource.gif.GifDrawable$GifState	GifState(com.bumptech.glide.load.resource.gif.GifFrameLoader)	0	[false]		package	false	/home/nima/Developer/nullness-benchmarks/glide/library/src/main/java/com/bumptech/glide/load/resource/gif/GifDrawable.java
420	com.bumptech.glide.load.resource.gif.GifDrawable$GifState	newDrawable(android.content.res.Resources)	421	[false]	androidx.annotation.NonNull,java.lang.Override	public	true	/home/nima/Developer/nullness-benchmarks/glide/library/src/main/java/com/bumptech/glide/load/resource/gif/GifDrawable.java
422	com.bumptech.glide.load.resource.gif.GifDrawable$GifState	newDrawable()	423	[]	androidx.annotation.NonNull,java.lang.Override	public	true	/home/nima/Developer/nullness-benchmarks/glide/library/src/main/java/com/bumptech/glide/load/resource/gif/GifDrawable.java
424	com.bumptech.glide.load.resource.gif.GifDrawable$GifState	getChangingConfigurations()	425	[]	java.lang.Override	public	false	/home/nima/Developer/nullness-benchmarks/glide/library/src/main/java/com/bumptech/glide/load/resource/gif/GifDrawable.java
406	com.bumptech.glide.load.resource.gif.GifFrameLoader$FrameCallback	onFrameReady()	0	[]		public	false	/home/nima/Developer/nullness-benchmarks/glide/library/src/main/java/com/bumptech/glide/load/resource/gif/GifFrameLoader.java
426	com.bumptech.glide.load.resource.gif.GifFrameLoader	GifFrameLoader(com.bumptech.glide.Glide,com.bumptech.glide.gifdecoder.GifDecoder,int,int,com.bumptech.glide.load.Transformation,android.graphics.Bitmap)	0	[false, false, false, false, false, false]		package	false	/home/nima/Developer/nullness-benchmarks/glide/library/src/main/java/com/bumptech/glide/load/resource/gif/GifFrameLoader.java
427	com.bumptech.glide.load.resource.gif.GifFrameLoader	GifFrameLoader(com.bumptech.glide.load.engine.bitmap_recycle.BitmapPool,com.bumptech.glide.RequestManager,com.bumptech.glide.gifdecoder.GifDecoder,android.os.Handler,com.bumptech.glide.RequestBuilder,com.bumptech.glide.load.Transformation,android.graphics.Bitmap)	0	[false, false, false, false, false, false, false]	java.lang.SuppressWarnings	package	false	/home/nima/Developer/nullness-benchmarks/glide/library/src/main/java/com/bumptech/glide/load/resource/gif/GifFrameLoader.java
428	com.bumptech.glide.load.resource.gif.GifFrameLoader	setFrameTransformation(com.bumptech.glide.load.Transformation,android.graphics.Bitmap)	0	[false, false]		package	false	/home/nima/Developer/nullness-benchmarks/glide/library/src/main/java/com/bumptech/glide/load/resource/gif/GifFrameLoader.java
429	com.bumptech.glide.load.resource.gif.GifFrameLoader	getFrameTransformation()	0	[]		package	true	/home/nima/Developer/nullness-benchmarks/glide/library/src/main/java/com/bumptech/glide/load/resource/gif/GifFrameLoader.java
430	com.bumptech.glide.load.resource.gif.GifFrameLoader	getFirstFrame()	0	[]		package	true	/home/nima/Developer/nullness-benchmarks/glide/library/src/main/java/com/bumptech/glide/load/resource/gif/GifFrameLoader.java
431	com.bumptech.glide.load.resource.gif.GifFrameLoader	subscribe(com.bumptech.glide.load.resource.gif.GifFrameLoader.FrameCallback)	0	[false]		package	false	/home/nima/Developer/nullness-benchmarks/glide/library/src/main/java/com/bumptech/glide/load/resource/gif/GifFrameLoader.java
432	com.bumptech.glide.load.resource.gif.GifFrameLoader	unsubscribe(com.bumptech.glide.load.resource.gif.GifFrameLoader.FrameCallback)	0	[false]		package	false	/home/nima/Developer/nullness-benchmarks/glide/library/src/main/java/com/bumptech/glide/load/resource/gif/GifFrameLoader.java
433	com.bumptech.glide.load.resource.gif.GifFrameLoader	getWidth()	0	[]		package	false	/home/nima/Developer/nullness-benchmarks/glide/library/src/main/java/com/bumptech/glide/load/resource/gif/GifFrameLoader.java
434	com.bumptech.glide.load.resource.gif.GifFrameLoader	getHeight()	0	[]		package	false	/home/nima/Developer/nullness-benchmarks/glide/library/src/main/java/com/bumptech/glide/load/resource/gif/GifFrameLoader.java
435	com.bumptech.glide.load.resource.gif.GifFrameLoader	getSize()	0	[]		package	false	/home/nima/Developer/nullness-benchmarks/glide/library/src/main/java/com/bumptech/glide/load/resource/gif/GifFrameLoader.java
436	com.bumptech.glide.load.resource.gif.GifFrameLoader	getCurrentIndex()	0	[]		package	false	/home/nima/Developer/nullness-benchmarks/glide/library/src/main/java/com/bumptech/glide/load/resource/gif/GifFrameLoader.java
437	com.bumptech.glide.load.resource.gif.GifFrameLoader	getBuffer()	0	[]		package	true	/home/nima/Developer/nullness-benchmarks/glide/library/src/main/java/com/bumptech/glide/load/resource/gif/GifFrameLoader.java
438	com.bumptech.glide.load.resource.gif.GifFrameLoader	getFrameCount()	0	[]		package	false	/home/nima/Developer/nullness-benchmarks/glide/library/src/main/java/com/bumptech/glide/load/resource/gif/GifFrameLoader.java
439	com.bumptech.glide.load.resource.gif.GifFrameLoader	getLoopCount()	0	[]		package	false	/home/nima/Developer/nullness-benchmarks/glide/library/src/main/java/com/bumptech/glide/load/resource/gif/GifFrameLoader.java
440	com.bumptech.glide.load.resource.gif.GifFrameLoader	start()	0	[]		private	false	/home/nima/Developer/nullness-benchmarks/glide/library/src/main/java/com/bumptech/glide/load/resource/gif/GifFrameLoader.java
441	com.bumptech.glide.load.resource.gif.GifFrameLoader	stop()	0	[]		private	false	/home/nima/Developer/nullness-benchmarks/glide/library/src/main/java/com/bumptech/glide/load/resource/gif/GifFrameLoader.java
442	com.bumptech.glide.load.resource.gif.GifFrameLoader	clear()	0	[]		package	false	/home/nima/Developer/nullness-benchmarks/glide/library/src/main/java/com/bumptech/glide/load/resource/gif/GifFrameLoader.java
443	com.bumptech.glide.load.resource.gif.GifFrameLoader	getCurrentFrame()	0	[]		package	true	/home/nima/Developer/nullness-benchmarks/glide/library/src/main/java/com/bumptech/glide/load/resource/gif/GifFrameLoader.java
444	com.bumptech.glide.load.resource.gif.GifFrameLoader	loadNextFrame()	0	[]		private	false	/home/nima/Developer/nullness-benchmarks/glide/library/src/main/java/com/bumptech/glide/load/resource/gif/GifFrameLoader.java
445	com.bumptech.glide.load.resource.gif.GifFrameLoader	recycleFirstFrame()	0	[]		private	false	/home/nima/Developer/nullness-benchmarks/glide/library/src/main/java/com/bumptech/glide/load/resource/gif/GifFrameLoader.java
446	com.bumptech.glide.load.resource.gif.GifFrameLoader	setNextStartFromFirstFrame()	0	[]		package	false	/home/nima/Developer/nullness-benchmarks/glide/library/src/main/java/com/bumptech/glide/load/resource/gif/GifFrameLoader.java
447	com.bumptech.glide.load.resource.gif.GifFrameLoader	setOnEveryFrameReadyListener(com.bumptech.glide.load.resource.gif.GifFrameLoader.OnEveryFrameListener)	0	[true]	androidx.annotation.VisibleForTesting	package	false	/home/nima/Developer/nullness-benchmarks/glide/library/src/main/java/com/bumptech/glide/load/resource/gif/GifFrameLoader.java
448	com.bumptech.glide.load.resource.gif.GifFrameLoader	onFrameReady(com.bumptech.glide.load.resource.gif.GifFrameLoader.DelayTarget)	0	[false]	androidx.annotation.VisibleForTesting	package	false	/home/nima/Developer/nullness-benchmarks/glide/library/src/main/java/com/bumptech/glide/load/resource/gif/GifFrameLoader.java
449	com.bumptech.glide.load.resource.gif.GifFrameLoader$FrameLoaderCallback	FrameLoaderCallback()	0	[]	com.bumptech.glide.util.Synthetic	package	false	/home/nima/Developer/nullness-benchmarks/glide/library/src/main/java/com/bumptech/glide/load/resource/gif/GifFrameLoader.java
450	com.bumptech.glide.load.resource.gif.GifFrameLoader$FrameLoaderCallback	handleMessage(android.os.Message)	451	[false]	java.lang.Override	public	false	/home/nima/Developer/nullness-benchmarks/glide/library/src/main/java/com/bumptech/glide/load/resource/gif/GifFrameLoader.java
452	com.bumptech.glide.load.resource.gif.GifFrameLoader$DelayTarget	DelayTarget(android.os.Handler,int,long)	0	[false, false, false]		package	false	/home/nima/Developer/nullness-benchmarks/glide/library/src/main/java/com/bumptech/glide/load/resource/gif/GifFrameLoader.java
453	com.bumptech.glide.load.resource.gif.GifFrameLoader$DelayTarget	getResource()	0	[]		package	true	/home/nima/Developer/nullness-benchmarks/glide/library/src/main/java/com/bumptech/glide/load/resource/gif/GifFrameLoader.java
454	com.bumptech.glide.load.resource.gif.GifFrameLoader$DelayTarget	onResourceReady(android.graphics.Bitmap,com.bumptech.glide.request.transition.Transition)	33	[false, true]	java.lang.Override	public	false	/home/nima/Developer/nullness-benchmarks/glide/library/src/main/java/com/bumptech/glide/load/resource/gif/GifFrameLoader.java
455	com.bumptech.glide.load.resource.gif.GifFrameLoader$DelayTarget	onLoadCleared(android.graphics.drawable.Drawable)	35	[true]	java.lang.Override	public	false	/home/nima/Developer/nullness-benchmarks/glide/library/src/main/java/com/bumptech/glide/load/resource/gif/GifFrameLoader.java
456	com.bumptech.glide.load.resource.gif.GifFrameLoader	getRequestBuilder(com.bumptech.glide.RequestManager,int,int)	0	[false, false, false]		private	true	/home/nima/Developer/nullness-benchmarks/glide/library/src/main/java/com/bumptech/glide/load/resource/gif/GifFrameLoader.java
457	com.bumptech.glide.load.resource.gif.GifFrameLoader	getFrameSignature()	0	[]		private	true	/home/nima/Developer/nullness-benchmarks/glide/library/src/main/java/com/bumptech/glide/load/resource/gif/GifFrameLoader.java
458	com.bumptech.glide.load.resource.gif.GifFrameLoader$OnEveryFrameListener	onFrameReady()	0	[]		public	false	/home/nima/Developer/nullness-benchmarks/glide/library/src/main/java/com/bumptech/glide/load/resource/gif/GifFrameLoader.java
29	com.bumptech.glide.request.target.Target	onLoadStarted(android.graphics.drawable.Drawable)	0	[true]		public	false	/home/nima/Developer/nullness-benchmarks/glide/library/src/main/java/com/bumptech/glide/request/target/Target.java
31	com.bumptech.glide.request.target.Target	onLoadFailed(android.graphics.drawable.Drawable)	0	[true]		public	false	/home/nima/Developer/nullness-benchmarks/glide/library/src/main/java/com/bumptech/glide/request/target/Target.java
33	com.bumptech.glide.request.target.Target	onResourceReady(R,com.bumptech.glide.request.transition.Transition)	0	[false, true]		public	false	/home/nima/Developer/nullness-benchmarks/glide/library/src/main/java/com/bumptech/glide/request/target/Target.java
35	com.bumptech.glide.request.target.Target	onLoadCleared(android.graphics.drawable.Drawable)	0	[true]		public	false	/home/nima/Developer/nullness-benchmarks/glide/library/src/main/java/com/bumptech/glide/request/target/Target.java
37	com.bumptech.glide.request.target.Target	getSize(com.bumptech.glide.request.target.SizeReadyCallback)	0	[false]		public	false	/home/nima/Developer/nullness-benchmarks/glide/library/src/main/java/com/bumptech/glide/request/target/Target.java
39	com.bumptech.glide.request.target.Target	removeCallback(com.bumptech.glide.request.target.SizeReadyCallback)	0	[false]		public	false	/home/nima/Developer/nullness-benchmarks/glide/library/src/main/java/com/bumptech/glide/request/target/Target.java
41	com.bumptech.glide.request.target.Target	setRequest(com.bumptech.glide.request.Request)	0	[true]		public	false	/home/nima/Developer/nullness-benchmarks/glide/library/src/main/java/com/bumptech/glide/request/target/Target.java
43	com.bumptech.glide.request.target.Target	getRequest()	0	[]	androidx.annotation.Nullable	public	true	/home/nima/Developer/nullness-benchmarks/glide/library/src/main/java/com/bumptech/glide/request/target/Target.java
459	com.bumptech.glide.request.Request	begin()	0	[]		public	false	/home/nima/Developer/nullness-benchmarks/glide/library/src/main/java/com/bumptech/glide/request/Request.java
460	com.bumptech.glide.request.Request	clear()	0	[]		public	false	/home/nima/Developer/nullness-benchmarks/glide/library/src/main/java/com/bumptech/glide/request/Request.java
461	com.bumptech.glide.request.Request	pause()	0	[]		public	false	/home/nima/Developer/nullness-benchmarks/glide/library/src/main/java/com/bumptech/glide/request/Request.java
462	com.bumptech.glide.request.Request	isRunning()	0	[]		public	false	/home/nima/Developer/nullness-benchmarks/glide/library/src/main/java/com/bumptech/glide/request/Request.java
463	com.bumptech.glide.request.Request	isComplete()	0	[]		public	false	/home/nima/Developer/nullness-benchmarks/glide/library/src/main/java/com/bumptech/glide/request/Request.java
464	com.bumptech.glide.request.Request	isCleared()	0	[]		public	false	/home/nima/Developer/nullness-benchmarks/glide/library/src/main/java/com/bumptech/glide/request/Request.java
465	com.bumptech.glide.request.Request	isAnyResourceSet()	0	[]		public	false	/home/nima/Developer/nullness-benchmarks/glide/library/src/main/java/com/bumptech/glide/request/Request.java
466	com.bumptech.glide.request.Request	isEquivalentTo(com.bumptech.glide.request.Request)	0	[false]		public	false	/home/nima/Developer/nullness-benchmarks/glide/library/src/main/java/com/bumptech/glide/request/Request.java
467	com.bumptech.glide.TransitionOptions	dontTransition()	0	[]	androidx.annotation.NonNull	public	true	/home/nima/Developer/nullness-benchmarks/glide/library/src/main/java/com/bumptech/glide/TransitionOptions.java
468	com.bumptech.glide.TransitionOptions	transition(int)	0	[false]	androidx.annotation.NonNull	public	true	/home/nima/Developer/nullness-benchmarks/glide/library/src/main/java/com/bumptech/glide/TransitionOptions.java
469	com.bumptech.glide.TransitionOptions	transition(com.bumptech.glide.request.transition.ViewPropertyTransition.Animator)	0	[false]	androidx.annotation.NonNull	public	true	/home/nima/Developer/nullness-benchmarks/glide/library/src/main/java/com/bumptech/glide/TransitionOptions.java
470	com.bumptech.glide.TransitionOptions	transition(com.bumptech.glide.request.transition.TransitionFactory)	0	[false]	androidx.annotation.NonNull	public	true	/home/nima/Developer/nullness-benchmarks/glide/library/src/main/java/com/bumptech/glide/TransitionOptions.java
471	com.bumptech.glide.TransitionOptions	clone()	161	[]	java.lang.SuppressWarnings,java.lang.Override	public	true	/home/nima/Developer/nullness-benchmarks/glide/library/src/main/java/com/bumptech/glide/TransitionOptions.java
472	com.bumptech.glide.TransitionOptions	getTransitionFactory()	0	[]		package	true	/home/nima/Developer/nullness-benchmarks/glide/library/src/main/java/com/bumptech/glide/TransitionOptions.java
473	com.bumptech.glide.TransitionOptions	self()	0	[]	java.lang.SuppressWarnings	private	true	/home/nima/Developer/nullness-benchmarks/glide/library/src/main/java/com/bumptech/glide/TransitionOptions.java
474	com.bumptech.glide.TransitionOptions	equals(java.lang.Object)	200	[false]	java.lang.Override	public	false	/home/nima/Developer/nullness-benchmarks/glide/library/src/main/java/com/bumptech/glide/TransitionOptions.java
475	com.bumptech.glide.TransitionOptions	hashCode()	201	[]	java.lang.Override	public	false	/home/nima/Developer/nullness-benchmarks/glide/library/src/main/java/com/bumptech/glide/TransitionOptions.java
476	com.bumptech.glide.request.transition.TransitionFactory	build(com.bumptech.glide.load.DataSource,boolean)	0	[false, false]		public	true	/home/nima/Developer/nullness-benchmarks/glide/library/src/main/java/com/bumptech/glide/request/transition/TransitionFactory.java
477	com.bumptech.glide.request.transition.ViewPropertyTransition	ViewPropertyTransition(com.bumptech.glide.request.transition.ViewPropertyTransition.Animator)	0	[false]	java.lang.SuppressWarnings	public	false	/home/nima/Developer/nullness-benchmarks/glide/library/src/main/java/com/bumptech/glide/request/transition/ViewPropertyTransition.java
478	com.bumptech.glide.request.transition.ViewPropertyTransition	transition(R,com.bumptech.glide.request.transition.Transition.ViewAdapter)	479	[false, false]	java.lang.Override	public	false	/home/nima/Developer/nullness-benchmarks/glide/library/src/main/java/com/bumptech/glide/request/transition/ViewPropertyTransition.java
480	com.bumptech.glide.request.transition.ViewPropertyTransition$Animator	animate(android.view.View)	0	[false]		public	false	/home/nima/Developer/nullness-benchmarks/glide/library/src/main/java/com/bumptech/glide/request/transition/ViewPropertyTransition.java
481	com.bumptech.glide.request.transition.Transition$ViewAdapter	getView()	0	[]		public	true	/home/nima/Developer/nullness-benchmarks/glide/library/src/main/java/com/bumptech/glide/request/transition/Transition.java
482	com.bumptech.glide.request.transition.Transition$ViewAdapter	getCurrentDrawable()	0	[]	androidx.annotation.Nullable	public	true	/home/nima/Developer/nullness-benchmarks/glide/library/src/main/java/com/bumptech/glide/request/transition/Transition.java
483	com.bumptech.glide.request.transition.Transition$ViewAdapter	setDrawable(android.graphics.drawable.Drawable)	0	[false]		public	false	/home/nima/Developer/nullness-benchmarks/glide/library/src/main/java/com/bumptech/glide/request/transition/Transition.java
479	com.bumptech.glide.request.transition.Transition	transition(R,com.bumptech.glide.request.transition.Transition.ViewAdapter)	0	[false, false]		public	false	/home/nima/Developer/nullness-benchmarks/glide/library/src/main/java/com/bumptech/glide/request/transition/Transition.java
484	com.bumptech.glide.request.target.SizeReadyCallback	onSizeReady(int,int)	0	[false, false]		public	false	/home/nima/Developer/nullness-benchmarks/glide/library/src/main/java/com/bumptech/glide/request/target/SizeReadyCallback.java
485	com.bumptech.glide.load.engine.bitmap_recycle.BitmapPool	getMaxSize()	0	[]		public	false	/home/nima/Developer/nullness-benchmarks/glide/library/src/main/java/com/bumptech/glide/load/engine/bitmap_recycle/BitmapPool.java
486	com.bumptech.glide.load.engine.bitmap_recycle.BitmapPool	setSizeMultiplier(float)	0	[false]		public	false	/home/nima/Developer/nullness-benchmarks/glide/library/src/main/java/com/bumptech/glide/load/engine/bitmap_recycle/BitmapPool.java
487	com.bumptech.glide.load.engine.bitmap_recycle.BitmapPool	put(android.graphics.Bitmap)	0	[false]		public	false	/home/nima/Developer/nullness-benchmarks/glide/library/src/main/java/com/bumptech/glide/load/engine/bitmap_recycle/BitmapPool.java
488	com.bumptech.glide.load.engine.bitmap_recycle.BitmapPool	get(int,int,android.graphics.Bitmap.Config)	0	[false, false, false]	androidx.annotation.NonNull	public	true	/home/nima/Developer/nullness-benchmarks/glide/library/src/main/java/com/bumptech/glide/load/engine/bitmap_recycle/BitmapPool.java
489	com.bumptech.glide.load.engine.bitmap_recycle.BitmapPool	getDirty(int,int,android.graphics.Bitmap.Config)	0	[false, false, false]	androidx.annotation.NonNull	public	true	/home/nima/Developer/nullness-benchmarks/glide/library/src/main/java/com/bumptech/glide/load/engine/bitmap_recycle/BitmapPool.java
490	com.bumptech.glide.load.engine.bitmap_recycle.BitmapPool	clearMemory()	0	[]		public	false	/home/nima/Developer/nullness-benchmarks/glide/library/src/main/java/com/bumptech/glide/load/engine/bitmap_recycle/BitmapPool.java
491	com.bumptech.glide.load.engine.bitmap_recycle.BitmapPool	trimMemory(int)	0	[false]		public	false	/home/nima/Developer/nullness-benchmarks/glide/library/src/main/java/com/bumptech/glide/load/engine/bitmap_recycle/BitmapPool.java
492	com.bumptech.glide.load.Transformation	transform(android.content.Context,com.bumptech.glide.load.engine.Resource,int,int)	0	[false, false, false, false]	androidx.annotation.NonNull	public	true	/home/nima/Developer/nullness-benchmarks/glide/library/src/main/java/com/bumptech/glide/load/Transformation.java
493	com.bumptech.glide.load.Key	updateDiskCacheKey(java.security.MessageDigest)	0	[false]		public	false	/home/nima/Developer/nullness-benchmarks/glide/library/src/main/java/com/bumptech/glide/load/Key.java
494	com.bumptech.glide.load.Key	equals(java.lang.Object)	200	[false]	java.lang.Override	public	false	/home/nima/Developer/nullness-benchmarks/glide/library/src/main/java/com/bumptech/glide/load/Key.java
495	com.bumptech.glide.load.Key	hashCode()	201	[]	java.lang.Override	public	false	/home/nima/Developer/nullness-benchmarks/glide/library/src/main/java/com/bumptech/glide/load/Key.java
496	com.bumptech.glide.load.engine.Resource	getResourceClass()	0	[]	androidx.annotation.NonNull	public	true	/home/nima/Developer/nullness-benchmarks/glide/library/src/main/java/com/bumptech/glide/load/engine/Resource.java
497	com.bumptech.glide.load.engine.Resource	get()	0	[]	androidx.annotation.NonNull	public	true	/home/nima/Developer/nullness-benchmarks/glide/library/src/main/java/com/bumptech/glide/load/engine/Resource.java
498	com.bumptech.glide.load.engine.Resource	getSize()	0	[]		public	false	/home/nima/Developer/nullness-benchmarks/glide/library/src/main/java/com/bumptech/glide/load/engine/Resource.java
499	com.bumptech.glide.load.engine.Resource	recycle()	0	[]		public	false	/home/nima/Developer/nullness-benchmarks/glide/library/src/main/java/com/bumptech/glide/load/engine/Resource.java
500	com.bumptech.glide.request.target.CustomTarget	CustomTarget()	0	[]		public	false	/home/nima/Developer/nullness-benchmarks/glide/library/src/main/java/com/bumptech/glide/request/target/CustomTarget.java
501	com.bumptech.glide.request.target.CustomTarget	CustomTarget(int,int)	0	[false, false]		public	false	/home/nima/Developer/nullness-benchmarks/glide/library/src/main/java/com/bumptech/glide/request/target/CustomTarget.java
502	com.bumptech.glide.request.target.CustomTarget	onStart()	45	[]	java.lang.Override	public	false	/home/nima/Developer/nullness-benchmarks/glide/library/src/main/java/com/bumptech/glide/request/target/CustomTarget.java
503	com.bumptech.glide.request.target.CustomTarget	onStop()	47	[]	java.lang.Override	public	false	/home/nima/Developer/nullness-benchmarks/glide/library/src/main/java/com/bumptech/glide/request/target/CustomTarget.java
504	com.bumptech.glide.request.target.CustomTarget	onDestroy()	49	[]	java.lang.Override	public	false	/home/nima/Developer/nullness-benchmarks/glide/library/src/main/java/com/bumptech/glide/request/target/CustomTarget.java
505	com.bumptech.glide.request.target.CustomTarget	onLoadStarted(android.graphics.drawable.Drawable)	29	[true]	java.lang.Override	public	false	/home/nima/Developer/nullness-benchmarks/glide/library/src/main/java/com/bumptech/glide/request/target/CustomTarget.java
506	com.bumptech.glide.request.target.CustomTarget	onLoadFailed(android.graphics.drawable.Drawable)	31	[true]	java.lang.Override	public	false	/home/nima/Developer/nullness-benchmarks/glide/library/src/main/java/com/bumptech/glide/request/target/CustomTarget.java
507	com.bumptech.glide.request.target.CustomTarget	getSize(com.bumptech.glide.request.target.SizeReadyCallback)	37	[false]	java.lang.Override	public	false	/home/nima/Developer/nullness-benchmarks/glide/library/src/main/java/com/bumptech/glide/request/target/CustomTarget.java
508	com.bumptech.glide.request.target.CustomTarget	removeCallback(com.bumptech.glide.request.target.SizeReadyCallback)	39	[false]	java.lang.Override	public	false	/home/nima/Developer/nullness-benchmarks/glide/library/src/main/java/com/bumptech/glide/request/target/CustomTarget.java
509	com.bumptech.glide.request.target.CustomTarget	setRequest(com.bumptech.glide.request.Request)	41	[true]	java.lang.Override	public	false	/home/nima/Developer/nullness-benchmarks/glide/library/src/main/java/com/bumptech/glide/request/target/CustomTarget.java
510	com.bumptech.glide.request.target.CustomTarget	getRequest()	43	[]	androidx.annotation.Nullable,java.lang.Override	public	true	/home/nima/Developer/nullness-benchmarks/glide/library/src/main/java/com/bumptech/glide/request/target/CustomTarget.java
511	com.bumptech.glide.load.engine.GlideException	GlideException(java.lang.String)	0	[false]		public	false	/home/nima/Developer/nullness-benchmarks/glide/library/src/main/java/com/bumptech/glide/load/engine/GlideException.java
512	com.bumptech.glide.load.engine.GlideException	GlideException(java.lang.String,java.lang.Throwable)	0	[false, false]		public	false	/home/nima/Developer/nullness-benchmarks/glide/library/src/main/java/com/bumptech/glide/load/engine/GlideException.java
513	com.bumptech.glide.load.engine.GlideException	GlideException(java.lang.String,java.util.List)	0	[false, false]		public	false	/home/nima/Developer/nullness-benchmarks/glide/library/src/main/java/com/bumptech/glide/load/engine/GlideException.java
514	com.bumptech.glide.load.engine.GlideException	setLoggingDetails(com.bumptech.glide.load.Key,com.bumptech.glide.load.DataSource)	0	[false, false]		package	false	/home/nima/Developer/nullness-benchmarks/glide/library/src/main/java/com/bumptech/glide/load/engine/GlideException.java
515	com.bumptech.glide.load.engine.GlideException	setLoggingDetails(com.bumptech.glide.load.Key,com.bumptech.glide.load.DataSource,java.lang.Class)	0	[false, false, false]		package	false	/home/nima/Developer/nullness-benchmarks/glide/library/src/main/java/com/bumptech/glide/load/engine/GlideException.java
516	com.bumptech.glide.load.engine.GlideException	setOrigin(java.lang.Exception)	0	[true]		public	false	/home/nima/Developer/nullness-benchmarks/glide/library/src/main/java/com/bumptech/glide/load/engine/GlideException.java
517	com.bumptech.glide.load.engine.GlideException	getOrigin()	0	[]	androidx.annotation.Nullable	public	true	/home/nima/Developer/nullness-benchmarks/glide/library/src/main/java/com/bumptech/glide/load/engine/GlideException.java
518	com.bumptech.glide.load.engine.GlideException	fillInStackTrace()	519	[]	java.lang.SuppressWarnings,java.lang.Override	public	true	/home/nima/Developer/nullness-benchmarks/glide/library/src/main/java/com/bumptech/glide/load/engine/GlideException.java
520	com.bumptech.glide.load.engine.GlideException	getCauses()	0	[]		public	true	/home/nima/Developer/nullness-benchmarks/glide/library/src/main/java/com/bumptech/glide/load/engine/GlideException.java
521	com.bumptech.glide.load.engine.GlideException	getRootCauses()	0	[]		public	true	/home/nima/Developer/nullness-benchmarks/glide/library/src/main/java/com/bumptech/glide/load/engine/GlideException.java
522	com.bumptech.glide.load.engine.GlideException	logRootCauses(java.lang.String)	0	[false]		public	false	/home/nima/Developer/nullness-benchmarks/glide/library/src/main/java/com/bumptech/glide/load/engine/GlideException.java
523	com.bumptech.glide.load.engine.GlideException	addRootCauses(java.lang.Throwable,java.util.List)	0	[false, false]		private	false	/home/nima/Developer/nullness-benchmarks/glide/library/src/main/java/com/bumptech/glide/load/engine/GlideException.java
524	com.bumptech.glide.load.engine.GlideException	printStackTrace()	525	[]	java.lang.Override	public	false	/home/nima/Developer/nullness-benchmarks/glide/library/src/main/java/com/bumptech/glide/load/engine/GlideException.java
526	com.bumptech.glide.load.engine.GlideException	printStackTrace(java.io.PrintStream)	527	[false]	java.lang.Override	public	false	/home/nima/Developer/nullness-benchmarks/glide/library/src/main/java/com/bumptech/glide/load/engine/GlideException.java
528	com.bumptech.glide.load.engine.GlideException	printStackTrace(java.io.PrintWriter)	529	[false]	java.lang.Override	public	false	/home/nima/Developer/nullness-benchmarks/glide/library/src/main/java/com/bumptech/glide/load/engine/GlideException.java
530	com.bumptech.glide.load.engine.GlideException	printStackTrace(java.lang.Appendable)	0	[false]		private	false	/home/nima/Developer/nullness-benchmarks/glide/library/src/main/java/com/bumptech/glide/load/engine/GlideException.java
531	com.bumptech.glide.load.engine.GlideException	getMessage()	532	[]	java.lang.SuppressWarnings,java.lang.Override	public	true	/home/nima/Developer/nullness-benchmarks/glide/library/src/main/java/com/bumptech/glide/load/engine/GlideException.java
533	com.bumptech.glide.load.engine.GlideException	appendExceptionMessage(java.lang.Throwable,java.lang.Appendable)	0	[false, false]	java.lang.SuppressWarnings	private	false	/home/nima/Developer/nullness-benchmarks/glide/library/src/main/java/com/bumptech/glide/load/engine/GlideException.java
534	com.bumptech.glide.load.engine.GlideException	appendCauses(java.util.List,java.lang.Appendable)	0	[false, false]	java.lang.SuppressWarnings	private	false	/home/nima/Developer/nullness-benchmarks/glide/library/src/main/java/com/bumptech/glide/load/engine/GlideException.java
535	com.bumptech.glide.load.engine.GlideException	appendCausesWrapped(java.util.List,java.lang.Appendable)	0	[false, false]	java.lang.SuppressWarnings	private	false	/home/nima/Developer/nullness-benchmarks/glide/library/src/main/java/com/bumptech/glide/load/engine/GlideException.java
536	com.bumptech.glide.load.engine.GlideException$IndentedAppendable	IndentedAppendable(java.lang.Appendable)	0	[false]		package	false	/home/nima/Developer/nullness-benchmarks/glide/library/src/main/java/com/bumptech/glide/load/engine/GlideException.java
537	com.bumptech.glide.load.engine.GlideException$IndentedAppendable	append(char)	538	[false]	java.lang.Override	public	true	/home/nima/Developer/nullness-benchmarks/glide/library/src/main/java/com/bumptech/glide/load/engine/GlideException.java
539	com.bumptech.glide.load.engine.GlideException$IndentedAppendable	append(java.lang.CharSequence)	540	[true]	java.lang.Override	public	true	/home/nima/Developer/nullness-benchmarks/glide/library/src/main/java/com/bumptech/glide/load/engine/GlideException.java
541	com.bumptech.glide.load.engine.GlideException$IndentedAppendable	append(java.lang.CharSequence,int,int)	542	[true, false, false]	java.lang.Override	public	true	/home/nima/Developer/nullness-benchmarks/glide/library/src/main/java/com/bumptech/glide/load/engine/GlideException.java
543	com.bumptech.glide.load.engine.GlideException$IndentedAppendable	safeSequence(java.lang.CharSequence)	0	[true]	androidx.annotation.NonNull	private	true	/home/nima/Developer/nullness-benchmarks/glide/library/src/main/java/com/bumptech/glide/load/engine/GlideException.java
544	com.bumptech.glide.load.engine.EngineResource$ResourceListener	onResourceReleased(com.bumptech.glide.load.Key,com.bumptech.glide.load.engine.EngineResource)	0	[false, false]		public	false	/home/nima/Developer/nullness-benchmarks/glide/library/src/main/java/com/bumptech/glide/load/engine/EngineResource.java
545	com.bumptech.glide.load.engine.EngineResource	EngineResource(com.bumptech.glide.load.engine.Resource,boolean,boolean,com.bumptech.glide.load.Key,com.bumptech.glide.load.engine.EngineResource.ResourceListener)	0	[false, false, false, false, false]		package	false	/home/nima/Developer/nullness-benchmarks/glide/library/src/main/java/com/bumptech/glide/load/engine/EngineResource.java
546	com.bumptech.glide.load.engine.EngineResource	getResource()	0	[]		package	true	/home/nima/Developer/nullness-benchmarks/glide/library/src/main/java/com/bumptech/glide/load/engine/EngineResource.java
547	com.bumptech.glide.load.engine.EngineResource	isMemoryCacheable()	0	[]		package	false	/home/nima/Developer/nullness-benchmarks/glide/library/src/main/java/com/bumptech/glide/load/engine/EngineResource.java
548	com.bumptech.glide.load.engine.EngineResource	getResourceClass()	496	[]	androidx.annotation.NonNull,java.lang.Override	public	true	/home/nima/Developer/nullness-benchmarks/glide/library/src/main/java/com/bumptech/glide/load/engine/EngineResource.java
549	com.bumptech.glide.load.engine.EngineResource	get()	497	[]	androidx.annotation.NonNull,java.lang.Override	public	true	/home/nima/Developer/nullness-benchmarks/glide/library/src/main/java/com/bumptech/glide/load/engine/EngineResource.java
550	com.bumptech.glide.load.engine.EngineResource	getSize()	498	[]	java.lang.Override	public	false	/home/nima/Developer/nullness-benchmarks/glide/library/src/main/java/com/bumptech/glide/load/engine/EngineResource.java
551	com.bumptech.glide.load.engine.EngineResource	recycle()	499	[]	java.lang.Override	public	false	/home/nima/Developer/nullness-benchmarks/glide/library/src/main/java/com/bumptech/glide/load/engine/EngineResource.java
552	com.bumptech.glide.load.engine.EngineResource	acquire()	0	[]		package	false	/home/nima/Developer/nullness-benchmarks/glide/library/src/main/java/com/bumptech/glide/load/engine/EngineResource.java
553	com.bumptech.glide.load.engine.EngineResource	release()	0	[]	java.lang.SuppressWarnings	package	false	/home/nima/Developer/nullness-benchmarks/glide/library/src/main/java/com/bumptech/glide/load/engine/EngineResource.java
554	com.bumptech.glide.load.engine.EngineResource	toString()	126	[]	java.lang.Override	public	true	/home/nima/Developer/nullness-benchmarks/glide/library/src/main/java/com/bumptech/glide/load/engine/EngineResource.java
555	com.bumptech.glide.load.engine.Engine	Engine(com.bumptech.glide.load.engine.cache.MemoryCache,com.bumptech.glide.load.engine.cache.DiskCache.Factory,com.bumptech.glide.load.engine.executor.GlideExecutor,com.bumptech.glide.load.engine.executor.GlideExecutor,com.bumptech.glide.load.engine.executor.GlideExecutor,com.bumptech.glide.load.engine.executor.GlideExecutor,boolean)	0	[false, false, false, false, false, false, false]		public	false	/home/nima/Developer/nullness-benchmarks/glide/library/src/main/java/com/bumptech/glide/load/engine/Engine.java
556	com.bumptech.glide.load.engine.Engine	Engine(com.bumptech.glide.load.engine.cache.MemoryCache,com.bumptech.glide.load.engine.cache.DiskCache.Factory,com.bumptech.glide.load.engine.executor.GlideExecutor,com.bumptech.glide.load.engine.executor.GlideExecutor,com.bumptech.glide.load.engine.executor.GlideExecutor,com.bumptech.glide.load.engine.executor.GlideExecutor,com.bumptech.glide.load.engine.Jobs,com.bumptech.glide.load.engine.EngineKeyFactory,com.bumptech.glide.load.engine.ActiveResources,com.bumptech.glide.load.engine.Engine.EngineJobFactory,com.bumptech.glide.load.engine.Engine.DecodeJobFactory,com.bumptech.glide.load.engine.ResourceRecycler,boolean)	0	[false, false, false, false, false, false, false, false, false, false, false, false, false]	androidx.annotation.VisibleForTesting	package	false	/home/nima/Developer/nullness-benchmarks/glide/library/src/main/java/com/bumptech/glide/load/engine/Engine.java
557	com.bumptech.glide.load.engine.Engine	load(com.bumptech.glide.GlideContext,java.lang.Object,com.bumptech.glide.load.Key,int,int,java.lang.Class,java.lang.Class,com.bumptech.glide.Priority,com.bumptech.glide.load.engine.DiskCacheStrategy,java.util.Map,boolean,boolean,com.bumptech.glide.load.Options,boolean,boolean,boolean,boolean,com.bumptech.glide.request.ResourceCallback,java.util.concurrent.Executor)	0	[false, false, false, false, false, false, false, false, false, false, false, false, false, false, false, false, false, false, false]		public	true	/home/nima/Developer/nullness-benchmarks/glide/library/src/main/java/com/bumptech/glide/load/engine/Engine.java
558	com.bumptech.glide.load.engine.Engine	waitForExistingOrStartNewJob(com.bumptech.glide.GlideContext,java.lang.Object,com.bumptech.glide.load.Key,int,int,java.lang.Class,java.lang.Class,com.bumptech.glide.Priority,com.bumptech.glide.load.engine.DiskCacheStrategy,java.util.Map,boolean,boolean,com.bumptech.glide.load.Options,boolean,boolean,boolean,boolean,com.bumptech.glide.request.ResourceCallback,java.util.concurrent.Executor,com.bumptech.glide.load.engine.EngineKey,long)	0	[false, false, false, false, false, false, false, false, false, false, false, false, false, false, false, false, false, false, false, false, false]		private	true	/home/nima/Developer/nullness-benchmarks/glide/library/src/main/java/com/bumptech/glide/load/engine/Engine.java
559	com.bumptech.glide.load.engine.Engine	loadFromMemory(com.bumptech.glide.load.engine.EngineKey,boolean,long)	0	[false, false, false]	androidx.annotation.Nullable	private	true	/home/nima/Developer/nullness-benchmarks/glide/library/src/main/java/com/bumptech/glide/load/engine/Engine.java
560	com.bumptech.glide.load.engine.Engine	logWithTimeAndKey(java.lang.String,long,com.bumptech.glide.load.Key)	0	[false, false, false]		private	false	/home/nima/Developer/nullness-benchmarks/glide/library/src/main/java/com/bumptech/glide/load/engine/Engine.java
561	com.bumptech.glide.load.engine.Engine	loadFromActiveResources(com.bumptech.glide.load.Key)	0	[false]	androidx.annotation.Nullable	private	true	/home/nima/Developer/nullness-benchmarks/glide/library/src/main/java/com/bumptech/glide/load/engine/Engine.java
562	com.bumptech.glide.load.engine.Engine	loadFromCache(com.bumptech.glide.load.Key)	0	[false]		private	true	/home/nima/Developer/nullness-benchmarks/glide/library/src/main/java/com/bumptech/glide/load/engine/Engine.java
563	com.bumptech.glide.load.engine.Engine	getEngineResourceFromCache(com.bumptech.glide.load.Key)	0	[false]		private	true	/home/nima/Developer/nullness-benchmarks/glide/library/src/main/java/com/bumptech/glide/load/engine/Engine.java
564	com.bumptech.glide.load.engine.Engine	release(com.bumptech.glide.load.engine.Resource)	0	[false]		public	false	/home/nima/Developer/nullness-benchmarks/glide/library/src/main/java/com/bumptech/glide/load/engine/Engine.java
565	com.bumptech.glide.load.engine.Engine	onEngineJobComplete(com.bumptech.glide.load.engine.EngineJob,com.bumptech.glide.load.Key,com.bumptech.glide.load.engine.EngineResource)	566	[false, false, false]	java.lang.SuppressWarnings,java.lang.Override	public	false	/home/nima/Developer/nullness-benchmarks/glide/library/src/main/java/com/bumptech/glide/load/engine/Engine.java
567	com.bumptech.glide.load.engine.Engine	onEngineJobCancelled(com.bumptech.glide.load.engine.EngineJob,com.bumptech.glide.load.Key)	568	[false, false]	java.lang.Override	public	false	/home/nima/Developer/nullness-benchmarks/glide/library/src/main/java/com/bumptech/glide/load/engine/Engine.java
569	com.bumptech.glide.load.engine.Engine	onResourceRemoved(com.bumptech.glide.load.engine.Resource)	570	[false]	java.lang.Override	public	false	/home/nima/Developer/nullness-benchmarks/glide/library/src/main/java/com/bumptech/glide/load/engine/Engine.java
571	com.bumptech.glide.load.engine.Engine	onResourceReleased(com.bumptech.glide.load.Key,com.bumptech.glide.load.engine.EngineResource)	544	[false, false]	java.lang.Override	public	false	/home/nima/Developer/nullness-benchmarks/glide/library/src/main/java/com/bumptech/glide/load/engine/Engine.java
572	com.bumptech.glide.load.engine.Engine	clearDiskCache()	0	[]		public	false	/home/nima/Developer/nullness-benchmarks/glide/library/src/main/java/com/bumptech/glide/load/engine/Engine.java
573	com.bumptech.glide.load.engine.Engine	shutdown()	0	[]	androidx.annotation.VisibleForTesting	public	false	/home/nima/Developer/nullness-benchmarks/glide/library/src/main/java/com/bumptech/glide/load/engine/Engine.java
574	com.bumptech.glide.load.engine.Engine$LoadStatus	LoadStatus(com.bumptech.glide.request.ResourceCallback,com.bumptech.glide.load.engine.EngineJob)	0	[false, false]		package	false	/home/nima/Developer/nullness-benchmarks/glide/library/src/main/java/com/bumptech/glide/load/engine/Engine.java
575	com.bumptech.glide.load.engine.Engine$LoadStatus	cancel()	0	[]		public	false	/home/nima/Developer/nullness-benchmarks/glide/library/src/main/java/com/bumptech/glide/load/engine/Engine.java
576	com.bumptech.glide.load.engine.Engine$LazyDiskCacheProvider	LazyDiskCacheProvider(com.bumptech.glide.load.engine.cache.DiskCache.Factory)	0	[false]		package	false	/home/nima/Developer/nullness-benchmarks/glide/library/src/main/java/com/bumptech/glide/load/engine/Engine.java
577	com.bumptech.glide.load.engine.Engine$LazyDiskCacheProvider	clearDiskCacheIfCreated()	0	[]	androidx.annotation.VisibleForTesting	package	false	/home/nima/Developer/nullness-benchmarks/glide/library/src/main/java/com/bumptech/glide/load/engine/Engine.java
578	com.bumptech.glide.load.engine.Engine$LazyDiskCacheProvider	getDiskCache()	579	[]	java.lang.Override	public	true	/home/nima/Developer/nullness-benchmarks/glide/library/src/main/java/com/bumptech/glide/load/engine/Engine.java
580	com.bumptech.glide.load.engine.Engine$DecodeJobFactory$1	create()	581	[]	java.lang.Override	public	true	/home/nima/Developer/nullness-benchmarks/glide/library/src/main/java/com/bumptech/glide/load/engine/Engine.java
582	com.bumptech.glide.load.engine.Engine$DecodeJobFactory	DecodeJobFactory(com.bumptech.glide.load.engine.DecodeJob.DiskCacheProvider)	0	[false]		package	false	/home/nima/Developer/nullness-benchmarks/glide/library/src/main/java/com/bumptech/glide/load/engine/Engine.java
583	com.bumptech.glide.load.engine.Engine$DecodeJobFactory	build(com.bumptech.glide.GlideContext,java.lang.Object,com.bumptech.glide.load.engine.EngineKey,com.bumptech.glide.load.Key,int,int,java.lang.Class,java.lang.Class,com.bumptech.glide.Priority,com.bumptech.glide.load.engine.DiskCacheStrategy,java.util.Map,boolean,boolean,boolean,com.bumptech.glide.load.Options,com.bumptech.glide.load.engine.DecodeJob.Callback)	0	[false, false, false, false, false, false, false, false, false, false, false, false, false, false, false, false]	java.lang.SuppressWarnings	package	true	/home/nima/Developer/nullness-benchmarks/glide/library/src/main/java/com/bumptech/glide/load/engine/Engine.java
584	com.bumptech.glide.load.engine.Engine$EngineJobFactory$1	create()	581	[]	java.lang.Override	public	true	/home/nima/Developer/nullness-benchmarks/glide/library/src/main/java/com/bumptech/glide/load/engine/Engine.java
585	com.bumptech.glide.load.engine.Engine$EngineJobFactory	EngineJobFactory(com.bumptech.glide.load.engine.executor.GlideExecutor,com.bumptech.glide.load.engine.executor.GlideExecutor,com.bumptech.glide.load.engine.executor.GlideExecutor,com.bumptech.glide.load.engine.executor.GlideExecutor,com.bumptech.glide.load.engine.EngineJobListener,com.bumptech.glide.load.engine.EngineResource.ResourceListener)	0	[false, false, false, false, false, false]		package	false	/home/nima/Developer/nullness-benchmarks/glide/library/src/main/java/com/bumptech/glide/load/engine/Engine.java
586	com.bumptech.glide.load.engine.Engine$EngineJobFactory	shutdown()	0	[]	androidx.annotation.VisibleForTesting	package	false	/home/nima/Developer/nullness-benchmarks/glide/library/src/main/java/com/bumptech/glide/load/engine/Engine.java
587	com.bumptech.glide.load.engine.Engine$EngineJobFactory	build(com.bumptech.glide.load.Key,boolean,boolean,boolean,boolean)	0	[false, false, false, false, false]	java.lang.SuppressWarnings	package	true	/home/nima/Developer/nullness-benchmarks/glide/library/src/main/java/com/bumptech/glide/load/engine/Engine.java
566	com.bumptech.glide.load.engine.EngineJobListener	onEngineJobComplete(com.bumptech.glide.load.engine.EngineJob,com.bumptech.glide.load.Key,com.bumptech.glide.load.engine.EngineResource)	0	[false, false, false]		public	false	/home/nima/Developer/nullness-benchmarks/glide/library/src/main/java/com/bumptech/glide/load/engine/EngineJobListener.java
568	com.bumptech.glide.load.engine.EngineJobListener	onEngineJobCancelled(com.bumptech.glide.load.engine.EngineJob,com.bumptech.glide.load.Key)	0	[false, false]		public	false	/home/nima/Developer/nullness-benchmarks/glide/library/src/main/java/com/bumptech/glide/load/engine/EngineJobListener.java
570	com.bumptech.glide.load.engine.cache.MemoryCache$ResourceRemovedListener	onResourceRemoved(com.bumptech.glide.load.engine.Resource)	0	[false]		public	false	/home/nima/Developer/nullness-benchmarks/glide/library/src/main/java/com/bumptech/glide/load/engine/cache/MemoryCache.java
588	com.bumptech.glide.load.engine.cache.MemoryCache	getCurrentSize()	0	[]		public	false	/home/nima/Developer/nullness-benchmarks/glide/library/src/main/java/com/bumptech/glide/load/engine/cache/MemoryCache.java
589	com.bumptech.glide.load.engine.cache.MemoryCache	getMaxSize()	0	[]		public	false	/home/nima/Developer/nullness-benchmarks/glide/library/src/main/java/com/bumptech/glide/load/engine/cache/MemoryCache.java
590	com.bumptech.glide.load.engine.cache.MemoryCache	setSizeMultiplier(float)	0	[false]		public	false	/home/nima/Developer/nullness-benchmarks/glide/library/src/main/java/com/bumptech/glide/load/engine/cache/MemoryCache.java
591	com.bumptech.glide.load.engine.cache.MemoryCache	remove(com.bumptech.glide.load.Key)	0	[false]	androidx.annotation.Nullable	public	true	/home/nima/Developer/nullness-benchmarks/glide/library/src/main/java/com/bumptech/glide/load/engine/cache/MemoryCache.java
592	com.bumptech.glide.load.engine.cache.MemoryCache	put(com.bumptech.glide.load.Key,com.bumptech.glide.load.engine.Resource)	0	[false, true]	androidx.annotation.Nullable	public	true	/home/nima/Developer/nullness-benchmarks/glide/library/src/main/java/com/bumptech/glide/load/engine/cache/MemoryCache.java
593	com.bumptech.glide.load.engine.cache.MemoryCache	setResourceRemovedListener(com.bumptech.glide.load.engine.cache.MemoryCache.ResourceRemovedListener)	0	[false]		public	false	/home/nima/Developer/nullness-benchmarks/glide/library/src/main/java/com/bumptech/glide/load/engine/cache/MemoryCache.java
594	com.bumptech.glide.load.engine.cache.MemoryCache	clearMemory()	0	[]		public	false	/home/nima/Developer/nullness-benchmarks/glide/library/src/main/java/com/bumptech/glide/load/engine/cache/MemoryCache.java
595	com.bumptech.glide.load.engine.cache.MemoryCache	trimMemory(int)	0	[false]		public	false	/home/nima/Developer/nullness-benchmarks/glide/library/src/main/java/com/bumptech/glide/load/engine/cache/MemoryCache.java
596	com.bumptech.glide.GlideContext	GlideContext(android.content.Context,com.bumptech.glide.load.engine.bitmap_recycle.ArrayPool,com.bumptech.glide.util.GlideSuppliers.GlideSupplier,com.bumptech.glide.request.target.ImageViewTargetFactory,com.bumptech.glide.Glide.RequestOptionsFactory,java.util.Map,java.util.List,com.bumptech.glide.load.engine.Engine,com.bumptech.glide.GlideExperiments,int)	0	[false, false, false, false, false, false, false, false, false, false]		public	false	/home/nima/Developer/nullness-benchmarks/glide/library/src/main/java/com/bumptech/glide/GlideContext.java
597	com.bumptech.glide.GlideContext	getDefaultRequestListeners()	0	[]		public	true	/home/nima/Developer/nullness-benchmarks/glide/library/src/main/java/com/bumptech/glide/GlideContext.java
598	com.bumptech.glide.GlideContext	getDefaultRequestOptions()	0	[]		public	true	/home/nima/Developer/nullness-benchmarks/glide/library/src/main/java/com/bumptech/glide/GlideContext.java
599	com.bumptech.glide.GlideContext	getDefaultTransitionOptions(java.lang.Class)	0	[false]	java.lang.SuppressWarnings,androidx.annotation.NonNull	public	true	/home/nima/Developer/nullness-benchmarks/glide/library/src/main/java/com/bumptech/glide/GlideContext.java
600	com.bumptech.glide.GlideContext	buildImageViewTarget(android.widget.ImageView,java.lang.Class)	0	[false, false]	androidx.annotation.NonNull	public	true	/home/nima/Developer/nullness-benchmarks/glide/library/src/main/java/com/bumptech/glide/GlideContext.java
601	com.bumptech.glide.GlideContext	getEngine()	0	[]	androidx.annotation.NonNull	public	true	/home/nima/Developer/nullness-benchmarks/glide/library/src/main/java/com/bumptech/glide/GlideContext.java
602	com.bumptech.glide.GlideContext	getRegistry()	0	[]	androidx.annotation.NonNull	public	true	/home/nima/Developer/nullness-benchmarks/glide/library/src/main/java/com/bumptech/glide/GlideContext.java
603	com.bumptech.glide.GlideContext	getLogLevel()	0	[]		public	false	/home/nima/Developer/nullness-benchmarks/glide/library/src/main/java/com/bumptech/glide/GlideContext.java
604	com.bumptech.glide.GlideContext	getArrayPool()	0	[]	androidx.annotation.NonNull	public	true	/home/nima/Developer/nullness-benchmarks/glide/library/src/main/java/com/bumptech/glide/GlideContext.java
605	com.bumptech.glide.GlideContext	getExperiments()	0	[]		public	true	/home/nima/Developer/nullness-benchmarks/glide/library/src/main/java/com/bumptech/glide/GlideContext.java
606	com.bumptech.glide.load.engine.bitmap_recycle.ArrayPool	put(T,java.lang.Class)	0	[false, false]	java.lang.Deprecated	public	false	/home/nima/Developer/nullness-benchmarks/glide/library/src/main/java/com/bumptech/glide/load/engine/bitmap_recycle/ArrayPool.java
607	com.bumptech.glide.load.engine.bitmap_recycle.ArrayPool	put(T)	0	[false]		public	false	/home/nima/Developer/nullness-benchmarks/glide/library/src/main/java/com/bumptech/glide/load/engine/bitmap_recycle/ArrayPool.java
608	com.bumptech.glide.load.engine.bitmap_recycle.ArrayPool	get(int,java.lang.Class)	0	[false, false]		public	true	/home/nima/Developer/nullness-benchmarks/glide/library/src/main/java/com/bumptech/glide/load/engine/bitmap_recycle/ArrayPool.java
609	com.bumptech.glide.load.engine.bitmap_recycle.ArrayPool	getExact(int,java.lang.Class)	0	[false, false]		public	true	/home/nima/Developer/nullness-benchmarks/glide/library/src/main/java/com/bumptech/glide/load/engine/bitmap_recycle/ArrayPool.java
610	com.bumptech.glide.load.engine.bitmap_recycle.ArrayPool	clearMemory()	0	[]		public	false	/home/nima/Developer/nullness-benchmarks/glide/library/src/main/java/com/bumptech/glide/load/engine/bitmap_recycle/ArrayPool.java
611	com.bumptech.glide.load.engine.bitmap_recycle.ArrayPool	trimMemory(int)	0	[false]		public	false	/home/nima/Developer/nullness-benchmarks/glide/library/src/main/java/com/bumptech/glide/load/engine/bitmap_recycle/ArrayPool.java
612	com.bumptech.glide.manager.RequestManagerRetriever	RequestManagerRetriever(com.bumptech.glide.manager.RequestManagerRetriever.RequestManagerFactory)	0	[true]		public	false	/home/nima/Developer/nullness-benchmarks/glide/library/src/main/java/com/bumptech/glide/manager/RequestManagerRetriever.java
613	com.bumptech.glide.manager.RequestManagerRetriever	buildFrameWaiter()	0	[]		private	true	/home/nima/Developer/nullness-benchmarks/glide/library/src/main/java/com/bumptech/glide/manager/RequestManagerRetriever.java
614	com.bumptech.glide.manager.RequestManagerRetriever	getApplicationManager(android.content.Context)	0	[false]	androidx.annotation.NonNull	private	true	/home/nima/Developer/nullness-benchmarks/glide/library/src/main/java/com/bumptech/glide/manager/RequestManagerRetriever.java
615	com.bumptech.glide.manager.RequestManagerRetriever	get(android.content.Context)	0	[false]	androidx.annotation.NonNull	public	true	/home/nima/Developer/nullness-benchmarks/glide/library/src/main/java/com/bumptech/glide/manager/RequestManagerRetriever.java
616	com.bumptech.glide.manager.RequestManagerRetriever	get(androidx.fragment.app.FragmentActivity)	0	[false]	androidx.annotation.NonNull	public	true	/home/nima/Developer/nullness-benchmarks/glide/library/src/main/java/com/bumptech/glide/manager/RequestManagerRetriever.java
617	com.bumptech.glide.manager.RequestManagerRetriever	get(androidx.fragment.app.Fragment)	0	[false]	androidx.annotation.NonNull	public	true	/home/nima/Developer/nullness-benchmarks/glide/library/src/main/java/com/bumptech/glide/manager/RequestManagerRetriever.java
618	com.bumptech.glide.manager.RequestManagerRetriever	get(android.app.Activity)	0	[false]	java.lang.Deprecated,androidx.annotation.NonNull	public	true	/home/nima/Developer/nullness-benchmarks/glide/library/src/main/java/com/bumptech/glide/manager/RequestManagerRetriever.java
619	com.bumptech.glide.manager.RequestManagerRetriever	get(android.view.View)	0	[false]	androidx.annotation.NonNull	public	true	/home/nima/Developer/nullness-benchmarks/glide/library/src/main/java/com/bumptech/glide/manager/RequestManagerRetriever.java
620	com.bumptech.glide.manager.RequestManagerRetriever	findAllSupportFragmentsWithViews(java.util.Collection,java.util.Map)	0	[true, false]		private	false	/home/nima/Developer/nullness-benchmarks/glide/library/src/main/java/com/bumptech/glide/manager/RequestManagerRetriever.java
621	com.bumptech.glide.manager.RequestManagerRetriever	findSupportFragment(android.view.View,androidx.fragment.app.FragmentActivity)	0	[false, false]	androidx.annotation.Nullable	private	true	/home/nima/Developer/nullness-benchmarks/glide/library/src/main/java/com/bumptech/glide/manager/RequestManagerRetriever.java
622	com.bumptech.glide.manager.RequestManagerRetriever	findActivity(android.content.Context)	0	[false]	androidx.annotation.Nullable	private	true	/home/nima/Developer/nullness-benchmarks/glide/library/src/main/java/com/bumptech/glide/manager/RequestManagerRetriever.java
623	com.bumptech.glide.manager.RequestManagerRetriever	assertNotDestroyed(android.app.Activity)	0	[false]	android.annotation.TargetApi	private	false	/home/nima/Developer/nullness-benchmarks/glide/library/src/main/java/com/bumptech/glide/manager/RequestManagerRetriever.java
624	com.bumptech.glide.manager.RequestManagerRetriever	get(android.app.Fragment)	0	[false]	java.lang.Deprecated,androidx.annotation.NonNull,android.annotation.TargetApi	public	true	/home/nima/Developer/nullness-benchmarks/glide/library/src/main/java/com/bumptech/glide/manager/RequestManagerRetriever.java
625	com.bumptech.glide.manager.RequestManagerRetriever	isActivityVisible(android.content.Context)	0	[false]		private	false	/home/nima/Developer/nullness-benchmarks/glide/library/src/main/java/com/bumptech/glide/manager/RequestManagerRetriever.java
626	com.bumptech.glide.manager.RequestManagerRetriever	handleMessage(android.os.Message)	451	[false]	java.lang.Deprecated,java.lang.SuppressWarnings,java.lang.Override	public	false	/home/nima/Developer/nullness-benchmarks/glide/library/src/main/java/com/bumptech/glide/manager/RequestManagerRetriever.java
627	com.bumptech.glide.manager.RequestManagerRetriever$RequestManagerFactory	build(com.bumptech.glide.Glide,com.bumptech.glide.manager.Lifecycle,com.bumptech.glide.manager.RequestManagerTreeNode,android.content.Context)	0	[false, false, false, false]	androidx.annotation.NonNull	public	true	/home/nima/Developer/nullness-benchmarks/glide/library/src/main/java/com/bumptech/glide/manager/RequestManagerRetriever.java
628	com.bumptech.glide.manager.RequestManagerRetriever$1	build(com.bumptech.glide.Glide,com.bumptech.glide.manager.Lifecycle,com.bumptech.glide.manager.RequestManagerTreeNode,android.content.Context)	627	[false, false, false, false]	androidx.annotation.NonNull,java.lang.Override	public	true	/home/nima/Developer/nullness-benchmarks/glide/library/src/main/java/com/bumptech/glide/manager/RequestManagerRetriever.java
629	com.bumptech.glide.load.engine.prefill.BitmapPreFiller	BitmapPreFiller(com.bumptech.glide.load.engine.cache.MemoryCache,com.bumptech.glide.load.engine.bitmap_recycle.BitmapPool,com.bumptech.glide.load.DecodeFormat)	0	[false, false, false]		public	false	/home/nima/Developer/nullness-benchmarks/glide/library/src/main/java/com/bumptech/glide/load/engine/prefill/BitmapPreFiller.java
630	com.bumptech.glide.load.engine.prefill.BitmapPreFiller	preFill(com.bumptech.glide.load.engine.prefill.PreFillType.Builder[])	0	[false]	java.lang.SuppressWarnings	public	false	/home/nima/Developer/nullness-benchmarks/glide/library/src/main/java/com/bumptech/glide/load/engine/prefill/BitmapPreFiller.java
631	com.bumptech.glide.load.engine.prefill.BitmapPreFiller	generateAllocationOrder(com.bumptech.glide.load.engine.prefill.PreFillType[])	0	[false]	androidx.annotation.VisibleForTesting	package	true	/home/nima/Developer/nullness-benchmarks/glide/library/src/main/java/com/bumptech/glide/load/engine/prefill/BitmapPreFiller.java
632	com.bumptech.glide.load.engine.prefill.BitmapPreFiller	getSizeInBytes(com.bumptech.glide.load.engine.prefill.PreFillType)	0	[false]		private	false	/home/nima/Developer/nullness-benchmarks/glide/library/src/main/java/com/bumptech/glide/load/engine/prefill/BitmapPreFiller.java
633	com.bumptech.glide.GeneratedAppGlideModule	getExcludedModuleClasses()	0	[]	androidx.annotation.NonNull	package	true	/home/nima/Developer/nullness-benchmarks/glide/library/src/main/java/com/bumptech/glide/GeneratedAppGlideModule.java
634	com.bumptech.glide.GeneratedAppGlideModule	getRequestManagerFactory()	0	[]	androidx.annotation.Nullable	package	true	/home/nima/Developer/nullness-benchmarks/glide/library/src/main/java/com/bumptech/glide/GeneratedAppGlideModule.java
635	com.bumptech.glide.module.AppGlideModule	isManifestParsingEnabled()	0	[]		public	false	/home/nima/Developer/nullness-benchmarks/glide/library/src/main/java/com/bumptech/glide/module/AppGlideModule.java
636	com.bumptech.glide.module.AppGlideModule	applyOptions(android.content.Context,com.bumptech.glide.GlideBuilder)	637	[false, false]	java.lang.Override	public	false	/home/nima/Developer/nullness-benchmarks/glide/library/src/main/java/com/bumptech/glide/module/AppGlideModule.java
638	com.bumptech.glide.module.LibraryGlideModule	registerComponents(android.content.Context,com.bumptech.glide.Glide,com.bumptech.glide.Registry)	639	[false, false, false]	java.lang.Override	public	false	/home/nima/Developer/nullness-benchmarks/glide/library/src/main/java/com/bumptech/glide/module/LibraryGlideModule.java
639	com.bumptech.glide.module.RegistersComponents	registerComponents(android.content.Context,com.bumptech.glide.Glide,com.bumptech.glide.Registry)	0	[false, false, false]		public	false	/home/nima/Developer/nullness-benchmarks/glide/library/src/main/java/com/bumptech/glide/module/RegistersComponents.java
637	com.bumptech.glide.module.AppliesOptions	applyOptions(android.content.Context,com.bumptech.glide.GlideBuilder)	0	[false, false]		public	false	/home/nima/Developer/nullness-benchmarks/glide/library/src/main/java/com/bumptech/glide/module/AppliesOptions.java
640	com.bumptech.glide.GlideExperiments	GlideExperiments(com.bumptech.glide.GlideExperiments.Builder)	0	[false]	com.bumptech.glide.util.Synthetic	package	false	/home/nima/Developer/nullness-benchmarks/glide/library/src/main/java/com/bumptech/glide/GlideExperiments.java
641	com.bumptech.glide.GlideExperiments	get(java.lang.Class)	0	[false]	java.lang.SuppressWarnings,androidx.annotation.Nullable	package	true	/home/nima/Developer/nullness-benchmarks/glide/library/src/main/java/com/bumptech/glide/GlideExperiments.java
642	com.bumptech.glide.GlideExperiments	isEnabled(java.lang.Class)	0	[false]		public	false	/home/nima/Developer/nullness-benchmarks/glide/library/src/main/java/com/bumptech/glide/GlideExperiments.java
643	com.bumptech.glide.GlideExperiments$Builder	update(com.bumptech.glide.GlideExperiments.Experiment,boolean)	0	[false, false]		package	true	/home/nima/Developer/nullness-benchmarks/glide/library/src/main/java/com/bumptech/glide/GlideExperiments.java
644	com.bumptech.glide.GlideExperiments$Builder	add(com.bumptech.glide.GlideExperiments.Experiment)	0	[false]		package	true	/home/nima/Developer/nullness-benchmarks/glide/library/src/main/java/com/bumptech/glide/GlideExperiments.java
645	com.bumptech.glide.GlideExperiments$Builder	build()	0	[]		package	true	/home/nima/Developer/nullness-benchmarks/glide/library/src/main/java/com/bumptech/glide/GlideExperiments.java
646	com.bumptech.glide.GlideBuilder$1	build()	340	[]	androidx.annotation.NonNull,java.lang.Override	public	true	/home/nima/Developer/nullness-benchmarks/glide/library/src/main/java/com/bumptech/glide/GlideBuilder.java
647	com.bumptech.glide.GlideBuilder	setBitmapPool(com.bumptech.glide.load.engine.bitmap_recycle.BitmapPool)	0	[true]	androidx.annotation.NonNull	public	true	/home/nima/Developer/nullness-benchmarks/glide/library/src/main/java/com/bumptech/glide/GlideBuilder.java
648	com.bumptech.glide.GlideBuilder	setArrayPool(com.bumptech.glide.load.engine.bitmap_recycle.ArrayPool)	0	[true]	androidx.annotation.NonNull	public	true	/home/nima/Developer/nullness-benchmarks/glide/library/src/main/java/com/bumptech/glide/GlideBuilder.java
649	com.bumptech.glide.GlideBuilder	setMemoryCache(com.bumptech.glide.load.engine.cache.MemoryCache)	0	[true]	java.lang.SuppressWarnings,androidx.annotation.NonNull	public	true	/home/nima/Developer/nullness-benchmarks/glide/library/src/main/java/com/bumptech/glide/GlideBuilder.java
650	com.bumptech.glide.GlideBuilder	setDiskCache(com.bumptech.glide.load.engine.cache.DiskCache.Factory)	0	[true]	java.lang.SuppressWarnings,androidx.annotation.NonNull	public	true	/home/nima/Developer/nullness-benchmarks/glide/library/src/main/java/com/bumptech/glide/GlideBuilder.java
651	com.bumptech.glide.GlideBuilder	setResizeExecutor(com.bumptech.glide.load.engine.executor.GlideExecutor)	0	[true]	java.lang.Deprecated	public	true	/home/nima/Developer/nullness-benchmarks/glide/library/src/main/java/com/bumptech/glide/GlideBuilder.java
652	com.bumptech.glide.GlideBuilder	setSourceExecutor(com.bumptech.glide.load.engine.executor.GlideExecutor)	0	[true]	java.lang.SuppressWarnings,androidx.annotation.NonNull	public	true	/home/nima/Developer/nullness-benchmarks/glide/library/src/main/java/com/bumptech/glide/GlideBuilder.java
653	com.bumptech.glide.GlideBuilder	setDiskCacheExecutor(com.bumptech.glide.load.engine.executor.GlideExecutor)	0	[true]	java.lang.SuppressWarnings,androidx.annotation.NonNull	public	true	/home/nima/Developer/nullness-benchmarks/glide/library/src/main/java/com/bumptech/glide/GlideBuilder.java
654	com.bumptech.glide.GlideBuilder	setAnimationExecutor(com.bumptech.glide.load.engine.executor.GlideExecutor)	0	[true]	java.lang.SuppressWarnings,androidx.annotation.NonNull	public	true	/home/nima/Developer/nullness-benchmarks/glide/library/src/main/java/com/bumptech/glide/GlideBuilder.java
655	com.bumptech.glide.GlideBuilder	setDefaultRequestOptions(com.bumptech.glide.request.RequestOptions)	0	[true]	androidx.annotation.NonNull	public	true	/home/nima/Developer/nullness-benchmarks/glide/library/src/main/java/com/bumptech/glide/GlideBuilder.java
656	com.bumptech.glide.GlideBuilder$2	build()	340	[]	androidx.annotation.NonNull,java.lang.Override	public	true	/home/nima/Developer/nullness-benchmarks/glide/library/src/main/java/com/bumptech/glide/GlideBuilder.java
657	com.bumptech.glide.GlideBuilder	setDefaultRequestOptions(com.bumptech.glide.Glide.RequestOptionsFactory)	0	[false]	androidx.annotation.NonNull	public	true	/home/nima/Developer/nullness-benchmarks/glide/library/src/main/java/com/bumptech/glide/GlideBuilder.java
658	com.bumptech.glide.GlideBuilder	setDefaultTransitionOptions(java.lang.Class,com.bumptech.glide.TransitionOptions)	0	[false, true]	java.lang.SuppressWarnings,androidx.annotation.NonNull	public	true	/home/nima/Developer/nullness-benchmarks/glide/library/src/main/java/com/bumptech/glide/GlideBuilder.java
659	com.bumptech.glide.GlideBuilder	setMemorySizeCalculator(com.bumptech.glide.load.engine.cache.MemorySizeCalculator.Builder)	0	[false]	java.lang.SuppressWarnings,androidx.annotation.NonNull	public	true	/home/nima/Developer/nullness-benchmarks/glide/library/src/main/java/com/bumptech/glide/GlideBuilder.java
660	com.bumptech.glide.GlideBuilder	setMemorySizeCalculator(com.bumptech.glide.load.engine.cache.MemorySizeCalculator)	0	[true]	java.lang.SuppressWarnings,androidx.annotation.NonNull	public	true	/home/nima/Developer/nullness-benchmarks/glide/library/src/main/java/com/bumptech/glide/GlideBuilder.java
661	com.bumptech.glide.GlideBuilder	setConnectivityMonitorFactory(com.bumptech.glide.manager.ConnectivityMonitorFactory)	0	[true]	java.lang.SuppressWarnings,androidx.annotation.NonNull	public	true	/home/nima/Developer/nullness-benchmarks/glide/library/src/main/java/com/bumptech/glide/GlideBuilder.java
662	com.bumptech.glide.GlideBuilder	setLogLevel(int)	0	[false]	java.lang.SuppressWarnings,androidx.annotation.NonNull	public	true	/home/nima/Developer/nullness-benchmarks/glide/library/src/main/java/com/bumptech/glide/GlideBuilder.java
663	com.bumptech.glide.GlideBuilder	setIsActiveResourceRetentionAllowed(boolean)	0	[false]	java.lang.SuppressWarnings,androidx.annotation.NonNull	public	true	/home/nima/Developer/nullness-benchmarks/glide/library/src/main/java/com/bumptech/glide/GlideBuilder.java
664	com.bumptech.glide.GlideBuilder	addGlobalRequestListener(com.bumptech.glide.request.RequestListener)	0	[false]	androidx.annotation.NonNull	public	true	/home/nima/Developer/nullness-benchmarks/glide/library/src/main/java/com/bumptech/glide/GlideBuilder.java
665	com.bumptech.glide.GlideBuilder	setLogRequestOrigins(boolean)	0	[false]		public	true	/home/nima/Developer/nullness-benchmarks/glide/library/src/main/java/com/bumptech/glide/GlideBuilder.java
666	com.bumptech.glide.GlideBuilder	setImageDecoderEnabledForBitmaps(boolean)	0	[false]		public	true	/home/nima/Developer/nullness-benchmarks/glide/library/src/main/java/com/bumptech/glide/GlideBuilder.java
667	com.bumptech.glide.GlideBuilder	setPreserveGainmapAndColorSpaceForTransformations(boolean)	0	[false]	java.lang.Deprecated	public	true	/home/nima/Developer/nullness-benchmarks/glide/library/src/main/java/com/bumptech/glide/GlideBuilder.java
668	com.bumptech.glide.GlideBuilder	setEnableHardwareGainmapFixOnU(boolean)	0	[false]	java.lang.Deprecated	public	true	/home/nima/Developer/nullness-benchmarks/glide/library/src/main/java/com/bumptech/glide/GlideBuilder.java
669	com.bumptech.glide.GlideBuilder	setDisableHardwareBitmapsOnO(boolean)	0	[false]	java.lang.Deprecated	public	true	/home/nima/Developer/nullness-benchmarks/glide/library/src/main/java/com/bumptech/glide/GlideBuilder.java
670	com.bumptech.glide.GlideBuilder	setRequestManagerFactory(com.bumptech.glide.manager.RequestManagerRetriever.RequestManagerFactory)	0	[true]		package	false	/home/nima/Developer/nullness-benchmarks/glide/library/src/main/java/com/bumptech/glide/GlideBuilder.java
671	com.bumptech.glide.GlideBuilder	setEngine(com.bumptech.glide.load.engine.Engine)	0	[false]		package	true	/home/nima/Developer/nullness-benchmarks/glide/library/src/main/java/com/bumptech/glide/GlideBuilder.java
672	com.bumptech.glide.GlideBuilder	build(android.content.Context,java.util.List,com.bumptech.glide.module.AppGlideModule)	0	[false, false, false]	androidx.annotation.NonNull	package	true	/home/nima/Developer/nullness-benchmarks/glide/library/src/main/java/com/bumptech/glide/GlideBuilder.java
673	com.bumptech.glide.GlideBuilder$ManualOverrideHardwareBitmapMaxFdCount	ManualOverrideHardwareBitmapMaxFdCount(int)	0	[false]		package	false	/home/nima/Developer/nullness-benchmarks/glide/library/src/main/java/com/bumptech/glide/GlideBuilder.java
674	com.bumptech.glide.Registry	Registry()	0	[]		public	false	/home/nima/Developer/nullness-benchmarks/glide/library/src/main/java/com/bumptech/glide/Registry.java
675	com.bumptech.glide.Registry	register(java.lang.Class,com.bumptech.glide.load.Encoder)	0	[false, false]	androidx.annotation.NonNull,java.lang.Deprecated	public	true	/home/nima/Developer/nullness-benchmarks/glide/library/src/main/java/com/bumptech/glide/Registry.java
676	com.bumptech.glide.Registry	append(java.lang.Class,com.bumptech.glide.load.Encoder)	0	[false, false]	androidx.annotation.NonNull	public	true	/home/nima/Developer/nullness-benchmarks/glide/library/src/main/java/com/bumptech/glide/Registry.java
677	com.bumptech.glide.Registry	prepend(java.lang.Class,com.bumptech.glide.load.Encoder)	0	[false, false]	androidx.annotation.NonNull	public	true	/home/nima/Developer/nullness-benchmarks/glide/library/src/main/java/com/bumptech/glide/Registry.java
678	com.bumptech.glide.Registry	append(java.lang.Class,java.lang.Class,com.bumptech.glide.load.ResourceDecoder)	0	[false, false, false]	androidx.annotation.NonNull	public	true	/home/nima/Developer/nullness-benchmarks/glide/library/src/main/java/com/bumptech/glide/Registry.java
679	com.bumptech.glide.Registry	append(java.lang.String,java.lang.Class,java.lang.Class,com.bumptech.glide.load.ResourceDecoder)	0	[false, false, false, false]	androidx.annotation.NonNull	public	true	/home/nima/Developer/nullness-benchmarks/glide/library/src/main/java/com/bumptech/glide/Registry.java
680	com.bumptech.glide.Registry	prepend(java.lang.Class,java.lang.Class,com.bumptech.glide.load.ResourceDecoder)	0	[false, false, false]	androidx.annotation.NonNull	public	true	/home/nima/Developer/nullness-benchmarks/glide/library/src/main/java/com/bumptech/glide/Registry.java
681	com.bumptech.glide.Registry	prepend(java.lang.String,java.lang.Class,java.lang.Class,com.bumptech.glide.load.ResourceDecoder)	0	[false, false, false, false]	androidx.annotation.NonNull	public	true	/home/nima/Developer/nullness-benchmarks/glide/library/src/main/java/com/bumptech/glide/Registry.java
682	com.bumptech.glide.Registry	setResourceDecoderBucketPriorityList(java.util.List)	0	[false]	androidx.annotation.NonNull	public	true	/home/nima/Developer/nullness-benchmarks/glide/library/src/main/java/com/bumptech/glide/Registry.java
683	com.bumptech.glide.Registry	register(java.lang.Class,com.bumptech.glide.load.ResourceEncoder)	0	[false, false]	androidx.annotation.NonNull,java.lang.Deprecated	public	true	/home/nima/Developer/nullness-benchmarks/glide/library/src/main/java/com/bumptech/glide/Registry.java
684	com.bumptech.glide.Registry	append(java.lang.Class,com.bumptech.glide.load.ResourceEncoder)	0	[false, false]	androidx.annotation.NonNull	public	true	/home/nima/Developer/nullness-benchmarks/glide/library/src/main/java/com/bumptech/glide/Registry.java
685	com.bumptech.glide.Registry	prepend(java.lang.Class,com.bumptech.glide.load.ResourceEncoder)	0	[false, false]	androidx.annotation.NonNull	public	true	/home/nima/Developer/nullness-benchmarks/glide/library/src/main/java/com/bumptech/glide/Registry.java
686	com.bumptech.glide.Registry	register(com.bumptech.glide.load.data.DataRewinder.Factory)	0	[false]	androidx.annotation.NonNull	public	true	/home/nima/Developer/nullness-benchmarks/glide/library/src/main/java/com/bumptech/glide/Registry.java
687	com.bumptech.glide.Registry	register(java.lang.Class,java.lang.Class,com.bumptech.glide.load.resource.transcode.ResourceTranscoder)	0	[false, false, false]	androidx.annotation.NonNull	public	true	/home/nima/Developer/nullness-benchmarks/glide/library/src/main/java/com/bumptech/glide/Registry.java
688	com.bumptech.glide.Registry	register(com.bumptech.glide.load.ImageHeaderParser)	0	[false]	androidx.annotation.NonNull	public	true	/home/nima/Developer/nullness-benchmarks/glide/library/src/main/java/com/bumptech/glide/Registry.java
689	com.bumptech.glide.Registry	append(java.lang.Class,java.lang.Class,com.bumptech.glide.load.model.ModelLoaderFactory)	0	[false, false, false]	androidx.annotation.NonNull	public	true	/home/nima/Developer/nullness-benchmarks/glide/library/src/main/java/com/bumptech/glide/Registry.java
690	com.bumptech.glide.Registry	prepend(java.lang.Class,java.lang.Class,com.bumptech.glide.load.model.ModelLoaderFactory)	0	[false, false, false]	androidx.annotation.NonNull	public	true	/home/nima/Developer/nullness-benchmarks/glide/library/src/main/java/com/bumptech/glide/Registry.java
691	com.bumptech.glide.Registry	replace(java.lang.Class,java.lang.Class,com.bumptech.glide.load.model.ModelLoaderFactory)	0	[false, false, false]	androidx.annotation.NonNull	public	true	/home/nima/Developer/nullness-benchmarks/glide/library/src/main/java/com/bumptech/glide/Registry.java
692	com.bumptech.glide.Registry	getLoadPath(java.lang.Class,java.lang.Class,java.lang.Class)	0	[false, false, false]	androidx.annotation.Nullable	public	true	/home/nima/Developer/nullness-benchmarks/glide/library/src/main/java/com/bumptech/glide/Registry.java
693	com.bumptech.glide.Registry	getDecodePaths(java.lang.Class,java.lang.Class,java.lang.Class)	0	[false, false, false]	androidx.annotation.NonNull	private	true	/home/nima/Developer/nullness-benchmarks/glide/library/src/main/java/com/bumptech/glide/Registry.java
694	com.bumptech.glide.Registry	getRegisteredResourceClasses(java.lang.Class,java.lang.Class,java.lang.Class)	0	[false, false, false]	androidx.annotation.NonNull	public	true	/home/nima/Developer/nullness-benchmarks/glide/library/src/main/java/com/bumptech/glide/Registry.java
695	com.bumptech.glide.Registry	isResourceEncoderAvailable(com.bumptech.glide.load.engine.Resource)	0	[false]		public	false	/home/nima/Developer/nullness-benchmarks/glide/library/src/main/java/com/bumptech/glide/Registry.java
696	com.bumptech.glide.Registry	getResultEncoder(com.bumptech.glide.load.engine.Resource)	0	[false]	androidx.annotation.NonNull	public	true	/home/nima/Developer/nullness-benchmarks/glide/library/src/main/java/com/bumptech/glide/Registry.java
697	com.bumptech.glide.Registry	getSourceEncoder(X)	0	[false]	androidx.annotation.NonNull,java.lang.SuppressWarnings	public	true	/home/nima/Developer/nullness-benchmarks/glide/library/src/main/java/com/bumptech/glide/Registry.java
698	com.bumptech.glide.Registry	getRewinder(X)	0	[false]	androidx.annotation.NonNull	public	true	/home/nima/Developer/nullness-benchmarks/glide/library/src/main/java/com/bumptech/glide/Registry.java
699	com.bumptech.glide.Registry	getModelLoaders(Model)	0	[false]	androidx.annotation.NonNull	public	true	/home/nima/Developer/nullness-benchmarks/glide/library/src/main/java/com/bumptech/glide/Registry.java
700	com.bumptech.glide.Registry	getImageHeaderParsers()	0	[]	androidx.annotation.NonNull	public	true	/home/nima/Developer/nullness-benchmarks/glide/library/src/main/java/com/bumptech/glide/Registry.java
701	com.bumptech.glide.Registry$NoModelLoaderAvailableException	NoModelLoaderAvailableException(java.lang.Object)	0	[false]		public	false	/home/nima/Developer/nullness-benchmarks/glide/library/src/main/java/com/bumptech/glide/Registry.java
702	com.bumptech.glide.Registry$NoModelLoaderAvailableException	NoModelLoaderAvailableException(M,java.util.List)	0	[false, false]		public	false	/home/nima/Developer/nullness-benchmarks/glide/library/src/main/java/com/bumptech/glide/Registry.java
703	com.bumptech.glide.Registry$NoModelLoaderAvailableException	NoModelLoaderAvailableException(java.lang.Class,java.lang.Class)	0	[false, false]		public	false	/home/nima/Developer/nullness-benchmarks/glide/library/src/main/java/com/bumptech/glide/Registry.java
704	com.bumptech.glide.Registry$NoResultEncoderAvailableException	NoResultEncoderAvailableException(java.lang.Class)	0	[false]		public	false	/home/nima/Developer/nullness-benchmarks/glide/library/src/main/java/com/bumptech/glide/Registry.java
705	com.bumptech.glide.Registry$NoSourceEncoderAvailableException	NoSourceEncoderAvailableException(java.lang.Class)	0	[false]		public	false	/home/nima/Developer/nullness-benchmarks/glide/library/src/main/java/com/bumptech/glide/Registry.java
706	com.bumptech.glide.Registry$MissingComponentException	MissingComponentException(java.lang.String)	0	[false]		public	false	/home/nima/Developer/nullness-benchmarks/glide/library/src/main/java/com/bumptech/glide/Registry.java
707	com.bumptech.glide.Registry$NoImageHeaderParserException	NoImageHeaderParserException()	0	[]		public	false	/home/nima/Developer/nullness-benchmarks/glide/library/src/main/java/com/bumptech/glide/Registry.java
708	com.bumptech.glide.load.model.ModelLoaderRegistry	ModelLoaderRegistry(androidx.core.util.Pools.Pool)	0	[false]		public	false	/home/nima/Developer/nullness-benchmarks/glide/library/src/main/java/com/bumptech/glide/load/model/ModelLoaderRegistry.java
709	com.bumptech.glide.load.model.ModelLoaderRegistry	ModelLoaderRegistry(com.bumptech.glide.load.model.MultiModelLoaderFactory)	0	[false]		private	false	/home/nima/Developer/nullness-benchmarks/glide/library/src/main/java/com/bumptech/glide/load/model/ModelLoaderRegistry.java
710	com.bumptech.glide.load.model.ModelLoaderRegistry	append(java.lang.Class,java.lang.Class,com.bumptech.glide.load.model.ModelLoaderFactory)	0	[false, false, false]		public	false	/home/nima/Developer/nullness-benchmarks/glide/library/src/main/java/com/bumptech/glide/load/model/ModelLoaderRegistry.java
711	com.bumptech.glide.load.model.ModelLoaderRegistry	prepend(java.lang.Class,java.lang.Class,com.bumptech.glide.load.model.ModelLoaderFactory)	0	[false, false, false]		public	false	/home/nima/Developer/nullness-benchmarks/glide/library/src/main/java/com/bumptech/glide/load/model/ModelLoaderRegistry.java
712	com.bumptech.glide.load.model.ModelLoaderRegistry	remove(java.lang.Class,java.lang.Class)	0	[false, false]		public	false	/home/nima/Developer/nullness-benchmarks/glide/library/src/main/java/com/bumptech/glide/load/model/ModelLoaderRegistry.java
713	com.bumptech.glide.load.model.ModelLoaderRegistry	replace(java.lang.Class,java.lang.Class,com.bumptech.glide.load.model.ModelLoaderFactory)	0	[false, false, false]		public	false	/home/nima/Developer/nullness-benchmarks/glide/library/src/main/java/com/bumptech/glide/load/model/ModelLoaderRegistry.java
714	com.bumptech.glide.load.model.ModelLoaderRegistry	tearDown(java.util.List)	0	[false]		private	false	/home/nima/Developer/nullness-benchmarks/glide/library/src/main/java/com/bumptech/glide/load/model/ModelLoaderRegistry.java
715	com.bumptech.glide.load.model.ModelLoaderRegistry	getModelLoaders(A)	0	[false]	java.lang.SuppressWarnings,androidx.annotation.NonNull	public	true	/home/nima/Developer/nullness-benchmarks/glide/library/src/main/java/com/bumptech/glide/load/model/ModelLoaderRegistry.java
716	com.bumptech.glide.load.model.ModelLoaderRegistry	build(java.lang.Class,java.lang.Class)	0	[false, false]		public	true	/home/nima/Developer/nullness-benchmarks/glide/library/src/main/java/com/bumptech/glide/load/model/ModelLoaderRegistry.java
717	com.bumptech.glide.load.model.ModelLoaderRegistry	getDataClasses(java.lang.Class)	0	[false]	androidx.annotation.NonNull	public	true	/home/nima/Developer/nullness-benchmarks/glide/library/src/main/java/com/bumptech/glide/load/model/ModelLoaderRegistry.java
718	com.bumptech.glide.load.model.ModelLoaderRegistry	getModelLoadersForClass(java.lang.Class)	0	[false]	androidx.annotation.NonNull	private	true	/home/nima/Developer/nullness-benchmarks/glide/library/src/main/java/com/bumptech/glide/load/model/ModelLoaderRegistry.java
719	com.bumptech.glide.load.model.ModelLoaderRegistry	getClass(A)	0	[false]	androidx.annotation.NonNull,java.lang.SuppressWarnings	private	true	/home/nima/Developer/nullness-benchmarks/glide/library/src/main/java/com/bumptech/glide/load/model/ModelLoaderRegistry.java
720	com.bumptech.glide.load.model.ModelLoaderRegistry$ModelLoaderCache	ModelLoaderCache()	0	[]	com.bumptech.glide.util.Synthetic	package	false	/home/nima/Developer/nullness-benchmarks/glide/library/src/main/java/com/bumptech/glide/load/model/ModelLoaderRegistry.java
721	com.bumptech.glide.load.model.ModelLoaderRegistry$ModelLoaderCache	clear()	0	[]		public	false	/home/nima/Developer/nullness-benchmarks/glide/library/src/main/java/com/bumptech/glide/load/model/ModelLoaderRegistry.java
722	com.bumptech.glide.load.model.ModelLoaderRegistry$ModelLoaderCache	put(java.lang.Class,java.util.List)	0	[false, false]		public	false	/home/nima/Developer/nullness-benchmarks/glide/library/src/main/java/com/bumptech/glide/load/model/ModelLoaderRegistry.java
723	com.bumptech.glide.load.model.ModelLoaderRegistry$ModelLoaderCache	get(java.lang.Class)	0	[false]	androidx.annotation.Nullable,java.lang.SuppressWarnings	public	true	/home/nima/Developer/nullness-benchmarks/glide/library/src/main/java/com/bumptech/glide/load/model/ModelLoaderRegistry.java
724	com.bumptech.glide.load.model.ModelLoaderRegistry$ModelLoaderCache$Entry	Entry(java.util.List)	0	[false]		public	false	/home/nima/Developer/nullness-benchmarks/glide/library/src/main/java/com/bumptech/glide/load/model/ModelLoaderRegistry.java
725	com.bumptech.glide.provider.EncoderRegistry	getEncoder(java.lang.Class)	0	[false]	java.lang.SuppressWarnings,androidx.annotation.Nullable	public	true	/home/nima/Developer/nullness-benchmarks/glide/library/src/main/java/com/bumptech/glide/provider/EncoderRegistry.java
726	com.bumptech.glide.provider.EncoderRegistry	append(java.lang.Class,com.bumptech.glide.load.Encoder)	0	[false, false]		public	false	/home/nima/Developer/nullness-benchmarks/glide/library/src/main/java/com/bumptech/glide/provider/EncoderRegistry.java
727	com.bumptech.glide.provider.EncoderRegistry	prepend(java.lang.Class,com.bumptech.glide.load.Encoder)	0	[false, false]		public	false	/home/nima/Developer/nullness-benchmarks/glide/library/src/main/java/com/bumptech/glide/provider/EncoderRegistry.java
728	com.bumptech.glide.provider.EncoderRegistry$Entry	Entry(java.lang.Class,com.bumptech.glide.load.Encoder)	0	[false, false]		package	false	/home/nima/Developer/nullness-benchmarks/glide/library/src/main/java/com/bumptech/glide/provider/EncoderRegistry.java
729	com.bumptech.glide.provider.EncoderRegistry$Entry	handles(java.lang.Class)	0	[false]		package	false	/home/nima/Developer/nullness-benchmarks/glide/library/src/main/java/com/bumptech/glide/provider/EncoderRegistry.java
730	com.bumptech.glide.provider.ResourceDecoderRegistry	setBucketPriorityList(java.util.List)	0	[false]		public	false	/home/nima/Developer/nullness-benchmarks/glide/library/src/main/java/com/bumptech/glide/provider/ResourceDecoderRegistry.java
731	com.bumptech.glide.provider.ResourceDecoderRegistry	getDecoders(java.lang.Class,java.lang.Class)	0	[false, false]	androidx.annotation.NonNull,java.lang.SuppressWarnings	public	true	/home/nima/Developer/nullness-benchmarks/glide/library/src/main/java/com/bumptech/glide/provider/ResourceDecoderRegistry.java
732	com.bumptech.glide.provider.ResourceDecoderRegistry	getResourceClasses(java.lang.Class,java.lang.Class)	0	[false, false]	androidx.annotation.NonNull,java.lang.SuppressWarnings	public	true	/home/nima/Developer/nullness-benchmarks/glide/library/src/main/java/com/bumptech/glide/provider/ResourceDecoderRegistry.java
733	com.bumptech.glide.provider.ResourceDecoderRegistry	append(java.lang.String,com.bumptech.glide.load.ResourceDecoder,java.lang.Class,java.lang.Class)	0	[false, false, false, false]		public	false	/home/nima/Developer/nullness-benchmarks/glide/library/src/main/java/com/bumptech/glide/provider/ResourceDecoderRegistry.java
734	com.bumptech.glide.provider.ResourceDecoderRegistry	prepend(java.lang.String,com.bumptech.glide.load.ResourceDecoder,java.lang.Class,java.lang.Class)	0	[false, false, false, false]		public	false	/home/nima/Developer/nullness-benchmarks/glide/library/src/main/java/com/bumptech/glide/provider/ResourceDecoderRegistry.java
735	com.bumptech.glide.provider.ResourceDecoderRegistry	getOrAddEntryList(java.lang.String)	0	[false]	androidx.annotation.NonNull	private	true	/home/nima/Developer/nullness-benchmarks/glide/library/src/main/java/com/bumptech/glide/provider/ResourceDecoderRegistry.java
736	com.bumptech.glide.provider.ResourceDecoderRegistry$Entry	Entry(java.lang.Class,java.lang.Class,com.bumptech.glide.load.ResourceDecoder)	0	[false, false, false]		public	false	/home/nima/Developer/nullness-benchmarks/glide/library/src/main/java/com/bumptech/glide/provider/ResourceDecoderRegistry.java
737	com.bumptech.glide.provider.ResourceDecoderRegistry$Entry	handles(java.lang.Class,java.lang.Class)	0	[false, false]		public	false	/home/nima/Developer/nullness-benchmarks/glide/library/src/main/java/com/bumptech/glide/provider/ResourceDecoderRegistry.java
738	com.bumptech.glide.provider.ResourceEncoderRegistry	append(java.lang.Class,com.bumptech.glide.load.ResourceEncoder)	0	[false, false]		public	false	/home/nima/Developer/nullness-benchmarks/glide/library/src/main/java/com/bumptech/glide/provider/ResourceEncoderRegistry.java
739	com.bumptech.glide.provider.ResourceEncoderRegistry	prepend(java.lang.Class,com.bumptech.glide.load.ResourceEncoder)	0	[false, false]		public	false	/home/nima/Developer/nullness-benchmarks/glide/library/src/main/java/com/bumptech/glide/provider/ResourceEncoderRegistry.java
740	com.bumptech.glide.provider.ResourceEncoderRegistry	get(java.lang.Class)	0	[false]	java.lang.SuppressWarnings,androidx.annotation.Nullable	public	true	/home/nima/Developer/nullness-benchmarks/glide/library/src/main/java/com/bumptech/glide/provider/ResourceEncoderRegistry.java
741	com.bumptech.glide.provider.ResourceEncoderRegistry$Entry	Entry(java.lang.Class,com.bumptech.glide.load.ResourceEncoder)	0	[false, false]		package	false	/home/nima/Developer/nullness-benchmarks/glide/library/src/main/java/com/bumptech/glide/provider/ResourceEncoderRegistry.java
742	com.bumptech.glide.provider.ResourceEncoderRegistry$Entry	handles(java.lang.Class)	0	[false]	com.bumptech.glide.util.Synthetic	package	false	/home/nima/Developer/nullness-benchmarks/glide/library/src/main/java/com/bumptech/glide/provider/ResourceEncoderRegistry.java
743	com.bumptech.glide.load.data.DataRewinderRegistry$1	build(java.lang.Object)	744	[false]	androidx.annotation.NonNull,java.lang.Override	public	true	/home/nima/Developer/nullness-benchmarks/glide/library/src/main/java/com/bumptech/glide/load/data/DataRewinderRegistry.java
745	com.bumptech.glide.load.data.DataRewinderRegistry$1	getDataClass()	746	[]	androidx.annotation.NonNull,java.lang.Override	public	true	/home/nima/Developer/nullness-benchmarks/glide/library/src/main/java/com/bumptech/glide/load/data/DataRewinderRegistry.java
747	com.bumptech.glide.load.data.DataRewinderRegistry	register(com.bumptech.glide.load.data.DataRewinder.Factory)	0	[false]		public	false	/home/nima/Developer/nullness-benchmarks/glide/library/src/main/java/com/bumptech/glide/load/data/DataRewinderRegistry.java
748	com.bumptech.glide.load.data.DataRewinderRegistry	build(T)	0	[false]	androidx.annotation.NonNull,java.lang.SuppressWarnings	public	true	/home/nima/Developer/nullness-benchmarks/glide/library/src/main/java/com/bumptech/glide/load/data/DataRewinderRegistry.java
749	com.bumptech.glide.load.data.DataRewinderRegistry$DefaultRewinder	DefaultRewinder(java.lang.Object)	0	[false]		package	false	/home/nima/Developer/nullness-benchmarks/glide/library/src/main/java/com/bumptech/glide/load/data/DataRewinderRegistry.java
750	com.bumptech.glide.load.data.DataRewinderRegistry$DefaultRewinder	rewindAndGet()	751	[]	androidx.annotation.NonNull,java.lang.Override	public	true	/home/nima/Developer/nullness-benchmarks/glide/library/src/main/java/com/bumptech/glide/load/data/DataRewinderRegistry.java
752	com.bumptech.glide.load.data.DataRewinderRegistry$DefaultRewinder	cleanup()	753	[]	java.lang.Override	public	false	/home/nima/Developer/nullness-benchmarks/glide/library/src/main/java/com/bumptech/glide/load/data/DataRewinderRegistry.java
754	com.bumptech.glide.load.resource.transcode.TranscoderRegistry	register(java.lang.Class,java.lang.Class,com.bumptech.glide.load.resource.transcode.ResourceTranscoder)	0	[false, false, false]		public	false	/home/nima/Developer/nullness-benchmarks/glide/library/src/main/java/com/bumptech/glide/load/resource/transcode/TranscoderRegistry.java
755	com.bumptech.glide.load.resource.transcode.TranscoderRegistry	get(java.lang.Class,java.lang.Class)	0	[false, false]	androidx.annotation.NonNull,java.lang.SuppressWarnings	public	true	/home/nima/Developer/nullness-benchmarks/glide/library/src/main/java/com/bumptech/glide/load/resource/transcode/TranscoderRegistry.java
756	com.bumptech.glide.load.resource.transcode.TranscoderRegistry	getTranscodeClasses(java.lang.Class,java.lang.Class)	0	[false, false]	androidx.annotation.NonNull,java.lang.SuppressWarnings	public	true	/home/nima/Developer/nullness-benchmarks/glide/library/src/main/java/com/bumptech/glide/load/resource/transcode/TranscoderRegistry.java
757	com.bumptech.glide.load.resource.transcode.TranscoderRegistry$Entry	Entry(java.lang.Class,java.lang.Class,com.bumptech.glide.load.resource.transcode.ResourceTranscoder)	0	[false, false, false]		package	false	/home/nima/Developer/nullness-benchmarks/glide/library/src/main/java/com/bumptech/glide/load/resource/transcode/TranscoderRegistry.java
758	com.bumptech.glide.load.resource.transcode.TranscoderRegistry$Entry	handles(java.lang.Class,java.lang.Class)	0	[false, false]		public	false	/home/nima/Developer/nullness-benchmarks/glide/library/src/main/java/com/bumptech/glide/load/resource/transcode/TranscoderRegistry.java
759	com.bumptech.glide.provider.ImageHeaderParserRegistry	getParsers()	0	[]	androidx.annotation.NonNull	public	true	/home/nima/Developer/nullness-benchmarks/glide/library/src/main/java/com/bumptech/glide/provider/ImageHeaderParserRegistry.java
760	com.bumptech.glide.provider.ImageHeaderParserRegistry	add(com.bumptech.glide.load.ImageHeaderParser)	0	[false]		public	false	/home/nima/Developer/nullness-benchmarks/glide/library/src/main/java/com/bumptech/glide/provider/ImageHeaderParserRegistry.java
761	com.bumptech.glide.provider.ModelToResourceClassCache	get(java.lang.Class,java.lang.Class,java.lang.Class)	0	[false, false, false]	androidx.annotation.Nullable	public	true	/home/nima/Developer/nullness-benchmarks/glide/library/src/main/java/com/bumptech/glide/provider/ModelToResourceClassCache.java
762	com.bumptech.glide.provider.ModelToResourceClassCache	put(java.lang.Class,java.lang.Class,java.lang.Class,java.util.List)	0	[false, false, false, false]		public	false	/home/nima/Developer/nullness-benchmarks/glide/library/src/main/java/com/bumptech/glide/provider/ModelToResourceClassCache.java
763	com.bumptech.glide.provider.ModelToResourceClassCache	clear()	0	[]		public	false	/home/nima/Developer/nullness-benchmarks/glide/library/src/main/java/com/bumptech/glide/provider/ModelToResourceClassCache.java
764	com.bumptech.glide.provider.LoadPathCache	isEmptyLoadPath(com.bumptech.glide.load.engine.LoadPath)	0	[true]		public	false	/home/nima/Developer/nullness-benchmarks/glide/library/src/main/java/com/bumptech/glide/provider/LoadPathCache.java
765	com.bumptech.glide.provider.LoadPathCache	get(java.lang.Class,java.lang.Class,java.lang.Class)	0	[false, false, false]	java.lang.SuppressWarnings,androidx.annotation.Nullable	public	true	/home/nima/Developer/nullness-benchmarks/glide/library/src/main/java/com/bumptech/glide/provider/LoadPathCache.java
766	com.bumptech.glide.provider.LoadPathCache	put(java.lang.Class,java.lang.Class,java.lang.Class,com.bumptech.glide.load.engine.LoadPath)	0	[false, false, false, true]		public	false	/home/nima/Developer/nullness-benchmarks/glide/library/src/main/java/com/bumptech/glide/provider/LoadPathCache.java
767	com.bumptech.glide.provider.LoadPathCache	getKey(java.lang.Class,java.lang.Class,java.lang.Class)	0	[false, false, false]		private	true	/home/nima/Developer/nullness-benchmarks/glide/library/src/main/java/com/bumptech/glide/provider/LoadPathCache.java
768	com.bumptech.glide.load.Encoder	encode(T,java.io.File,com.bumptech.glide.load.Options)	0	[false, false, false]		public	false	/home/nima/Developer/nullness-benchmarks/glide/library/src/main/java/com/bumptech/glide/load/Encoder.java
769	com.bumptech.glide.load.ResourceDecoder	handles(T,com.bumptech.glide.load.Options)	0	[false, false]		public	false	/home/nima/Developer/nullness-benchmarks/glide/library/src/main/java/com/bumptech/glide/load/ResourceDecoder.java
770	com.bumptech.glide.load.ResourceDecoder	decode(T,int,int,com.bumptech.glide.load.Options)	0	[false, false, false, false]	androidx.annotation.Nullable	public	true	/home/nima/Developer/nullness-benchmarks/glide/library/src/main/java/com/bumptech/glide/load/ResourceDecoder.java
771	com.bumptech.glide.load.ResourceEncoder	getEncodeStrategy(com.bumptech.glide.load.Options)	0	[false]	androidx.annotation.NonNull	public	true	/home/nima/Developer/nullness-benchmarks/glide/library/src/main/java/com/bumptech/glide/load/ResourceEncoder.java
744	com.bumptech.glide.load.data.DataRewinder$Factory	build(T)	0	[false]	androidx.annotation.NonNull	public	true	/home/nima/Developer/nullness-benchmarks/glide/library/src/main/java/com/bumptech/glide/load/data/DataRewinder.java
746	com.bumptech.glide.load.data.DataRewinder$Factory	getDataClass()	0	[]	androidx.annotation.NonNull	public	true	/home/nima/Developer/nullness-benchmarks/glide/library/src/main/java/com/bumptech/glide/load/data/DataRewinder.java
751	com.bumptech.glide.load.data.DataRewinder	rewindAndGet()	0	[]	androidx.annotation.NonNull	public	true	/home/nima/Developer/nullness-benchmarks/glide/library/src/main/java/com/bumptech/glide/load/data/DataRewinder.java
753	com.bumptech.glide.load.data.DataRewinder	cleanup()	0	[]		public	false	/home/nima/Developer/nullness-benchmarks/glide/library/src/main/java/com/bumptech/glide/load/data/DataRewinder.java
772	com.bumptech.glide.load.resource.transcode.ResourceTranscoder	transcode(com.bumptech.glide.load.engine.Resource,com.bumptech.glide.load.Options)	0	[false, false]	androidx.annotation.Nullable	public	true	/home/nima/Developer/nullness-benchmarks/glide/library/src/main/java/com/bumptech/glide/load/resource/transcode/ResourceTranscoder.java
773	com.bumptech.glide.load.ImageHeaderParser$ImageType	ImageType(boolean)	0	[false]		private	false	/home/nima/Developer/nullness-benchmarks/glide/library/src/main/java/com/bumptech/glide/load/ImageHeaderParser.java
774	com.bumptech.glide.load.ImageHeaderParser$ImageType	hasAlpha()	0	[]		public	false	/home/nima/Developer/nullness-benchmarks/glide/library/src/main/java/com/bumptech/glide/load/ImageHeaderParser.java
775	com.bumptech.glide.load.ImageHeaderParser$ImageType	isWebp()	0	[]		public	false	/home/nima/Developer/nullness-benchmarks/glide/library/src/main/java/com/bumptech/glide/load/ImageHeaderParser.java
776	com.bumptech.glide.load.ImageHeaderParser	getType(java.io.InputStream)	0	[false]	androidx.annotation.NonNull	public	true	/home/nima/Developer/nullness-benchmarks/glide/library/src/main/java/com/bumptech/glide/load/ImageHeaderParser.java
777	com.bumptech.glide.load.ImageHeaderParser	getType(java.nio.ByteBuffer)	0	[false]	androidx.annotation.NonNull	public	true	/home/nima/Developer/nullness-benchmarks/glide/library/src/main/java/com/bumptech/glide/load/ImageHeaderParser.java
778	com.bumptech.glide.load.ImageHeaderParser	getOrientation(java.io.InputStream,com.bumptech.glide.load.engine.bitmap_recycle.ArrayPool)	0	[false, false]		public	false	/home/nima/Developer/nullness-benchmarks/glide/library/src/main/java/com/bumptech/glide/load/ImageHeaderParser.java
779	com.bumptech.glide.load.ImageHeaderParser	getOrientation(java.nio.ByteBuffer,com.bumptech.glide.load.engine.bitmap_recycle.ArrayPool)	0	[false, false]		public	false	/home/nima/Developer/nullness-benchmarks/glide/library/src/main/java/com/bumptech/glide/load/ImageHeaderParser.java
780	com.bumptech.glide.load.ImageHeaderParser	hasJpegMpf(java.io.InputStream,com.bumptech.glide.load.engine.bitmap_recycle.ArrayPool)	0	[false, false]		public	false	/home/nima/Developer/nullness-benchmarks/glide/library/src/main/java/com/bumptech/glide/load/ImageHeaderParser.java
781	com.bumptech.glide.load.ImageHeaderParser	hasJpegMpf(java.nio.ByteBuffer,com.bumptech.glide.load.engine.bitmap_recycle.ArrayPool)	0	[false, false]		public	false	/home/nima/Developer/nullness-benchmarks/glide/library/src/main/java/com/bumptech/glide/load/ImageHeaderParser.java
782	com.bumptech.glide.load.model.ModelLoaderFactory	build(com.bumptech.glide.load.model.MultiModelLoaderFactory)	0	[false]	androidx.annotation.NonNull	public	true	/home/nima/Developer/nullness-benchmarks/glide/library/src/main/java/com/bumptech/glide/load/model/ModelLoaderFactory.java
783	com.bumptech.glide.load.model.ModelLoaderFactory	teardown()	0	[]		public	false	/home/nima/Developer/nullness-benchmarks/glide/library/src/main/java/com/bumptech/glide/load/model/ModelLoaderFactory.java
784	com.bumptech.glide.load.engine.LoadPath	LoadPath(java.lang.Class,java.lang.Class,java.lang.Class,java.util.List,androidx.core.util.Pools.Pool)	0	[false, false, false, false, false]		public	false	/home/nima/Developer/nullness-benchmarks/glide/library/src/main/java/com/bumptech/glide/load/engine/LoadPath.java
785	com.bumptech.glide.load.engine.LoadPath	load(com.bumptech.glide.load.data.DataRewinder,com.bumptech.glide.load.Options,int,int,com.bumptech.glide.load.engine.DecodePath.DecodeCallback)	0	[false, false, false, false, false]		public	true	/home/nima/Developer/nullness-benchmarks/glide/library/src/main/java/com/bumptech/glide/load/engine/LoadPath.java
786	com.bumptech.glide.load.engine.LoadPath	loadWithExceptionList(com.bumptech.glide.load.data.DataRewinder,com.bumptech.glide.load.Options,int,int,com.bumptech.glide.load.engine.DecodePath.DecodeCallback,java.util.List)	0	[false, false, false, false, false, false]		private	true	/home/nima/Developer/nullness-benchmarks/glide/library/src/main/java/com/bumptech/glide/load/engine/LoadPath.java
787	com.bumptech.glide.load.engine.LoadPath	getDataClass()	0	[]		public	true	/home/nima/Developer/nullness-benchmarks/glide/library/src/main/java/com/bumptech/glide/load/engine/LoadPath.java
788	com.bumptech.glide.load.engine.LoadPath	toString()	126	[]	java.lang.Override	public	true	/home/nima/Developer/nullness-benchmarks/glide/library/src/main/java/com/bumptech/glide/load/engine/LoadPath.java
789	com.bumptech.glide.load.engine.DecodePath	DecodePath(java.lang.Class,java.lang.Class,java.lang.Class,java.util.List,com.bumptech.glide.load.resource.transcode.ResourceTranscoder,androidx.core.util.Pools.Pool)	0	[false, false, false, false, false, false]		public	false	/home/nima/Developer/nullness-benchmarks/glide/library/src/main/java/com/bumptech/glide/load/engine/DecodePath.java
790	com.bumptech.glide.load.engine.DecodePath	decode(com.bumptech.glide.load.data.DataRewinder,int,int,com.bumptech.glide.load.Options,com.bumptech.glide.load.engine.DecodePath.DecodeCallback)	0	[false, false, false, false, false]		public	true	/home/nima/Developer/nullness-benchmarks/glide/library/src/main/java/com/bumptech/glide/load/engine/DecodePath.java
791	com.bumptech.glide.load.engine.DecodePath	decodeResource(com.bumptech.glide.load.data.DataRewinder,int,int,com.bumptech.glide.load.Options)	0	[false, false, false, false]	androidx.annotation.NonNull	private	true	/home/nima/Developer/nullness-benchmarks/glide/library/src/main/java/com/bumptech/glide/load/engine/DecodePath.java
792	com.bumptech.glide.load.engine.DecodePath	decodeResourceWithList(com.bumptech.glide.load.data.DataRewinder,int,int,com.bumptech.glide.load.Options,java.util.List)	0	[false, false, false, false, false]	androidx.annotation.NonNull	private	true	/home/nima/Developer/nullness-benchmarks/glide/library/src/main/java/com/bumptech/glide/load/engine/DecodePath.java
793	com.bumptech.glide.load.engine.DecodePath	toString()	126	[]	java.lang.Override	public	true	/home/nima/Developer/nullness-benchmarks/glide/library/src/main/java/com/bumptech/glide/load/engine/DecodePath.java
794	com.bumptech.glide.load.engine.DecodePath$DecodeCallback	onResourceDecoded(com.bumptech.glide.load.engine.Resource)	0	[false]	androidx.annotation.NonNull	public	true	/home/nima/Developer/nullness-benchmarks/glide/library/src/main/java/com/bumptech/glide/load/engine/DecodePath.java
795	com.bumptech.glide.load.model.ModelLoader$LoadData	LoadData(com.bumptech.glide.load.Key,com.bumptech.glide.load.data.DataFetcher)	0	[false, false]		public	false	/home/nima/Developer/nullness-benchmarks/glide/library/src/main/java/com/bumptech/glide/load/model/ModelLoader.java
796	com.bumptech.glide.load.model.ModelLoader$LoadData	LoadData(com.bumptech.glide.load.Key,java.util.List,com.bumptech.glide.load.data.DataFetcher)	0	[false, false, false]		public	false	/home/nima/Developer/nullness-benchmarks/glide/library/src/main/java/com/bumptech/glide/load/model/ModelLoader.java
797	com.bumptech.glide.load.model.ModelLoader	buildLoadData(Model,int,int,com.bumptech.glide.load.Options)	0	[false, false, false, false]	androidx.annotation.Nullable	public	true	/home/nima/Developer/nullness-benchmarks/glide/library/src/main/java/com/bumptech/glide/load/model/ModelLoader.java
798	com.bumptech.glide.load.model.ModelLoader	handles(Model)	0	[false]		public	false	/home/nima/Developer/nullness-benchmarks/glide/library/src/main/java/com/bumptech/glide/load/model/ModelLoader.java
799	com.bumptech.glide.load.Options	putAll(com.bumptech.glide.load.Options)	0	[false]		public	false	/home/nima/Developer/nullness-benchmarks/glide/library/src/main/java/com/bumptech/glide/load/Options.java
800	com.bumptech.glide.load.Options	set(com.bumptech.glide.load.Option,T)	0	[false, false]	androidx.annotation.NonNull	public	true	/home/nima/Developer/nullness-benchmarks/glide/library/src/main/java/com/bumptech/glide/load/Options.java
801	com.bumptech.glide.load.Options	remove(com.bumptech.glide.load.Option)	0	[false]		public	true	/home/nima/Developer/nullness-benchmarks/glide/library/src/main/java/com/bumptech/glide/load/Options.java
802	com.bumptech.glide.load.Options	get(com.bumptech.glide.load.Option)	0	[false]	androidx.annotation.Nullable,java.lang.SuppressWarnings	public	true	/home/nima/Developer/nullness-benchmarks/glide/library/src/main/java/com/bumptech/glide/load/Options.java
803	com.bumptech.glide.load.Options	equals(java.lang.Object)	494	[false]	java.lang.Override	public	false	/home/nima/Developer/nullness-benchmarks/glide/library/src/main/java/com/bumptech/glide/load/Options.java
804	com.bumptech.glide.load.Options	hashCode()	495	[]	java.lang.Override	public	false	/home/nima/Developer/nullness-benchmarks/glide/library/src/main/java/com/bumptech/glide/load/Options.java
805	com.bumptech.glide.load.Options	updateDiskCacheKey(java.security.MessageDigest)	493	[false]	java.lang.Override	public	false	/home/nima/Developer/nullness-benchmarks/glide/library/src/main/java/com/bumptech/glide/load/Options.java
806	com.bumptech.glide.load.Options	toString()	126	[]	java.lang.Override	public	true	/home/nima/Developer/nullness-benchmarks/glide/library/src/main/java/com/bumptech/glide/load/Options.java
807	com.bumptech.glide.load.Options	updateDiskCacheKey(com.bumptech.glide.load.Option,java.lang.Object,java.security.MessageDigest)	0	[false, false, false]	java.lang.SuppressWarnings	private	false	/home/nima/Developer/nullness-benchmarks/glide/library/src/main/java/com/bumptech/glide/load/Options.java
808	com.bumptech.glide.load.data.DataFetcher$DataCallback	onDataReady(T)	0	[true]		public	false	/home/nima/Developer/nullness-benchmarks/glide/library/src/main/java/com/bumptech/glide/load/data/DataFetcher.java
809	com.bumptech.glide.load.data.DataFetcher$DataCallback	onLoadFailed(java.lang.Exception)	0	[false]		public	false	/home/nima/Developer/nullness-benchmarks/glide/library/src/main/java/com/bumptech/glide/load/data/DataFetcher.java
810	com.bumptech.glide.load.data.DataFetcher	loadData(com.bumptech.glide.Priority,com.bumptech.glide.load.data.DataFetcher.DataCallback)	0	[false, false]		public	false	/home/nima/Developer/nullness-benchmarks/glide/library/src/main/java/com/bumptech/glide/load/data/DataFetcher.java
811	com.bumptech.glide.load.data.DataFetcher	cleanup()	0	[]		public	false	/home/nima/Developer/nullness-benchmarks/glide/library/src/main/java/com/bumptech/glide/load/data/DataFetcher.java
812	com.bumptech.glide.load.data.DataFetcher	cancel()	0	[]		public	false	/home/nima/Developer/nullness-benchmarks/glide/library/src/main/java/com/bumptech/glide/load/data/DataFetcher.java
813	com.bumptech.glide.load.data.DataFetcher	getDataClass()	0	[]	androidx.annotation.NonNull	public	true	/home/nima/Developer/nullness-benchmarks/glide/library/src/main/java/com/bumptech/glide/load/data/DataFetcher.java
814	com.bumptech.glide.load.data.DataFetcher	getDataSource()	0	[]	androidx.annotation.NonNull	public	true	/home/nima/Developer/nullness-benchmarks/glide/library/src/main/java/com/bumptech/glide/load/data/DataFetcher.java
815	com.bumptech.glide.load.Option$1	update(byte[],java.lang.Object,java.security.MessageDigest)	816	[false, false, false]	java.lang.Override	public	false	/home/nima/Developer/nullness-benchmarks/glide/library/src/main/java/com/bumptech/glide/load/Option.java
817	com.bumptech.glide.load.Option	memory(java.lang.String)	0	[false]	androidx.annotation.NonNull	public	true	/home/nima/Developer/nullness-benchmarks/glide/library/src/main/java/com/bumptech/glide/load/Option.java
818	com.bumptech.glide.load.Option	memory(java.lang.String,T)	0	[false, false]	androidx.annotation.NonNull	public	true	/home/nima/Developer/nullness-benchmarks/glide/library/src/main/java/com/bumptech/glide/load/Option.java
819	com.bumptech.glide.load.Option	disk(java.lang.String,com.bumptech.glide.load.Option.CacheKeyUpdater)	0	[false, false]	androidx.annotation.NonNull	public	true	/home/nima/Developer/nullness-benchmarks/glide/library/src/main/java/com/bumptech/glide/load/Option.java
820	com.bumptech.glide.load.Option	disk(java.lang.String,T,com.bumptech.glide.load.Option.CacheKeyUpdater)	0	[false, true, false]	androidx.annotation.NonNull	public	true	/home/nima/Developer/nullness-benchmarks/glide/library/src/main/java/com/bumptech/glide/load/Option.java
821	com.bumptech.glide.load.Option	Option(java.lang.String,T,com.bumptech.glide.load.Option.CacheKeyUpdater)	0	[false, true, false]		private	false	/home/nima/Developer/nullness-benchmarks/glide/library/src/main/java/com/bumptech/glide/load/Option.java
822	com.bumptech.glide.load.Option	getDefaultValue()	0	[]	java.lang.SuppressWarnings,androidx.annotation.Nullable	public	true	/home/nima/Developer/nullness-benchmarks/glide/library/src/main/java/com/bumptech/glide/load/Option.java
823	com.bumptech.glide.load.Option	update(T,java.security.MessageDigest)	0	[false, false]		public	false	/home/nima/Developer/nullness-benchmarks/glide/library/src/main/java/com/bumptech/glide/load/Option.java
824	com.bumptech.glide.load.Option	getKeyBytes()	0	[]	androidx.annotation.NonNull	private	true	/home/nima/Developer/nullness-benchmarks/glide/library/src/main/java/com/bumptech/glide/load/Option.java
825	com.bumptech.glide.load.Option	equals(java.lang.Object)	200	[false]	java.lang.Override	public	false	/home/nima/Developer/nullness-benchmarks/glide/library/src/main/java/com/bumptech/glide/load/Option.java
826	com.bumptech.glide.load.Option	hashCode()	201	[]	java.lang.Override	public	false	/home/nima/Developer/nullness-benchmarks/glide/library/src/main/java/com/bumptech/glide/load/Option.java
827	com.bumptech.glide.load.Option	emptyUpdater()	0	[]	androidx.annotation.NonNull,java.lang.SuppressWarnings	private	true	/home/nima/Developer/nullness-benchmarks/glide/library/src/main/java/com/bumptech/glide/load/Option.java
828	com.bumptech.glide.load.Option	toString()	126	[]	java.lang.Override	public	true	/home/nima/Developer/nullness-benchmarks/glide/library/src/main/java/com/bumptech/glide/load/Option.java
816	com.bumptech.glide.load.Option$CacheKeyUpdater	update(byte[],T,java.security.MessageDigest)	0	[false, false, false]		public	false	/home/nima/Developer/nullness-benchmarks/glide/library/src/main/java/com/bumptech/glide/load/Option.java
829	com.bumptech.glide.load.model.MultiModelLoaderFactory	MultiModelLoaderFactory(androidx.core.util.Pools.Pool)	0	[false]		public	false	/home/nima/Developer/nullness-benchmarks/glide/library/src/main/java/com/bumptech/glide/load/model/MultiModelLoaderFactory.java
830	com.bumptech.glide.load.model.MultiModelLoaderFactory	MultiModelLoaderFactory(androidx.core.util.Pools.Pool,com.bumptech.glide.load.model.MultiModelLoaderFactory.Factory)	0	[false, false]	androidx.annotation.VisibleForTesting	package	false	/home/nima/Developer/nullness-benchmarks/glide/library/src/main/java/com/bumptech/glide/load/model/MultiModelLoaderFactory.java
831	com.bumptech.glide.load.model.MultiModelLoaderFactory	append(java.lang.Class,java.lang.Class,com.bumptech.glide.load.model.ModelLoaderFactory)	0	[false, false, false]		package	false	/home/nima/Developer/nullness-benchmarks/glide/library/src/main/java/com/bumptech/glide/load/model/MultiModelLoaderFactory.java
832	com.bumptech.glide.load.model.MultiModelLoaderFactory	prepend(java.lang.Class,java.lang.Class,com.bumptech.glide.load.model.ModelLoaderFactory)	0	[false, false, false]		package	false	/home/nima/Developer/nullness-benchmarks/glide/library/src/main/java/com/bumptech/glide/load/model/MultiModelLoaderFactory.java
833	com.bumptech.glide.load.model.MultiModelLoaderFactory	add(java.lang.Class,java.lang.Class,com.bumptech.glide.load.model.ModelLoaderFactory,boolean)	0	[false, false, false, false]		private	false	/home/nima/Developer/nullness-benchmarks/glide/library/src/main/java/com/bumptech/glide/load/model/MultiModelLoaderFactory.java
834	com.bumptech.glide.load.model.MultiModelLoaderFactory	replace(java.lang.Class,java.lang.Class,com.bumptech.glide.load.model.ModelLoaderFactory)	0	[false, false, false]	androidx.annotation.NonNull	package	true	/home/nima/Developer/nullness-benchmarks/glide/library/src/main/java/com/bumptech/glide/load/model/MultiModelLoaderFactory.java
835	com.bumptech.glide.load.model.MultiModelLoaderFactory	remove(java.lang.Class,java.lang.Class)	0	[false, false]	androidx.annotation.NonNull	package	true	/home/nima/Developer/nullness-benchmarks/glide/library/src/main/java/com/bumptech/glide/load/model/MultiModelLoaderFactory.java
836	com.bumptech.glide.load.model.MultiModelLoaderFactory	build(java.lang.Class)	0	[false]	androidx.annotation.NonNull	package	true	/home/nima/Developer/nullness-benchmarks/glide/library/src/main/java/com/bumptech/glide/load/model/MultiModelLoaderFactory.java
837	com.bumptech.glide.load.model.MultiModelLoaderFactory	getDataClasses(java.lang.Class)	0	[false]	androidx.annotation.NonNull	package	true	/home/nima/Developer/nullness-benchmarks/glide/library/src/main/java/com/bumptech/glide/load/model/MultiModelLoaderFactory.java
838	com.bumptech.glide.load.model.MultiModelLoaderFactory	build(java.lang.Class,java.lang.Class)	0	[false, false]	androidx.annotation.NonNull	public	true	/home/nima/Developer/nullness-benchmarks/glide/library/src/main/java/com/bumptech/glide/load/model/MultiModelLoaderFactory.java
839	com.bumptech.glide.load.model.MultiModelLoaderFactory	getFactory(com.bumptech.glide.load.model.MultiModelLoaderFactory.Entry)	0	[false]	androidx.annotation.NonNull,java.lang.SuppressWarnings	private	true	/home/nima/Developer/nullness-benchmarks/glide/library/src/main/java/com/bumptech/glide/load/model/MultiModelLoaderFactory.java
840	com.bumptech.glide.load.model.MultiModelLoaderFactory	build(com.bumptech.glide.load.model.MultiModelLoaderFactory.Entry)	0	[false]	androidx.annotation.NonNull,java.lang.SuppressWarnings	private	true	/home/nima/Developer/nullness-benchmarks/glide/library/src/main/java/com/bumptech/glide/load/model/MultiModelLoaderFactory.java
841	com.bumptech.glide.load.model.MultiModelLoaderFactory	emptyModelLoader()	0	[]	androidx.annotation.NonNull,java.lang.SuppressWarnings	private	true	/home/nima/Developer/nullness-benchmarks/glide/library/src/main/java/com/bumptech/glide/load/model/MultiModelLoaderFactory.java
842	com.bumptech.glide.load.model.MultiModelLoaderFactory$Entry	Entry(java.lang.Class,java.lang.Class,com.bumptech.glide.load.model.ModelLoaderFactory)	0	[false, false, false]		public	false	/home/nima/Developer/nullness-benchmarks/glide/library/src/main/java/com/bumptech/glide/load/model/MultiModelLoaderFactory.java
843	com.bumptech.glide.load.model.MultiModelLoaderFactory$Entry	handles(java.lang.Class,java.lang.Class)	0	[false, false]		public	false	/home/nima/Developer/nullness-benchmarks/glide/library/src/main/java/com/bumptech/glide/load/model/MultiModelLoaderFactory.java
844	com.bumptech.glide.load.model.MultiModelLoaderFactory$Entry	handles(java.lang.Class)	0	[false]		public	false	/home/nima/Developer/nullness-benchmarks/glide/library/src/main/java/com/bumptech/glide/load/model/MultiModelLoaderFactory.java
845	com.bumptech.glide.load.model.MultiModelLoaderFactory$Factory	build(java.util.List,androidx.core.util.Pools.Pool)	0	[false, false]	androidx.annotation.NonNull	public	true	/home/nima/Developer/nullness-benchmarks/glide/library/src/main/java/com/bumptech/glide/load/model/MultiModelLoaderFactory.java
846	com.bumptech.glide.load.model.MultiModelLoaderFactory$EmptyModelLoader	EmptyModelLoader()	0	[]	com.bumptech.glide.util.Synthetic	package	false	/home/nima/Developer/nullness-benchmarks/glide/library/src/main/java/com/bumptech/glide/load/model/MultiModelLoaderFactory.java
847	com.bumptech.glide.load.model.MultiModelLoaderFactory$EmptyModelLoader	buildLoadData(java.lang.Object,int,int,com.bumptech.glide.load.Options)	797	[false, false, false, false]	androidx.annotation.Nullable,java.lang.Override	public	true	/home/nima/Developer/nullness-benchmarks/glide/library/src/main/java/com/bumptech/glide/load/model/MultiModelLoaderFactory.java
848	com.bumptech.glide.load.model.MultiModelLoaderFactory$EmptyModelLoader	handles(java.lang.Object)	798	[false]	java.lang.Override	public	false	/home/nima/Developer/nullness-benchmarks/glide/library/src/main/java/com/bumptech/glide/load/model/MultiModelLoaderFactory.java
849	com.bumptech.glide.load.model.MultiModelLoader	MultiModelLoader(java.util.List,androidx.core.util.Pools.Pool)	0	[false, false]		package	false	/home/nima/Developer/nullness-benchmarks/glide/library/src/main/java/com/bumptech/glide/load/model/MultiModelLoader.java
850	com.bumptech.glide.load.model.MultiModelLoader	buildLoadData(Model,int,int,com.bumptech.glide.load.Options)	797	[false, false, false, false]	java.lang.Override	public	true	/home/nima/Developer/nullness-benchmarks/glide/library/src/main/java/com/bumptech/glide/load/model/MultiModelLoader.java
851	com.bumptech.glide.load.model.MultiModelLoader	handles(Model)	798	[false]	java.lang.Override	public	false	/home/nima/Developer/nullness-benchmarks/glide/library/src/main/java/com/bumptech/glide/load/model/MultiModelLoader.java
852	com.bumptech.glide.load.model.MultiModelLoader	toString()	126	[]	java.lang.Override	public	true	/home/nima/Developer/nullness-benchmarks/glide/library/src/main/java/com/bumptech/glide/load/model/MultiModelLoader.java
853	com.bumptech.glide.load.model.MultiModelLoader$MultiFetcher	MultiFetcher(java.util.List,androidx.core.util.Pools.Pool)	0	[false, false]		package	false	/home/nima/Developer/nullness-benchmarks/glide/library/src/main/java/com/bumptech/glide/load/model/MultiModelLoader.java
854	com.bumptech.glide.load.model.MultiModelLoader$MultiFetcher	loadData(com.bumptech.glide.Priority,com.bumptech.glide.load.data.DataFetcher.DataCallback)	810	[false, false]	java.lang.Override	public	false	/home/nima/Developer/nullness-benchmarks/glide/library/src/main/java/com/bumptech/glide/load/model/MultiModelLoader.java
855	com.bumptech.glide.load.model.MultiModelLoader$MultiFetcher	cleanup()	811	[]	java.lang.Override	public	false	/home/nima/Developer/nullness-benchmarks/glide/library/src/main/java/com/bumptech/glide/load/model/MultiModelLoader.java
856	com.bumptech.glide.load.model.MultiModelLoader$MultiFetcher	cancel()	812	[]	java.lang.Override	public	false	/home/nima/Developer/nullness-benchmarks/glide/library/src/main/java/com/bumptech/glide/load/model/MultiModelLoader.java
857	com.bumptech.glide.load.model.MultiModelLoader$MultiFetcher	getDataClass()	813	[]	androidx.annotation.NonNull,java.lang.Override	public	true	/home/nima/Developer/nullness-benchmarks/glide/library/src/main/java/com/bumptech/glide/load/model/MultiModelLoader.java
858	com.bumptech.glide.load.model.MultiModelLoader$MultiFetcher	getDataSource()	814	[]	androidx.annotation.NonNull,java.lang.Override	public	true	/home/nima/Developer/nullness-benchmarks/glide/library/src/main/java/com/bumptech/glide/load/model/MultiModelLoader.java
859	com.bumptech.glide.load.model.MultiModelLoader$MultiFetcher	onDataReady(Data)	808	[true]	java.lang.Override	public	false	/home/nima/Developer/nullness-benchmarks/glide/library/src/main/java/com/bumptech/glide/load/model/MultiModelLoader.java
860	com.bumptech.glide.load.model.MultiModelLoader$MultiFetcher	onLoadFailed(java.lang.Exception)	809	[false]	java.lang.Override	public	false	/home/nima/Developer/nullness-benchmarks/glide/library/src/main/java/com/bumptech/glide/load/model/MultiModelLoader.java
861	com.bumptech.glide.load.model.MultiModelLoader$MultiFetcher	startNextOrFail()	0	[]		private	false	/home/nima/Developer/nullness-benchmarks/glide/library/src/main/java/com/bumptech/glide/load/model/MultiModelLoader.java
862	com.bumptech.glide.util.MultiClassKey	MultiClassKey()	0	[]		public	false	/home/nima/Developer/nullness-benchmarks/glide/library/src/main/java/com/bumptech/glide/util/MultiClassKey.java
863	com.bumptech.glide.util.MultiClassKey	MultiClassKey(java.lang.Class,java.lang.Class)	0	[false, false]		public	false	/home/nima/Developer/nullness-benchmarks/glide/library/src/main/java/com/bumptech/glide/util/MultiClassKey.java
864	com.bumptech.glide.util.MultiClassKey	MultiClassKey(java.lang.Class,java.lang.Class,java.lang.Class)	0	[false, false, true]		public	false	/home/nima/Developer/nullness-benchmarks/glide/library/src/main/java/com/bumptech/glide/util/MultiClassKey.java
865	com.bumptech.glide.util.MultiClassKey	set(java.lang.Class,java.lang.Class)	0	[false, false]		public	false	/home/nima/Developer/nullness-benchmarks/glide/library/src/main/java/com/bumptech/glide/util/MultiClassKey.java
866	com.bumptech.glide.util.MultiClassKey	set(java.lang.Class,java.lang.Class,java.lang.Class)	0	[false, false, true]		public	false	/home/nima/Developer/nullness-benchmarks/glide/library/src/main/java/com/bumptech/glide/util/MultiClassKey.java
867	com.bumptech.glide.util.MultiClassKey	toString()	126	[]	java.lang.Override	public	true	/home/nima/Developer/nullness-benchmarks/glide/library/src/main/java/com/bumptech/glide/util/MultiClassKey.java
868	com.bumptech.glide.util.MultiClassKey	equals(java.lang.Object)	200	[false]	java.lang.SuppressWarnings,java.lang.Override	public	false	/home/nima/Developer/nullness-benchmarks/glide/library/src/main/java/com/bumptech/glide/util/MultiClassKey.java
869	com.bumptech.glide.util.MultiClassKey	hashCode()	201	[]	java.lang.Override	public	false	/home/nima/Developer/nullness-benchmarks/glide/library/src/main/java/com/bumptech/glide/util/MultiClassKey.java
870	com.bumptech.glide.load.engine.executor.GlideExecutor	newDiskCacheBuilder()	0	[]		public	true	/home/nima/Developer/nullness-benchmarks/glide/library/src/main/java/com/bumptech/glide/load/engine/executor/GlideExecutor.java
871	com.bumptech.glide.load.engine.executor.GlideExecutor	newDiskCacheExecutor()	0	[]		public	true	/home/nima/Developer/nullness-benchmarks/glide/library/src/main/java/com/bumptech/glide/load/engine/executor/GlideExecutor.java
872	com.bumptech.glide.load.engine.executor.GlideExecutor	newDiskCacheExecutor(com.bumptech.glide.load.engine.executor.GlideExecutor.UncaughtThrowableStrategy)	0	[false]	java.lang.SuppressWarnings,java.lang.Deprecated	public	true	/home/nima/Developer/nullness-benchmarks/glide/library/src/main/java/com/bumptech/glide/load/engine/executor/GlideExecutor.java
873	com.bumptech.glide.load.engine.executor.GlideExecutor	newDiskCacheExecutor(int,java.lang.String,com.bumptech.glide.load.engine.executor.GlideExecutor.UncaughtThrowableStrategy)	0	[false, false, false]	java.lang.SuppressWarnings,java.lang.Deprecated	public	true	/home/nima/Developer/nullness-benchmarks/glide/library/src/main/java/com/bumptech/glide/load/engine/executor/GlideExecutor.java
874	com.bumptech.glide.load.engine.executor.GlideExecutor	newSourceBuilder()	0	[]		public	true	/home/nima/Developer/nullness-benchmarks/glide/library/src/main/java/com/bumptech/glide/load/engine/executor/GlideExecutor.java
875	com.bumptech.glide.load.engine.executor.GlideExecutor	newSourceExecutor()	0	[]		public	true	/home/nima/Developer/nullness-benchmarks/glide/library/src/main/java/com/bumptech/glide/load/engine/executor/GlideExecutor.java
876	com.bumptech.glide.load.engine.executor.GlideExecutor	newSourceExecutor(com.bumptech.glide.load.engine.executor.GlideExecutor.UncaughtThrowableStrategy)	0	[false]	java.lang.SuppressWarnings,java.lang.Deprecated	public	true	/home/nima/Developer/nullness-benchmarks/glide/library/src/main/java/com/bumptech/glide/load/engine/executor/GlideExecutor.java
877	com.bumptech.glide.load.engine.executor.GlideExecutor	newSourceExecutor(int,java.lang.String,com.bumptech.glide.load.engine.executor.GlideExecutor.UncaughtThrowableStrategy)	0	[false, false, false]	java.lang.SuppressWarnings,java.lang.Deprecated	public	true	/home/nima/Developer/nullness-benchmarks/glide/library/src/main/java/com/bumptech/glide/load/engine/executor/GlideExecutor.java
878	com.bumptech.glide.load.engine.executor.GlideExecutor	newUnlimitedSourceExecutor()	0	[]		public	true	/home/nima/Developer/nullness-benchmarks/glide/library/src/main/java/com/bumptech/glide/load/engine/executor/GlideExecutor.java
879	com.bumptech.glide.load.engine.executor.GlideExecutor	newAnimationBuilder()	0	[]		public	true	/home/nima/Developer/nullness-benchmarks/glide/library/src/main/java/com/bumptech/glide/load/engine/executor/GlideExecutor.java
880	com.bumptech.glide.load.engine.executor.GlideExecutor	calculateAnimationExecutorThreadCount()	0	[]		package	false	/home/nima/Developer/nullness-benchmarks/glide/library/src/main/java/com/bumptech/glide/load/engine/executor/GlideExecutor.java
881	com.bumptech.glide.load.engine.executor.GlideExecutor	newAnimationExecutor()	0	[]		public	true	/home/nima/Developer/nullness-benchmarks/glide/library/src/main/java/com/bumptech/glide/load/engine/executor/GlideExecutor.java
882	com.bumptech.glide.load.engine.executor.GlideExecutor	newAnimationExecutor(int,com.bumptech.glide.load.engine.executor.GlideExecutor.UncaughtThrowableStrategy)	0	[false, false]	java.lang.SuppressWarnings,java.lang.Deprecated	public	true	/home/nima/Developer/nullness-benchmarks/glide/library/src/main/java/com/bumptech/glide/load/engine/executor/GlideExecutor.java
883	com.bumptech.glide.load.engine.executor.GlideExecutor	GlideExecutor(java.util.concurrent.ExecutorService)	0	[false]	androidx.annotation.VisibleForTesting	package	false	/home/nima/Developer/nullness-benchmarks/glide/library/src/main/java/com/bumptech/glide/load/engine/executor/GlideExecutor.java
884	com.bumptech.glide.load.engine.executor.GlideExecutor	execute(java.lang.Runnable)	885	[false]	java.lang.Override	public	false	/home/nima/Developer/nullness-benchmarks/glide/library/src/main/java/com/bumptech/glide/load/engine/executor/GlideExecutor.java
886	com.bumptech.glide.load.engine.executor.GlideExecutor	submit(java.lang.Runnable)	887	[false]	androidx.annotation.NonNull,java.lang.Override	public	true	/home/nima/Developer/nullness-benchmarks/glide/library/src/main/java/com/bumptech/glide/load/engine/executor/GlideExecutor.java
888	com.bumptech.glide.load.engine.executor.GlideExecutor	invokeAll(java.util.Collection)	889	[false]	androidx.annotation.NonNull,java.lang.Override	public	true	/home/nima/Developer/nullness-benchmarks/glide/library/src/main/java/com/bumptech/glide/load/engine/executor/GlideExecutor.java
890	com.bumptech.glide.load.engine.executor.GlideExecutor	invokeAll(java.util.Collection,long,java.util.concurrent.TimeUnit)	891	[false, false, false]	androidx.annotation.NonNull,java.lang.Override	public	true	/home/nima/Developer/nullness-benchmarks/glide/library/src/main/java/com/bumptech/glide/load/engine/executor/GlideExecutor.java
892	com.bumptech.glide.load.engine.executor.GlideExecutor	invokeAny(java.util.Collection)	893	[false]	androidx.annotation.NonNull,java.lang.Override	public	true	/home/nima/Developer/nullness-benchmarks/glide/library/src/main/java/com/bumptech/glide/load/engine/executor/GlideExecutor.java
894	com.bumptech.glide.load.engine.executor.GlideExecutor	invokeAny(java.util.Collection,long,java.util.concurrent.TimeUnit)	895	[false, false, false]	java.lang.Override	public	true	/home/nima/Developer/nullness-benchmarks/glide/library/src/main/java/com/bumptech/glide/load/engine/executor/GlideExecutor.java
896	com.bumptech.glide.load.engine.executor.GlideExecutor	submit(java.lang.Runnable,T)	897	[false, false]	androidx.annotation.NonNull,java.lang.Override	public	true	/home/nima/Developer/nullness-benchmarks/glide/library/src/main/java/com/bumptech/glide/load/engine/executor/GlideExecutor.java
898	com.bumptech.glide.load.engine.executor.GlideExecutor	submit(java.util.concurrent.Callable)	899	[false]	java.lang.Override	public	true	/home/nima/Developer/nullness-benchmarks/glide/library/src/main/java/com/bumptech/glide/load/engine/executor/GlideExecutor.java
900	com.bumptech.glide.load.engine.executor.GlideExecutor	shutdown()	901	[]	java.lang.Override	public	false	/home/nima/Developer/nullness-benchmarks/glide/library/src/main/java/com/bumptech/glide/load/engine/executor/GlideExecutor.java
902	com.bumptech.glide.load.engine.executor.GlideExecutor	shutdownNow()	903	[]	androidx.annotation.NonNull,java.lang.Override	public	true	/home/nima/Developer/nullness-benchmarks/glide/library/src/main/java/com/bumptech/glide/load/engine/executor/GlideExecutor.java
904	com.bumptech.glide.load.engine.executor.GlideExecutor	isShutdown()	905	[]	java.lang.Override	public	false	/home/nima/Developer/nullness-benchmarks/glide/library/src/main/java/com/bumptech/glide/load/engine/executor/GlideExecutor.java
906	com.bumptech.glide.load.engine.executor.GlideExecutor	isTerminated()	907	[]	java.lang.Override	public	false	/home/nima/Developer/nullness-benchmarks/glide/library/src/main/java/com/bumptech/glide/load/engine/executor/GlideExecutor.java
908	com.bumptech.glide.load.engine.executor.GlideExecutor	awaitTermination(long,java.util.concurrent.TimeUnit)	909	[false, false]	java.lang.Override	public	false	/home/nima/Developer/nullness-benchmarks/glide/library/src/main/java/com/bumptech/glide/load/engine/executor/GlideExecutor.java
910	com.bumptech.glide.load.engine.executor.GlideExecutor	toString()	126	[]	java.lang.Override	public	true	/home/nima/Developer/nullness-benchmarks/glide/library/src/main/java/com/bumptech/glide/load/engine/executor/GlideExecutor.java
911	com.bumptech.glide.load.engine.executor.GlideExecutor	calculateBestThreadCount()	0	[]	java.lang.SuppressWarnings	public	false	/home/nima/Developer/nullness-benchmarks/glide/library/src/main/java/com/bumptech/glide/load/engine/executor/GlideExecutor.java
912	com.bumptech.glide.load.engine.executor.GlideExecutor$UncaughtThrowableStrategy$1	handle(java.lang.Throwable)	913	[false]	java.lang.Override	public	false	/home/nima/Developer/nullness-benchmarks/glide/library/src/main/java/com/bumptech/glide/load/engine/executor/GlideExecutor.java
914	com.bumptech.glide.load.engine.executor.GlideExecutor$UncaughtThrowableStrategy$2	handle(java.lang.Throwable)	913	[false]	java.lang.Override	public	false	/home/nima/Developer/nullness-benchmarks/glide/library/src/main/java/com/bumptech/glide/load/engine/executor/GlideExecutor.java
915	com.bumptech.glide.load.engine.executor.GlideExecutor$UncaughtThrowableStrategy$3	handle(java.lang.Throwable)	913	[false]	java.lang.Override	public	false	/home/nima/Developer/nullness-benchmarks/glide/library/src/main/java/com/bumptech/glide/load/engine/executor/GlideExecutor.java
913	com.bumptech.glide.load.engine.executor.GlideExecutor$UncaughtThrowableStrategy	handle(java.lang.Throwable)	0	[false]		public	false	/home/nima/Developer/nullness-benchmarks/glide/library/src/main/java/com/bumptech/glide/load/engine/executor/GlideExecutor.java
916	com.bumptech.glide.load.engine.executor.GlideExecutor$DefaultPriorityThreadFactory	newThread(java.lang.Runnable)	917	[false]	java.lang.Override	public	true	/home/nima/Developer/nullness-benchmarks/glide/library/src/main/java/com/bumptech/glide/load/engine/executor/GlideExecutor.java
918	com.bumptech.glide.load.engine.executor.GlideExecutor$DefaultPriorityThreadFactory$1	run()	919	[]	java.lang.Override	public	false	/home/nima/Developer/nullness-benchmarks/glide/library/src/main/java/com/bumptech/glide/load/engine/executor/GlideExecutor.java
920	com.bumptech.glide.load.engine.executor.GlideExecutor$DefaultThreadFactory	DefaultThreadFactory(java.util.concurrent.ThreadFactory,java.lang.String,com.bumptech.glide.load.engine.executor.GlideExecutor.UncaughtThrowableStrategy,boolean)	0	[false, false, false, false]		package	false	/home/nima/Developer/nullness-benchmarks/glide/library/src/main/java/com/bumptech/glide/load/engine/executor/GlideExecutor.java
921	com.bumptech.glide.load.engine.executor.GlideExecutor$DefaultThreadFactory	newThread(java.lang.Runnable)	917	[false]	java.lang.Override	public	true	/home/nima/Developer/nullness-benchmarks/glide/library/src/main/java/com/bumptech/glide/load/engine/executor/GlideExecutor.java
922	com.bumptech.glide.load.engine.executor.GlideExecutor$DefaultThreadFactory$1	run()	81	[]	java.lang.Override	public	false	/home/nima/Developer/nullness-benchmarks/glide/library/src/main/java/com/bumptech/glide/load/engine/executor/GlideExecutor.java
923	com.bumptech.glide.load.engine.executor.GlideExecutor$Builder	Builder(boolean)	0	[false]	com.bumptech.glide.util.Synthetic	package	false	/home/nima/Developer/nullness-benchmarks/glide/library/src/main/java/com/bumptech/glide/load/engine/executor/GlideExecutor.java
924	com.bumptech.glide.load.engine.executor.GlideExecutor$Builder	setThreadTimeoutMillis(long)	0	[false]		public	true	/home/nima/Developer/nullness-benchmarks/glide/library/src/main/java/com/bumptech/glide/load/engine/executor/GlideExecutor.java
925	com.bumptech.glide.load.engine.executor.GlideExecutor$Builder	setThreadCount(int)	0	[false]		public	true	/home/nima/Developer/nullness-benchmarks/glide/library/src/main/java/com/bumptech/glide/load/engine/executor/GlideExecutor.java
926	com.bumptech.glide.load.engine.executor.GlideExecutor$Builder	setThreadFactory(java.util.concurrent.ThreadFactory)	0	[false]	java.lang.Deprecated	public	true	/home/nima/Developer/nullness-benchmarks/glide/library/src/main/java/com/bumptech/glide/load/engine/executor/GlideExecutor.java
927	com.bumptech.glide.load.engine.executor.GlideExecutor$Builder	setUncaughtThrowableStrategy(com.bumptech.glide.load.engine.executor.GlideExecutor.UncaughtThrowableStrategy)	0	[false]		public	true	/home/nima/Developer/nullness-benchmarks/glide/library/src/main/java/com/bumptech/glide/load/engine/executor/GlideExecutor.java
928	com.bumptech.glide.load.engine.executor.GlideExecutor$Builder	setName(java.lang.String)	0	[false]		public	true	/home/nima/Developer/nullness-benchmarks/glide/library/src/main/java/com/bumptech/glide/load/engine/executor/GlideExecutor.java
929	com.bumptech.glide.load.engine.executor.GlideExecutor$Builder	build()	0	[]		public	true	/home/nima/Developer/nullness-benchmarks/glide/library/src/main/java/com/bumptech/glide/load/engine/executor/GlideExecutor.java
930	com.bumptech.glide.load.engine.cache.DiskCache$Factory	build()	0	[]	androidx.annotation.Nullable	public	true	/home/nima/Developer/nullness-benchmarks/glide/library/src/main/java/com/bumptech/glide/load/engine/cache/DiskCache.java
931	com.bumptech.glide.load.engine.cache.DiskCache$Writer	write(java.io.File)	0	[false]		public	false	/home/nima/Developer/nullness-benchmarks/glide/library/src/main/java/com/bumptech/glide/load/engine/cache/DiskCache.java
932	com.bumptech.glide.load.engine.cache.DiskCache	get(com.bumptech.glide.load.Key)	0	[false]	androidx.annotation.Nullable	public	true	/home/nima/Developer/nullness-benchmarks/glide/library/src/main/java/com/bumptech/glide/load/engine/cache/DiskCache.java
933	com.bumptech.glide.load.engine.cache.DiskCache	put(com.bumptech.glide.load.Key,com.bumptech.glide.load.engine.cache.DiskCache.Writer)	0	[false, false]		public	false	/home/nima/Developer/nullness-benchmarks/glide/library/src/main/java/com/bumptech/glide/load/engine/cache/DiskCache.java
934	com.bumptech.glide.load.engine.cache.DiskCache	delete(com.bumptech.glide.load.Key)	0	[false]	java.lang.SuppressWarnings	public	false	/home/nima/Developer/nullness-benchmarks/glide/library/src/main/java/com/bumptech/glide/load/engine/cache/DiskCache.java
935	com.bumptech.glide.load.engine.cache.DiskCache	clear()	0	[]		public	false	/home/nima/Developer/nullness-benchmarks/glide/library/src/main/java/com/bumptech/glide/load/engine/cache/DiskCache.java
936	com.bumptech.glide.load.engine.cache.MemorySizeCalculator$ScreenDimensions	getWidthPixels()	0	[]		public	false	/home/nima/Developer/nullness-benchmarks/glide/library/src/main/java/com/bumptech/glide/load/engine/cache/MemorySizeCalculator.java
937	com.bumptech.glide.load.engine.cache.MemorySizeCalculator$ScreenDimensions	getHeightPixels()	0	[]		public	false	/home/nima/Developer/nullness-benchmarks/glide/library/src/main/java/com/bumptech/glide/load/engine/cache/MemorySizeCalculator.java
938	com.bumptech.glide.load.engine.cache.MemorySizeCalculator	MemorySizeCalculator(com.bumptech.glide.load.engine.cache.MemorySizeCalculator.Builder)	0	[false]		package	false	/home/nima/Developer/nullness-benchmarks/glide/library/src/main/java/com/bumptech/glide/load/engine/cache/MemorySizeCalculator.java
939	com.bumptech.glide.load.engine.cache.MemorySizeCalculator	getMemoryCacheSize()	0	[]		public	false	/home/nima/Developer/nullness-benchmarks/glide/library/src/main/java/com/bumptech/glide/load/engine/cache/MemorySizeCalculator.java
940	com.bumptech.glide.load.engine.cache.MemorySizeCalculator	getBitmapPoolSize()	0	[]		public	false	/home/nima/Developer/nullness-benchmarks/glide/library/src/main/java/com/bumptech/glide/load/engine/cache/MemorySizeCalculator.java
941	com.bumptech.glide.load.engine.cache.MemorySizeCalculator	getArrayPoolSizeInBytes()	0	[]		public	false	/home/nima/Developer/nullness-benchmarks/glide/library/src/main/java/com/bumptech/glide/load/engine/cache/MemorySizeCalculator.java
942	com.bumptech.glide.load.engine.cache.MemorySizeCalculator	getMaxSize(android.app.ActivityManager,float,float)	0	[false, false, false]		private	false	/home/nima/Developer/nullness-benchmarks/glide/library/src/main/java/com/bumptech/glide/load/engine/cache/MemorySizeCalculator.java
943	com.bumptech.glide.load.engine.cache.MemorySizeCalculator	toMb(int)	0	[false]		private	true	/home/nima/Developer/nullness-benchmarks/glide/library/src/main/java/com/bumptech/glide/load/engine/cache/MemorySizeCalculator.java
944	com.bumptech.glide.load.engine.cache.MemorySizeCalculator	isLowMemoryDevice(android.app.ActivityManager)	0	[false]	android.annotation.TargetApi,com.bumptech.glide.util.Synthetic	package	false	/home/nima/Developer/nullness-benchmarks/glide/library/src/main/java/com/bumptech/glide/load/engine/cache/MemorySizeCalculator.java
945	com.bumptech.glide.load.engine.cache.MemorySizeCalculator$Builder	Builder(android.content.Context)	0	[false]		public	false	/home/nima/Developer/nullness-benchmarks/glide/library/src/main/java/com/bumptech/glide/load/engine/cache/MemorySizeCalculator.java
946	com.bumptech.glide.load.engine.cache.MemorySizeCalculator$Builder	setMemoryCacheScreens(float)	0	[false]		public	true	/home/nima/Developer/nullness-benchmarks/glide/library/src/main/java/com/bumptech/glide/load/engine/cache/MemorySizeCalculator.java
947	com.bumptech.glide.load.engine.cache.MemorySizeCalculator$Builder	setBitmapPoolScreens(float)	0	[false]		public	true	/home/nima/Developer/nullness-benchmarks/glide/library/src/main/java/com/bumptech/glide/load/engine/cache/MemorySizeCalculator.java
948	com.bumptech.glide.load.engine.cache.MemorySizeCalculator$Builder	setMaxSizeMultiplier(float)	0	[false]		public	true	/home/nima/Developer/nullness-benchmarks/glide/library/src/main/java/com/bumptech/glide/load/engine/cache/MemorySizeCalculator.java
949	com.bumptech.glide.load.engine.cache.MemorySizeCalculator$Builder	setLowMemoryMaxSizeMultiplier(float)	0	[false]		public	true	/home/nima/Developer/nullness-benchmarks/glide/library/src/main/java/com/bumptech/glide/load/engine/cache/MemorySizeCalculator.java
950	com.bumptech.glide.load.engine.cache.MemorySizeCalculator$Builder	setArrayPoolSize(int)	0	[false]		public	true	/home/nima/Developer/nullness-benchmarks/glide/library/src/main/java/com/bumptech/glide/load/engine/cache/MemorySizeCalculator.java
951	com.bumptech.glide.load.engine.cache.MemorySizeCalculator$Builder	setActivityManager(android.app.ActivityManager)	0	[false]	androidx.annotation.VisibleForTesting	package	true	/home/nima/Developer/nullness-benchmarks/glide/library/src/main/java/com/bumptech/glide/load/engine/cache/MemorySizeCalculator.java
952	com.bumptech.glide.load.engine.cache.MemorySizeCalculator$Builder	setScreenDimensions(com.bumptech.glide.load.engine.cache.MemorySizeCalculator.ScreenDimensions)	0	[false]	androidx.annotation.VisibleForTesting	package	true	/home/nima/Developer/nullness-benchmarks/glide/library/src/main/java/com/bumptech/glide/load/engine/cache/MemorySizeCalculator.java
953	com.bumptech.glide.load.engine.cache.MemorySizeCalculator$Builder	build()	0	[]		public	true	/home/nima/Developer/nullness-benchmarks/glide/library/src/main/java/com/bumptech/glide/load/engine/cache/MemorySizeCalculator.java
954	com.bumptech.glide.load.engine.cache.MemorySizeCalculator$DisplayMetricsScreenDimensions	DisplayMetricsScreenDimensions(android.util.DisplayMetrics)	0	[false]		package	false	/home/nima/Developer/nullness-benchmarks/glide/library/src/main/java/com/bumptech/glide/load/engine/cache/MemorySizeCalculator.java
955	com.bumptech.glide.load.engine.cache.MemorySizeCalculator$DisplayMetricsScreenDimensions	getWidthPixels()	936	[]	java.lang.Override	public	false	/home/nima/Developer/nullness-benchmarks/glide/library/src/main/java/com/bumptech/glide/load/engine/cache/MemorySizeCalculator.java
956	com.bumptech.glide.load.engine.cache.MemorySizeCalculator$DisplayMetricsScreenDimensions	getHeightPixels()	937	[]	java.lang.Override	public	false	/home/nima/Developer/nullness-benchmarks/glide/library/src/main/java/com/bumptech/glide/load/engine/cache/MemorySizeCalculator.java
957	com.bumptech.glide.load.engine.prefill.BitmapPreFillRunner	BitmapPreFillRunner(com.bumptech.glide.load.engine.bitmap_recycle.BitmapPool,com.bumptech.glide.load.engine.cache.MemoryCache,com.bumptech.glide.load.engine.prefill.PreFillQueue)	0	[false, false, false]	java.lang.SuppressWarnings	public	false	/home/nima/Developer/nullness-benchmarks/glide/library/src/main/java/com/bumptech/glide/load/engine/prefill/BitmapPreFillRunner.java
958	com.bumptech.glide.load.engine.prefill.BitmapPreFillRunner	BitmapPreFillRunner(com.bumptech.glide.load.engine.bitmap_recycle.BitmapPool,com.bumptech.glide.load.engine.cache.MemoryCache,com.bumptech.glide.load.engine.prefill.PreFillQueue,com.bumptech.glide.load.engine.prefill.BitmapPreFillRunner.Clock,android.os.Handler)	0	[false, false, false, false, false]	androidx.annotation.VisibleForTesting	package	false	/home/nima/Developer/nullness-benchmarks/glide/library/src/main/java/com/bumptech/glide/load/engine/prefill/BitmapPreFillRunner.java
959	com.bumptech.glide.load.engine.prefill.BitmapPreFillRunner	cancel()	0	[]		public	false	/home/nima/Developer/nullness-benchmarks/glide/library/src/main/java/com/bumptech/glide/load/engine/prefill/BitmapPreFillRunner.java
960	com.bumptech.glide.load.engine.prefill.BitmapPreFillRunner	allocate()	0	[]	androidx.annotation.VisibleForTesting	package	false	/home/nima/Developer/nullness-benchmarks/glide/library/src/main/java/com/bumptech/glide/load/engine/prefill/BitmapPreFillRunner.java
961	com.bumptech.glide.load.engine.prefill.BitmapPreFillRunner	isGcDetected(long)	0	[false]		private	false	/home/nima/Developer/nullness-benchmarks/glide/library/src/main/java/com/bumptech/glide/load/engine/prefill/BitmapPreFillRunner.java
962	com.bumptech.glide.load.engine.prefill.BitmapPreFillRunner	getFreeMemoryCacheBytes()	0	[]		private	false	/home/nima/Developer/nullness-benchmarks/glide/library/src/main/java/com/bumptech/glide/load/engine/prefill/BitmapPreFillRunner.java
963	com.bumptech.glide.load.engine.prefill.BitmapPreFillRunner	run()	81	[]	java.lang.Override	public	false	/home/nima/Developer/nullness-benchmarks/glide/library/src/main/java/com/bumptech/glide/load/engine/prefill/BitmapPreFillRunner.java
964	com.bumptech.glide.load.engine.prefill.BitmapPreFillRunner	getNextDelay()	0	[]		private	false	/home/nima/Developer/nullness-benchmarks/glide/library/src/main/java/com/bumptech/glide/load/engine/prefill/BitmapPreFillRunner.java
965	com.bumptech.glide.load.engine.prefill.BitmapPreFillRunner$UniqueKey	UniqueKey()	0	[]	com.bumptech.glide.util.Synthetic,java.lang.SuppressWarnings	package	false	/home/nima/Developer/nullness-benchmarks/glide/library/src/main/java/com/bumptech/glide/load/engine/prefill/BitmapPreFillRunner.java
966	com.bumptech.glide.load.engine.prefill.BitmapPreFillRunner$UniqueKey	updateDiskCacheKey(java.security.MessageDigest)	493	[false]	java.lang.Override	public	false	/home/nima/Developer/nullness-benchmarks/glide/library/src/main/java/com/bumptech/glide/load/engine/prefill/BitmapPreFillRunner.java
967	com.bumptech.glide.load.engine.prefill.BitmapPreFillRunner$Clock	now()	0	[]		package	false	/home/nima/Developer/nullness-benchmarks/glide/library/src/main/java/com/bumptech/glide/load/engine/prefill/BitmapPreFillRunner.java
968	com.bumptech.glide.load.engine.prefill.PreFillQueue	PreFillQueue(java.util.Map)	0	[false]		public	false	/home/nima/Developer/nullness-benchmarks/glide/library/src/main/java/com/bumptech/glide/load/engine/prefill/PreFillQueue.java
969	com.bumptech.glide.load.engine.prefill.PreFillQueue	remove()	0	[]		public	true	/home/nima/Developer/nullness-benchmarks/glide/library/src/main/java/com/bumptech/glide/load/engine/prefill/PreFillQueue.java
970	com.bumptech.glide.load.engine.prefill.PreFillQueue	getSize()	0	[]		public	false	/home/nima/Developer/nullness-benchmarks/glide/library/src/main/java/com/bumptech/glide/load/engine/prefill/PreFillQueue.java
971	com.bumptech.glide.load.engine.prefill.PreFillQueue	isEmpty()	0	[]		public	false	/home/nima/Developer/nullness-benchmarks/glide/library/src/main/java/com/bumptech/glide/load/engine/prefill/PreFillQueue.java
972	com.bumptech.glide.manager.FrameWaiter	registerSelf(android.app.Activity)	0	[false]		public	false	/home/nima/Developer/nullness-benchmarks/glide/library/src/main/java/com/bumptech/glide/manager/FrameWaiter.java
973	com.bumptech.glide.manager.LifecycleRequestManagerRetriever	LifecycleRequestManagerRetriever(com.bumptech.glide.manager.RequestManagerRetriever.RequestManagerFactory)	0	[false]		package	false	/home/nima/Developer/nullness-benchmarks/glide/library/src/main/java/com/bumptech/glide/manager/LifecycleRequestManagerRetriever.java
974	com.bumptech.glide.manager.LifecycleRequestManagerRetriever	getOnly(androidx.lifecycle.Lifecycle)	0	[false]		package	true	/home/nima/Developer/nullness-benchmarks/glide/library/src/main/java/com/bumptech/glide/manager/LifecycleRequestManagerRetriever.java
975	com.bumptech.glide.manager.LifecycleRequestManagerRetriever	getOrCreate(android.content.Context,com.bumptech.glide.Glide,androidx.lifecycle.Lifecycle,androidx.fragment.app.FragmentManager,boolean)	0	[false, false, false, false, false]		package	true	/home/nima/Developer/nullness-benchmarks/glide/library/src/main/java/com/bumptech/glide/manager/LifecycleRequestManagerRetriever.java
976	com.bumptech.glide.manager.LifecycleRequestManagerRetriever$1	onStart()	45	[]	java.lang.Override	public	false	/home/nima/Developer/nullness-benchmarks/glide/library/src/main/java/com/bumptech/glide/manager/LifecycleRequestManagerRetriever.java
977	com.bumptech.glide.manager.LifecycleRequestManagerRetriever$1	onStop()	47	[]	java.lang.Override	public	false	/home/nima/Developer/nullness-benchmarks/glide/library/src/main/java/com/bumptech/glide/manager/LifecycleRequestManagerRetriever.java
978	com.bumptech.glide.manager.LifecycleRequestManagerRetriever$1	onDestroy()	49	[]	java.lang.Override	public	false	/home/nima/Developer/nullness-benchmarks/glide/library/src/main/java/com/bumptech/glide/manager/LifecycleRequestManagerRetriever.java
979	com.bumptech.glide.manager.LifecycleRequestManagerRetriever$SupportRequestManagerTreeNode	SupportRequestManagerTreeNode(androidx.fragment.app.FragmentManager)	0	[false]		package	false	/home/nima/Developer/nullness-benchmarks/glide/library/src/main/java/com/bumptech/glide/manager/LifecycleRequestManagerRetriever.java
980	com.bumptech.glide.manager.LifecycleRequestManagerRetriever$SupportRequestManagerTreeNode	getDescendants()	353	[]	androidx.annotation.NonNull,java.lang.Override	public	true	/home/nima/Developer/nullness-benchmarks/glide/library/src/main/java/com/bumptech/glide/manager/LifecycleRequestManagerRetriever.java
981	com.bumptech.glide.manager.LifecycleRequestManagerRetriever$SupportRequestManagerTreeNode	getChildFragmentsRecursive(androidx.fragment.app.FragmentManager,java.util.Set)	0	[false, false]		private	false	/home/nima/Developer/nullness-benchmarks/glide/library/src/main/java/com/bumptech/glide/manager/LifecycleRequestManagerRetriever.java
982	com.bumptech.glide.request.target.ImageViewTargetFactory	buildTarget(android.widget.ImageView,java.lang.Class)	0	[false, false]	androidx.annotation.NonNull,java.lang.SuppressWarnings	public	true	/home/nima/Developer/nullness-benchmarks/glide/library/src/main/java/com/bumptech/glide/request/target/ImageViewTargetFactory.java
983	com.bumptech.glide.request.target.ViewTarget	ViewTarget(T)	0	[false]		public	false	/home/nima/Developer/nullness-benchmarks/glide/library/src/main/java/com/bumptech/glide/request/target/ViewTarget.java
984	com.bumptech.glide.request.target.ViewTarget	ViewTarget(T,boolean)	0	[false, false]	java.lang.SuppressWarnings,java.lang.Deprecated	public	false	/home/nima/Developer/nullness-benchmarks/glide/library/src/main/java/com/bumptech/glide/request/target/ViewTarget.java
985	com.bumptech.glide.request.target.ViewTarget	clearOnDetach()	0	[]	androidx.annotation.NonNull,java.lang.SuppressWarnings	public	true	/home/nima/Developer/nullness-benchmarks/glide/library/src/main/java/com/bumptech/glide/request/target/ViewTarget.java
986	com.bumptech.glide.request.target.ViewTarget$1	onViewAttachedToWindow(android.view.View)	987	[false]	java.lang.Override	public	false	/home/nima/Developer/nullness-benchmarks/glide/library/src/main/java/com/bumptech/glide/request/target/ViewTarget.java
988	com.bumptech.glide.request.target.ViewTarget$1	onViewDetachedFromWindow(android.view.View)	989	[false]	java.lang.Override	public	false	/home/nima/Developer/nullness-benchmarks/glide/library/src/main/java/com/bumptech/glide/request/target/ViewTarget.java
990	com.bumptech.glide.request.target.ViewTarget	resumeMyRequest()	0	[]	java.lang.SuppressWarnings,com.bumptech.glide.util.Synthetic	package	false	/home/nima/Developer/nullness-benchmarks/glide/library/src/main/java/com/bumptech/glide/request/target/ViewTarget.java
991	com.bumptech.glide.request.target.ViewTarget	pauseMyRequest()	0	[]	java.lang.SuppressWarnings,com.bumptech.glide.util.Synthetic	package	false	/home/nima/Developer/nullness-benchmarks/glide/library/src/main/java/com/bumptech/glide/request/target/ViewTarget.java
992	com.bumptech.glide.request.target.ViewTarget	waitForLayout()	0	[]	java.lang.SuppressWarnings,androidx.annotation.NonNull	public	true	/home/nima/Developer/nullness-benchmarks/glide/library/src/main/java/com/bumptech/glide/request/target/ViewTarget.java
993	com.bumptech.glide.request.target.ViewTarget	onLoadStarted(android.graphics.drawable.Drawable)	994	[true]	androidx.annotation.CallSuper,java.lang.Override	public	false	/home/nima/Developer/nullness-benchmarks/glide/library/src/main/java/com/bumptech/glide/request/target/ViewTarget.java
995	com.bumptech.glide.request.target.ViewTarget	maybeAddAttachStateListener()	0	[]		private	false	/home/nima/Developer/nullness-benchmarks/glide/library/src/main/java/com/bumptech/glide/request/target/ViewTarget.java
996	com.bumptech.glide.request.target.ViewTarget	maybeRemoveAttachStateListener()	0	[]		private	false	/home/nima/Developer/nullness-benchmarks/glide/library/src/main/java/com/bumptech/glide/request/target/ViewTarget.java
997	com.bumptech.glide.request.target.ViewTarget	getView()	0	[]	androidx.annotation.NonNull	public	true	/home/nima/Developer/nullness-benchmarks/glide/library/src/main/java/com/bumptech/glide/request/target/ViewTarget.java
998	com.bumptech.glide.request.target.ViewTarget	getSize(com.bumptech.glide.request.target.SizeReadyCallback)	37	[false]	androidx.annotation.CallSuper,java.lang.Override	public	false	/home/nima/Developer/nullness-benchmarks/glide/library/src/main/java/com/bumptech/glide/request/target/ViewTarget.java
999	com.bumptech.glide.request.target.ViewTarget	removeCallback(com.bumptech.glide.request.target.SizeReadyCallback)	39	[false]	androidx.annotation.CallSuper,java.lang.Override	public	false	/home/nima/Developer/nullness-benchmarks/glide/library/src/main/java/com/bumptech/glide/request/target/ViewTarget.java
1000	com.bumptech.glide.request.target.ViewTarget	onLoadCleared(android.graphics.drawable.Drawable)	1001	[true]	androidx.annotation.CallSuper,java.lang.Override	public	false	/home/nima/Developer/nullness-benchmarks/glide/library/src/main/java/com/bumptech/glide/request/target/ViewTarget.java
1002	com.bumptech.glide.request.target.ViewTarget	setRequest(com.bumptech.glide.request.Request)	1003	[true]	java.lang.Override	public	false	/home/nima/Developer/nullness-benchmarks/glide/library/src/main/java/com/bumptech/glide/request/target/ViewTarget.java
1004	com.bumptech.glide.request.target.ViewTarget	getRequest()	1005	[]	java.lang.Override,androidx.annotation.Nullable	public	true	/home/nima/Developer/nullness-benchmarks/glide/library/src/main/java/com/bumptech/glide/request/target/ViewTarget.java
1006	com.bumptech.glide.request.target.ViewTarget	toString()	126	[]	java.lang.Override	public	true	/home/nima/Developer/nullness-benchmarks/glide/library/src/main/java/com/bumptech/glide/request/target/ViewTarget.java
1007	com.bumptech.glide.request.target.ViewTarget	setTag(java.lang.Object)	0	[true]		private	false	/home/nima/Developer/nullness-benchmarks/glide/library/src/main/java/com/bumptech/glide/request/target/ViewTarget.java
1008	com.bumptech.glide.request.target.ViewTarget	getTag()	0	[]	androidx.annotation.Nullable	private	true	/home/nima/Developer/nullness-benchmarks/glide/library/src/main/java/com/bumptech/glide/request/target/ViewTarget.java
1009	com.bumptech.glide.request.target.ViewTarget	setTagId(int)	0	[false]	java.lang.SuppressWarnings,java.lang.Deprecated	public	false	/home/nima/Developer/nullness-benchmarks/glide/library/src/main/java/com/bumptech/glide/request/target/ViewTarget.java
1010	com.bumptech.glide.request.target.ViewTarget$SizeDeterminer	SizeDeterminer(android.view.View)	0	[false]		package	false	/home/nima/Developer/nullness-benchmarks/glide/library/src/main/java/com/bumptech/glide/request/target/ViewTarget.java
1011	com.bumptech.glide.request.target.ViewTarget$SizeDeterminer	getMaxDisplayLength(android.content.Context)	0	[false]		private	false	/home/nima/Developer/nullness-benchmarks/glide/library/src/main/java/com/bumptech/glide/request/target/ViewTarget.java
1012	com.bumptech.glide.request.target.ViewTarget$SizeDeterminer	notifyCbs(int,int)	0	[false, false]		private	false	/home/nima/Developer/nullness-benchmarks/glide/library/src/main/java/com/bumptech/glide/request/target/ViewTarget.java
1013	com.bumptech.glide.request.target.ViewTarget$SizeDeterminer	checkCurrentDimens()	0	[]	com.bumptech.glide.util.Synthetic	package	false	/home/nima/Developer/nullness-benchmarks/glide/library/src/main/java/com/bumptech/glide/request/target/ViewTarget.java
1014	com.bumptech.glide.request.target.ViewTarget$SizeDeterminer	getSize(com.bumptech.glide.request.target.SizeReadyCallback)	0	[false]		package	false	/home/nima/Developer/nullness-benchmarks/glide/library/src/main/java/com/bumptech/glide/request/target/ViewTarget.java
1015	com.bumptech.glide.request.target.ViewTarget$SizeDeterminer	removeCallback(com.bumptech.glide.request.target.SizeReadyCallback)	0	[false]		package	false	/home/nima/Developer/nullness-benchmarks/glide/library/src/main/java/com/bumptech/glide/request/target/ViewTarget.java
1016	com.bumptech.glide.request.target.ViewTarget$SizeDeterminer	clearCallbacksAndListener()	0	[]		package	false	/home/nima/Developer/nullness-benchmarks/glide/library/src/main/java/com/bumptech/glide/request/target/ViewTarget.java
1017	com.bumptech.glide.request.target.ViewTarget$SizeDeterminer	isViewStateAndSizeValid(int,int)	0	[false, false]		private	false	/home/nima/Developer/nullness-benchmarks/glide/library/src/main/java/com/bumptech/glide/request/target/ViewTarget.java
1018	com.bumptech.glide.request.target.ViewTarget$SizeDeterminer	getTargetHeight()	0	[]		private	false	/home/nima/Developer/nullness-benchmarks/glide/library/src/main/java/com/bumptech/glide/request/target/ViewTarget.java
1019	com.bumptech.glide.request.target.ViewTarget$SizeDeterminer	getTargetWidth()	0	[]		private	false	/home/nima/Developer/nullness-benchmarks/glide/library/src/main/java/com/bumptech/glide/request/target/ViewTarget.java
1020	com.bumptech.glide.request.target.ViewTarget$SizeDeterminer	getTargetDimen(int,int,int)	0	[false, false, false]		private	false	/home/nima/Developer/nullness-benchmarks/glide/library/src/main/java/com/bumptech/glide/request/target/ViewTarget.java
1021	com.bumptech.glide.request.target.ViewTarget$SizeDeterminer	isDimensionValid(int)	0	[false]		private	false	/home/nima/Developer/nullness-benchmarks/glide/library/src/main/java/com/bumptech/glide/request/target/ViewTarget.java
1022	com.bumptech.glide.request.target.ViewTarget$SizeDeterminer$SizeDeterminerLayoutListener	SizeDeterminerLayoutListener(com.bumptech.glide.request.target.ViewTarget.SizeDeterminer)	0	[false]		package	false	/home/nima/Developer/nullness-benchmarks/glide/library/src/main/java/com/bumptech/glide/request/target/ViewTarget.java
1023	com.bumptech.glide.request.target.ViewTarget$SizeDeterminer$SizeDeterminerLayoutListener	onPreDraw()	1024	[]	java.lang.Override	public	false	/home/nima/Developer/nullness-benchmarks/glide/library/src/main/java/com/bumptech/glide/request/target/ViewTarget.java
1003	com.bumptech.glide.request.target.BaseTarget	setRequest(com.bumptech.glide.request.Request)	41	[true]	java.lang.Override	public	false	/home/nima/Developer/nullness-benchmarks/glide/library/src/main/java/com/bumptech/glide/request/target/BaseTarget.java
1005	com.bumptech.glide.request.target.BaseTarget	getRequest()	43	[]	java.lang.Override,androidx.annotation.Nullable	public	true	/home/nima/Developer/nullness-benchmarks/glide/library/src/main/java/com/bumptech/glide/request/target/BaseTarget.java
1001	com.bumptech.glide.request.target.BaseTarget	onLoadCleared(android.graphics.drawable.Drawable)	35	[true]	java.lang.Override	public	false	/home/nima/Developer/nullness-benchmarks/glide/library/src/main/java/com/bumptech/glide/request/target/BaseTarget.java
994	com.bumptech.glide.request.target.BaseTarget	onLoadStarted(android.graphics.drawable.Drawable)	29	[true]	java.lang.Override	public	false	/home/nima/Developer/nullness-benchmarks/glide/library/src/main/java/com/bumptech/glide/request/target/BaseTarget.java
1025	com.bumptech.glide.request.target.BaseTarget	onLoadFailed(android.graphics.drawable.Drawable)	31	[true]	java.lang.Override	public	false	/home/nima/Developer/nullness-benchmarks/glide/library/src/main/java/com/bumptech/glide/request/target/BaseTarget.java
1026	com.bumptech.glide.request.target.BaseTarget	onStart()	45	[]	java.lang.Override	public	false	/home/nima/Developer/nullness-benchmarks/glide/library/src/main/java/com/bumptech/glide/request/target/BaseTarget.java
1027	com.bumptech.glide.request.target.BaseTarget	onStop()	47	[]	java.lang.Override	public	false	/home/nima/Developer/nullness-benchmarks/glide/library/src/main/java/com/bumptech/glide/request/target/BaseTarget.java
1028	com.bumptech.glide.request.target.BaseTarget	onDestroy()	49	[]	java.lang.Override	public	false	/home/nima/Developer/nullness-benchmarks/glide/library/src/main/java/com/bumptech/glide/request/target/BaseTarget.java
1029	com.bumptech.glide.load.engine.Jobs	getAll()	0	[]	androidx.annotation.VisibleForTesting	package	true	/home/nima/Developer/nullness-benchmarks/glide/library/src/main/java/com/bumptech/glide/load/engine/Jobs.java
1030	com.bumptech.glide.load.engine.Jobs	get(com.bumptech.glide.load.Key,boolean)	0	[false, false]		package	true	/home/nima/Developer/nullness-benchmarks/glide/library/src/main/java/com/bumptech/glide/load/engine/Jobs.java
1031	com.bumptech.glide.load.engine.Jobs	put(com.bumptech.glide.load.Key,com.bumptech.glide.load.engine.EngineJob)	0	[false, false]		package	false	/home/nima/Developer/nullness-benchmarks/glide/library/src/main/java/com/bumptech/glide/load/engine/Jobs.java
1032	com.bumptech.glide.load.engine.Jobs	removeIfCurrent(com.bumptech.glide.load.Key,com.bumptech.glide.load.engine.EngineJob)	0	[false, false]		package	false	/home/nima/Developer/nullness-benchmarks/glide/library/src/main/java/com/bumptech/glide/load/engine/Jobs.java
1033	com.bumptech.glide.load.engine.Jobs	getJobMap(boolean)	0	[false]		private	true	/home/nima/Developer/nullness-benchmarks/glide/library/src/main/java/com/bumptech/glide/load/engine/Jobs.java
1034	com.bumptech.glide.load.engine.EngineKeyFactory	buildKey(java.lang.Object,com.bumptech.glide.load.Key,int,int,java.util.Map,java.lang.Class,java.lang.Class,com.bumptech.glide.load.Options)	0	[false, false, false, false, false, false, false, false]	java.lang.SuppressWarnings	package	true	/home/nima/Developer/nullness-benchmarks/glide/library/src/main/java/com/bumptech/glide/load/engine/EngineKeyFactory.java
1035	com.bumptech.glide.load.engine.ResourceRecycler	recycle(com.bumptech.glide.load.engine.Resource,boolean)	0	[false, false]		package	false	/home/nima/Developer/nullness-benchmarks/glide/library/src/main/java/com/bumptech/glide/load/engine/ResourceRecycler.java
1036	com.bumptech.glide.load.engine.ResourceRecycler$ResourceRecyclerCallback	ResourceRecyclerCallback()	0	[]	com.bumptech.glide.util.Synthetic	package	false	/home/nima/Developer/nullness-benchmarks/glide/library/src/main/java/com/bumptech/glide/load/engine/ResourceRecycler.java
1037	com.bumptech.glide.load.engine.ResourceRecycler$ResourceRecyclerCallback	handleMessage(android.os.Message)	451	[false]	java.lang.Override	public	false	/home/nima/Developer/nullness-benchmarks/glide/library/src/main/java/com/bumptech/glide/load/engine/ResourceRecycler.java
1038	com.bumptech.glide.util.pool.FactoryPools$1	reset(java.lang.Object)	1039	[false]	java.lang.Override	public	false	/home/nima/Developer/nullness-benchmarks/glide/library/src/main/java/com/bumptech/glide/util/pool/FactoryPools.java
1040	com.bumptech.glide.util.pool.FactoryPools	FactoryPools()	0	[]		private	false	/home/nima/Developer/nullness-benchmarks/glide/library/src/main/java/com/bumptech/glide/util/pool/FactoryPools.java
1041	com.bumptech.glide.util.pool.FactoryPools	simple(int,com.bumptech.glide.util.pool.FactoryPools.Factory)	0	[false, false]	androidx.annotation.NonNull	public	true	/home/nima/Developer/nullness-benchmarks/glide/library/src/main/java/com/bumptech/glide/util/pool/FactoryPools.java
1042	com.bumptech.glide.util.pool.FactoryPools	threadSafe(int,com.bumptech.glide.util.pool.FactoryPools.Factory)	0	[false, false]	androidx.annotation.NonNull	public	true	/home/nima/Developer/nullness-benchmarks/glide/library/src/main/java/com/bumptech/glide/util/pool/FactoryPools.java
1043	com.bumptech.glide.util.pool.FactoryPools	threadSafe(int,com.bumptech.glide.util.pool.FactoryPools.Factory,com.bumptech.glide.util.pool.FactoryPools.Resetter)	0	[false, false, false]	androidx.annotation.NonNull	public	true	/home/nima/Developer/nullness-benchmarks/glide/library/src/main/java/com/bumptech/glide/util/pool/FactoryPools.java
1044	com.bumptech.glide.util.pool.FactoryPools	threadSafeList()	0	[]	androidx.annotation.NonNull	public	true	/home/nima/Developer/nullness-benchmarks/glide/library/src/main/java/com/bumptech/glide/util/pool/FactoryPools.java
1045	com.bumptech.glide.util.pool.FactoryPools	threadSafeList(int)	0	[false]	java.lang.SuppressWarnings,androidx.annotation.NonNull	public	true	/home/nima/Developer/nullness-benchmarks/glide/library/src/main/java/com/bumptech/glide/util/pool/FactoryPools.java
1046	com.bumptech.glide.util.pool.FactoryPools$2	create()	581	[]	androidx.annotation.NonNull,java.lang.Override	public	true	/home/nima/Developer/nullness-benchmarks/glide/library/src/main/java/com/bumptech/glide/util/pool/FactoryPools.java
1047	com.bumptech.glide.util.pool.FactoryPools$3	reset(java.util.List)	1039	[false]	java.lang.Override	public	false	/home/nima/Developer/nullness-benchmarks/glide/library/src/main/java/com/bumptech/glide/util/pool/FactoryPools.java
1048	com.bumptech.glide.util.pool.FactoryPools	build(androidx.core.util.Pools.Pool,com.bumptech.glide.util.pool.FactoryPools.Factory)	0	[false, false]	androidx.annotation.NonNull	private	true	/home/nima/Developer/nullness-benchmarks/glide/library/src/main/java/com/bumptech/glide/util/pool/FactoryPools.java
1049	com.bumptech.glide.util.pool.FactoryPools	build(androidx.core.util.Pools.Pool,com.bumptech.glide.util.pool.FactoryPools.Factory,com.bumptech.glide.util.pool.FactoryPools.Resetter)	0	[false, false, false]	androidx.annotation.NonNull	private	true	/home/nima/Developer/nullness-benchmarks/glide/library/src/main/java/com/bumptech/glide/util/pool/FactoryPools.java
1050	com.bumptech.glide.util.pool.FactoryPools	emptyResetter()	0	[]	androidx.annotation.NonNull,java.lang.SuppressWarnings	private	true	/home/nima/Developer/nullness-benchmarks/glide/library/src/main/java/com/bumptech/glide/util/pool/FactoryPools.java
581	com.bumptech.glide.util.pool.FactoryPools$Factory	create()	0	[]		public	true	/home/nima/Developer/nullness-benchmarks/glide/library/src/main/java/com/bumptech/glide/util/pool/FactoryPools.java
1039	com.bumptech.glide.util.pool.FactoryPools$Resetter	reset(T)	0	[false]		public	false	/home/nima/Developer/nullness-benchmarks/glide/library/src/main/java/com/bumptech/glide/util/pool/FactoryPools.java
1051	com.bumptech.glide.util.pool.FactoryPools$Poolable	getVerifier()	0	[]	androidx.annotation.NonNull	public	true	/home/nima/Developer/nullness-benchmarks/glide/library/src/main/java/com/bumptech/glide/util/pool/FactoryPools.java
1052	com.bumptech.glide.util.pool.FactoryPools$FactoryPool	FactoryPool(androidx.core.util.Pools.Pool,com.bumptech.glide.util.pool.FactoryPools.Factory,com.bumptech.glide.util.pool.FactoryPools.Resetter)	0	[false, false, false]		package	false	/home/nima/Developer/nullness-benchmarks/glide/library/src/main/java/com/bumptech/glide/util/pool/FactoryPools.java
1053	com.bumptech.glide.util.pool.FactoryPools$FactoryPool	acquire()	1054	[]	java.lang.Override	public	true	/home/nima/Developer/nullness-benchmarks/glide/library/src/main/java/com/bumptech/glide/util/pool/FactoryPools.java
1055	com.bumptech.glide.util.pool.FactoryPools$FactoryPool	release(T)	1056	[false]	java.lang.Override	public	false	/home/nima/Developer/nullness-benchmarks/glide/library/src/main/java/com/bumptech/glide/util/pool/FactoryPools.java
1057	com.bumptech.glide.load.engine.DecodeJob	DecodeJob(com.bumptech.glide.load.engine.DecodeJob.DiskCacheProvider,androidx.core.util.Pools.Pool)	0	[false, false]		package	false	/home/nima/Developer/nullness-benchmarks/glide/library/src/main/java/com/bumptech/glide/load/engine/DecodeJob.java
1058	com.bumptech.glide.load.engine.DecodeJob	init(com.bumptech.glide.GlideContext,java.lang.Object,com.bumptech.glide.load.engine.EngineKey,com.bumptech.glide.load.Key,int,int,java.lang.Class,java.lang.Class,com.bumptech.glide.Priority,com.bumptech.glide.load.engine.DiskCacheStrategy,java.util.Map,boolean,boolean,boolean,com.bumptech.glide.load.Options,com.bumptech.glide.load.engine.DecodeJob.Callback,int)	0	[false, false, false, false, false, false, false, false, false, false, false, false, false, false, false, false, false]		package	true	/home/nima/Developer/nullness-benchmarks/glide/library/src/main/java/com/bumptech/glide/load/engine/DecodeJob.java
1059	com.bumptech.glide.load.engine.DecodeJob	willDecodeFromCache()	0	[]		package	false	/home/nima/Developer/nullness-benchmarks/glide/library/src/main/java/com/bumptech/glide/load/engine/DecodeJob.java
1060	com.bumptech.glide.load.engine.DecodeJob	release(boolean)	0	[false]		package	false	/home/nima/Developer/nullness-benchmarks/glide/library/src/main/java/com/bumptech/glide/load/engine/DecodeJob.java
1061	com.bumptech.glide.load.engine.DecodeJob	onEncodeComplete()	0	[]		private	false	/home/nima/Developer/nullness-benchmarks/glide/library/src/main/java/com/bumptech/glide/load/engine/DecodeJob.java
1062	com.bumptech.glide.load.engine.DecodeJob	onLoadFailed()	0	[]		private	false	/home/nima/Developer/nullness-benchmarks/glide/library/src/main/java/com/bumptech/glide/load/engine/DecodeJob.java
1063	com.bumptech.glide.load.engine.DecodeJob	releaseInternal()	0	[]		private	false	/home/nima/Developer/nullness-benchmarks/glide/library/src/main/java/com/bumptech/glide/load/engine/DecodeJob.java
1064	com.bumptech.glide.load.engine.DecodeJob	compareTo(com.bumptech.glide.load.engine.DecodeJob)	1065	[false]	java.lang.Override	public	false	/home/nima/Developer/nullness-benchmarks/glide/library/src/main/java/com/bumptech/glide/load/engine/DecodeJob.java
1066	com.bumptech.glide.load.engine.DecodeJob	getPriority()	0	[]		private	false	/home/nima/Developer/nullness-benchmarks/glide/library/src/main/java/com/bumptech/glide/load/engine/DecodeJob.java
1067	com.bumptech.glide.load.engine.DecodeJob	cancel()	0	[]		public	false	/home/nima/Developer/nullness-benchmarks/glide/library/src/main/java/com/bumptech/glide/load/engine/DecodeJob.java
1068	com.bumptech.glide.load.engine.DecodeJob	run()	81	[]	java.lang.SuppressWarnings,java.lang.Override	public	false	/home/nima/Developer/nullness-benchmarks/glide/library/src/main/java/com/bumptech/glide/load/engine/DecodeJob.java
1069	com.bumptech.glide.load.engine.DecodeJob	runWrapped()	0	[]		private	false	/home/nima/Developer/nullness-benchmarks/glide/library/src/main/java/com/bumptech/glide/load/engine/DecodeJob.java
1070	com.bumptech.glide.load.engine.DecodeJob	getNextGenerator()	0	[]		private	true	/home/nima/Developer/nullness-benchmarks/glide/library/src/main/java/com/bumptech/glide/load/engine/DecodeJob.java
1071	com.bumptech.glide.load.engine.DecodeJob	runGenerators()	0	[]		private	false	/home/nima/Developer/nullness-benchmarks/glide/library/src/main/java/com/bumptech/glide/load/engine/DecodeJob.java
1072	com.bumptech.glide.load.engine.DecodeJob	notifyFailed()	0	[]		private	false	/home/nima/Developer/nullness-benchmarks/glide/library/src/main/java/com/bumptech/glide/load/engine/DecodeJob.java
1073	com.bumptech.glide.load.engine.DecodeJob	notifyComplete(com.bumptech.glide.load.engine.Resource,com.bumptech.glide.load.DataSource,boolean)	0	[false, false, false]		private	false	/home/nima/Developer/nullness-benchmarks/glide/library/src/main/java/com/bumptech/glide/load/engine/DecodeJob.java
1074	com.bumptech.glide.load.engine.DecodeJob	setNotifiedOrThrow()	0	[]		private	false	/home/nima/Developer/nullness-benchmarks/glide/library/src/main/java/com/bumptech/glide/load/engine/DecodeJob.java
1075	com.bumptech.glide.load.engine.DecodeJob	getNextStage(com.bumptech.glide.load.engine.DecodeJob.Stage)	0	[false]		private	true	/home/nima/Developer/nullness-benchmarks/glide/library/src/main/java/com/bumptech/glide/load/engine/DecodeJob.java
1076	com.bumptech.glide.load.engine.DecodeJob	reschedule(com.bumptech.glide.load.engine.DecodeJob.RunReason)	0	[false]		private	false	/home/nima/Developer/nullness-benchmarks/glide/library/src/main/java/com/bumptech/glide/load/engine/DecodeJob.java
1077	com.bumptech.glide.load.engine.DecodeJob	reschedule()	1078	[]	java.lang.Override	public	false	/home/nima/Developer/nullness-benchmarks/glide/library/src/main/java/com/bumptech/glide/load/engine/DecodeJob.java
1079	com.bumptech.glide.load.engine.DecodeJob	onDataFetcherReady(com.bumptech.glide.load.Key,java.lang.Object,com.bumptech.glide.load.data.DataFetcher,com.bumptech.glide.load.DataSource,com.bumptech.glide.load.Key)	1080	[false, false, false, false, false]	java.lang.Override	public	false	/home/nima/Developer/nullness-benchmarks/glide/library/src/main/java/com/bumptech/glide/load/engine/DecodeJob.java
1081	com.bumptech.glide.load.engine.DecodeJob	onDataFetcherFailed(com.bumptech.glide.load.Key,java.lang.Exception,com.bumptech.glide.load.data.DataFetcher,com.bumptech.glide.load.DataSource)	1082	[false, false, false, false]	java.lang.Override	public	false	/home/nima/Developer/nullness-benchmarks/glide/library/src/main/java/com/bumptech/glide/load/engine/DecodeJob.java
1083	com.bumptech.glide.load.engine.DecodeJob	decodeFromRetrievedData()	0	[]		private	false	/home/nima/Developer/nullness-benchmarks/glide/library/src/main/java/com/bumptech/glide/load/engine/DecodeJob.java
1084	com.bumptech.glide.load.engine.DecodeJob	notifyEncodeAndRelease(com.bumptech.glide.load.engine.Resource,com.bumptech.glide.load.DataSource,boolean)	0	[false, false, false]		private	false	/home/nima/Developer/nullness-benchmarks/glide/library/src/main/java/com/bumptech/glide/load/engine/DecodeJob.java
1085	com.bumptech.glide.load.engine.DecodeJob	decodeFromData(com.bumptech.glide.load.data.DataFetcher,Data,com.bumptech.glide.load.DataSource)	0	[false, false, false]		private	true	/home/nima/Developer/nullness-benchmarks/glide/library/src/main/java/com/bumptech/glide/load/engine/DecodeJob.java
1086	com.bumptech.glide.load.engine.DecodeJob	decodeFromFetcher(Data,com.bumptech.glide.load.DataSource)	0	[false, false]	java.lang.SuppressWarnings	private	true	/home/nima/Developer/nullness-benchmarks/glide/library/src/main/java/com/bumptech/glide/load/engine/DecodeJob.java
1087	com.bumptech.glide.load.engine.DecodeJob	getOptionsWithHardwareConfig(com.bumptech.glide.load.DataSource)	0	[false]	androidx.annotation.NonNull	private	true	/home/nima/Developer/nullness-benchmarks/glide/library/src/main/java/com/bumptech/glide/load/engine/DecodeJob.java
1088	com.bumptech.glide.load.engine.DecodeJob	runLoadPath(Data,com.bumptech.glide.load.DataSource,com.bumptech.glide.load.engine.LoadPath)	0	[false, false, false]		private	true	/home/nima/Developer/nullness-benchmarks/glide/library/src/main/java/com/bumptech/glide/load/engine/DecodeJob.java
1089	com.bumptech.glide.load.engine.DecodeJob	logWithTimeAndKey(java.lang.String,long)	0	[false, false]		private	false	/home/nima/Developer/nullness-benchmarks/glide/library/src/main/java/com/bumptech/glide/load/engine/DecodeJob.java
1090	com.bumptech.glide.load.engine.DecodeJob	logWithTimeAndKey(java.lang.String,long,java.lang.String)	0	[false, false, false]		private	false	/home/nima/Developer/nullness-benchmarks/glide/library/src/main/java/com/bumptech/glide/load/engine/DecodeJob.java
1091	com.bumptech.glide.load.engine.DecodeJob	getVerifier()	1051	[]	androidx.annotation.NonNull,java.lang.Override	public	true	/home/nima/Developer/nullness-benchmarks/glide/library/src/main/java/com/bumptech/glide/load/engine/DecodeJob.java
1092	com.bumptech.glide.load.engine.DecodeJob	onResourceDecoded(com.bumptech.glide.load.DataSource,com.bumptech.glide.load.engine.Resource)	0	[false, false]	com.bumptech.glide.util.Synthetic,androidx.annotation.NonNull	package	true	/home/nima/Developer/nullness-benchmarks/glide/library/src/main/java/com/bumptech/glide/load/engine/DecodeJob.java
1093	com.bumptech.glide.load.engine.DecodeJob$DecodeCallback	DecodeCallback(com.bumptech.glide.load.DataSource)	0	[false]	com.bumptech.glide.util.Synthetic	package	false	/home/nima/Developer/nullness-benchmarks/glide/library/src/main/java/com/bumptech/glide/load/engine/DecodeJob.java
1094	com.bumptech.glide.load.engine.DecodeJob$DecodeCallback	onResourceDecoded(com.bumptech.glide.load.engine.Resource)	794	[false]	androidx.annotation.NonNull,java.lang.Override	public	true	/home/nima/Developer/nullness-benchmarks/glide/library/src/main/java/com/bumptech/glide/load/engine/DecodeJob.java
1095	com.bumptech.glide.load.engine.DecodeJob$ReleaseManager	ReleaseManager()	0	[]	com.bumptech.glide.util.Synthetic	package	false	/home/nima/Developer/nullness-benchmarks/glide/library/src/main/java/com/bumptech/glide/load/engine/DecodeJob.java
1096	com.bumptech.glide.load.engine.DecodeJob$ReleaseManager	release(boolean)	0	[false]		package	false	/home/nima/Developer/nullness-benchmarks/glide/library/src/main/java/com/bumptech/glide/load/engine/DecodeJob.java
1097	com.bumptech.glide.load.engine.DecodeJob$ReleaseManager	onEncodeComplete()	0	[]		package	false	/home/nima/Developer/nullness-benchmarks/glide/library/src/main/java/com/bumptech/glide/load/engine/DecodeJob.java
1098	com.bumptech.glide.load.engine.DecodeJob$ReleaseManager	onFailed()	0	[]		package	false	/home/nima/Developer/nullness-benchmarks/glide/library/src/main/java/com/bumptech/glide/load/engine/DecodeJob.java
1099	com.bumptech.glide.load.engine.DecodeJob$ReleaseManager	reset()	0	[]		package	false	/home/nima/Developer/nullness-benchmarks/glide/library/src/main/java/com/bumptech/glide/load/engine/DecodeJob.java
1100	com.bumptech.glide.load.engine.DecodeJob$ReleaseManager	isComplete(boolean)	0	[false]		private	false	/home/nima/Developer/nullness-benchmarks/glide/library/src/main/java/com/bumptech/glide/load/engine/DecodeJob.java
1101	com.bumptech.glide.load.engine.DecodeJob$DeferredEncodeManager	DeferredEncodeManager()	0	[]	com.bumptech.glide.util.Synthetic	package	false	/home/nima/Developer/nullness-benchmarks/glide/library/src/main/java/com/bumptech/glide/load/engine/DecodeJob.java
1102	com.bumptech.glide.load.engine.DecodeJob$DeferredEncodeManager	init(com.bumptech.glide.load.Key,com.bumptech.glide.load.ResourceEncoder,com.bumptech.glide.load.engine.LockedResource)	0	[false, false, false]	java.lang.SuppressWarnings	package	false	/home/nima/Developer/nullness-benchmarks/glide/library/src/main/java/com/bumptech/glide/load/engine/DecodeJob.java
1103	com.bumptech.glide.load.engine.DecodeJob$DeferredEncodeManager	encode(com.bumptech.glide.load.engine.DecodeJob.DiskCacheProvider,com.bumptech.glide.load.Options)	0	[false, false]		package	false	/home/nima/Developer/nullness-benchmarks/glide/library/src/main/java/com/bumptech/glide/load/engine/DecodeJob.java
1104	com.bumptech.glide.load.engine.DecodeJob$DeferredEncodeManager	hasResourceToEncode()	0	[]		package	false	/home/nima/Developer/nullness-benchmarks/glide/library/src/main/java/com/bumptech/glide/load/engine/DecodeJob.java
1105	com.bumptech.glide.load.engine.DecodeJob$DeferredEncodeManager	clear()	0	[]		package	false	/home/nima/Developer/nullness-benchmarks/glide/library/src/main/java/com/bumptech/glide/load/engine/DecodeJob.java
1106	com.bumptech.glide.load.engine.DecodeJob$Callback	onResourceReady(com.bumptech.glide.load.engine.Resource,com.bumptech.glide.load.DataSource,boolean)	0	[false, false, false]		public	false	/home/nima/Developer/nullness-benchmarks/glide/library/src/main/java/com/bumptech/glide/load/engine/DecodeJob.java
1107	com.bumptech.glide.load.engine.DecodeJob$Callback	onLoadFailed(com.bumptech.glide.load.engine.GlideException)	0	[false]		public	false	/home/nima/Developer/nullness-benchmarks/glide/library/src/main/java/com/bumptech/glide/load/engine/DecodeJob.java
1108	com.bumptech.glide.load.engine.DecodeJob$Callback	reschedule(com.bumptech.glide.load.engine.DecodeJob)	0	[false]		public	false	/home/nima/Developer/nullness-benchmarks/glide/library/src/main/java/com/bumptech/glide/load/engine/DecodeJob.java
579	com.bumptech.glide.load.engine.DecodeJob$DiskCacheProvider	getDiskCache()	0	[]		public	true	/home/nima/Developer/nullness-benchmarks/glide/library/src/main/java/com/bumptech/glide/load/engine/DecodeJob.java
1078	com.bumptech.glide.load.engine.DataFetcherGenerator$FetcherReadyCallback	reschedule()	0	[]		public	false	/home/nima/Developer/nullness-benchmarks/glide/library/src/main/java/com/bumptech/glide/load/engine/DataFetcherGenerator.java
1080	com.bumptech.glide.load.engine.DataFetcherGenerator$FetcherReadyCallback	onDataFetcherReady(com.bumptech.glide.load.Key,java.lang.Object,com.bumptech.glide.load.data.DataFetcher,com.bumptech.glide.load.DataSource,com.bumptech.glide.load.Key)	0	[false, true, false, false, false]		public	false	/home/nima/Developer/nullness-benchmarks/glide/library/src/main/java/com/bumptech/glide/load/engine/DataFetcherGenerator.java
1082	com.bumptech.glide.load.engine.DataFetcherGenerator$FetcherReadyCallback	onDataFetcherFailed(com.bumptech.glide.load.Key,java.lang.Exception,com.bumptech.glide.load.data.DataFetcher,com.bumptech.glide.load.DataSource)	0	[false, false, false, false]		public	false	/home/nima/Developer/nullness-benchmarks/glide/library/src/main/java/com/bumptech/glide/load/engine/DataFetcherGenerator.java
1109	com.bumptech.glide.load.engine.DataFetcherGenerator	startNext()	0	[]		public	false	/home/nima/Developer/nullness-benchmarks/glide/library/src/main/java/com/bumptech/glide/load/engine/DataFetcherGenerator.java
1110	com.bumptech.glide.load.engine.DataFetcherGenerator	cancel()	0	[]		public	false	/home/nima/Developer/nullness-benchmarks/glide/library/src/main/java/com/bumptech/glide/load/engine/DataFetcherGenerator.java
1111	com.bumptech.glide.load.engine.ActiveResources	ActiveResources(boolean)	0	[false]		package	false	/home/nima/Developer/nullness-benchmarks/glide/library/src/main/java/com/bumptech/glide/load/engine/ActiveResources.java
1112	com.bumptech.glide.load.engine.ActiveResources$1	newThread(java.lang.Runnable)	917	[false]	java.lang.Override	public	true	/home/nima/Developer/nullness-benchmarks/glide/library/src/main/java/com/bumptech/glide/load/engine/ActiveResources.java
1113	com.bumptech.glide.load.engine.ActiveResources$1$1	run()	81	[]	java.lang.Override	public	false	/home/nima/Developer/nullness-benchmarks/glide/library/src/main/java/com/bumptech/glide/load/engine/ActiveResources.java
1114	com.bumptech.glide.load.engine.ActiveResources	ActiveResources(boolean,java.util.concurrent.Executor)	0	[false, false]	androidx.annotation.VisibleForTesting	package	false	/home/nima/Developer/nullness-benchmarks/glide/library/src/main/java/com/bumptech/glide/load/engine/ActiveResources.java
1115	com.bumptech.glide.load.engine.ActiveResources$2	run()	81	[]	java.lang.Override	public	false	/home/nima/Developer/nullness-benchmarks/glide/library/src/main/java/com/bumptech/glide/load/engine/ActiveResources.java
1116	com.bumptech.glide.load.engine.ActiveResources	setListener(com.bumptech.glide.load.engine.EngineResource.ResourceListener)	0	[false]		package	false	/home/nima/Developer/nullness-benchmarks/glide/library/src/main/java/com/bumptech/glide/load/engine/ActiveResources.java
1117	com.bumptech.glide.load.engine.ActiveResources	activate(com.bumptech.glide.load.Key,com.bumptech.glide.load.engine.EngineResource)	0	[false, false]		package	false	/home/nima/Developer/nullness-benchmarks/glide/library/src/main/java/com/bumptech/glide/load/engine/ActiveResources.java
1118	com.bumptech.glide.load.engine.ActiveResources	deactivate(com.bumptech.glide.load.Key)	0	[false]		package	false	/home/nima/Developer/nullness-benchmarks/glide/library/src/main/java/com/bumptech/glide/load/engine/ActiveResources.java
1119	com.bumptech.glide.load.engine.ActiveResources	get(com.bumptech.glide.load.Key)	0	[false]	androidx.annotation.Nullable	package	true	/home/nima/Developer/nullness-benchmarks/glide/library/src/main/java/com/bumptech/glide/load/engine/ActiveResources.java
1120	com.bumptech.glide.load.engine.ActiveResources	cleanupActiveReference(com.bumptech.glide.load.engine.ActiveResources.ResourceWeakReference)	0	[false]	java.lang.SuppressWarnings,com.bumptech.glide.util.Synthetic	package	false	/home/nima/Developer/nullness-benchmarks/glide/library/src/main/java/com/bumptech/glide/load/engine/ActiveResources.java
1121	com.bumptech.glide.load.engine.ActiveResources	cleanReferenceQueue()	0	[]	java.lang.SuppressWarnings,com.bumptech.glide.util.Synthetic	package	false	/home/nima/Developer/nullness-benchmarks/glide/library/src/main/java/com/bumptech/glide/load/engine/ActiveResources.java
1122	com.bumptech.glide.load.engine.ActiveResources	setDequeuedResourceCallback(com.bumptech.glide.load.engine.ActiveResources.DequeuedResourceCallback)	0	[false]	androidx.annotation.VisibleForTesting	package	false	/home/nima/Developer/nullness-benchmarks/glide/library/src/main/java/com/bumptech/glide/load/engine/ActiveResources.java
1123	com.bumptech.glide.load.engine.ActiveResources$DequeuedResourceCallback	onResourceDequeued()	0	[]		public	false	/home/nima/Developer/nullness-benchmarks/glide/library/src/main/java/com/bumptech/glide/load/engine/ActiveResources.java
1124	com.bumptech.glide.load.engine.ActiveResources	shutdown()	0	[]	androidx.annotation.VisibleForTesting	package	false	/home/nima/Developer/nullness-benchmarks/glide/library/src/main/java/com/bumptech/glide/load/engine/ActiveResources.java
1125	com.bumptech.glide.load.engine.ActiveResources$ResourceWeakReference	ResourceWeakReference(com.bumptech.glide.load.Key,com.bumptech.glide.load.engine.EngineResource,java.lang.ref.ReferenceQueue,boolean)	0	[false, false, false, false]	com.bumptech.glide.util.Synthetic,java.lang.SuppressWarnings	package	false	/home/nima/Developer/nullness-benchmarks/glide/library/src/main/java/com/bumptech/glide/load/engine/ActiveResources.java
1126	com.bumptech.glide.load.engine.ActiveResources$ResourceWeakReference	reset()	0	[]		package	false	/home/nima/Developer/nullness-benchmarks/glide/library/src/main/java/com/bumptech/glide/load/engine/ActiveResources.java
1127	com.bumptech.glide.load.engine.DiskCacheStrategy$1	isDataCacheable(com.bumptech.glide.load.DataSource)	1128	[false]	java.lang.Override	public	false	/home/nima/Developer/nullness-benchmarks/glide/library/src/main/java/com/bumptech/glide/load/engine/DiskCacheStrategy.java
1129	com.bumptech.glide.load.engine.DiskCacheStrategy$1	isResourceCacheable(boolean,com.bumptech.glide.load.DataSource,com.bumptech.glide.load.EncodeStrategy)	1130	[false, false, false]	java.lang.Override	public	false	/home/nima/Developer/nullness-benchmarks/glide/library/src/main/java/com/bumptech/glide/load/engine/DiskCacheStrategy.java
1131	com.bumptech.glide.load.engine.DiskCacheStrategy$1	decodeCachedResource()	1132	[]	java.lang.Override	public	false	/home/nima/Developer/nullness-benchmarks/glide/library/src/main/java/com/bumptech/glide/load/engine/DiskCacheStrategy.java
1133	com.bumptech.glide.load.engine.DiskCacheStrategy$1	decodeCachedData()	1134	[]	java.lang.Override	public	false	/home/nima/Developer/nullness-benchmarks/glide/library/src/main/java/com/bumptech/glide/load/engine/DiskCacheStrategy.java
1135	com.bumptech.glide.load.engine.DiskCacheStrategy$2	isDataCacheable(com.bumptech.glide.load.DataSource)	1128	[false]	java.lang.Override	public	false	/home/nima/Developer/nullness-benchmarks/glide/library/src/main/java/com/bumptech/glide/load/engine/DiskCacheStrategy.java
1136	com.bumptech.glide.load.engine.DiskCacheStrategy$2	isResourceCacheable(boolean,com.bumptech.glide.load.DataSource,com.bumptech.glide.load.EncodeStrategy)	1130	[false, false, false]	java.lang.Override	public	false	/home/nima/Developer/nullness-benchmarks/glide/library/src/main/java/com/bumptech/glide/load/engine/DiskCacheStrategy.java
1137	com.bumptech.glide.load.engine.DiskCacheStrategy$2	decodeCachedResource()	1132	[]	java.lang.Override	public	false	/home/nima/Developer/nullness-benchmarks/glide/library/src/main/java/com/bumptech/glide/load/engine/DiskCacheStrategy.java
1138	com.bumptech.glide.load.engine.DiskCacheStrategy$2	decodeCachedData()	1134	[]	java.lang.Override	public	false	/home/nima/Developer/nullness-benchmarks/glide/library/src/main/java/com/bumptech/glide/load/engine/DiskCacheStrategy.java
1139	com.bumptech.glide.load.engine.DiskCacheStrategy$3	isDataCacheable(com.bumptech.glide.load.DataSource)	1128	[false]	java.lang.Override	public	false	/home/nima/Developer/nullness-benchmarks/glide/library/src/main/java/com/bumptech/glide/load/engine/DiskCacheStrategy.java
1140	com.bumptech.glide.load.engine.DiskCacheStrategy$3	isResourceCacheable(boolean,com.bumptech.glide.load.DataSource,com.bumptech.glide.load.EncodeStrategy)	1130	[false, false, false]	java.lang.Override	public	false	/home/nima/Developer/nullness-benchmarks/glide/library/src/main/java/com/bumptech/glide/load/engine/DiskCacheStrategy.java
1141	com.bumptech.glide.load.engine.DiskCacheStrategy$3	decodeCachedResource()	1132	[]	java.lang.Override	public	false	/home/nima/Developer/nullness-benchmarks/glide/library/src/main/java/com/bumptech/glide/load/engine/DiskCacheStrategy.java
1142	com.bumptech.glide.load.engine.DiskCacheStrategy$3	decodeCachedData()	1134	[]	java.lang.Override	public	false	/home/nima/Developer/nullness-benchmarks/glide/library/src/main/java/com/bumptech/glide/load/engine/DiskCacheStrategy.java
1143	com.bumptech.glide.load.engine.DiskCacheStrategy$4	isDataCacheable(com.bumptech.glide.load.DataSource)	1128	[false]	java.lang.Override	public	false	/home/nima/Developer/nullness-benchmarks/glide/library/src/main/java/com/bumptech/glide/load/engine/DiskCacheStrategy.java
1144	com.bumptech.glide.load.engine.DiskCacheStrategy$4	isResourceCacheable(boolean,com.bumptech.glide.load.DataSource,com.bumptech.glide.load.EncodeStrategy)	1130	[false, false, false]	java.lang.Override	public	false	/home/nima/Developer/nullness-benchmarks/glide/library/src/main/java/com/bumptech/glide/load/engine/DiskCacheStrategy.java
1145	com.bumptech.glide.load.engine.DiskCacheStrategy$4	decodeCachedResource()	1132	[]	java.lang.Override	public	false	/home/nima/Developer/nullness-benchmarks/glide/library/src/main/java/com/bumptech/glide/load/engine/DiskCacheStrategy.java
1146	com.bumptech.glide.load.engine.DiskCacheStrategy$4	decodeCachedData()	1134	[]	java.lang.Override	public	false	/home/nima/Developer/nullness-benchmarks/glide/library/src/main/java/com/bumptech/glide/load/engine/DiskCacheStrategy.java
1147	com.bumptech.glide.load.engine.DiskCacheStrategy$5	isDataCacheable(com.bumptech.glide.load.DataSource)	1128	[false]	java.lang.Override	public	false	/home/nima/Developer/nullness-benchmarks/glide/library/src/main/java/com/bumptech/glide/load/engine/DiskCacheStrategy.java
1148	com.bumptech.glide.load.engine.DiskCacheStrategy$5	isResourceCacheable(boolean,com.bumptech.glide.load.DataSource,com.bumptech.glide.load.EncodeStrategy)	1130	[false, false, false]	java.lang.SuppressWarnings,java.lang.Override	public	false	/home/nima/Developer/nullness-benchmarks/glide/library/src/main/java/com/bumptech/glide/load/engine/DiskCacheStrategy.java
1149	com.bumptech.glide.load.engine.DiskCacheStrategy$5	decodeCachedResource()	1132	[]	java.lang.Override	public	false	/home/nima/Developer/nullness-benchmarks/glide/library/src/main/java/com/bumptech/glide/load/engine/DiskCacheStrategy.java
1150	com.bumptech.glide.load.engine.DiskCacheStrategy$5	decodeCachedData()	1134	[]	java.lang.Override	public	false	/home/nima/Developer/nullness-benchmarks/glide/library/src/main/java/com/bumptech/glide/load/engine/DiskCacheStrategy.java
1128	com.bumptech.glide.load.engine.DiskCacheStrategy	isDataCacheable(com.bumptech.glide.load.DataSource)	0	[false]		public	false	/home/nima/Developer/nullness-benchmarks/glide/library/src/main/java/com/bumptech/glide/load/engine/DiskCacheStrategy.java
1130	com.bumptech.glide.load.engine.DiskCacheStrategy	isResourceCacheable(boolean,com.bumptech.glide.load.DataSource,com.bumptech.glide.load.EncodeStrategy)	0	[false, false, false]		public	false	/home/nima/Developer/nullness-benchmarks/glide/library/src/main/java/com/bumptech/glide/load/engine/DiskCacheStrategy.java
1132	com.bumptech.glide.load.engine.DiskCacheStrategy	decodeCachedResource()	0	[]		public	false	/home/nima/Developer/nullness-benchmarks/glide/library/src/main/java/com/bumptech/glide/load/engine/DiskCacheStrategy.java
1134	com.bumptech.glide.load.engine.DiskCacheStrategy	decodeCachedData()	0	[]		public	false	/home/nima/Developer/nullness-benchmarks/glide/library/src/main/java/com/bumptech/glide/load/engine/DiskCacheStrategy.java
1151	com.bumptech.glide.request.ResourceCallback	onResourceReady(com.bumptech.glide.load.engine.Resource,com.bumptech.glide.load.DataSource,boolean)	0	[false, false, false]		public	false	/home/nima/Developer/nullness-benchmarks/glide/library/src/main/java/com/bumptech/glide/request/ResourceCallback.java
1152	com.bumptech.glide.request.ResourceCallback	onLoadFailed(com.bumptech.glide.load.engine.GlideException)	0	[false]		public	false	/home/nima/Developer/nullness-benchmarks/glide/library/src/main/java/com/bumptech/glide/request/ResourceCallback.java
1153	com.bumptech.glide.request.ResourceCallback	getLock()	0	[]		public	true	/home/nima/Developer/nullness-benchmarks/glide/library/src/main/java/com/bumptech/glide/request/ResourceCallback.java
1154	com.bumptech.glide.load.engine.EngineKey	EngineKey(java.lang.Object,com.bumptech.glide.load.Key,int,int,java.util.Map,java.lang.Class,java.lang.Class,com.bumptech.glide.load.Options)	0	[false, false, false, false, false, false, false, false]		package	false	/home/nima/Developer/nullness-benchmarks/glide/library/src/main/java/com/bumptech/glide/load/engine/EngineKey.java
1155	com.bumptech.glide.load.engine.EngineKey	equals(java.lang.Object)	494	[false]	java.lang.Override	public	false	/home/nima/Developer/nullness-benchmarks/glide/library/src/main/java/com/bumptech/glide/load/engine/EngineKey.java
1156	com.bumptech.glide.load.engine.EngineKey	hashCode()	495	[]	java.lang.Override	public	false	/home/nima/Developer/nullness-benchmarks/glide/library/src/main/java/com/bumptech/glide/load/engine/EngineKey.java
1157	com.bumptech.glide.load.engine.EngineKey	toString()	126	[]	java.lang.Override	public	true	/home/nima/Developer/nullness-benchmarks/glide/library/src/main/java/com/bumptech/glide/load/engine/EngineKey.java
1158	com.bumptech.glide.load.engine.EngineKey	updateDiskCacheKey(java.security.MessageDigest)	493	[false]	java.lang.Override	public	false	/home/nima/Developer/nullness-benchmarks/glide/library/src/main/java/com/bumptech/glide/load/engine/EngineKey.java
1159	com.bumptech.glide.load.engine.EngineJob	EngineJob(com.bumptech.glide.load.engine.executor.GlideExecutor,com.bumptech.glide.load.engine.executor.GlideExecutor,com.bumptech.glide.load.engine.executor.GlideExecutor,com.bumptech.glide.load.engine.executor.GlideExecutor,com.bumptech.glide.load.engine.EngineJobListener,com.bumptech.glide.load.engine.EngineResource.ResourceListener,androidx.core.util.Pools.Pool)	0	[false, false, false, false, false, false, false]		package	false	/home/nima/Developer/nullness-benchmarks/glide/library/src/main/java/com/bumptech/glide/load/engine/EngineJob.java
1160	com.bumptech.glide.load.engine.EngineJob	EngineJob(com.bumptech.glide.load.engine.executor.GlideExecutor,com.bumptech.glide.load.engine.executor.GlideExecutor,com.bumptech.glide.load.engine.executor.GlideExecutor,com.bumptech.glide.load.engine.executor.GlideExecutor,com.bumptech.glide.load.engine.EngineJobListener,com.bumptech.glide.load.engine.EngineResource.ResourceListener,androidx.core.util.Pools.Pool,com.bumptech.glide.load.engine.EngineJob.EngineResourceFactory)	0	[false, false, false, false, false, false, false, false]	androidx.annotation.VisibleForTesting	package	false	/home/nima/Developer/nullness-benchmarks/glide/library/src/main/java/com/bumptech/glide/load/engine/EngineJob.java
1161	com.bumptech.glide.load.engine.EngineJob	init(com.bumptech.glide.load.Key,boolean,boolean,boolean,boolean)	0	[false, false, false, false, false]	androidx.annotation.VisibleForTesting	package	true	/home/nima/Developer/nullness-benchmarks/glide/library/src/main/java/com/bumptech/glide/load/engine/EngineJob.java
1162	com.bumptech.glide.load.engine.EngineJob	start(com.bumptech.glide.load.engine.DecodeJob)	0	[false]		public	false	/home/nima/Developer/nullness-benchmarks/glide/library/src/main/java/com/bumptech/glide/load/engine/EngineJob.java
1163	com.bumptech.glide.load.engine.EngineJob	addCallback(com.bumptech.glide.request.ResourceCallback,java.util.concurrent.Executor)	0	[false, false]		package	false	/home/nima/Developer/nullness-benchmarks/glide/library/src/main/java/com/bumptech/glide/load/engine/EngineJob.java
1164	com.bumptech.glide.load.engine.EngineJob	callCallbackOnResourceReady(com.bumptech.glide.request.ResourceCallback)	0	[false]	java.lang.SuppressWarnings,com.bumptech.glide.util.Synthetic,androidx.annotation.GuardedBy	package	false	/home/nima/Developer/nullness-benchmarks/glide/library/src/main/java/com/bumptech/glide/load/engine/EngineJob.java
1165	com.bumptech.glide.load.engine.EngineJob	callCallbackOnLoadFailed(com.bumptech.glide.request.ResourceCallback)	0	[false]	java.lang.SuppressWarnings,com.bumptech.glide.util.Synthetic,androidx.annotation.GuardedBy	package	false	/home/nima/Developer/nullness-benchmarks/glide/library/src/main/java/com/bumptech/glide/load/engine/EngineJob.java
1166	com.bumptech.glide.load.engine.EngineJob	removeCallback(com.bumptech.glide.request.ResourceCallback)	0	[false]		package	false	/home/nima/Developer/nullness-benchmarks/glide/library/src/main/java/com/bumptech/glide/load/engine/EngineJob.java
1167	com.bumptech.glide.load.engine.EngineJob	onlyRetrieveFromCache()	0	[]		package	false	/home/nima/Developer/nullness-benchmarks/glide/library/src/main/java/com/bumptech/glide/load/engine/EngineJob.java
1168	com.bumptech.glide.load.engine.EngineJob	getActiveSourceExecutor()	0	[]		private	true	/home/nima/Developer/nullness-benchmarks/glide/library/src/main/java/com/bumptech/glide/load/engine/EngineJob.java
1169	com.bumptech.glide.load.engine.EngineJob	cancel()	0	[]		package	false	/home/nima/Developer/nullness-benchmarks/glide/library/src/main/java/com/bumptech/glide/load/engine/EngineJob.java
1170	com.bumptech.glide.load.engine.EngineJob	isCancelled()	0	[]		package	false	/home/nima/Developer/nullness-benchmarks/glide/library/src/main/java/com/bumptech/glide/load/engine/EngineJob.java
1171	com.bumptech.glide.load.engine.EngineJob	isDone()	0	[]		private	false	/home/nima/Developer/nullness-benchmarks/glide/library/src/main/java/com/bumptech/glide/load/engine/EngineJob.java
1172	com.bumptech.glide.load.engine.EngineJob	notifyCallbacksOfResult()	0	[]	java.lang.SuppressWarnings,com.bumptech.glide.util.Synthetic	package	false	/home/nima/Developer/nullness-benchmarks/glide/library/src/main/java/com/bumptech/glide/load/engine/EngineJob.java
1173	com.bumptech.glide.load.engine.EngineJob	incrementPendingCallbacks(int)	0	[false]	java.lang.SuppressWarnings,com.bumptech.glide.util.Synthetic	package	false	/home/nima/Developer/nullness-benchmarks/glide/library/src/main/java/com/bumptech/glide/load/engine/EngineJob.java
1174	com.bumptech.glide.load.engine.EngineJob	decrementPendingCallbacks()	0	[]	java.lang.SuppressWarnings,com.bumptech.glide.util.Synthetic	package	false	/home/nima/Developer/nullness-benchmarks/glide/library/src/main/java/com/bumptech/glide/load/engine/EngineJob.java
1175	com.bumptech.glide.load.engine.EngineJob	release()	0	[]		private	false	/home/nima/Developer/nullness-benchmarks/glide/library/src/main/java/com/bumptech/glide/load/engine/EngineJob.java
1176	com.bumptech.glide.load.engine.EngineJob	onResourceReady(com.bumptech.glide.load.engine.Resource,com.bumptech.glide.load.DataSource,boolean)	1106	[false, false, false]	java.lang.Override	public	false	/home/nima/Developer/nullness-benchmarks/glide/library/src/main/java/com/bumptech/glide/load/engine/EngineJob.java
1177	com.bumptech.glide.load.engine.EngineJob	onLoadFailed(com.bumptech.glide.load.engine.GlideException)	1107	[false]	java.lang.Override	public	false	/home/nima/Developer/nullness-benchmarks/glide/library/src/main/java/com/bumptech/glide/load/engine/EngineJob.java
1178	com.bumptech.glide.load.engine.EngineJob	reschedule(com.bumptech.glide.load.engine.DecodeJob)	1108	[false]	java.lang.Override	public	false	/home/nima/Developer/nullness-benchmarks/glide/library/src/main/java/com/bumptech/glide/load/engine/EngineJob.java
1179	com.bumptech.glide.load.engine.EngineJob	notifyCallbacksOfException()	0	[]	java.lang.SuppressWarnings,com.bumptech.glide.util.Synthetic	package	false	/home/nima/Developer/nullness-benchmarks/glide/library/src/main/java/com/bumptech/glide/load/engine/EngineJob.java
1180	com.bumptech.glide.load.engine.EngineJob	getVerifier()	1051	[]	androidx.annotation.NonNull,java.lang.Override	public	true	/home/nima/Developer/nullness-benchmarks/glide/library/src/main/java/com/bumptech/glide/load/engine/EngineJob.java
1181	com.bumptech.glide.load.engine.EngineJob$CallLoadFailed	CallLoadFailed(com.bumptech.glide.request.ResourceCallback)	0	[false]		package	false	/home/nima/Developer/nullness-benchmarks/glide/library/src/main/java/com/bumptech/glide/load/engine/EngineJob.java
1182	com.bumptech.glide.load.engine.EngineJob$CallLoadFailed	run()	81	[]	java.lang.Override	public	false	/home/nima/Developer/nullness-benchmarks/glide/library/src/main/java/com/bumptech/glide/load/engine/EngineJob.java
1183	com.bumptech.glide.load.engine.EngineJob$CallResourceReady	CallResourceReady(com.bumptech.glide.request.ResourceCallback)	0	[false]		package	false	/home/nima/Developer/nullness-benchmarks/glide/library/src/main/java/com/bumptech/glide/load/engine/EngineJob.java
1184	com.bumptech.glide.load.engine.EngineJob$CallResourceReady	run()	81	[]	java.lang.Override	public	false	/home/nima/Developer/nullness-benchmarks/glide/library/src/main/java/com/bumptech/glide/load/engine/EngineJob.java
1185	com.bumptech.glide.load.engine.EngineJob$ResourceCallbacksAndExecutors	ResourceCallbacksAndExecutors()	0	[]		package	false	/home/nima/Developer/nullness-benchmarks/glide/library/src/main/java/com/bumptech/glide/load/engine/EngineJob.java
1186	com.bumptech.glide.load.engine.EngineJob$ResourceCallbacksAndExecutors	ResourceCallbacksAndExecutors(java.util.List)	0	[false]		package	false	/home/nima/Developer/nullness-benchmarks/glide/library/src/main/java/com/bumptech/glide/load/engine/EngineJob.java
1187	com.bumptech.glide.load.engine.EngineJob$ResourceCallbacksAndExecutors	add(com.bumptech.glide.request.ResourceCallback,java.util.concurrent.Executor)	0	[false, false]		package	false	/home/nima/Developer/nullness-benchmarks/glide/library/src/main/java/com/bumptech/glide/load/engine/EngineJob.java
1188	com.bumptech.glide.load.engine.EngineJob$ResourceCallbacksAndExecutors	remove(com.bumptech.glide.request.ResourceCallback)	0	[false]		package	false	/home/nima/Developer/nullness-benchmarks/glide/library/src/main/java/com/bumptech/glide/load/engine/EngineJob.java
1189	com.bumptech.glide.load.engine.EngineJob$ResourceCallbacksAndExecutors	contains(com.bumptech.glide.request.ResourceCallback)	0	[false]		package	false	/home/nima/Developer/nullness-benchmarks/glide/library/src/main/java/com/bumptech/glide/load/engine/EngineJob.java
1190	com.bumptech.glide.load.engine.EngineJob$ResourceCallbacksAndExecutors	isEmpty()	0	[]		package	false	/home/nima/Developer/nullness-benchmarks/glide/library/src/main/java/com/bumptech/glide/load/engine/EngineJob.java
1191	com.bumptech.glide.load.engine.EngineJob$ResourceCallbacksAndExecutors	size()	0	[]		package	false	/home/nima/Developer/nullness-benchmarks/glide/library/src/main/java/com/bumptech/glide/load/engine/EngineJob.java
1192	com.bumptech.glide.load.engine.EngineJob$ResourceCallbacksAndExecutors	clear()	0	[]		package	false	/home/nima/Developer/nullness-benchmarks/glide/library/src/main/java/com/bumptech/glide/load/engine/EngineJob.java
1193	com.bumptech.glide.load.engine.EngineJob$ResourceCallbacksAndExecutors	copy()	0	[]		package	true	/home/nima/Developer/nullness-benchmarks/glide/library/src/main/java/com/bumptech/glide/load/engine/EngineJob.java
1194	com.bumptech.glide.load.engine.EngineJob$ResourceCallbacksAndExecutors	defaultCallbackAndExecutor(com.bumptech.glide.request.ResourceCallback)	0	[false]		private	true	/home/nima/Developer/nullness-benchmarks/glide/library/src/main/java/com/bumptech/glide/load/engine/EngineJob.java
1195	com.bumptech.glide.load.engine.EngineJob$ResourceCallbacksAndExecutors	iterator()	1196	[]	androidx.annotation.NonNull,java.lang.Override	public	true	/home/nima/Developer/nullness-benchmarks/glide/library/src/main/java/com/bumptech/glide/load/engine/EngineJob.java
1197	com.bumptech.glide.load.engine.EngineJob$ResourceCallbackAndExecutor	ResourceCallbackAndExecutor(com.bumptech.glide.request.ResourceCallback,java.util.concurrent.Executor)	0	[false, false]		package	false	/home/nima/Developer/nullness-benchmarks/glide/library/src/main/java/com/bumptech/glide/load/engine/EngineJob.java
1198	com.bumptech.glide.load.engine.EngineJob$ResourceCallbackAndExecutor	equals(java.lang.Object)	200	[false]	java.lang.Override	public	false	/home/nima/Developer/nullness-benchmarks/glide/library/src/main/java/com/bumptech/glide/load/engine/EngineJob.java
1199	com.bumptech.glide.load.engine.EngineJob$ResourceCallbackAndExecutor	hashCode()	201	[]	java.lang.Override	public	false	/home/nima/Developer/nullness-benchmarks/glide/library/src/main/java/com/bumptech/glide/load/engine/EngineJob.java
1200	com.bumptech.glide.load.engine.EngineJob$EngineResourceFactory	build(com.bumptech.glide.load.engine.Resource,boolean,com.bumptech.glide.load.Key,com.bumptech.glide.load.engine.EngineResource.ResourceListener)	0	[false, false, false, false]		public	true	/home/nima/Developer/nullness-benchmarks/glide/library/src/main/java/com/bumptech/glide/load/engine/EngineJob.java
1201	com.bumptech.glide.util.pool.StateVerifier	newInstance()	0	[]	androidx.annotation.NonNull	public	true	/home/nima/Developer/nullness-benchmarks/glide/library/src/main/java/com/bumptech/glide/util/pool/StateVerifier.java
1202	com.bumptech.glide.util.pool.StateVerifier	StateVerifier()	0	[]		private	false	/home/nima/Developer/nullness-benchmarks/glide/library/src/main/java/com/bumptech/glide/util/pool/StateVerifier.java
1203	com.bumptech.glide.util.pool.StateVerifier	throwIfRecycled()	0	[]		public	false	/home/nima/Developer/nullness-benchmarks/glide/library/src/main/java/com/bumptech/glide/util/pool/StateVerifier.java
1204	com.bumptech.glide.util.pool.StateVerifier	setRecycled(boolean)	0	[false]		package	false	/home/nima/Developer/nullness-benchmarks/glide/library/src/main/java/com/bumptech/glide/util/pool/StateVerifier.java
1205	com.bumptech.glide.util.pool.StateVerifier$DefaultStateVerifier	DefaultStateVerifier()	0	[]	com.bumptech.glide.util.Synthetic	package	false	/home/nima/Developer/nullness-benchmarks/glide/library/src/main/java/com/bumptech/glide/util/pool/StateVerifier.java
1206	com.bumptech.glide.util.pool.StateVerifier$DefaultStateVerifier	throwIfRecycled()	1203	[]	java.lang.Override	public	false	/home/nima/Developer/nullness-benchmarks/glide/library/src/main/java/com/bumptech/glide/util/pool/StateVerifier.java
1207	com.bumptech.glide.util.pool.StateVerifier$DefaultStateVerifier	setRecycled(boolean)	1204	[false]	java.lang.Override	public	false	/home/nima/Developer/nullness-benchmarks/glide/library/src/main/java/com/bumptech/glide/util/pool/StateVerifier.java
1208	com.bumptech.glide.util.pool.StateVerifier$DebugStateVerifier	DebugStateVerifier()	0	[]	com.bumptech.glide.util.Synthetic	package	false	/home/nima/Developer/nullness-benchmarks/glide/library/src/main/java/com/bumptech/glide/util/pool/StateVerifier.java
1209	com.bumptech.glide.util.pool.StateVerifier$DebugStateVerifier	throwIfRecycled()	1203	[]	java.lang.Override	public	false	/home/nima/Developer/nullness-benchmarks/glide/library/src/main/java/com/bumptech/glide/util/pool/StateVerifier.java
1210	com.bumptech.glide.util.pool.StateVerifier$DebugStateVerifier	setRecycled(boolean)	1204	[false]	java.lang.Override	package	false	/home/nima/Developer/nullness-benchmarks/glide/library/src/main/java/com/bumptech/glide/util/pool/StateVerifier.java
1211	com.bumptech.glide.load.engine.DecodeHelper	init(com.bumptech.glide.GlideContext,java.lang.Object,com.bumptech.glide.load.Key,int,int,com.bumptech.glide.load.engine.DiskCacheStrategy,java.lang.Class,java.lang.Class,com.bumptech.glide.Priority,com.bumptech.glide.load.Options,java.util.Map,boolean,boolean,com.bumptech.glide.load.engine.DecodeJob.DiskCacheProvider)	0	[false, false, false, false, false, false, false, false, false, false, false, false, false, false]	java.lang.SuppressWarnings	package	false	/home/nima/Developer/nullness-benchmarks/glide/library/src/main/java/com/bumptech/glide/load/engine/DecodeHelper.java
1212	com.bumptech.glide.load.engine.DecodeHelper	clear()	0	[]		package	false	/home/nima/Developer/nullness-benchmarks/glide/library/src/main/java/com/bumptech/glide/load/engine/DecodeHelper.java
1213	com.bumptech.glide.load.engine.DecodeHelper	getDiskCache()	0	[]		package	true	/home/nima/Developer/nullness-benchmarks/glide/library/src/main/java/com/bumptech/glide/load/engine/DecodeHelper.java
1214	com.bumptech.glide.load.engine.DecodeHelper	getDiskCacheStrategy()	0	[]		package	true	/home/nima/Developer/nullness-benchmarks/glide/library/src/main/java/com/bumptech/glide/load/engine/DecodeHelper.java
1215	com.bumptech.glide.load.engine.DecodeHelper	getRewinder(T)	0	[false]		package	true	/home/nima/Developer/nullness-benchmarks/glide/library/src/main/java/com/bumptech/glide/load/engine/DecodeHelper.java
1216	com.bumptech.glide.load.engine.DecodeHelper	getPriority()	0	[]		package	true	/home/nima/Developer/nullness-benchmarks/glide/library/src/main/java/com/bumptech/glide/load/engine/DecodeHelper.java
1217	com.bumptech.glide.load.engine.DecodeHelper	getOptions()	0	[]		package	true	/home/nima/Developer/nullness-benchmarks/glide/library/src/main/java/com/bumptech/glide/load/engine/DecodeHelper.java
1218	com.bumptech.glide.load.engine.DecodeHelper	getSignature()	0	[]		package	true	/home/nima/Developer/nullness-benchmarks/glide/library/src/main/java/com/bumptech/glide/load/engine/DecodeHelper.java
1219	com.bumptech.glide.load.engine.DecodeHelper	getWidth()	0	[]		package	false	/home/nima/Developer/nullness-benchmarks/glide/library/src/main/java/com/bumptech/glide/load/engine/DecodeHelper.java
1220	com.bumptech.glide.load.engine.DecodeHelper	getHeight()	0	[]		package	false	/home/nima/Developer/nullness-benchmarks/glide/library/src/main/java/com/bumptech/glide/load/engine/DecodeHelper.java
1221	com.bumptech.glide.load.engine.DecodeHelper	getArrayPool()	0	[]		package	true	/home/nima/Developer/nullness-benchmarks/glide/library/src/main/java/com/bumptech/glide/load/engine/DecodeHelper.java
1222	com.bumptech.glide.load.engine.DecodeHelper	getTranscodeClass()	0	[]		package	true	/home/nima/Developer/nullness-benchmarks/glide/library/src/main/java/com/bumptech/glide/load/engine/DecodeHelper.java
1223	com.bumptech.glide.load.engine.DecodeHelper	getModelClass()	0	[]		package	true	/home/nima/Developer/nullness-benchmarks/glide/library/src/main/java/com/bumptech/glide/load/engine/DecodeHelper.java
1224	com.bumptech.glide.load.engine.DecodeHelper	getRegisteredResourceClasses()	0	[]		package	true	/home/nima/Developer/nullness-benchmarks/glide/library/src/main/java/com/bumptech/glide/load/engine/DecodeHelper.java
1225	com.bumptech.glide.load.engine.DecodeHelper	hasLoadPath(java.lang.Class)	0	[false]		package	false	/home/nima/Developer/nullness-benchmarks/glide/library/src/main/java/com/bumptech/glide/load/engine/DecodeHelper.java
1226	com.bumptech.glide.load.engine.DecodeHelper	getLoadPath(java.lang.Class)	0	[false]		package	true	/home/nima/Developer/nullness-benchmarks/glide/library/src/main/java/com/bumptech/glide/load/engine/DecodeHelper.java
1227	com.bumptech.glide.load.engine.DecodeHelper	isScaleOnlyOrNoTransform()	0	[]		package	false	/home/nima/Developer/nullness-benchmarks/glide/library/src/main/java/com/bumptech/glide/load/engine/DecodeHelper.java
1228	com.bumptech.glide.load.engine.DecodeHelper	getTransformation(java.lang.Class)	0	[false]	java.lang.SuppressWarnings	package	true	/home/nima/Developer/nullness-benchmarks/glide/library/src/main/java/com/bumptech/glide/load/engine/DecodeHelper.java
1229	com.bumptech.glide.load.engine.DecodeHelper	isResourceEncoderAvailable(com.bumptech.glide.load.engine.Resource)	0	[false]		package	false	/home/nima/Developer/nullness-benchmarks/glide/library/src/main/java/com/bumptech/glide/load/engine/DecodeHelper.java
1230	com.bumptech.glide.load.engine.DecodeHelper	getResultEncoder(com.bumptech.glide.load.engine.Resource)	0	[false]		package	true	/home/nima/Developer/nullness-benchmarks/glide/library/src/main/java/com/bumptech/glide/load/engine/DecodeHelper.java
1231	com.bumptech.glide.load.engine.DecodeHelper	getModelLoaders(java.io.File)	0	[false]		package	true	/home/nima/Developer/nullness-benchmarks/glide/library/src/main/java/com/bumptech/glide/load/engine/DecodeHelper.java
1232	com.bumptech.glide.load.engine.DecodeHelper	isSourceKey(com.bumptech.glide.load.Key)	0	[false]		package	false	/home/nima/Developer/nullness-benchmarks/glide/library/src/main/java/com/bumptech/glide/load/engine/DecodeHelper.java
1233	com.bumptech.glide.load.engine.DecodeHelper	getLoadData()	0	[]		package	true	/home/nima/Developer/nullness-benchmarks/glide/library/src/main/java/com/bumptech/glide/load/engine/DecodeHelper.java
1234	com.bumptech.glide.load.engine.DecodeHelper	getCacheKeys()	0	[]		package	true	/home/nima/Developer/nullness-benchmarks/glide/library/src/main/java/com/bumptech/glide/load/engine/DecodeHelper.java
1235	com.bumptech.glide.load.engine.DecodeHelper	getSourceEncoder(X)	0	[false]		package	true	/home/nima/Developer/nullness-benchmarks/glide/library/src/main/java/com/bumptech/glide/load/engine/DecodeHelper.java
1236	com.bumptech.glide.load.engine.LockedResource$1	create()	581	[]	java.lang.Override	public	true	/home/nima/Developer/nullness-benchmarks/glide/library/src/main/java/com/bumptech/glide/load/engine/LockedResource.java
1237	com.bumptech.glide.load.engine.LockedResource	obtain(com.bumptech.glide.load.engine.Resource)	0	[false]	java.lang.SuppressWarnings,androidx.annotation.NonNull	package	true	/home/nima/Developer/nullness-benchmarks/glide/library/src/main/java/com/bumptech/glide/load/engine/LockedResource.java
1238	com.bumptech.glide.load.engine.LockedResource	LockedResource()	0	[]	java.lang.SuppressWarnings,com.bumptech.glide.util.Synthetic	package	false	/home/nima/Developer/nullness-benchmarks/glide/library/src/main/java/com/bumptech/glide/load/engine/LockedResource.java
1239	com.bumptech.glide.load.engine.LockedResource	init(com.bumptech.glide.load.engine.Resource)	0	[false]		private	false	/home/nima/Developer/nullness-benchmarks/glide/library/src/main/java/com/bumptech/glide/load/engine/LockedResource.java
1240	com.bumptech.glide.load.engine.LockedResource	release()	0	[]		private	false	/home/nima/Developer/nullness-benchmarks/glide/library/src/main/java/com/bumptech/glide/load/engine/LockedResource.java
1241	com.bumptech.glide.load.engine.LockedResource	unlock()	0	[]		package	false	/home/nima/Developer/nullness-benchmarks/glide/library/src/main/java/com/bumptech/glide/load/engine/LockedResource.java
1242	com.bumptech.glide.load.engine.LockedResource	getResourceClass()	496	[]	androidx.annotation.NonNull,java.lang.Override	public	true	/home/nima/Developer/nullness-benchmarks/glide/library/src/main/java/com/bumptech/glide/load/engine/LockedResource.java
1243	com.bumptech.glide.load.engine.LockedResource	get()	497	[]	androidx.annotation.NonNull,java.lang.Override	public	true	/home/nima/Developer/nullness-benchmarks/glide/library/src/main/java/com/bumptech/glide/load/engine/LockedResource.java
1244	com.bumptech.glide.load.engine.LockedResource	getSize()	498	[]	java.lang.Override	public	false	/home/nima/Developer/nullness-benchmarks/glide/library/src/main/java/com/bumptech/glide/load/engine/LockedResource.java
1245	com.bumptech.glide.load.engine.LockedResource	recycle()	499	[]	java.lang.Override	public	false	/home/nima/Developer/nullness-benchmarks/glide/library/src/main/java/com/bumptech/glide/load/engine/LockedResource.java
1246	com.bumptech.glide.load.engine.LockedResource	getVerifier()	1051	[]	androidx.annotation.NonNull,java.lang.Override	public	true	/home/nima/Developer/nullness-benchmarks/glide/library/src/main/java/com/bumptech/glide/load/engine/LockedResource.java
1247	com.bumptech.glide.request.RequestCoordinator	canSetImage(com.bumptech.glide.request.Request)	0	[false]		public	false	/home/nima/Developer/nullness-benchmarks/glide/library/src/main/java/com/bumptech/glide/request/RequestCoordinator.java
1248	com.bumptech.glide.request.RequestCoordinator	canNotifyStatusChanged(com.bumptech.glide.request.Request)	0	[false]		public	false	/home/nima/Developer/nullness-benchmarks/glide/library/src/main/java/com/bumptech/glide/request/RequestCoordinator.java
1249	com.bumptech.glide.request.RequestCoordinator	canNotifyCleared(com.bumptech.glide.request.Request)	0	[false]		public	false	/home/nima/Developer/nullness-benchmarks/glide/library/src/main/java/com/bumptech/glide/request/RequestCoordinator.java
1250	com.bumptech.glide.request.RequestCoordinator	isAnyResourceSet()	0	[]		public	false	/home/nima/Developer/nullness-benchmarks/glide/library/src/main/java/com/bumptech/glide/request/RequestCoordinator.java
1251	com.bumptech.glide.request.RequestCoordinator	onRequestSuccess(com.bumptech.glide.request.Request)	0	[false]		public	false	/home/nima/Developer/nullness-benchmarks/glide/library/src/main/java/com/bumptech/glide/request/RequestCoordinator.java
1252	com.bumptech.glide.request.RequestCoordinator	onRequestFailed(com.bumptech.glide.request.Request)	0	[false]		public	false	/home/nima/Developer/nullness-benchmarks/glide/library/src/main/java/com/bumptech/glide/request/RequestCoordinator.java
1253	com.bumptech.glide.request.RequestCoordinator	getRoot()	0	[]		public	true	/home/nima/Developer/nullness-benchmarks/glide/library/src/main/java/com/bumptech/glide/request/RequestCoordinator.java
1254	com.bumptech.glide.request.RequestCoordinator$RequestState	RequestState(boolean)	0	[false]		private	false	/home/nima/Developer/nullness-benchmarks/glide/library/src/main/java/com/bumptech/glide/request/RequestCoordinator.java
1255	com.bumptech.glide.request.RequestCoordinator$RequestState	isComplete()	0	[]		package	false	/home/nima/Developer/nullness-benchmarks/glide/library/src/main/java/com/bumptech/glide/request/RequestCoordinator.java
1256	com.bumptech.glide.load.resource.bitmap.DownsampleStrategy	getScaleFactor(int,int,int,int)	0	[false, false, false, false]		public	false	/home/nima/Developer/nullness-benchmarks/glide/library/src/main/java/com/bumptech/glide/load/resource/bitmap/DownsampleStrategy.java
1257	com.bumptech.glide.load.resource.bitmap.DownsampleStrategy	getSampleSizeRounding(int,int,int,int)	0	[false, false, false, false]		public	true	/home/nima/Developer/nullness-benchmarks/glide/library/src/main/java/com/bumptech/glide/load/resource/bitmap/DownsampleStrategy.java
1258	com.bumptech.glide.load.resource.bitmap.DownsampleStrategy$FitCenter	FitCenter()	0	[]	com.bumptech.glide.util.Synthetic	package	false	/home/nima/Developer/nullness-benchmarks/glide/library/src/main/java/com/bumptech/glide/load/resource/bitmap/DownsampleStrategy.java
1259	com.bumptech.glide.load.resource.bitmap.DownsampleStrategy$FitCenter	getScaleFactor(int,int,int,int)	1256	[false, false, false, false]	java.lang.Override	public	false	/home/nima/Developer/nullness-benchmarks/glide/library/src/main/java/com/bumptech/glide/load/resource/bitmap/DownsampleStrategy.java
1260	com.bumptech.glide.load.resource.bitmap.DownsampleStrategy$FitCenter	getSampleSizeRounding(int,int,int,int)	1257	[false, false, false, false]	java.lang.Override	public	true	/home/nima/Developer/nullness-benchmarks/glide/library/src/main/java/com/bumptech/glide/load/resource/bitmap/DownsampleStrategy.java
1261	com.bumptech.glide.load.resource.bitmap.DownsampleStrategy$CenterOutside	CenterOutside()	0	[]	com.bumptech.glide.util.Synthetic	package	false	/home/nima/Developer/nullness-benchmarks/glide/library/src/main/java/com/bumptech/glide/load/resource/bitmap/DownsampleStrategy.java
1262	com.bumptech.glide.load.resource.bitmap.DownsampleStrategy$CenterOutside	getScaleFactor(int,int,int,int)	1256	[false, false, false, false]	java.lang.Override	public	false	/home/nima/Developer/nullness-benchmarks/glide/library/src/main/java/com/bumptech/glide/load/resource/bitmap/DownsampleStrategy.java
1263	com.bumptech.glide.load.resource.bitmap.DownsampleStrategy$CenterOutside	getSampleSizeRounding(int,int,int,int)	1257	[false, false, false, false]	java.lang.Override	public	true	/home/nima/Developer/nullness-benchmarks/glide/library/src/main/java/com/bumptech/glide/load/resource/bitmap/DownsampleStrategy.java
1264	com.bumptech.glide.load.resource.bitmap.DownsampleStrategy$AtLeast	AtLeast()	0	[]	com.bumptech.glide.util.Synthetic	package	false	/home/nima/Developer/nullness-benchmarks/glide/library/src/main/java/com/bumptech/glide/load/resource/bitmap/DownsampleStrategy.java
1265	com.bumptech.glide.load.resource.bitmap.DownsampleStrategy$AtLeast	getScaleFactor(int,int,int,int)	1256	[false, false, false, false]	java.lang.Override	public	false	/home/nima/Developer/nullness-benchmarks/glide/library/src/main/java/com/bumptech/glide/load/resource/bitmap/DownsampleStrategy.java
1266	com.bumptech.glide.load.resource.bitmap.DownsampleStrategy$AtLeast	getSampleSizeRounding(int,int,int,int)	1257	[false, false, false, false]	java.lang.Override	public	true	/home/nima/Developer/nullness-benchmarks/glide/library/src/main/java/com/bumptech/glide/load/resource/bitmap/DownsampleStrategy.java
1267	com.bumptech.glide.load.resource.bitmap.DownsampleStrategy$AtMost	AtMost()	0	[]	com.bumptech.glide.util.Synthetic	package	false	/home/nima/Developer/nullness-benchmarks/glide/library/src/main/java/com/bumptech/glide/load/resource/bitmap/DownsampleStrategy.java
1268	com.bumptech.glide.load.resource.bitmap.DownsampleStrategy$AtMost	getScaleFactor(int,int,int,int)	1256	[false, false, false, false]	java.lang.Override	public	false	/home/nima/Developer/nullness-benchmarks/glide/library/src/main/java/com/bumptech/glide/load/resource/bitmap/DownsampleStrategy.java
1269	com.bumptech.glide.load.resource.bitmap.DownsampleStrategy$AtMost	getSampleSizeRounding(int,int,int,int)	1257	[false, false, false, false]	java.lang.Override	public	true	/home/nima/Developer/nullness-benchmarks/glide/library/src/main/java/com/bumptech/glide/load/resource/bitmap/DownsampleStrategy.java
1270	com.bumptech.glide.load.resource.bitmap.DownsampleStrategy$None	None()	0	[]	com.bumptech.glide.util.Synthetic	package	false	/home/nima/Developer/nullness-benchmarks/glide/library/src/main/java/com/bumptech/glide/load/resource/bitmap/DownsampleStrategy.java
1271	com.bumptech.glide.load.resource.bitmap.DownsampleStrategy$None	getScaleFactor(int,int,int,int)	1256	[false, false, false, false]	java.lang.Override	public	false	/home/nima/Developer/nullness-benchmarks/glide/library/src/main/java/com/bumptech/glide/load/resource/bitmap/DownsampleStrategy.java
1272	com.bumptech.glide.load.resource.bitmap.DownsampleStrategy$None	getSampleSizeRounding(int,int,int,int)	1257	[false, false, false, false]	java.lang.Override	public	true	/home/nima/Developer/nullness-benchmarks/glide/library/src/main/java/com/bumptech/glide/load/resource/bitmap/DownsampleStrategy.java
1273	com.bumptech.glide.load.resource.bitmap.DownsampleStrategy$CenterInside	CenterInside()	0	[]	com.bumptech.glide.util.Synthetic	package	false	/home/nima/Developer/nullness-benchmarks/glide/library/src/main/java/com/bumptech/glide/load/resource/bitmap/DownsampleStrategy.java
1274	com.bumptech.glide.load.resource.bitmap.DownsampleStrategy$CenterInside	getScaleFactor(int,int,int,int)	1256	[false, false, false, false]	java.lang.Override	public	false	/home/nima/Developer/nullness-benchmarks/glide/library/src/main/java/com/bumptech/glide/load/resource/bitmap/DownsampleStrategy.java
1275	com.bumptech.glide.load.resource.bitmap.DownsampleStrategy$CenterInside	getSampleSizeRounding(int,int,int,int)	1257	[false, false, false, false]	java.lang.Override	public	true	/home/nima/Developer/nullness-benchmarks/glide/library/src/main/java/com/bumptech/glide/load/resource/bitmap/DownsampleStrategy.java
1276	com.bumptech.glide.RegistryFactory	RegistryFactory()	0	[]		private	false	/home/nima/Developer/nullness-benchmarks/glide/library/src/main/java/com/bumptech/glide/RegistryFactory.java
1277	com.bumptech.glide.RegistryFactory	lazilyCreateAndInitializeRegistry(com.bumptech.glide.Glide,java.util.List,com.bumptech.glide.module.AppGlideModule)	0	[false, false, true]		package	true	/home/nima/Developer/nullness-benchmarks/glide/library/src/main/java/com/bumptech/glide/RegistryFactory.java
1278	com.bumptech.glide.RegistryFactory$1	get()	297	[]	java.lang.Override	public	true	/home/nima/Developer/nullness-benchmarks/glide/library/src/main/java/com/bumptech/glide/RegistryFactory.java
1279	com.bumptech.glide.RegistryFactory	createAndInitRegistry(com.bumptech.glide.Glide,java.util.List,com.bumptech.glide.module.AppGlideModule)	0	[false, false, true]	com.bumptech.glide.util.Synthetic	package	true	/home/nima/Developer/nullness-benchmarks/glide/library/src/main/java/com/bumptech/glide/RegistryFactory.java
1280	com.bumptech.glide.RegistryFactory	initializeDefaults(android.content.Context,com.bumptech.glide.Registry,com.bumptech.glide.load.engine.bitmap_recycle.BitmapPool,com.bumptech.glide.load.engine.bitmap_recycle.ArrayPool,com.bumptech.glide.GlideExperiments)	0	[false, false, false, false, false]		private	false	/home/nima/Developer/nullness-benchmarks/glide/library/src/main/java/com/bumptech/glide/RegistryFactory.java
1281	com.bumptech.glide.RegistryFactory	initializeModules(android.content.Context,com.bumptech.glide.Glide,com.bumptech.glide.Registry,java.util.List,com.bumptech.glide.module.AppGlideModule)	0	[false, false, false, false, true]		private	false	/home/nima/Developer/nullness-benchmarks/glide/library/src/main/java/com/bumptech/glide/RegistryFactory.java
1282	com.bumptech.glide.manager.DefaultConnectivityMonitor	DefaultConnectivityMonitor(android.content.Context,com.bumptech.glide.manager.ConnectivityMonitor.ConnectivityListener)	0	[false, false]		package	false	/home/nima/Developer/nullness-benchmarks/glide/library/src/main/java/com/bumptech/glide/manager/DefaultConnectivityMonitor.java
1283	com.bumptech.glide.manager.DefaultConnectivityMonitor	register()	0	[]		private	false	/home/nima/Developer/nullness-benchmarks/glide/library/src/main/java/com/bumptech/glide/manager/DefaultConnectivityMonitor.java
1284	com.bumptech.glide.manager.DefaultConnectivityMonitor	unregister()	0	[]		private	false	/home/nima/Developer/nullness-benchmarks/glide/library/src/main/java/com/bumptech/glide/manager/DefaultConnectivityMonitor.java
1285	com.bumptech.glide.manager.DefaultConnectivityMonitor	onStart()	45	[]	java.lang.Override	public	false	/home/nima/Developer/nullness-benchmarks/glide/library/src/main/java/com/bumptech/glide/manager/DefaultConnectivityMonitor.java
1286	com.bumptech.glide.manager.DefaultConnectivityMonitor	onStop()	47	[]	java.lang.Override	public	false	/home/nima/Developer/nullness-benchmarks/glide/library/src/main/java/com/bumptech/glide/manager/DefaultConnectivityMonitor.java
1287	com.bumptech.glide.manager.DefaultConnectivityMonitor	onDestroy()	49	[]	java.lang.Override	public	false	/home/nima/Developer/nullness-benchmarks/glide/library/src/main/java/com/bumptech/glide/manager/DefaultConnectivityMonitor.java
1288	com.bumptech.glide.manager.LifecycleLifecycle	LifecycleLifecycle(androidx.lifecycle.Lifecycle)	0	[false]		package	false	/home/nima/Developer/nullness-benchmarks/glide/library/src/main/java/com/bumptech/glide/manager/LifecycleLifecycle.java
1289	com.bumptech.glide.manager.LifecycleLifecycle	onStart(androidx.lifecycle.LifecycleOwner)	0	[false]	androidx.lifecycle.OnLifecycleEvent	public	false	/home/nima/Developer/nullness-benchmarks/glide/library/src/main/java/com/bumptech/glide/manager/LifecycleLifecycle.java
1290	com.bumptech.glide.manager.LifecycleLifecycle	onStop(androidx.lifecycle.LifecycleOwner)	0	[false]	androidx.lifecycle.OnLifecycleEvent	public	false	/home/nima/Developer/nullness-benchmarks/glide/library/src/main/java/com/bumptech/glide/manager/LifecycleLifecycle.java
1291	com.bumptech.glide.manager.LifecycleLifecycle	onDestroy(androidx.lifecycle.LifecycleOwner)	0	[false]	androidx.lifecycle.OnLifecycleEvent	public	false	/home/nima/Developer/nullness-benchmarks/glide/library/src/main/java/com/bumptech/glide/manager/LifecycleLifecycle.java
1292	com.bumptech.glide.manager.LifecycleLifecycle	addListener(com.bumptech.glide.manager.LifecycleListener)	341	[false]	java.lang.Override	public	false	/home/nima/Developer/nullness-benchmarks/glide/library/src/main/java/com/bumptech/glide/manager/LifecycleLifecycle.java
1293	com.bumptech.glide.manager.LifecycleLifecycle	removeListener(com.bumptech.glide.manager.LifecycleListener)	342	[false]	java.lang.Override	public	false	/home/nima/Developer/nullness-benchmarks/glide/library/src/main/java/com/bumptech/glide/manager/LifecycleLifecycle.java
1294	com.bumptech.glide.manager.RequestManagerFragment	setRequestManager(com.bumptech.glide.RequestManager)	0	[true]	java.lang.Deprecated	public	false	/home/nima/Developer/nullness-benchmarks/glide/library/src/main/java/com/bumptech/glide/manager/RequestManagerFragment.java
1295	com.bumptech.glide.manager.RequestManagerFragment	getRequestManager()	0	[]	java.lang.Deprecated,androidx.annotation.Nullable	public	true	/home/nima/Developer/nullness-benchmarks/glide/library/src/main/java/com/bumptech/glide/manager/RequestManagerFragment.java
1296	com.bumptech.glide.manager.RequestManagerFragment	getRequestManagerTreeNode()	0	[]	java.lang.Deprecated,androidx.annotation.NonNull	public	true	/home/nima/Developer/nullness-benchmarks/glide/library/src/main/java/com/bumptech/glide/manager/RequestManagerFragment.java
1297	com.bumptech.glide.manager.RequestManagerFragment$1	getDescendants()	353	[]	androidx.annotation.NonNull,java.lang.Override	public	true	/home/nima/Developer/nullness-benchmarks/glide/library/src/main/java/com/bumptech/glide/manager/RequestManagerFragment.java
1298	com.bumptech.glide.manager.NullConnectivityMonitor	onStart()	45	[]	java.lang.Override	public	false	/home/nima/Developer/nullness-benchmarks/glide/library/src/main/java/com/bumptech/glide/manager/NullConnectivityMonitor.java
1299	com.bumptech.glide.manager.NullConnectivityMonitor	onStop()	47	[]	java.lang.Override	public	false	/home/nima/Developer/nullness-benchmarks/glide/library/src/main/java/com/bumptech/glide/manager/NullConnectivityMonitor.java
1300	com.bumptech.glide.manager.NullConnectivityMonitor	onDestroy()	49	[]	java.lang.Override	public	false	/home/nima/Developer/nullness-benchmarks/glide/library/src/main/java/com/bumptech/glide/manager/NullConnectivityMonitor.java
1301	com.bumptech.glide.manager.DefaultConnectivityMonitorFactory	build(android.content.Context,com.bumptech.glide.manager.ConnectivityMonitor.ConnectivityListener)	363	[false, false]	androidx.annotation.NonNull,java.lang.Override	public	true	/home/nima/Developer/nullness-benchmarks/glide/library/src/main/java/com/bumptech/glide/manager/DefaultConnectivityMonitorFactory.java
1302	com.bumptech.glide.manager.FirstFrameWaiter	registerSelf(android.app.Activity)	972	[false]	java.lang.Override	public	false	/home/nima/Developer/nullness-benchmarks/glide/library/src/main/java/com/bumptech/glide/manager/FirstFrameWaiter.java
1303	com.bumptech.glide.manager.FirstFrameWaiter$1	onDraw()	1304	[]	java.lang.Override	public	false	/home/nima/Developer/nullness-benchmarks/glide/library/src/main/java/com/bumptech/glide/manager/FirstFrameWaiter.java
1305	com.bumptech.glide.manager.FirstFrameWaiter$1$1	run()	81	[]	java.lang.Override	public	false	/home/nima/Developer/nullness-benchmarks/glide/library/src/main/java/com/bumptech/glide/manager/FirstFrameWaiter.java
1306	com.bumptech.glide.manager.FirstFrameWaiter	removeListener(android.view.View,android.view.ViewTreeObserver.OnDrawListener)	0	[false, false]	com.bumptech.glide.util.Synthetic	package	false	/home/nima/Developer/nullness-benchmarks/glide/library/src/main/java/com/bumptech/glide/manager/FirstFrameWaiter.java
1307	com.bumptech.glide.manager.SupportRequestManagerFragment	setRequestManager(com.bumptech.glide.RequestManager)	0	[true]	java.lang.Deprecated	public	false	/home/nima/Developer/nullness-benchmarks/glide/library/src/main/java/com/bumptech/glide/manager/SupportRequestManagerFragment.java
1308	com.bumptech.glide.manager.SupportRequestManagerFragment	getRequestManager()	0	[]	androidx.annotation.Nullable,java.lang.Deprecated	public	true	/home/nima/Developer/nullness-benchmarks/glide/library/src/main/java/com/bumptech/glide/manager/SupportRequestManagerFragment.java
1309	com.bumptech.glide.manager.SupportRequestManagerFragment	getRequestManagerTreeNode()	0	[]	java.lang.Deprecated,androidx.annotation.NonNull	public	true	/home/nima/Developer/nullness-benchmarks/glide/library/src/main/java/com/bumptech/glide/manager/SupportRequestManagerFragment.java
1310	com.bumptech.glide.manager.EmptyRequestManagerTreeNode	getDescendants()	353	[]	androidx.annotation.NonNull,java.lang.Override	public	true	/home/nima/Developer/nullness-benchmarks/glide/library/src/main/java/com/bumptech/glide/manager/EmptyRequestManagerTreeNode.java
1311	com.bumptech.glide.manager.DoNothingFirstFrameWaiter	registerSelf(android.app.Activity)	972	[false]	java.lang.Override	public	false	/home/nima/Developer/nullness-benchmarks/glide/library/src/main/java/com/bumptech/glide/manager/DoNothingFirstFrameWaiter.java
1312	com.bumptech.glide.manager.SingletonConnectivityReceiver	get(android.content.Context)	0	[false]		package	true	/home/nima/Developer/nullness-benchmarks/glide/library/src/main/java/com/bumptech/glide/manager/SingletonConnectivityReceiver.java
1313	com.bumptech.glide.manager.SingletonConnectivityReceiver	reset()	0	[]	androidx.annotation.VisibleForTesting	package	false	/home/nima/Developer/nullness-benchmarks/glide/library/src/main/java/com/bumptech/glide/manager/SingletonConnectivityReceiver.java
1314	com.bumptech.glide.manager.SingletonConnectivityReceiver	SingletonConnectivityReceiver(android.content.Context)	0	[false]		private	false	/home/nima/Developer/nullness-benchmarks/glide/library/src/main/java/com/bumptech/glide/manager/SingletonConnectivityReceiver.java
1315	com.bumptech.glide.manager.SingletonConnectivityReceiver$1	get()	297	[]	java.lang.Override	public	true	/home/nima/Developer/nullness-benchmarks/glide/library/src/main/java/com/bumptech/glide/manager/SingletonConnectivityReceiver.java
1316	com.bumptech.glide.manager.SingletonConnectivityReceiver$2	onConnectivityChanged(boolean)	136	[false]	java.lang.Override	public	false	/home/nima/Developer/nullness-benchmarks/glide/library/src/main/java/com/bumptech/glide/manager/SingletonConnectivityReceiver.java
1317	com.bumptech.glide.manager.SingletonConnectivityReceiver	register(com.bumptech.glide.manager.ConnectivityMonitor.ConnectivityListener)	0	[false]		package	false	/home/nima/Developer/nullness-benchmarks/glide/library/src/main/java/com/bumptech/glide/manager/SingletonConnectivityReceiver.java
1318	com.bumptech.glide.manager.SingletonConnectivityReceiver	unregister(com.bumptech.glide.manager.ConnectivityMonitor.ConnectivityListener)	0	[false]		package	false	/home/nima/Developer/nullness-benchmarks/glide/library/src/main/java/com/bumptech/glide/manager/SingletonConnectivityReceiver.java
1319	com.bumptech.glide.manager.SingletonConnectivityReceiver	maybeRegisterReceiver()	0	[]	androidx.annotation.GuardedBy	private	false	/home/nima/Developer/nullness-benchmarks/glide/library/src/main/java/com/bumptech/glide/manager/SingletonConnectivityReceiver.java
1320	com.bumptech.glide.manager.SingletonConnectivityReceiver	maybeUnregisterReceiver()	0	[]	androidx.annotation.GuardedBy	private	false	/home/nima/Developer/nullness-benchmarks/glide/library/src/main/java/com/bumptech/glide/manager/SingletonConnectivityReceiver.java
1321	com.bumptech.glide.manager.SingletonConnectivityReceiver$FrameworkConnectivityMonitor	register()	0	[]		public	false	/home/nima/Developer/nullness-benchmarks/glide/library/src/main/java/com/bumptech/glide/manager/SingletonConnectivityReceiver.java
1322	com.bumptech.glide.manager.SingletonConnectivityReceiver$FrameworkConnectivityMonitor	unregister()	0	[]		public	false	/home/nima/Developer/nullness-benchmarks/glide/library/src/main/java/com/bumptech/glide/manager/SingletonConnectivityReceiver.java
1323	com.bumptech.glide.manager.SingletonConnectivityReceiver$FrameworkConnectivityMonitorPostApi24$1	onAvailable(android.net.Network)	1324	[false]	java.lang.Override	public	false	/home/nima/Developer/nullness-benchmarks/glide/library/src/main/java/com/bumptech/glide/manager/SingletonConnectivityReceiver.java
1325	com.bumptech.glide.manager.SingletonConnectivityReceiver$FrameworkConnectivityMonitorPostApi24$1	onLost(android.net.Network)	1326	[false]	java.lang.Override	public	false	/home/nima/Developer/nullness-benchmarks/glide/library/src/main/java/com/bumptech/glide/manager/SingletonConnectivityReceiver.java
1327	com.bumptech.glide.manager.SingletonConnectivityReceiver$FrameworkConnectivityMonitorPostApi24$1	postOnConnectivityChange(boolean)	0	[false]		private	false	/home/nima/Developer/nullness-benchmarks/glide/library/src/main/java/com/bumptech/glide/manager/SingletonConnectivityReceiver.java
1328	com.bumptech.glide.manager.SingletonConnectivityReceiver$FrameworkConnectivityMonitorPostApi24$1$1	run()	81	[]	java.lang.Override	public	false	/home/nima/Developer/nullness-benchmarks/glide/library/src/main/java/com/bumptech/glide/manager/SingletonConnectivityReceiver.java
1329	com.bumptech.glide.manager.SingletonConnectivityReceiver$FrameworkConnectivityMonitorPostApi24$1	onConnectivityChange(boolean)	0	[false]	com.bumptech.glide.util.Synthetic	package	false	/home/nima/Developer/nullness-benchmarks/glide/library/src/main/java/com/bumptech/glide/manager/SingletonConnectivityReceiver.java
1330	com.bumptech.glide.manager.SingletonConnectivityReceiver$FrameworkConnectivityMonitorPostApi24	FrameworkConnectivityMonitorPostApi24(com.bumptech.glide.util.GlideSuppliers.GlideSupplier,com.bumptech.glide.manager.ConnectivityMonitor.ConnectivityListener)	0	[false, false]		package	false	/home/nima/Developer/nullness-benchmarks/glide/library/src/main/java/com/bumptech/glide/manager/SingletonConnectivityReceiver.java
1331	com.bumptech.glide.manager.SingletonConnectivityReceiver$FrameworkConnectivityMonitorPostApi24	register()	1321	[]	android.annotation.SuppressLint,java.lang.Override	public	false	/home/nima/Developer/nullness-benchmarks/glide/library/src/main/java/com/bumptech/glide/manager/SingletonConnectivityReceiver.java
1332	com.bumptech.glide.manager.SingletonConnectivityReceiver$FrameworkConnectivityMonitorPostApi24	unregister()	1322	[]	java.lang.Override	public	false	/home/nima/Developer/nullness-benchmarks/glide/library/src/main/java/com/bumptech/glide/manager/SingletonConnectivityReceiver.java
1333	com.bumptech.glide.manager.SingletonConnectivityReceiver$FrameworkConnectivityMonitorPreApi24$1	onReceive(android.content.Context,android.content.Intent)	1334	[false, false]	java.lang.Override	public	false	/home/nima/Developer/nullness-benchmarks/glide/library/src/main/java/com/bumptech/glide/manager/SingletonConnectivityReceiver.java
1335	com.bumptech.glide.manager.SingletonConnectivityReceiver$FrameworkConnectivityMonitorPreApi24	FrameworkConnectivityMonitorPreApi24(android.content.Context,com.bumptech.glide.util.GlideSuppliers.GlideSupplier,com.bumptech.glide.manager.ConnectivityMonitor.ConnectivityListener)	0	[false, false, false]		package	false	/home/nima/Developer/nullness-benchmarks/glide/library/src/main/java/com/bumptech/glide/manager/SingletonConnectivityReceiver.java
1336	com.bumptech.glide.manager.SingletonConnectivityReceiver$FrameworkConnectivityMonitorPreApi24	register()	1321	[]	java.lang.Override	public	false	/home/nima/Developer/nullness-benchmarks/glide/library/src/main/java/com/bumptech/glide/manager/SingletonConnectivityReceiver.java
1337	com.bumptech.glide.manager.SingletonConnectivityReceiver$FrameworkConnectivityMonitorPreApi24$2	run()	81	[]	java.lang.Override	public	false	/home/nima/Developer/nullness-benchmarks/glide/library/src/main/java/com/bumptech/glide/manager/SingletonConnectivityReceiver.java
1338	com.bumptech.glide.manager.SingletonConnectivityReceiver$FrameworkConnectivityMonitorPreApi24	unregister()	1322	[]	java.lang.Override	public	false	/home/nima/Developer/nullness-benchmarks/glide/library/src/main/java/com/bumptech/glide/manager/SingletonConnectivityReceiver.java
1339	com.bumptech.glide.manager.SingletonConnectivityReceiver$FrameworkConnectivityMonitorPreApi24$3	run()	81	[]	java.lang.Override	public	false	/home/nima/Developer/nullness-benchmarks/glide/library/src/main/java/com/bumptech/glide/manager/SingletonConnectivityReceiver.java
1340	com.bumptech.glide.manager.SingletonConnectivityReceiver$FrameworkConnectivityMonitorPreApi24	onConnectivityChange()	0	[]	com.bumptech.glide.util.Synthetic	package	false	/home/nima/Developer/nullness-benchmarks/glide/library/src/main/java/com/bumptech/glide/manager/SingletonConnectivityReceiver.java
1341	com.bumptech.glide.manager.SingletonConnectivityReceiver$FrameworkConnectivityMonitorPreApi24$4	run()	81	[]	java.lang.Override	public	false	/home/nima/Developer/nullness-benchmarks/glide/library/src/main/java/com/bumptech/glide/manager/SingletonConnectivityReceiver.java
1342	com.bumptech.glide.manager.SingletonConnectivityReceiver$FrameworkConnectivityMonitorPreApi24	notifyChangeOnUiThread(boolean)	0	[false]	com.bumptech.glide.util.Synthetic	package	false	/home/nima/Developer/nullness-benchmarks/glide/library/src/main/java/com/bumptech/glide/manager/SingletonConnectivityReceiver.java
1343	com.bumptech.glide.manager.SingletonConnectivityReceiver$FrameworkConnectivityMonitorPreApi24$5	run()	81	[]	java.lang.Override	public	false	/home/nima/Developer/nullness-benchmarks/glide/library/src/main/java/com/bumptech/glide/manager/SingletonConnectivityReceiver.java
1344	com.bumptech.glide.manager.SingletonConnectivityReceiver$FrameworkConnectivityMonitorPreApi24	isConnected()	0	[]	java.lang.SuppressWarnings,com.bumptech.glide.util.Synthetic,android.annotation.SuppressLint	package	false	/home/nima/Developer/nullness-benchmarks/glide/library/src/main/java/com/bumptech/glide/manager/SingletonConnectivityReceiver.java
1345	com.bumptech.glide.manager.ApplicationLifecycle	addListener(com.bumptech.glide.manager.LifecycleListener)	341	[false]	java.lang.Override	public	false	/home/nima/Developer/nullness-benchmarks/glide/library/src/main/java/com/bumptech/glide/manager/ApplicationLifecycle.java
1346	com.bumptech.glide.manager.ApplicationLifecycle	removeListener(com.bumptech.glide.manager.LifecycleListener)	342	[false]	java.lang.Override	public	false	/home/nima/Developer/nullness-benchmarks/glide/library/src/main/java/com/bumptech/glide/manager/ApplicationLifecycle.java
1347	com.bumptech.glide.module.ManifestParser	ManifestParser(android.content.Context)	0	[false]		public	false	/home/nima/Developer/nullness-benchmarks/glide/library/src/main/java/com/bumptech/glide/module/ManifestParser.java
1348	com.bumptech.glide.module.ManifestParser	getOurApplicationInfo()	0	[]	java.lang.SuppressWarnings,androidx.annotation.Nullable	private	true	/home/nima/Developer/nullness-benchmarks/glide/library/src/main/java/com/bumptech/glide/module/ManifestParser.java
1349	com.bumptech.glide.module.ManifestParser	parse()	0	[]	java.lang.SuppressWarnings	public	true	/home/nima/Developer/nullness-benchmarks/glide/library/src/main/java/com/bumptech/glide/module/ManifestParser.java
1350	com.bumptech.glide.module.ManifestParser	parseModule(java.lang.String)	0	[false]	java.lang.SuppressWarnings	private	true	/home/nima/Developer/nullness-benchmarks/glide/library/src/main/java/com/bumptech/glide/module/ManifestParser.java
1351	com.bumptech.glide.module.ManifestParser	throwInstantiateGlideModuleException(java.lang.Class,java.lang.Exception)	0	[false, false]		private	false	/home/nima/Developer/nullness-benchmarks/glide/library/src/main/java/com/bumptech/glide/module/ManifestParser.java
1352	com.bumptech.glide.util.pool.GlideTrace	GlideTrace()	0	[]		private	false	/home/nima/Developer/nullness-benchmarks/glide/library/src/main/java/com/bumptech/glide/util/pool/GlideTrace.java
1353	com.bumptech.glide.util.pool.GlideTrace	truncateTag(java.lang.String)	0	[false]		private	true	/home/nima/Developer/nullness-benchmarks/glide/library/src/main/java/com/bumptech/glide/util/pool/GlideTrace.java
1354	com.bumptech.glide.util.pool.GlideTrace	beginSection(java.lang.String)	0	[false]		public	false	/home/nima/Developer/nullness-benchmarks/glide/library/src/main/java/com/bumptech/glide/util/pool/GlideTrace.java
1355	com.bumptech.glide.util.pool.GlideTrace	beginSectionFormat(java.lang.String,java.lang.Object)	0	[false, false]		public	false	/home/nima/Developer/nullness-benchmarks/glide/library/src/main/java/com/bumptech/glide/util/pool/GlideTrace.java
1356	com.bumptech.glide.util.pool.GlideTrace	beginSectionFormat(java.lang.String,java.lang.Object,java.lang.Object)	0	[false, false, false]		public	false	/home/nima/Developer/nullness-benchmarks/glide/library/src/main/java/com/bumptech/glide/util/pool/GlideTrace.java
1357	com.bumptech.glide.util.pool.GlideTrace	beginSectionFormat(java.lang.String,java.lang.Object,java.lang.Object,java.lang.Object)	0	[false, false, false, false]		public	false	/home/nima/Developer/nullness-benchmarks/glide/library/src/main/java/com/bumptech/glide/util/pool/GlideTrace.java
1358	com.bumptech.glide.util.pool.GlideTrace	beginSectionAsync(java.lang.String)	0	[false]		public	false	/home/nima/Developer/nullness-benchmarks/glide/library/src/main/java/com/bumptech/glide/util/pool/GlideTrace.java
1359	com.bumptech.glide.util.pool.GlideTrace	endSectionAsync(java.lang.String,int)	0	[false, false]		public	false	/home/nima/Developer/nullness-benchmarks/glide/library/src/main/java/com/bumptech/glide/util/pool/GlideTrace.java
1360	com.bumptech.glide.util.pool.GlideTrace	endSection()	0	[]		public	false	/home/nima/Developer/nullness-benchmarks/glide/library/src/main/java/com/bumptech/glide/util/pool/GlideTrace.java
1361	com.bumptech.glide.util.LruCache	LruCache(long)	0	[false]		public	false	/home/nima/Developer/nullness-benchmarks/glide/library/src/main/java/com/bumptech/glide/util/LruCache.java
1362	com.bumptech.glide.util.LruCache	setSizeMultiplier(float)	0	[false]		public	false	/home/nima/Developer/nullness-benchmarks/glide/library/src/main/java/com/bumptech/glide/util/LruCache.java
1363	com.bumptech.glide.util.LruCache	getSize(Y)	0	[true]		protected	false	/home/nima/Developer/nullness-benchmarks/glide/library/src/main/java/com/bumptech/glide/util/LruCache.java
1364	com.bumptech.glide.util.LruCache	getCount()	0	[]		protected	false	/home/nima/Developer/nullness-benchmarks/glide/library/src/main/java/com/bumptech/glide/util/LruCache.java
1365	com.bumptech.glide.util.LruCache	onItemEvicted(T,Y)	0	[false, true]		protected	false	/home/nima/Developer/nullness-benchmarks/glide/library/src/main/java/com/bumptech/glide/util/LruCache.java
1366	com.bumptech.glide.util.LruCache	getMaxSize()	0	[]		public	false	/home/nima/Developer/nullness-benchmarks/glide/library/src/main/java/com/bumptech/glide/util/LruCache.java
1367	com.bumptech.glide.util.LruCache	getCurrentSize()	0	[]		public	false	/home/nima/Developer/nullness-benchmarks/glide/library/src/main/java/com/bumptech/glide/util/LruCache.java
1368	com.bumptech.glide.util.LruCache	contains(T)	0	[false]		public	false	/home/nima/Developer/nullness-benchmarks/glide/library/src/main/java/com/bumptech/glide/util/LruCache.java
1369	com.bumptech.glide.util.LruCache	get(T)	0	[false]	androidx.annotation.Nullable	public	true	/home/nima/Developer/nullness-benchmarks/glide/library/src/main/java/com/bumptech/glide/util/LruCache.java
1370	com.bumptech.glide.util.LruCache	put(T,Y)	0	[false, true]	androidx.annotation.Nullable	public	true	/home/nima/Developer/nullness-benchmarks/glide/library/src/main/java/com/bumptech/glide/util/LruCache.java
1371	com.bumptech.glide.util.LruCache	remove(T)	0	[false]	androidx.annotation.Nullable	public	true	/home/nima/Developer/nullness-benchmarks/glide/library/src/main/java/com/bumptech/glide/util/LruCache.java
1372	com.bumptech.glide.util.LruCache	clearMemory()	0	[]		public	false	/home/nima/Developer/nullness-benchmarks/glide/library/src/main/java/com/bumptech/glide/util/LruCache.java
1373	com.bumptech.glide.util.LruCache	trimToSize(long)	0	[false]		protected	false	/home/nima/Developer/nullness-benchmarks/glide/library/src/main/java/com/bumptech/glide/util/LruCache.java
1374	com.bumptech.glide.util.LruCache	evict()	0	[]		private	false	/home/nima/Developer/nullness-benchmarks/glide/library/src/main/java/com/bumptech/glide/util/LruCache.java
1375	com.bumptech.glide.util.LruCache$Entry	Entry(Y,int)	0	[false, false]	com.bumptech.glide.util.Synthetic	package	false	/home/nima/Developer/nullness-benchmarks/glide/library/src/main/java/com/bumptech/glide/util/LruCache.java
1376	com.bumptech.glide.util.Executors	Executors()	0	[]		private	false	/home/nima/Developer/nullness-benchmarks/glide/library/src/main/java/com/bumptech/glide/util/Executors.java
1377	com.bumptech.glide.util.Executors$1	execute(java.lang.Runnable)	885	[false]	java.lang.Override	public	false	/home/nima/Developer/nullness-benchmarks/glide/library/src/main/java/com/bumptech/glide/util/Executors.java
1378	com.bumptech.glide.util.Executors$2	execute(java.lang.Runnable)	885	[false]	java.lang.Override	public	false	/home/nima/Developer/nullness-benchmarks/glide/library/src/main/java/com/bumptech/glide/util/Executors.java
1379	com.bumptech.glide.util.Executors	mainThreadExecutor()	0	[]		public	true	/home/nima/Developer/nullness-benchmarks/glide/library/src/main/java/com/bumptech/glide/util/Executors.java
1380	com.bumptech.glide.util.Executors	directExecutor()	0	[]		public	true	/home/nima/Developer/nullness-benchmarks/glide/library/src/main/java/com/bumptech/glide/util/Executors.java
1381	com.bumptech.glide.util.Executors	shutdownAndAwaitTermination(java.util.concurrent.ExecutorService)	0	[false]	androidx.annotation.VisibleForTesting	public	false	/home/nima/Developer/nullness-benchmarks/glide/library/src/main/java/com/bumptech/glide/util/Executors.java
1382	com.bumptech.glide.util.ByteBufferUtil	ByteBufferUtil()	0	[]		private	false	/home/nima/Developer/nullness-benchmarks/glide/library/src/main/java/com/bumptech/glide/util/ByteBufferUtil.java
1383	com.bumptech.glide.util.ByteBufferUtil	fromFile(java.io.File)	0	[false]	androidx.annotation.NonNull	public	true	/home/nima/Developer/nullness-benchmarks/glide/library/src/main/java/com/bumptech/glide/util/ByteBufferUtil.java
1384	com.bumptech.glide.util.ByteBufferUtil	toFile(java.nio.ByteBuffer,java.io.File)	0	[false, false]		public	false	/home/nima/Developer/nullness-benchmarks/glide/library/src/main/java/com/bumptech/glide/util/ByteBufferUtil.java
1385	com.bumptech.glide.util.ByteBufferUtil	toStream(java.nio.ByteBuffer,java.io.OutputStream)	0	[false, false]		public	false	/home/nima/Developer/nullness-benchmarks/glide/library/src/main/java/com/bumptech/glide/util/ByteBufferUtil.java
1386	com.bumptech.glide.util.ByteBufferUtil	toBytes(java.nio.ByteBuffer)	0	[false]	java.lang.SuppressWarnings,androidx.annotation.NonNull	public	true	/home/nima/Developer/nullness-benchmarks/glide/library/src/main/java/com/bumptech/glide/util/ByteBufferUtil.java
1387	com.bumptech.glide.util.ByteBufferUtil	toStream(java.nio.ByteBuffer)	0	[false]	androidx.annotation.NonNull	public	true	/home/nima/Developer/nullness-benchmarks/glide/library/src/main/java/com/bumptech/glide/util/ByteBufferUtil.java
1388	com.bumptech.glide.util.ByteBufferUtil	fromStream(java.io.InputStream)	0	[false]	androidx.annotation.NonNull	public	true	/home/nima/Developer/nullness-benchmarks/glide/library/src/main/java/com/bumptech/glide/util/ByteBufferUtil.java
1389	com.bumptech.glide.util.ByteBufferUtil	rewind(java.nio.ByteBuffer)	0	[false]		public	true	/home/nima/Developer/nullness-benchmarks/glide/library/src/main/java/com/bumptech/glide/util/ByteBufferUtil.java
1390	com.bumptech.glide.util.ByteBufferUtil	getSafeArray(java.nio.ByteBuffer)	0	[false]	androidx.annotation.Nullable	private	true	/home/nima/Developer/nullness-benchmarks/glide/library/src/main/java/com/bumptech/glide/util/ByteBufferUtil.java
1391	com.bumptech.glide.util.ByteBufferUtil$SafeArray	SafeArray(byte[],int,int)	0	[false, false, false]	java.lang.SuppressWarnings	package	false	/home/nima/Developer/nullness-benchmarks/glide/library/src/main/java/com/bumptech/glide/util/ByteBufferUtil.java
1392	com.bumptech.glide.util.ByteBufferUtil$ByteBufferStream	ByteBufferStream(java.nio.ByteBuffer)	0	[false]		package	false	/home/nima/Developer/nullness-benchmarks/glide/library/src/main/java/com/bumptech/glide/util/ByteBufferUtil.java
1393	com.bumptech.glide.util.ByteBufferUtil$ByteBufferStream	available()	1394	[]	java.lang.Override	public	false	/home/nima/Developer/nullness-benchmarks/glide/library/src/main/java/com/bumptech/glide/util/ByteBufferUtil.java
1395	com.bumptech.glide.util.ByteBufferUtil$ByteBufferStream	read()	1396	[]	java.lang.Override	public	false	/home/nima/Developer/nullness-benchmarks/glide/library/src/main/java/com/bumptech/glide/util/ByteBufferUtil.java
1397	com.bumptech.glide.util.ByteBufferUtil$ByteBufferStream	mark(int)	1398	[false]	java.lang.Override	public	false	/home/nima/Developer/nullness-benchmarks/glide/library/src/main/java/com/bumptech/glide/util/ByteBufferUtil.java
1399	com.bumptech.glide.util.ByteBufferUtil$ByteBufferStream	markSupported()	1400	[]	java.lang.Override	public	false	/home/nima/Developer/nullness-benchmarks/glide/library/src/main/java/com/bumptech/glide/util/ByteBufferUtil.java
1401	com.bumptech.glide.util.ByteBufferUtil$ByteBufferStream	read(byte[],int,int)	1402	[false, false, false]	java.lang.Override	public	false	/home/nima/Developer/nullness-benchmarks/glide/library/src/main/java/com/bumptech/glide/util/ByteBufferUtil.java
1403	com.bumptech.glide.util.ByteBufferUtil$ByteBufferStream	reset()	1404	[]	java.lang.Override	public	false	/home/nima/Developer/nullness-benchmarks/glide/library/src/main/java/com/bumptech/glide/util/ByteBufferUtil.java
1405	com.bumptech.glide.util.ByteBufferUtil$ByteBufferStream	skip(long)	1406	[false]	java.lang.Override	public	false	/home/nima/Developer/nullness-benchmarks/glide/library/src/main/java/com/bumptech/glide/util/ByteBufferUtil.java
1407	com.bumptech.glide.util.MarkEnforcingInputStream	MarkEnforcingInputStream(java.io.InputStream)	0	[false]		public	false	/home/nima/Developer/nullness-benchmarks/glide/library/src/main/java/com/bumptech/glide/util/MarkEnforcingInputStream.java
1408	com.bumptech.glide.util.MarkEnforcingInputStream	mark(int)	1409	[false]	java.lang.Override	public	false	/home/nima/Developer/nullness-benchmarks/glide/library/src/main/java/com/bumptech/glide/util/MarkEnforcingInputStream.java
1410	com.bumptech.glide.util.MarkEnforcingInputStream	read()	1411	[]	java.lang.Override	public	false	/home/nima/Developer/nullness-benchmarks/glide/library/src/main/java/com/bumptech/glide/util/MarkEnforcingInputStream.java
1412	com.bumptech.glide.util.MarkEnforcingInputStream	read(byte[],int,int)	1413	[false, false, false]	java.lang.Override	public	false	/home/nima/Developer/nullness-benchmarks/glide/library/src/main/java/com/bumptech/glide/util/MarkEnforcingInputStream.java
1414	com.bumptech.glide.util.MarkEnforcingInputStream	reset()	1415	[]	java.lang.Override	public	false	/home/nima/Developer/nullness-benchmarks/glide/library/src/main/java/com/bumptech/glide/util/MarkEnforcingInputStream.java
1416	com.bumptech.glide.util.MarkEnforcingInputStream	skip(long)	1417	[false]	java.lang.Override	public	false	/home/nima/Developer/nullness-benchmarks/glide/library/src/main/java/com/bumptech/glide/util/MarkEnforcingInputStream.java
1418	com.bumptech.glide.util.MarkEnforcingInputStream	available()	1419	[]	java.lang.Override	public	false	/home/nima/Developer/nullness-benchmarks/glide/library/src/main/java/com/bumptech/glide/util/MarkEnforcingInputStream.java
1420	com.bumptech.glide.util.MarkEnforcingInputStream	getBytesToRead(long)	0	[false]		private	false	/home/nima/Developer/nullness-benchmarks/glide/library/src/main/java/com/bumptech/glide/util/MarkEnforcingInputStream.java
1421	com.bumptech.glide.util.MarkEnforcingInputStream	updateAvailableBytesAfterRead(long)	0	[false]		private	false	/home/nima/Developer/nullness-benchmarks/glide/library/src/main/java/com/bumptech/glide/util/MarkEnforcingInputStream.java
1422	com.bumptech.glide.util.LogTime	LogTime()	0	[]		private	false	/home/nima/Developer/nullness-benchmarks/glide/library/src/main/java/com/bumptech/glide/util/LogTime.java
1423	com.bumptech.glide.util.LogTime	getLogTime()	0	[]	android.annotation.TargetApi	public	false	/home/nima/Developer/nullness-benchmarks/glide/library/src/main/java/com/bumptech/glide/util/LogTime.java
1424	com.bumptech.glide.util.LogTime	getElapsedMillis(long)	0	[false]		public	false	/home/nima/Developer/nullness-benchmarks/glide/library/src/main/java/com/bumptech/glide/util/LogTime.java
1425	com.bumptech.glide.util.ExceptionPassthroughInputStream	obtain(java.io.InputStream)	0	[false]	androidx.annotation.NonNull	public	true	/home/nima/Developer/nullness-benchmarks/glide/library/src/main/java/com/bumptech/glide/util/ExceptionPassthroughInputStream.java
1426	com.bumptech.glide.util.ExceptionPassthroughInputStream	clearQueue()	0	[]		package	false	/home/nima/Developer/nullness-benchmarks/glide/library/src/main/java/com/bumptech/glide/util/ExceptionPassthroughInputStream.java
1427	com.bumptech.glide.util.ExceptionPassthroughInputStream	ExceptionPassthroughInputStream()	0	[]		package	false	/home/nima/Developer/nullness-benchmarks/glide/library/src/main/java/com/bumptech/glide/util/ExceptionPassthroughInputStream.java
1428	com.bumptech.glide.util.ExceptionPassthroughInputStream	setInputStream(java.io.InputStream)	0	[false]		package	false	/home/nima/Developer/nullness-benchmarks/glide/library/src/main/java/com/bumptech/glide/util/ExceptionPassthroughInputStream.java
1429	com.bumptech.glide.util.ExceptionPassthroughInputStream	available()	1394	[]	java.lang.Override	public	false	/home/nima/Developer/nullness-benchmarks/glide/library/src/main/java/com/bumptech/glide/util/ExceptionPassthroughInputStream.java
1430	com.bumptech.glide.util.ExceptionPassthroughInputStream	close()	1431	[]	java.lang.Override	public	false	/home/nima/Developer/nullness-benchmarks/glide/library/src/main/java/com/bumptech/glide/util/ExceptionPassthroughInputStream.java
1432	com.bumptech.glide.util.ExceptionPassthroughInputStream	mark(int)	1398	[false]	java.lang.Override	public	false	/home/nima/Developer/nullness-benchmarks/glide/library/src/main/java/com/bumptech/glide/util/ExceptionPassthroughInputStream.java
1433	com.bumptech.glide.util.ExceptionPassthroughInputStream	markSupported()	1400	[]	java.lang.Override	public	false	/home/nima/Developer/nullness-benchmarks/glide/library/src/main/java/com/bumptech/glide/util/ExceptionPassthroughInputStream.java
1434	com.bumptech.glide.util.ExceptionPassthroughInputStream	read()	1396	[]	java.lang.Override	public	false	/home/nima/Developer/nullness-benchmarks/glide/library/src/main/java/com/bumptech/glide/util/ExceptionPassthroughInputStream.java
1435	com.bumptech.glide.util.ExceptionPassthroughInputStream	read(byte[])	1436	[false]	java.lang.Override	public	false	/home/nima/Developer/nullness-benchmarks/glide/library/src/main/java/com/bumptech/glide/util/ExceptionPassthroughInputStream.java
1437	com.bumptech.glide.util.ExceptionPassthroughInputStream	read(byte[],int,int)	1402	[false, false, false]	java.lang.Override	public	false	/home/nima/Developer/nullness-benchmarks/glide/library/src/main/java/com/bumptech/glide/util/ExceptionPassthroughInputStream.java
1438	com.bumptech.glide.util.ExceptionPassthroughInputStream	reset()	1404	[]	java.lang.Override	public	false	/home/nima/Developer/nullness-benchmarks/glide/library/src/main/java/com/bumptech/glide/util/ExceptionPassthroughInputStream.java
1439	com.bumptech.glide.util.ExceptionPassthroughInputStream	skip(long)	1406	[false]	java.lang.Override	public	false	/home/nima/Developer/nullness-benchmarks/glide/library/src/main/java/com/bumptech/glide/util/ExceptionPassthroughInputStream.java
1440	com.bumptech.glide.util.ExceptionPassthroughInputStream	getException()	0	[]	androidx.annotation.Nullable	public	true	/home/nima/Developer/nullness-benchmarks/glide/library/src/main/java/com/bumptech/glide/util/ExceptionPassthroughInputStream.java
1441	com.bumptech.glide.util.ExceptionPassthroughInputStream	release()	0	[]		public	false	/home/nima/Developer/nullness-benchmarks/glide/library/src/main/java/com/bumptech/glide/util/ExceptionPassthroughInputStream.java
1442	com.bumptech.glide.util.CachedHashCodeArrayMap	clear()	1443	[]	java.lang.Override	public	false	/home/nima/Developer/nullness-benchmarks/glide/library/src/main/java/com/bumptech/glide/util/CachedHashCodeArrayMap.java
1444	com.bumptech.glide.util.CachedHashCodeArrayMap	setValueAt(int,V)	1445	[false, false]	java.lang.Override	public	true	/home/nima/Developer/nullness-benchmarks/glide/library/src/main/java/com/bumptech/glide/util/CachedHashCodeArrayMap.java
1446	com.bumptech.glide.util.CachedHashCodeArrayMap	put(K,V)	1447	[false, false]	java.lang.Override	public	true	/home/nima/Developer/nullness-benchmarks/glide/library/src/main/java/com/bumptech/glide/util/CachedHashCodeArrayMap.java
1448	com.bumptech.glide.util.CachedHashCodeArrayMap	putAll(androidx.collection.SimpleArrayMap)	1449	[false]	java.lang.Override	public	false	/home/nima/Developer/nullness-benchmarks/glide/library/src/main/java/com/bumptech/glide/util/CachedHashCodeArrayMap.java
1450	com.bumptech.glide.util.CachedHashCodeArrayMap	removeAt(int)	1451	[false]	java.lang.Override	public	true	/home/nima/Developer/nullness-benchmarks/glide/library/src/main/java/com/bumptech/glide/util/CachedHashCodeArrayMap.java
1452	com.bumptech.glide.util.CachedHashCodeArrayMap	hashCode()	1453	[]	java.lang.Override	public	false	/home/nima/Developer/nullness-benchmarks/glide/library/src/main/java/com/bumptech/glide/util/CachedHashCodeArrayMap.java
1454	com.bumptech.glide.util.ExceptionCatchingInputStream	obtain(java.io.InputStream)	0	[false]	androidx.annotation.NonNull	public	true	/home/nima/Developer/nullness-benchmarks/glide/library/src/main/java/com/bumptech/glide/util/ExceptionCatchingInputStream.java
1455	com.bumptech.glide.util.ExceptionCatchingInputStream	clearQueue()	0	[]		package	false	/home/nima/Developer/nullness-benchmarks/glide/library/src/main/java/com/bumptech/glide/util/ExceptionCatchingInputStream.java
1456	com.bumptech.glide.util.ExceptionCatchingInputStream	ExceptionCatchingInputStream()	0	[]		package	false	/home/nima/Developer/nullness-benchmarks/glide/library/src/main/java/com/bumptech/glide/util/ExceptionCatchingInputStream.java
1457	com.bumptech.glide.util.ExceptionCatchingInputStream	setInputStream(java.io.InputStream)	0	[false]		package	false	/home/nima/Developer/nullness-benchmarks/glide/library/src/main/java/com/bumptech/glide/util/ExceptionCatchingInputStream.java
1458	com.bumptech.glide.util.ExceptionCatchingInputStream	available()	1394	[]	java.lang.Override	public	false	/home/nima/Developer/nullness-benchmarks/glide/library/src/main/java/com/bumptech/glide/util/ExceptionCatchingInputStream.java
1459	com.bumptech.glide.util.ExceptionCatchingInputStream	close()	1431	[]	java.lang.Override	public	false	/home/nima/Developer/nullness-benchmarks/glide/library/src/main/java/com/bumptech/glide/util/ExceptionCatchingInputStream.java
1460	com.bumptech.glide.util.ExceptionCatchingInputStream	mark(int)	1398	[false]	java.lang.Override	public	false	/home/nima/Developer/nullness-benchmarks/glide/library/src/main/java/com/bumptech/glide/util/ExceptionCatchingInputStream.java
1461	com.bumptech.glide.util.ExceptionCatchingInputStream	markSupported()	1400	[]	java.lang.Override	public	false	/home/nima/Developer/nullness-benchmarks/glide/library/src/main/java/com/bumptech/glide/util/ExceptionCatchingInputStream.java
1462	com.bumptech.glide.util.ExceptionCatchingInputStream	read(byte[])	1436	[false]	java.lang.Override	public	false	/home/nima/Developer/nullness-benchmarks/glide/library/src/main/java/com/bumptech/glide/util/ExceptionCatchingInputStream.java
1463	com.bumptech.glide.util.ExceptionCatchingInputStream	read(byte[],int,int)	1402	[false, false, false]	java.lang.Override	public	false	/home/nima/Developer/nullness-benchmarks/glide/library/src/main/java/com/bumptech/glide/util/ExceptionCatchingInputStream.java
1464	com.bumptech.glide.util.ExceptionCatchingInputStream	reset()	1404	[]	java.lang.Override	public	false	/home/nima/Developer/nullness-benchmarks/glide/library/src/main/java/com/bumptech/glide/util/ExceptionCatchingInputStream.java
1465	com.bumptech.glide.util.ExceptionCatchingInputStream	skip(long)	1406	[false]	java.lang.Override	public	false	/home/nima/Developer/nullness-benchmarks/glide/library/src/main/java/com/bumptech/glide/util/ExceptionCatchingInputStream.java
1466	com.bumptech.glide.util.ExceptionCatchingInputStream	read()	1396	[]	java.lang.Override	public	false	/home/nima/Developer/nullness-benchmarks/glide/library/src/main/java/com/bumptech/glide/util/ExceptionCatchingInputStream.java
1467	com.bumptech.glide.util.ExceptionCatchingInputStream	getException()	0	[]	androidx.annotation.Nullable	public	true	/home/nima/Developer/nullness-benchmarks/glide/library/src/main/java/com/bumptech/glide/util/ExceptionCatchingInputStream.java
1468	com.bumptech.glide.util.ExceptionCatchingInputStream	release()	0	[]		public	false	/home/nima/Developer/nullness-benchmarks/glide/library/src/main/java/com/bumptech/glide/util/ExceptionCatchingInputStream.java
1469	com.bumptech.glide.util.ViewPreloadSizeProvider	ViewPreloadSizeProvider()	0	[]		public	false	/home/nima/Developer/nullness-benchmarks/glide/library/src/main/java/com/bumptech/glide/util/ViewPreloadSizeProvider.java
1470	com.bumptech.glide.util.ViewPreloadSizeProvider	ViewPreloadSizeProvider(android.view.View)	0	[false]	java.lang.SuppressWarnings	public	false	/home/nima/Developer/nullness-benchmarks/glide/library/src/main/java/com/bumptech/glide/util/ViewPreloadSizeProvider.java
1471	com.bumptech.glide.util.ViewPreloadSizeProvider	getPreloadSize(T,int,int)	14	[false, false, false]	androidx.annotation.Nullable,java.lang.Override	public	true	/home/nima/Developer/nullness-benchmarks/glide/library/src/main/java/com/bumptech/glide/util/ViewPreloadSizeProvider.java
1472	com.bumptech.glide.util.ViewPreloadSizeProvider	onSizeReady(int,int)	484	[false, false]	java.lang.Override	public	false	/home/nima/Developer/nullness-benchmarks/glide/library/src/main/java/com/bumptech/glide/util/ViewPreloadSizeProvider.java
1473	com.bumptech.glide.util.ViewPreloadSizeProvider	setView(android.view.View)	0	[false]		public	false	/home/nima/Developer/nullness-benchmarks/glide/library/src/main/java/com/bumptech/glide/util/ViewPreloadSizeProvider.java
1474	com.bumptech.glide.util.ViewPreloadSizeProvider$SizeViewTarget	SizeViewTarget(android.view.View)	0	[false]		package	false	/home/nima/Developer/nullness-benchmarks/glide/library/src/main/java/com/bumptech/glide/util/ViewPreloadSizeProvider.java
1475	com.bumptech.glide.util.ViewPreloadSizeProvider$SizeViewTarget	onResourceCleared(android.graphics.drawable.Drawable)	139	[true]	java.lang.Override	protected	false	/home/nima/Developer/nullness-benchmarks/glide/library/src/main/java/com/bumptech/glide/util/ViewPreloadSizeProvider.java
1476	com.bumptech.glide.util.ViewPreloadSizeProvider$SizeViewTarget	onLoadFailed(android.graphics.drawable.Drawable)	31	[true]	java.lang.Override	public	false	/home/nima/Developer/nullness-benchmarks/glide/library/src/main/java/com/bumptech/glide/util/ViewPreloadSizeProvider.java
1477	com.bumptech.glide.util.ViewPreloadSizeProvider$SizeViewTarget	onResourceReady(java.lang.Object,com.bumptech.glide.request.transition.Transition)	33	[false, true]	java.lang.Override	public	false	/home/nima/Developer/nullness-benchmarks/glide/library/src/main/java/com/bumptech/glide/util/ViewPreloadSizeProvider.java
1478	com.bumptech.glide.request.target.CustomViewTarget	CustomViewTarget(T)	0	[false]		public	false	/home/nima/Developer/nullness-benchmarks/glide/library/src/main/java/com/bumptech/glide/request/target/CustomViewTarget.java
139	com.bumptech.glide.request.target.CustomViewTarget	onResourceCleared(android.graphics.drawable.Drawable)	0	[true]		protected	false	/home/nima/Developer/nullness-benchmarks/glide/library/src/main/java/com/bumptech/glide/request/target/CustomViewTarget.java
1479	com.bumptech.glide.request.target.CustomViewTarget	onResourceLoading(android.graphics.drawable.Drawable)	0	[true]		protected	false	/home/nima/Developer/nullness-benchmarks/glide/library/src/main/java/com/bumptech/glide/request/target/CustomViewTarget.java
1480	com.bumptech.glide.request.target.CustomViewTarget	onStart()	45	[]	java.lang.Override	public	false	/home/nima/Developer/nullness-benchmarks/glide/library/src/main/java/com/bumptech/glide/request/target/CustomViewTarget.java
1481	com.bumptech.glide.request.target.CustomViewTarget	onStop()	47	[]	java.lang.Override	public	false	/home/nima/Developer/nullness-benchmarks/glide/library/src/main/java/com/bumptech/glide/request/target/CustomViewTarget.java
1482	com.bumptech.glide.request.target.CustomViewTarget	onDestroy()	49	[]	java.lang.Override	public	false	/home/nima/Developer/nullness-benchmarks/glide/library/src/main/java/com/bumptech/glide/request/target/CustomViewTarget.java
1483	com.bumptech.glide.request.target.CustomViewTarget	waitForLayout()	0	[]	java.lang.SuppressWarnings,androidx.annotation.NonNull	public	true	/home/nima/Developer/nullness-benchmarks/glide/library/src/main/java/com/bumptech/glide/request/target/CustomViewTarget.java
1484	com.bumptech.glide.request.target.CustomViewTarget	clearOnDetach()	0	[]	androidx.annotation.NonNull,java.lang.SuppressWarnings	public	true	/home/nima/Developer/nullness-benchmarks/glide/library/src/main/java/com/bumptech/glide/request/target/CustomViewTarget.java
1485	com.bumptech.glide.request.target.CustomViewTarget$1	onViewAttachedToWindow(android.view.View)	987	[false]	java.lang.Override	public	false	/home/nima/Developer/nullness-benchmarks/glide/library/src/main/java/com/bumptech/glide/request/target/CustomViewTarget.java
1486	com.bumptech.glide.request.target.CustomViewTarget$1	onViewDetachedFromWindow(android.view.View)	989	[false]	java.lang.Override	public	false	/home/nima/Developer/nullness-benchmarks/glide/library/src/main/java/com/bumptech/glide/request/target/CustomViewTarget.java
1487	com.bumptech.glide.request.target.CustomViewTarget	useTagId(int)	0	[false]	java.lang.SuppressWarnings,java.lang.Deprecated	public	true	/home/nima/Developer/nullness-benchmarks/glide/library/src/main/java/com/bumptech/glide/request/target/CustomViewTarget.java
1488	com.bumptech.glide.request.target.CustomViewTarget	getView()	0	[]	androidx.annotation.NonNull	public	true	/home/nima/Developer/nullness-benchmarks/glide/library/src/main/java/com/bumptech/glide/request/target/CustomViewTarget.java
1489	com.bumptech.glide.request.target.CustomViewTarget	getSize(com.bumptech.glide.request.target.SizeReadyCallback)	37	[false]	java.lang.Override	public	false	/home/nima/Developer/nullness-benchmarks/glide/library/src/main/java/com/bumptech/glide/request/target/CustomViewTarget.java
1490	com.bumptech.glide.request.target.CustomViewTarget	removeCallback(com.bumptech.glide.request.target.SizeReadyCallback)	39	[false]	java.lang.Override	public	false	/home/nima/Developer/nullness-benchmarks/glide/library/src/main/java/com/bumptech/glide/request/target/CustomViewTarget.java
1491	com.bumptech.glide.request.target.CustomViewTarget	onLoadStarted(android.graphics.drawable.Drawable)	29	[true]	java.lang.Override	public	false	/home/nima/Developer/nullness-benchmarks/glide/library/src/main/java/com/bumptech/glide/request/target/CustomViewTarget.java
1492	com.bumptech.glide.request.target.CustomViewTarget	onLoadCleared(android.graphics.drawable.Drawable)	35	[true]	java.lang.Override	public	false	/home/nima/Developer/nullness-benchmarks/glide/library/src/main/java/com/bumptech/glide/request/target/CustomViewTarget.java
1493	com.bumptech.glide.request.target.CustomViewTarget	setRequest(com.bumptech.glide.request.Request)	41	[true]	java.lang.Override	public	false	/home/nima/Developer/nullness-benchmarks/glide/library/src/main/java/com/bumptech/glide/request/target/CustomViewTarget.java
1494	com.bumptech.glide.request.target.CustomViewTarget	getRequest()	43	[]	java.lang.Override,androidx.annotation.Nullable	public	true	/home/nima/Developer/nullness-benchmarks/glide/library/src/main/java/com/bumptech/glide/request/target/CustomViewTarget.java
1495	com.bumptech.glide.request.target.CustomViewTarget	toString()	126	[]	java.lang.Override	public	true	/home/nima/Developer/nullness-benchmarks/glide/library/src/main/java/com/bumptech/glide/request/target/CustomViewTarget.java
1496	com.bumptech.glide.request.target.CustomViewTarget	resumeMyRequest()	0	[]	java.lang.SuppressWarnings,com.bumptech.glide.util.Synthetic	package	false	/home/nima/Developer/nullness-benchmarks/glide/library/src/main/java/com/bumptech/glide/request/target/CustomViewTarget.java
1497	com.bumptech.glide.request.target.CustomViewTarget	pauseMyRequest()	0	[]	java.lang.SuppressWarnings,com.bumptech.glide.util.Synthetic	package	false	/home/nima/Developer/nullness-benchmarks/glide/library/src/main/java/com/bumptech/glide/request/target/CustomViewTarget.java
1498	com.bumptech.glide.request.target.CustomViewTarget	setTag(java.lang.Object)	0	[true]		private	false	/home/nima/Developer/nullness-benchmarks/glide/library/src/main/java/com/bumptech/glide/request/target/CustomViewTarget.java
1499	com.bumptech.glide.request.target.CustomViewTarget	getTag()	0	[]	androidx.annotation.Nullable	private	true	/home/nima/Developer/nullness-benchmarks/glide/library/src/main/java/com/bumptech/glide/request/target/CustomViewTarget.java
1500	com.bumptech.glide.request.target.CustomViewTarget	maybeAddAttachStateListener()	0	[]		private	false	/home/nima/Developer/nullness-benchmarks/glide/library/src/main/java/com/bumptech/glide/request/target/CustomViewTarget.java
1501	com.bumptech.glide.request.target.CustomViewTarget	maybeRemoveAttachStateListener()	0	[]		private	false	/home/nima/Developer/nullness-benchmarks/glide/library/src/main/java/com/bumptech/glide/request/target/CustomViewTarget.java
1502	com.bumptech.glide.request.target.CustomViewTarget$SizeDeterminer	SizeDeterminer(android.view.View)	0	[false]		package	false	/home/nima/Developer/nullness-benchmarks/glide/library/src/main/java/com/bumptech/glide/request/target/CustomViewTarget.java
1503	com.bumptech.glide.request.target.CustomViewTarget$SizeDeterminer	getMaxDisplayLength(android.content.Context)	0	[false]		private	false	/home/nima/Developer/nullness-benchmarks/glide/library/src/main/java/com/bumptech/glide/request/target/CustomViewTarget.java
1504	com.bumptech.glide.request.target.CustomViewTarget$SizeDeterminer	notifyCbs(int,int)	0	[false, false]		private	false	/home/nima/Developer/nullness-benchmarks/glide/library/src/main/java/com/bumptech/glide/request/target/CustomViewTarget.java
1505	com.bumptech.glide.request.target.CustomViewTarget$SizeDeterminer	checkCurrentDimens()	0	[]	com.bumptech.glide.util.Synthetic	package	false	/home/nima/Developer/nullness-benchmarks/glide/library/src/main/java/com/bumptech/glide/request/target/CustomViewTarget.java
1506	com.bumptech.glide.request.target.CustomViewTarget$SizeDeterminer	getSize(com.bumptech.glide.request.target.SizeReadyCallback)	0	[false]		package	false	/home/nima/Developer/nullness-benchmarks/glide/library/src/main/java/com/bumptech/glide/request/target/CustomViewTarget.java
1507	com.bumptech.glide.request.target.CustomViewTarget$SizeDeterminer	removeCallback(com.bumptech.glide.request.target.SizeReadyCallback)	0	[false]		package	false	/home/nima/Developer/nullness-benchmarks/glide/library/src/main/java/com/bumptech/glide/request/target/CustomViewTarget.java
1508	com.bumptech.glide.request.target.CustomViewTarget$SizeDeterminer	clearCallbacksAndListener()	0	[]		package	false	/home/nima/Developer/nullness-benchmarks/glide/library/src/main/java/com/bumptech/glide/request/target/CustomViewTarget.java
1509	com.bumptech.glide.request.target.CustomViewTarget$SizeDeterminer	isViewStateAndSizeValid(int,int)	0	[false, false]		private	false	/home/nima/Developer/nullness-benchmarks/glide/library/src/main/java/com/bumptech/glide/request/target/CustomViewTarget.java
1510	com.bumptech.glide.request.target.CustomViewTarget$SizeDeterminer	getTargetHeight()	0	[]		private	false	/home/nima/Developer/nullness-benchmarks/glide/library/src/main/java/com/bumptech/glide/request/target/CustomViewTarget.java
1511	com.bumptech.glide.request.target.CustomViewTarget$SizeDeterminer	getTargetWidth()	0	[]		private	false	/home/nima/Developer/nullness-benchmarks/glide/library/src/main/java/com/bumptech/glide/request/target/CustomViewTarget.java
1512	com.bumptech.glide.request.target.CustomViewTarget$SizeDeterminer	getTargetDimen(int,int,int)	0	[false, false, false]		private	false	/home/nima/Developer/nullness-benchmarks/glide/library/src/main/java/com/bumptech/glide/request/target/CustomViewTarget.java
1513	com.bumptech.glide.request.target.CustomViewTarget$SizeDeterminer	isDimensionValid(int)	0	[false]		private	false	/home/nima/Developer/nullness-benchmarks/glide/library/src/main/java/com/bumptech/glide/request/target/CustomViewTarget.java
1514	com.bumptech.glide.request.target.CustomViewTarget$SizeDeterminer$SizeDeterminerLayoutListener	SizeDeterminerLayoutListener(com.bumptech.glide.request.target.CustomViewTarget.SizeDeterminer)	0	[false]		package	false	/home/nima/Developer/nullness-benchmarks/glide/library/src/main/java/com/bumptech/glide/request/target/CustomViewTarget.java
1515	com.bumptech.glide.request.target.CustomViewTarget$SizeDeterminer$SizeDeterminerLayoutListener	onPreDraw()	1024	[]	java.lang.Override	public	false	/home/nima/Developer/nullness-benchmarks/glide/library/src/main/java/com/bumptech/glide/request/target/CustomViewTarget.java
1516	com.bumptech.glide.util.Util	Util()	0	[]		private	false	/home/nima/Developer/nullness-benchmarks/glide/library/src/main/java/com/bumptech/glide/util/Util.java
1517	com.bumptech.glide.util.Util	sha256BytesToHex(byte[])	0	[false]	androidx.annotation.NonNull	public	true	/home/nima/Developer/nullness-benchmarks/glide/library/src/main/java/com/bumptech/glide/util/Util.java
1518	com.bumptech.glide.util.Util	bytesToHex(byte[],char[])	0	[false, false]	java.lang.SuppressWarnings,androidx.annotation.NonNull	private	true	/home/nima/Developer/nullness-benchmarks/glide/library/src/main/java/com/bumptech/glide/util/Util.java
1519	com.bumptech.glide.util.Util	getSize(android.graphics.Bitmap)	0	[false]	java.lang.Deprecated	public	false	/home/nima/Developer/nullness-benchmarks/glide/library/src/main/java/com/bumptech/glide/util/Util.java
1520	com.bumptech.glide.util.Util	getBitmapByteSize(android.graphics.Bitmap)	0	[false]	android.annotation.TargetApi	public	false	/home/nima/Developer/nullness-benchmarks/glide/library/src/main/java/com/bumptech/glide/util/Util.java
1521	com.bumptech.glide.util.Util	getBitmapByteSize(int,int,android.graphics.Bitmap.Config)	0	[false, false, true]		public	false	/home/nima/Developer/nullness-benchmarks/glide/library/src/main/java/com/bumptech/glide/util/Util.java
1522	com.bumptech.glide.util.Util	getBytesPerPixel(android.graphics.Bitmap.Config)	0	[true]		public	false	/home/nima/Developer/nullness-benchmarks/glide/library/src/main/java/com/bumptech/glide/util/Util.java
1523	com.bumptech.glide.util.Util	isValidDimensions(int,int)	0	[false, false]		public	false	/home/nima/Developer/nullness-benchmarks/glide/library/src/main/java/com/bumptech/glide/util/Util.java
1524	com.bumptech.glide.util.Util	isValidDimension(int)	0	[false]		public	false	/home/nima/Developer/nullness-benchmarks/glide/library/src/main/java/com/bumptech/glide/util/Util.java
1525	com.bumptech.glide.util.Util	postOnUiThread(java.lang.Runnable)	0	[false]		public	false	/home/nima/Developer/nullness-benchmarks/glide/library/src/main/java/com/bumptech/glide/util/Util.java
1526	com.bumptech.glide.util.Util	removeCallbacksOnUiThread(java.lang.Runnable)	0	[false]		public	false	/home/nima/Developer/nullness-benchmarks/glide/library/src/main/java/com/bumptech/glide/util/Util.java
1527	com.bumptech.glide.util.Util	getUiThreadHandler()	0	[]		private	true	/home/nima/Developer/nullness-benchmarks/glide/library/src/main/java/com/bumptech/glide/util/Util.java
1528	com.bumptech.glide.util.Util	assertMainThread()	0	[]		public	false	/home/nima/Developer/nullness-benchmarks/glide/library/src/main/java/com/bumptech/glide/util/Util.java
1529	com.bumptech.glide.util.Util	assertBackgroundThread()	0	[]		public	false	/home/nima/Developer/nullness-benchmarks/glide/library/src/main/java/com/bumptech/glide/util/Util.java
1530	com.bumptech.glide.util.Util	isOnMainThread()	0	[]		public	false	/home/nima/Developer/nullness-benchmarks/glide/library/src/main/java/com/bumptech/glide/util/Util.java
1531	com.bumptech.glide.util.Util	isOnBackgroundThread()	0	[]		public	false	/home/nima/Developer/nullness-benchmarks/glide/library/src/main/java/com/bumptech/glide/util/Util.java
1532	com.bumptech.glide.util.Util	createQueue(int)	0	[false]	androidx.annotation.NonNull	public	true	/home/nima/Developer/nullness-benchmarks/glide/library/src/main/java/com/bumptech/glide/util/Util.java
1533	com.bumptech.glide.util.Util	getSnapshot(java.util.Collection)	0	[false]	androidx.annotation.NonNull,java.lang.SuppressWarnings	public	true	/home/nima/Developer/nullness-benchmarks/glide/library/src/main/java/com/bumptech/glide/util/Util.java
1534	com.bumptech.glide.util.Util	bothNullOrEqual(java.lang.Object,java.lang.Object)	0	[true, true]		public	false	/home/nima/Developer/nullness-benchmarks/glide/library/src/main/java/com/bumptech/glide/util/Util.java
1535	com.bumptech.glide.util.Util	bothModelsNullEquivalentOrEquals(java.lang.Object,java.lang.Object)	0	[true, true]		public	false	/home/nima/Developer/nullness-benchmarks/glide/library/src/main/java/com/bumptech/glide/util/Util.java
1536	com.bumptech.glide.util.Util	bothBaseRequestOptionsNullEquivalentOrEquals(com.bumptech.glide.request.BaseRequestOptions,com.bumptech.glide.request.BaseRequestOptions)	0	[true, true]		public	false	/home/nima/Developer/nullness-benchmarks/glide/library/src/main/java/com/bumptech/glide/util/Util.java
1537	com.bumptech.glide.util.Util	hashCode(int)	0	[false]		public	false	/home/nima/Developer/nullness-benchmarks/glide/library/src/main/java/com/bumptech/glide/util/Util.java
1538	com.bumptech.glide.util.Util	hashCode(int,int)	0	[false, false]		public	false	/home/nima/Developer/nullness-benchmarks/glide/library/src/main/java/com/bumptech/glide/util/Util.java
1539	com.bumptech.glide.util.Util	hashCode(float)	0	[false]		public	false	/home/nima/Developer/nullness-benchmarks/glide/library/src/main/java/com/bumptech/glide/util/Util.java
1540	com.bumptech.glide.util.Util	hashCode(float,int)	0	[false, false]		public	false	/home/nima/Developer/nullness-benchmarks/glide/library/src/main/java/com/bumptech/glide/util/Util.java
1541	com.bumptech.glide.util.Util	hashCode(java.lang.Object,int)	0	[true, false]		public	false	/home/nima/Developer/nullness-benchmarks/glide/library/src/main/java/com/bumptech/glide/util/Util.java
1542	com.bumptech.glide.util.Util	hashCode(boolean,int)	0	[false, false]		public	false	/home/nima/Developer/nullness-benchmarks/glide/library/src/main/java/com/bumptech/glide/util/Util.java
1543	com.bumptech.glide.util.Util	hashCode(boolean)	0	[false]		public	false	/home/nima/Developer/nullness-benchmarks/glide/library/src/main/java/com/bumptech/glide/util/Util.java
1544	com.bumptech.glide.util.ContentLengthInputStream	obtain(java.io.InputStream,java.lang.String)	0	[false, true]	androidx.annotation.NonNull	public	true	/home/nima/Developer/nullness-benchmarks/glide/library/src/main/java/com/bumptech/glide/util/ContentLengthInputStream.java
1545	com.bumptech.glide.util.ContentLengthInputStream	obtain(java.io.InputStream,long)	0	[false, false]	androidx.annotation.NonNull	public	true	/home/nima/Developer/nullness-benchmarks/glide/library/src/main/java/com/bumptech/glide/util/ContentLengthInputStream.java
1546	com.bumptech.glide.util.ContentLengthInputStream	parseContentLength(java.lang.String)	0	[true]		private	false	/home/nima/Developer/nullness-benchmarks/glide/library/src/main/java/com/bumptech/glide/util/ContentLengthInputStream.java
1547	com.bumptech.glide.util.ContentLengthInputStream	ContentLengthInputStream(java.io.InputStream,long)	0	[false, false]		private	false	/home/nima/Developer/nullness-benchmarks/glide/library/src/main/java/com/bumptech/glide/util/ContentLengthInputStream.java
1548	com.bumptech.glide.util.ContentLengthInputStream	available()	1419	[]	java.lang.Override	public	false	/home/nima/Developer/nullness-benchmarks/glide/library/src/main/java/com/bumptech/glide/util/ContentLengthInputStream.java
1549	com.bumptech.glide.util.ContentLengthInputStream	read()	1411	[]	java.lang.Override	public	false	/home/nima/Developer/nullness-benchmarks/glide/library/src/main/java/com/bumptech/glide/util/ContentLengthInputStream.java
1550	com.bumptech.glide.util.ContentLengthInputStream	read(byte[])	1551	[false]	java.lang.Override	public	false	/home/nima/Developer/nullness-benchmarks/glide/library/src/main/java/com/bumptech/glide/util/ContentLengthInputStream.java
1552	com.bumptech.glide.util.ContentLengthInputStream	read(byte[],int,int)	1413	[false, false, false]	java.lang.Override	public	false	/home/nima/Developer/nullness-benchmarks/glide/library/src/main/java/com/bumptech/glide/util/ContentLengthInputStream.java
1553	com.bumptech.glide.util.ContentLengthInputStream	checkReadSoFarOrThrow(int)	0	[false]		private	false	/home/nima/Developer/nullness-benchmarks/glide/library/src/main/java/com/bumptech/glide/util/ContentLengthInputStream.java
1554	com.bumptech.glide.util.FixedPreloadSizeProvider	FixedPreloadSizeProvider(int,int)	0	[false, false]		public	false	/home/nima/Developer/nullness-benchmarks/glide/library/src/main/java/com/bumptech/glide/util/FixedPreloadSizeProvider.java
1555	com.bumptech.glide.util.FixedPreloadSizeProvider	getPreloadSize(T,int,int)	14	[false, false, false]	androidx.annotation.Nullable,java.lang.Override,java.lang.SuppressWarnings	public	true	/home/nima/Developer/nullness-benchmarks/glide/library/src/main/java/com/bumptech/glide/util/FixedPreloadSizeProvider.java
1556	com.bumptech.glide.util.Preconditions	Preconditions()	0	[]		private	false	/home/nima/Developer/nullness-benchmarks/glide/library/src/main/java/com/bumptech/glide/util/Preconditions.java
1557	com.bumptech.glide.util.Preconditions	checkArgument(boolean)	0	[false]		public	false	/home/nima/Developer/nullness-benchmarks/glide/library/src/main/java/com/bumptech/glide/util/Preconditions.java
1558	com.bumptech.glide.util.Preconditions	checkArgument(boolean,java.lang.String)	0	[false, false]		public	false	/home/nima/Developer/nullness-benchmarks/glide/library/src/main/java/com/bumptech/glide/util/Preconditions.java
1559	com.bumptech.glide.util.Preconditions	checkNotNull(T)	0	[true]	androidx.annotation.NonNull	public	true	/home/nima/Developer/nullness-benchmarks/glide/library/src/main/java/com/bumptech/glide/util/Preconditions.java
1560	com.bumptech.glide.util.Preconditions	checkNotNull(T,java.lang.String)	0	[true, false]	androidx.annotation.NonNull	public	true	/home/nima/Developer/nullness-benchmarks/glide/library/src/main/java/com/bumptech/glide/util/Preconditions.java
1561	com.bumptech.glide.util.Preconditions	checkNotEmpty(java.lang.String)	0	[true]	androidx.annotation.NonNull	public	true	/home/nima/Developer/nullness-benchmarks/glide/library/src/main/java/com/bumptech/glide/util/Preconditions.java
1562	com.bumptech.glide.util.Preconditions	checkNotEmpty(T)	0	[false]	androidx.annotation.NonNull	public	true	/home/nima/Developer/nullness-benchmarks/glide/library/src/main/java/com/bumptech/glide/util/Preconditions.java
1563	com.bumptech.glide.signature.ObjectKey	ObjectKey(java.lang.Object)	0	[false]		public	false	/home/nima/Developer/nullness-benchmarks/glide/library/src/main/java/com/bumptech/glide/signature/ObjectKey.java
1564	com.bumptech.glide.signature.ObjectKey	toString()	126	[]	java.lang.Override	public	true	/home/nima/Developer/nullness-benchmarks/glide/library/src/main/java/com/bumptech/glide/signature/ObjectKey.java
1565	com.bumptech.glide.signature.ObjectKey	equals(java.lang.Object)	494	[false]	java.lang.Override	public	false	/home/nima/Developer/nullness-benchmarks/glide/library/src/main/java/com/bumptech/glide/signature/ObjectKey.java
1566	com.bumptech.glide.signature.ObjectKey	hashCode()	495	[]	java.lang.Override	public	false	/home/nima/Developer/nullness-benchmarks/glide/library/src/main/java/com/bumptech/glide/signature/ObjectKey.java
1567	com.bumptech.glide.signature.ObjectKey	updateDiskCacheKey(java.security.MessageDigest)	493	[false]	java.lang.Override	public	false	/home/nima/Developer/nullness-benchmarks/glide/library/src/main/java/com/bumptech/glide/signature/ObjectKey.java
1568	com.bumptech.glide.signature.EmptySignature	obtain()	0	[]	androidx.annotation.NonNull	public	true	/home/nima/Developer/nullness-benchmarks/glide/library/src/main/java/com/bumptech/glide/signature/EmptySignature.java
1569	com.bumptech.glide.signature.EmptySignature	EmptySignature()	0	[]		private	false	/home/nima/Developer/nullness-benchmarks/glide/library/src/main/java/com/bumptech/glide/signature/EmptySignature.java
1570	com.bumptech.glide.signature.EmptySignature	toString()	126	[]	java.lang.Override	public	true	/home/nima/Developer/nullness-benchmarks/glide/library/src/main/java/com/bumptech/glide/signature/EmptySignature.java
1571	com.bumptech.glide.signature.EmptySignature	updateDiskCacheKey(java.security.MessageDigest)	493	[false]	java.lang.Override	public	false	/home/nima/Developer/nullness-benchmarks/glide/library/src/main/java/com/bumptech/glide/signature/EmptySignature.java
1572	com.bumptech.glide.signature.AndroidResourceSignature	obtain(android.content.Context)	0	[false]	androidx.annotation.NonNull	public	true	/home/nima/Developer/nullness-benchmarks/glide/library/src/main/java/com/bumptech/glide/signature/AndroidResourceSignature.java
1573	com.bumptech.glide.signature.AndroidResourceSignature	AndroidResourceSignature(int,com.bumptech.glide.load.Key)	0	[false, false]		private	false	/home/nima/Developer/nullness-benchmarks/glide/library/src/main/java/com/bumptech/glide/signature/AndroidResourceSignature.java
1574	com.bumptech.glide.signature.AndroidResourceSignature	equals(java.lang.Object)	494	[false]	java.lang.Override	public	false	/home/nima/Developer/nullness-benchmarks/glide/library/src/main/java/com/bumptech/glide/signature/AndroidResourceSignature.java
1575	com.bumptech.glide.signature.AndroidResourceSignature	hashCode()	495	[]	java.lang.Override	public	false	/home/nima/Developer/nullness-benchmarks/glide/library/src/main/java/com/bumptech/glide/signature/AndroidResourceSignature.java
1576	com.bumptech.glide.signature.AndroidResourceSignature	updateDiskCacheKey(java.security.MessageDigest)	493	[false]	java.lang.Override	public	false	/home/nima/Developer/nullness-benchmarks/glide/library/src/main/java/com/bumptech/glide/signature/AndroidResourceSignature.java
1577	com.bumptech.glide.signature.MediaStoreSignature	MediaStoreSignature(java.lang.String,long,int)	0	[true, false, false]		public	false	/home/nima/Developer/nullness-benchmarks/glide/library/src/main/java/com/bumptech/glide/signature/MediaStoreSignature.java
1578	com.bumptech.glide.signature.MediaStoreSignature	equals(java.lang.Object)	494	[false]	java.lang.SuppressWarnings,java.lang.Override	public	false	/home/nima/Developer/nullness-benchmarks/glide/library/src/main/java/com/bumptech/glide/signature/MediaStoreSignature.java
1579	com.bumptech.glide.signature.MediaStoreSignature	hashCode()	495	[]	java.lang.Override	public	false	/home/nima/Developer/nullness-benchmarks/glide/library/src/main/java/com/bumptech/glide/signature/MediaStoreSignature.java
1580	com.bumptech.glide.signature.MediaStoreSignature	updateDiskCacheKey(java.security.MessageDigest)	493	[false]	java.lang.Override	public	false	/home/nima/Developer/nullness-benchmarks/glide/library/src/main/java/com/bumptech/glide/signature/MediaStoreSignature.java
1581	com.bumptech.glide.signature.ApplicationVersionSignature	obtain(android.content.Context)	0	[false]	androidx.annotation.NonNull	public	true	/home/nima/Developer/nullness-benchmarks/glide/library/src/main/java/com/bumptech/glide/signature/ApplicationVersionSignature.java
1582	com.bumptech.glide.signature.ApplicationVersionSignature	reset()	0	[]	androidx.annotation.VisibleForTesting	package	false	/home/nima/Developer/nullness-benchmarks/glide/library/src/main/java/com/bumptech/glide/signature/ApplicationVersionSignature.java
1583	com.bumptech.glide.signature.ApplicationVersionSignature	obtainVersionSignature(android.content.Context)	0	[false]	androidx.annotation.NonNull	private	true	/home/nima/Developer/nullness-benchmarks/glide/library/src/main/java/com/bumptech/glide/signature/ApplicationVersionSignature.java
1584	com.bumptech.glide.signature.ApplicationVersionSignature	getVersionCode(android.content.pm.PackageInfo)	0	[true]	androidx.annotation.NonNull	private	true	/home/nima/Developer/nullness-benchmarks/glide/library/src/main/java/com/bumptech/glide/signature/ApplicationVersionSignature.java
1585	com.bumptech.glide.signature.ApplicationVersionSignature	getPackageInfo(android.content.Context)	0	[false]	androidx.annotation.Nullable	private	true	/home/nima/Developer/nullness-benchmarks/glide/library/src/main/java/com/bumptech/glide/signature/ApplicationVersionSignature.java
1586	com.bumptech.glide.signature.ApplicationVersionSignature	ApplicationVersionSignature()	0	[]		private	false	/home/nima/Developer/nullness-benchmarks/glide/library/src/main/java/com/bumptech/glide/signature/ApplicationVersionSignature.java
1587	com.bumptech.glide.GenericTransitionOptions	withNoTransition()	0	[]	androidx.annotation.NonNull	public	true	/home/nima/Developer/nullness-benchmarks/glide/library/src/main/java/com/bumptech/glide/GenericTransitionOptions.java
1588	com.bumptech.glide.GenericTransitionOptions	with(int)	0	[false]	androidx.annotation.NonNull	public	true	/home/nima/Developer/nullness-benchmarks/glide/library/src/main/java/com/bumptech/glide/GenericTransitionOptions.java
1589	com.bumptech.glide.GenericTransitionOptions	with(com.bumptech.glide.request.transition.ViewPropertyTransition.Animator)	0	[false]	androidx.annotation.NonNull	public	true	/home/nima/Developer/nullness-benchmarks/glide/library/src/main/java/com/bumptech/glide/GenericTransitionOptions.java
1590	com.bumptech.glide.GenericTransitionOptions	with(com.bumptech.glide.request.transition.TransitionFactory)	0	[false]	androidx.annotation.NonNull	public	true	/home/nima/Developer/nullness-benchmarks/glide/library/src/main/java/com/bumptech/glide/GenericTransitionOptions.java
1591	com.bumptech.glide.GenericTransitionOptions	equals(java.lang.Object)	474	[false]	java.lang.Override	public	false	/home/nima/Developer/nullness-benchmarks/glide/library/src/main/java/com/bumptech/glide/GenericTransitionOptions.java
1592	com.bumptech.glide.GenericTransitionOptions	hashCode()	475	[]	java.lang.SuppressWarnings,java.lang.Override	public	false	/home/nima/Developer/nullness-benchmarks/glide/library/src/main/java/com/bumptech/glide/GenericTransitionOptions.java
1593	com.bumptech.glide.load.engine.executor.RuntimeCompat	RuntimeCompat()	0	[]		private	false	/home/nima/Developer/nullness-benchmarks/glide/library/src/main/java/com/bumptech/glide/load/engine/executor/RuntimeCompat.java
1594	com.bumptech.glide.load.engine.executor.RuntimeCompat	availableProcessors()	0	[]		package	false	/home/nima/Developer/nullness-benchmarks/glide/library/src/main/java/com/bumptech/glide/load/engine/executor/RuntimeCompat.java
1595	com.bumptech.glide.load.engine.executor.RuntimeCompat	getCoreCountPre17()	0	[]	java.lang.SuppressWarnings	private	false	/home/nima/Developer/nullness-benchmarks/glide/library/src/main/java/com/bumptech/glide/load/engine/executor/RuntimeCompat.java
1596	com.bumptech.glide.load.engine.executor.RuntimeCompat$1	accept(java.io.File,java.lang.String)	1597	[false, false]	java.lang.Override	public	false	/home/nima/Developer/nullness-benchmarks/glide/library/src/main/java/com/bumptech/glide/load/engine/executor/RuntimeCompat.java
1598	com.bumptech.glide.load.engine.bitmap_recycle.PrettyPrintTreeMap	toString()	1599	[]	java.lang.Override	public	true	/home/nima/Developer/nullness-benchmarks/glide/library/src/main/java/com/bumptech/glide/load/engine/bitmap_recycle/PrettyPrintTreeMap.java
1600	com.bumptech.glide.load.engine.bitmap_recycle.GroupedLinkedMap	put(K,V)	0	[false, false]		public	false	/home/nima/Developer/nullness-benchmarks/glide/library/src/main/java/com/bumptech/glide/load/engine/bitmap_recycle/GroupedLinkedMap.java
1601	com.bumptech.glide.load.engine.bitmap_recycle.GroupedLinkedMap	get(K)	0	[false]	androidx.annotation.Nullable	public	true	/home/nima/Developer/nullness-benchmarks/glide/library/src/main/java/com/bumptech/glide/load/engine/bitmap_recycle/GroupedLinkedMap.java
1602	com.bumptech.glide.load.engine.bitmap_recycle.GroupedLinkedMap	removeLast()	0	[]	androidx.annotation.Nullable	public	true	/home/nima/Developer/nullness-benchmarks/glide/library/src/main/java/com/bumptech/glide/load/engine/bitmap_recycle/GroupedLinkedMap.java
1603	com.bumptech.glide.load.engine.bitmap_recycle.GroupedLinkedMap	toString()	126	[]	java.lang.Override	public	true	/home/nima/Developer/nullness-benchmarks/glide/library/src/main/java/com/bumptech/glide/load/engine/bitmap_recycle/GroupedLinkedMap.java
1604	com.bumptech.glide.load.engine.bitmap_recycle.GroupedLinkedMap	makeHead(com.bumptech.glide.load.engine.bitmap_recycle.GroupedLinkedMap.LinkedEntry)	0	[false]		private	false	/home/nima/Developer/nullness-benchmarks/glide/library/src/main/java/com/bumptech/glide/load/engine/bitmap_recycle/GroupedLinkedMap.java
1605	com.bumptech.glide.load.engine.bitmap_recycle.GroupedLinkedMap	makeTail(com.bumptech.glide.load.engine.bitmap_recycle.GroupedLinkedMap.LinkedEntry)	0	[false]		private	false	/home/nima/Developer/nullness-benchmarks/glide/library/src/main/java/com/bumptech/glide/load/engine/bitmap_recycle/GroupedLinkedMap.java
1606	com.bumptech.glide.load.engine.bitmap_recycle.GroupedLinkedMap	updateEntry(com.bumptech.glide.load.engine.bitmap_recycle.GroupedLinkedMap.LinkedEntry)	0	[false]		private	false	/home/nima/Developer/nullness-benchmarks/glide/library/src/main/java/com/bumptech/glide/load/engine/bitmap_recycle/GroupedLinkedMap.java
1607	com.bumptech.glide.load.engine.bitmap_recycle.GroupedLinkedMap	removeEntry(com.bumptech.glide.load.engine.bitmap_recycle.GroupedLinkedMap.LinkedEntry)	0	[false]		private	false	/home/nima/Developer/nullness-benchmarks/glide/library/src/main/java/com/bumptech/glide/load/engine/bitmap_recycle/GroupedLinkedMap.java
1608	com.bumptech.glide.load.engine.bitmap_recycle.GroupedLinkedMap$LinkedEntry	LinkedEntry()	0	[]		package	false	/home/nima/Developer/nullness-benchmarks/glide/library/src/main/java/com/bumptech/glide/load/engine/bitmap_recycle/GroupedLinkedMap.java
1609	com.bumptech.glide.load.engine.bitmap_recycle.GroupedLinkedMap$LinkedEntry	LinkedEntry(K)	0	[false]		package	false	/home/nima/Developer/nullness-benchmarks/glide/library/src/main/java/com/bumptech/glide/load/engine/bitmap_recycle/GroupedLinkedMap.java
1610	com.bumptech.glide.load.engine.bitmap_recycle.GroupedLinkedMap$LinkedEntry	removeLast()	0	[]	androidx.annotation.Nullable	public	true	/home/nima/Developer/nullness-benchmarks/glide/library/src/main/java/com/bumptech/glide/load/engine/bitmap_recycle/GroupedLinkedMap.java
1611	com.bumptech.glide.load.engine.bitmap_recycle.GroupedLinkedMap$LinkedEntry	size()	0	[]		public	false	/home/nima/Developer/nullness-benchmarks/glide/library/src/main/java/com/bumptech/glide/load/engine/bitmap_recycle/GroupedLinkedMap.java
1612	com.bumptech.glide.load.engine.bitmap_recycle.GroupedLinkedMap$LinkedEntry	add(V)	0	[false]		public	false	/home/nima/Developer/nullness-benchmarks/glide/library/src/main/java/com/bumptech/glide/load/engine/bitmap_recycle/GroupedLinkedMap.java
1613	com.bumptech.glide.load.engine.bitmap_recycle.Poolable	offer()	0	[]		public	false	/home/nima/Developer/nullness-benchmarks/glide/library/src/main/java/com/bumptech/glide/load/engine/bitmap_recycle/Poolable.java
1614	com.bumptech.glide.load.engine.bitmap_recycle.ByteArrayAdapter	getTag()	1615	[]	java.lang.Override	public	true	/home/nima/Developer/nullness-benchmarks/glide/library/src/main/java/com/bumptech/glide/load/engine/bitmap_recycle/ByteArrayAdapter.java
1616	com.bumptech.glide.load.engine.bitmap_recycle.ByteArrayAdapter	getArrayLength(byte[])	1617	[false]	java.lang.Override	public	false	/home/nima/Developer/nullness-benchmarks/glide/library/src/main/java/com/bumptech/glide/load/engine/bitmap_recycle/ByteArrayAdapter.java
1618	com.bumptech.glide.load.engine.bitmap_recycle.ByteArrayAdapter	newArray(int)	1619	[false]	java.lang.Override	public	true	/home/nima/Developer/nullness-benchmarks/glide/library/src/main/java/com/bumptech/glide/load/engine/bitmap_recycle/ByteArrayAdapter.java
1620	com.bumptech.glide.load.engine.bitmap_recycle.ByteArrayAdapter	getElementSizeInBytes()	1621	[]	java.lang.Override	public	false	/home/nima/Developer/nullness-benchmarks/glide/library/src/main/java/com/bumptech/glide/load/engine/bitmap_recycle/ByteArrayAdapter.java
1615	com.bumptech.glide.load.engine.bitmap_recycle.ArrayAdapterInterface	getTag()	0	[]		public	true	/home/nima/Developer/nullness-benchmarks/glide/library/src/main/java/com/bumptech/glide/load/engine/bitmap_recycle/ArrayAdapterInterface.java
1617	com.bumptech.glide.load.engine.bitmap_recycle.ArrayAdapterInterface	getArrayLength(T)	0	[false]		public	false	/home/nima/Developer/nullness-benchmarks/glide/library/src/main/java/com/bumptech/glide/load/engine/bitmap_recycle/ArrayAdapterInterface.java
1619	com.bumptech.glide.load.engine.bitmap_recycle.ArrayAdapterInterface	newArray(int)	0	[false]		public	true	/home/nima/Developer/nullness-benchmarks/glide/library/src/main/java/com/bumptech/glide/load/engine/bitmap_recycle/ArrayAdapterInterface.java
1621	com.bumptech.glide.load.engine.bitmap_recycle.ArrayAdapterInterface	getElementSizeInBytes()	0	[]		public	false	/home/nima/Developer/nullness-benchmarks/glide/library/src/main/java/com/bumptech/glide/load/engine/bitmap_recycle/ArrayAdapterInterface.java
1622	com.bumptech.glide.load.engine.bitmap_recycle.BaseKeyPool	get()	0	[]		package	true	/home/nima/Developer/nullness-benchmarks/glide/library/src/main/java/com/bumptech/glide/load/engine/bitmap_recycle/BaseKeyPool.java
1623	com.bumptech.glide.load.engine.bitmap_recycle.BaseKeyPool	offer(T)	0	[false]		public	false	/home/nima/Developer/nullness-benchmarks/glide/library/src/main/java/com/bumptech/glide/load/engine/bitmap_recycle/BaseKeyPool.java
1624	com.bumptech.glide.load.engine.bitmap_recycle.BaseKeyPool	create()	0	[]		package	true	/home/nima/Developer/nullness-benchmarks/glide/library/src/main/java/com/bumptech/glide/load/engine/bitmap_recycle/BaseKeyPool.java
1625	com.bumptech.glide.load.engine.bitmap_recycle.LruPoolStrategy	put(android.graphics.Bitmap)	0	[false]		public	false	/home/nima/Developer/nullness-benchmarks/glide/library/src/main/java/com/bumptech/glide/load/engine/bitmap_recycle/LruPoolStrategy.java
1626	com.bumptech.glide.load.engine.bitmap_recycle.LruPoolStrategy	get(int,int,android.graphics.Bitmap.Config)	0	[false, false, false]	androidx.annotation.Nullable	public	true	/home/nima/Developer/nullness-benchmarks/glide/library/src/main/java/com/bumptech/glide/load/engine/bitmap_recycle/LruPoolStrategy.java
1627	com.bumptech.glide.load.engine.bitmap_recycle.LruPoolStrategy	removeLast()	0	[]	androidx.annotation.Nullable	public	true	/home/nima/Developer/nullness-benchmarks/glide/library/src/main/java/com/bumptech/glide/load/engine/bitmap_recycle/LruPoolStrategy.java
1628	com.bumptech.glide.load.engine.bitmap_recycle.LruPoolStrategy	logBitmap(android.graphics.Bitmap)	0	[false]		public	true	/home/nima/Developer/nullness-benchmarks/glide/library/src/main/java/com/bumptech/glide/load/engine/bitmap_recycle/LruPoolStrategy.java
1629	com.bumptech.glide.load.engine.bitmap_recycle.LruPoolStrategy	logBitmap(int,int,android.graphics.Bitmap.Config)	0	[false, false, false]		public	true	/home/nima/Developer/nullness-benchmarks/glide/library/src/main/java/com/bumptech/glide/load/engine/bitmap_recycle/LruPoolStrategy.java
1630	com.bumptech.glide.load.engine.bitmap_recycle.LruPoolStrategy	getSize(android.graphics.Bitmap)	0	[false]		public	false	/home/nima/Developer/nullness-benchmarks/glide/library/src/main/java/com/bumptech/glide/load/engine/bitmap_recycle/LruPoolStrategy.java
1631	com.bumptech.glide.load.engine.bitmap_recycle.SizeStrategy	put(android.graphics.Bitmap)	1625	[false]	java.lang.Override	public	false	/home/nima/Developer/nullness-benchmarks/glide/library/src/main/java/com/bumptech/glide/load/engine/bitmap_recycle/SizeStrategy.java
1632	com.bumptech.glide.load.engine.bitmap_recycle.SizeStrategy	get(int,int,android.graphics.Bitmap.Config)	1626	[false, false, false]	java.lang.Override,androidx.annotation.Nullable	public	true	/home/nima/Developer/nullness-benchmarks/glide/library/src/main/java/com/bumptech/glide/load/engine/bitmap_recycle/SizeStrategy.java
1633	com.bumptech.glide.load.engine.bitmap_recycle.SizeStrategy	removeLast()	1627	[]	java.lang.Override,androidx.annotation.Nullable	public	true	/home/nima/Developer/nullness-benchmarks/glide/library/src/main/java/com/bumptech/glide/load/engine/bitmap_recycle/SizeStrategy.java
1634	com.bumptech.glide.load.engine.bitmap_recycle.SizeStrategy	decrementBitmapOfSize(java.lang.Integer)	0	[false]		private	false	/home/nima/Developer/nullness-benchmarks/glide/library/src/main/java/com/bumptech/glide/load/engine/bitmap_recycle/SizeStrategy.java
1635	com.bumptech.glide.load.engine.bitmap_recycle.SizeStrategy	logBitmap(android.graphics.Bitmap)	1628	[false]	java.lang.Override	public	true	/home/nima/Developer/nullness-benchmarks/glide/library/src/main/java/com/bumptech/glide/load/engine/bitmap_recycle/SizeStrategy.java
1636	com.bumptech.glide.load.engine.bitmap_recycle.SizeStrategy	logBitmap(int,int,android.graphics.Bitmap.Config)	1629	[false, false, false]	java.lang.Override	public	true	/home/nima/Developer/nullness-benchmarks/glide/library/src/main/java/com/bumptech/glide/load/engine/bitmap_recycle/SizeStrategy.java
1637	com.bumptech.glide.load.engine.bitmap_recycle.SizeStrategy	getSize(android.graphics.Bitmap)	1630	[false]	java.lang.Override	public	false	/home/nima/Developer/nullness-benchmarks/glide/library/src/main/java/com/bumptech/glide/load/engine/bitmap_recycle/SizeStrategy.java
1638	com.bumptech.glide.load.engine.bitmap_recycle.SizeStrategy	toString()	126	[]	java.lang.Override	public	true	/home/nima/Developer/nullness-benchmarks/glide/library/src/main/java/com/bumptech/glide/load/engine/bitmap_recycle/SizeStrategy.java
1639	com.bumptech.glide.load.engine.bitmap_recycle.SizeStrategy	getBitmapString(android.graphics.Bitmap)	0	[false]		private	true	/home/nima/Developer/nullness-benchmarks/glide/library/src/main/java/com/bumptech/glide/load/engine/bitmap_recycle/SizeStrategy.java
1640	com.bumptech.glide.load.engine.bitmap_recycle.SizeStrategy	getBitmapString(int)	0	[false]	com.bumptech.glide.util.Synthetic	package	true	/home/nima/Developer/nullness-benchmarks/glide/library/src/main/java/com/bumptech/glide/load/engine/bitmap_recycle/SizeStrategy.java
1641	com.bumptech.glide.load.engine.bitmap_recycle.SizeStrategy$KeyPool	get(int)	0	[false]		public	true	/home/nima/Developer/nullness-benchmarks/glide/library/src/main/java/com/bumptech/glide/load/engine/bitmap_recycle/SizeStrategy.java
1642	com.bumptech.glide.load.engine.bitmap_recycle.SizeStrategy$KeyPool	create()	1624	[]	java.lang.Override	protected	true	/home/nima/Developer/nullness-benchmarks/glide/library/src/main/java/com/bumptech/glide/load/engine/bitmap_recycle/SizeStrategy.java
1643	com.bumptech.glide.load.engine.bitmap_recycle.SizeStrategy$Key	Key(com.bumptech.glide.load.engine.bitmap_recycle.SizeStrategy.KeyPool)	0	[false]		package	false	/home/nima/Developer/nullness-benchmarks/glide/library/src/main/java/com/bumptech/glide/load/engine/bitmap_recycle/SizeStrategy.java
1644	com.bumptech.glide.load.engine.bitmap_recycle.SizeStrategy$Key	init(int)	0	[false]		public	false	/home/nima/Developer/nullness-benchmarks/glide/library/src/main/java/com/bumptech/glide/load/engine/bitmap_recycle/SizeStrategy.java
1645	com.bumptech.glide.load.engine.bitmap_recycle.SizeStrategy$Key	equals(java.lang.Object)	200	[false]	java.lang.Override	public	false	/home/nima/Developer/nullness-benchmarks/glide/library/src/main/java/com/bumptech/glide/load/engine/bitmap_recycle/SizeStrategy.java
1646	com.bumptech.glide.load.engine.bitmap_recycle.SizeStrategy$Key	hashCode()	201	[]	java.lang.Override	public	false	/home/nima/Developer/nullness-benchmarks/glide/library/src/main/java/com/bumptech/glide/load/engine/bitmap_recycle/SizeStrategy.java
1647	com.bumptech.glide.load.engine.bitmap_recycle.SizeStrategy$Key	toString()	126	[]	java.lang.SuppressWarnings,java.lang.Override	public	true	/home/nima/Developer/nullness-benchmarks/glide/library/src/main/java/com/bumptech/glide/load/engine/bitmap_recycle/SizeStrategy.java
1648	com.bumptech.glide.load.engine.bitmap_recycle.SizeStrategy$Key	offer()	1613	[]	java.lang.Override	public	false	/home/nima/Developer/nullness-benchmarks/glide/library/src/main/java/com/bumptech/glide/load/engine/bitmap_recycle/SizeStrategy.java
1649	com.bumptech.glide.load.engine.bitmap_recycle.LruArrayPool	LruArrayPool()	0	[]	androidx.annotation.VisibleForTesting	public	false	/home/nima/Developer/nullness-benchmarks/glide/library/src/main/java/com/bumptech/glide/load/engine/bitmap_recycle/LruArrayPool.java
1650	com.bumptech.glide.load.engine.bitmap_recycle.LruArrayPool	LruArrayPool(int)	0	[false]		public	false	/home/nima/Developer/nullness-benchmarks/glide/library/src/main/java/com/bumptech/glide/load/engine/bitmap_recycle/LruArrayPool.java
1651	com.bumptech.glide.load.engine.bitmap_recycle.LruArrayPool	put(T,java.lang.Class)	606	[false, false]	java.lang.Deprecated,java.lang.Override	public	false	/home/nima/Developer/nullness-benchmarks/glide/library/src/main/java/com/bumptech/glide/load/engine/bitmap_recycle/LruArrayPool.java
1652	com.bumptech.glide.load.engine.bitmap_recycle.LruArrayPool	put(T)	607	[false]	java.lang.Override	public	false	/home/nima/Developer/nullness-benchmarks/glide/library/src/main/java/com/bumptech/glide/load/engine/bitmap_recycle/LruArrayPool.java
1653	com.bumptech.glide.load.engine.bitmap_recycle.LruArrayPool	getExact(int,java.lang.Class)	609	[false, false]	java.lang.Override	public	true	/home/nima/Developer/nullness-benchmarks/glide/library/src/main/java/com/bumptech/glide/load/engine/bitmap_recycle/LruArrayPool.java
1654	com.bumptech.glide.load.engine.bitmap_recycle.LruArrayPool	get(int,java.lang.Class)	608	[false, false]	java.lang.Override	public	true	/home/nima/Developer/nullness-benchmarks/glide/library/src/main/java/com/bumptech/glide/load/engine/bitmap_recycle/LruArrayPool.java
1655	com.bumptech.glide.load.engine.bitmap_recycle.LruArrayPool	getForKey(com.bumptech.glide.load.engine.bitmap_recycle.LruArrayPool.Key,java.lang.Class)	0	[false, false]		private	true	/home/nima/Developer/nullness-benchmarks/glide/library/src/main/java/com/bumptech/glide/load/engine/bitmap_recycle/LruArrayPool.java
1656	com.bumptech.glide.load.engine.bitmap_recycle.LruArrayPool	getArrayForKey(com.bumptech.glide.load.engine.bitmap_recycle.LruArrayPool.Key)	0	[false]	java.lang.SuppressWarnings,androidx.annotation.Nullable	private	true	/home/nima/Developer/nullness-benchmarks/glide/library/src/main/java/com/bumptech/glide/load/engine/bitmap_recycle/LruArrayPool.java
1657	com.bumptech.glide.load.engine.bitmap_recycle.LruArrayPool	isSmallEnoughForReuse(int)	0	[false]		private	false	/home/nima/Developer/nullness-benchmarks/glide/library/src/main/java/com/bumptech/glide/load/engine/bitmap_recycle/LruArrayPool.java
1658	com.bumptech.glide.load.engine.bitmap_recycle.LruArrayPool	mayFillRequest(int,java.lang.Integer)	0	[false, false]		private	false	/home/nima/Developer/nullness-benchmarks/glide/library/src/main/java/com/bumptech/glide/load/engine/bitmap_recycle/LruArrayPool.java
1659	com.bumptech.glide.load.engine.bitmap_recycle.LruArrayPool	isNoMoreThanHalfFull()	0	[]		private	false	/home/nima/Developer/nullness-benchmarks/glide/library/src/main/java/com/bumptech/glide/load/engine/bitmap_recycle/LruArrayPool.java
1660	com.bumptech.glide.load.engine.bitmap_recycle.LruArrayPool	clearMemory()	610	[]	java.lang.Override	public	false	/home/nima/Developer/nullness-benchmarks/glide/library/src/main/java/com/bumptech/glide/load/engine/bitmap_recycle/LruArrayPool.java
1661	com.bumptech.glide.load.engine.bitmap_recycle.LruArrayPool	trimMemory(int)	611	[false]	java.lang.Override	public	false	/home/nima/Developer/nullness-benchmarks/glide/library/src/main/java/com/bumptech/glide/load/engine/bitmap_recycle/LruArrayPool.java
1662	com.bumptech.glide.load.engine.bitmap_recycle.LruArrayPool	evict()	0	[]		private	false	/home/nima/Developer/nullness-benchmarks/glide/library/src/main/java/com/bumptech/glide/load/engine/bitmap_recycle/LruArrayPool.java
1663	com.bumptech.glide.load.engine.bitmap_recycle.LruArrayPool	evictToSize(int)	0	[false]		private	false	/home/nima/Developer/nullness-benchmarks/glide/library/src/main/java/com/bumptech/glide/load/engine/bitmap_recycle/LruArrayPool.java
1664	com.bumptech.glide.load.engine.bitmap_recycle.LruArrayPool	decrementArrayOfSize(int,java.lang.Class)	0	[false, false]		private	false	/home/nima/Developer/nullness-benchmarks/glide/library/src/main/java/com/bumptech/glide/load/engine/bitmap_recycle/LruArrayPool.java
1665	com.bumptech.glide.load.engine.bitmap_recycle.LruArrayPool	getSizesForAdapter(java.lang.Class)	0	[false]		private	true	/home/nima/Developer/nullness-benchmarks/glide/library/src/main/java/com/bumptech/glide/load/engine/bitmap_recycle/LruArrayPool.java
1666	com.bumptech.glide.load.engine.bitmap_recycle.LruArrayPool	getAdapterFromObject(T)	0	[false]	java.lang.SuppressWarnings	private	true	/home/nima/Developer/nullness-benchmarks/glide/library/src/main/java/com/bumptech/glide/load/engine/bitmap_recycle/LruArrayPool.java
1667	com.bumptech.glide.load.engine.bitmap_recycle.LruArrayPool	getAdapterFromType(java.lang.Class)	0	[false]	java.lang.SuppressWarnings	private	true	/home/nima/Developer/nullness-benchmarks/glide/library/src/main/java/com/bumptech/glide/load/engine/bitmap_recycle/LruArrayPool.java
1668	com.bumptech.glide.load.engine.bitmap_recycle.LruArrayPool	getCurrentSize()	0	[]		package	false	/home/nima/Developer/nullness-benchmarks/glide/library/src/main/java/com/bumptech/glide/load/engine/bitmap_recycle/LruArrayPool.java
1669	com.bumptech.glide.load.engine.bitmap_recycle.LruArrayPool$KeyPool	KeyPool()	0	[]	com.bumptech.glide.util.Synthetic	package	false	/home/nima/Developer/nullness-benchmarks/glide/library/src/main/java/com/bumptech/glide/load/engine/bitmap_recycle/LruArrayPool.java
1670	com.bumptech.glide.load.engine.bitmap_recycle.LruArrayPool$KeyPool	get(int,java.lang.Class)	0	[false, false]		package	true	/home/nima/Developer/nullness-benchmarks/glide/library/src/main/java/com/bumptech/glide/load/engine/bitmap_recycle/LruArrayPool.java
1671	com.bumptech.glide.load.engine.bitmap_recycle.LruArrayPool$KeyPool	create()	1624	[]	java.lang.Override	protected	true	/home/nima/Developer/nullness-benchmarks/glide/library/src/main/java/com/bumptech/glide/load/engine/bitmap_recycle/LruArrayPool.java
1672	com.bumptech.glide.load.engine.bitmap_recycle.LruArrayPool$Key	Key(com.bumptech.glide.load.engine.bitmap_recycle.LruArrayPool.KeyPool)	0	[false]		package	false	/home/nima/Developer/nullness-benchmarks/glide/library/src/main/java/com/bumptech/glide/load/engine/bitmap_recycle/LruArrayPool.java
1673	com.bumptech.glide.load.engine.bitmap_recycle.LruArrayPool$Key	init(int,java.lang.Class)	0	[false, false]		package	false	/home/nima/Developer/nullness-benchmarks/glide/library/src/main/java/com/bumptech/glide/load/engine/bitmap_recycle/LruArrayPool.java
1674	com.bumptech.glide.load.engine.bitmap_recycle.LruArrayPool$Key	equals(java.lang.Object)	200	[false]	java.lang.Override	public	false	/home/nima/Developer/nullness-benchmarks/glide/library/src/main/java/com/bumptech/glide/load/engine/bitmap_recycle/LruArrayPool.java
1675	com.bumptech.glide.load.engine.bitmap_recycle.LruArrayPool$Key	toString()	126	[]	java.lang.Override	public	true	/home/nima/Developer/nullness-benchmarks/glide/library/src/main/java/com/bumptech/glide/load/engine/bitmap_recycle/LruArrayPool.java
1676	com.bumptech.glide.load.engine.bitmap_recycle.LruArrayPool$Key	offer()	1613	[]	java.lang.Override	public	false	/home/nima/Developer/nullness-benchmarks/glide/library/src/main/java/com/bumptech/glide/load/engine/bitmap_recycle/LruArrayPool.java
1677	com.bumptech.glide.load.engine.bitmap_recycle.LruArrayPool$Key	hashCode()	201	[]	java.lang.Override	public	false	/home/nima/Developer/nullness-benchmarks/glide/library/src/main/java/com/bumptech/glide/load/engine/bitmap_recycle/LruArrayPool.java
1678	com.bumptech.glide.load.engine.bitmap_recycle.IntegerArrayAdapter	getTag()	1615	[]	java.lang.Override	public	true	/home/nima/Developer/nullness-benchmarks/glide/library/src/main/java/com/bumptech/glide/load/engine/bitmap_recycle/IntegerArrayAdapter.java
1679	com.bumptech.glide.load.engine.bitmap_recycle.IntegerArrayAdapter	getArrayLength(int[])	1617	[false]	java.lang.Override	public	false	/home/nima/Developer/nullness-benchmarks/glide/library/src/main/java/com/bumptech/glide/load/engine/bitmap_recycle/IntegerArrayAdapter.java
1680	com.bumptech.glide.load.engine.bitmap_recycle.IntegerArrayAdapter	newArray(int)	1619	[false]	java.lang.Override	public	true	/home/nima/Developer/nullness-benchmarks/glide/library/src/main/java/com/bumptech/glide/load/engine/bitmap_recycle/IntegerArrayAdapter.java
1681	com.bumptech.glide.load.engine.bitmap_recycle.IntegerArrayAdapter	getElementSizeInBytes()	1621	[]	java.lang.Override	public	false	/home/nima/Developer/nullness-benchmarks/glide/library/src/main/java/com/bumptech/glide/load/engine/bitmap_recycle/IntegerArrayAdapter.java
1682	com.bumptech.glide.load.engine.bitmap_recycle.SizeConfigStrategy	put(android.graphics.Bitmap)	1625	[false]	java.lang.Override	public	false	/home/nima/Developer/nullness-benchmarks/glide/library/src/main/java/com/bumptech/glide/load/engine/bitmap_recycle/SizeConfigStrategy.java
1683	com.bumptech.glide.load.engine.bitmap_recycle.SizeConfigStrategy	get(int,int,android.graphics.Bitmap.Config)	1626	[false, false, false]	java.lang.Override,androidx.annotation.Nullable	public	true	/home/nima/Developer/nullness-benchmarks/glide/library/src/main/java/com/bumptech/glide/load/engine/bitmap_recycle/SizeConfigStrategy.java
1684	com.bumptech.glide.load.engine.bitmap_recycle.SizeConfigStrategy	findBestKey(int,android.graphics.Bitmap.Config)	0	[false, false]		private	true	/home/nima/Developer/nullness-benchmarks/glide/library/src/main/java/com/bumptech/glide/load/engine/bitmap_recycle/SizeConfigStrategy.java
1685	com.bumptech.glide.load.engine.bitmap_recycle.SizeConfigStrategy	removeLast()	1627	[]	java.lang.Override,androidx.annotation.Nullable	public	true	/home/nima/Developer/nullness-benchmarks/glide/library/src/main/java/com/bumptech/glide/load/engine/bitmap_recycle/SizeConfigStrategy.java
1686	com.bumptech.glide.load.engine.bitmap_recycle.SizeConfigStrategy	decrementBitmapOfSize(java.lang.Integer,android.graphics.Bitmap)	0	[false, false]		private	false	/home/nima/Developer/nullness-benchmarks/glide/library/src/main/java/com/bumptech/glide/load/engine/bitmap_recycle/SizeConfigStrategy.java
1687	com.bumptech.glide.load.engine.bitmap_recycle.SizeConfigStrategy	getSizesForConfig(android.graphics.Bitmap.Config)	0	[false]		private	true	/home/nima/Developer/nullness-benchmarks/glide/library/src/main/java/com/bumptech/glide/load/engine/bitmap_recycle/SizeConfigStrategy.java
1688	com.bumptech.glide.load.engine.bitmap_recycle.SizeConfigStrategy	logBitmap(android.graphics.Bitmap)	1628	[false]	java.lang.Override	public	true	/home/nima/Developer/nullness-benchmarks/glide/library/src/main/java/com/bumptech/glide/load/engine/bitmap_recycle/SizeConfigStrategy.java
1689	com.bumptech.glide.load.engine.bitmap_recycle.SizeConfigStrategy	logBitmap(int,int,android.graphics.Bitmap.Config)	1629	[false, false, false]	java.lang.Override	public	true	/home/nima/Developer/nullness-benchmarks/glide/library/src/main/java/com/bumptech/glide/load/engine/bitmap_recycle/SizeConfigStrategy.java
1690	com.bumptech.glide.load.engine.bitmap_recycle.SizeConfigStrategy	getSize(android.graphics.Bitmap)	1630	[false]	java.lang.Override	public	false	/home/nima/Developer/nullness-benchmarks/glide/library/src/main/java/com/bumptech/glide/load/engine/bitmap_recycle/SizeConfigStrategy.java
1691	com.bumptech.glide.load.engine.bitmap_recycle.SizeConfigStrategy	toString()	126	[]	java.lang.Override	public	true	/home/nima/Developer/nullness-benchmarks/glide/library/src/main/java/com/bumptech/glide/load/engine/bitmap_recycle/SizeConfigStrategy.java
1692	com.bumptech.glide.load.engine.bitmap_recycle.SizeConfigStrategy$KeyPool	get(int,android.graphics.Bitmap.Config)	0	[false, false]		public	true	/home/nima/Developer/nullness-benchmarks/glide/library/src/main/java/com/bumptech/glide/load/engine/bitmap_recycle/SizeConfigStrategy.java
1693	com.bumptech.glide.load.engine.bitmap_recycle.SizeConfigStrategy$KeyPool	create()	1624	[]	java.lang.Override	protected	true	/home/nima/Developer/nullness-benchmarks/glide/library/src/main/java/com/bumptech/glide/load/engine/bitmap_recycle/SizeConfigStrategy.java
1694	com.bumptech.glide.load.engine.bitmap_recycle.SizeConfigStrategy$Key	Key(com.bumptech.glide.load.engine.bitmap_recycle.SizeConfigStrategy.KeyPool)	0	[false]		public	false	/home/nima/Developer/nullness-benchmarks/glide/library/src/main/java/com/bumptech/glide/load/engine/bitmap_recycle/SizeConfigStrategy.java
1695	com.bumptech.glide.load.engine.bitmap_recycle.SizeConfigStrategy$Key	Key(com.bumptech.glide.load.engine.bitmap_recycle.SizeConfigStrategy.KeyPool,int,android.graphics.Bitmap.Config)	0	[false, false, false]	androidx.annotation.VisibleForTesting	package	false	/home/nima/Developer/nullness-benchmarks/glide/library/src/main/java/com/bumptech/glide/load/engine/bitmap_recycle/SizeConfigStrategy.java
1696	com.bumptech.glide.load.engine.bitmap_recycle.SizeConfigStrategy$Key	init(int,android.graphics.Bitmap.Config)	0	[false, false]		public	false	/home/nima/Developer/nullness-benchmarks/glide/library/src/main/java/com/bumptech/glide/load/engine/bitmap_recycle/SizeConfigStrategy.java
1697	com.bumptech.glide.load.engine.bitmap_recycle.SizeConfigStrategy$Key	offer()	1613	[]	java.lang.Override	public	false	/home/nima/Developer/nullness-benchmarks/glide/library/src/main/java/com/bumptech/glide/load/engine/bitmap_recycle/SizeConfigStrategy.java
1698	com.bumptech.glide.load.engine.bitmap_recycle.SizeConfigStrategy$Key	toString()	126	[]	java.lang.Override	public	true	/home/nima/Developer/nullness-benchmarks/glide/library/src/main/java/com/bumptech/glide/load/engine/bitmap_recycle/SizeConfigStrategy.java
1699	com.bumptech.glide.load.engine.bitmap_recycle.SizeConfigStrategy$Key	equals(java.lang.Object)	200	[false]	java.lang.Override	public	false	/home/nima/Developer/nullness-benchmarks/glide/library/src/main/java/com/bumptech/glide/load/engine/bitmap_recycle/SizeConfigStrategy.java
1700	com.bumptech.glide.load.engine.bitmap_recycle.SizeConfigStrategy$Key	hashCode()	201	[]	java.lang.Override	public	false	/home/nima/Developer/nullness-benchmarks/glide/library/src/main/java/com/bumptech/glide/load/engine/bitmap_recycle/SizeConfigStrategy.java
1701	com.bumptech.glide.load.engine.bitmap_recycle.SizeConfigStrategy	getBitmapString(int,android.graphics.Bitmap.Config)	0	[false, false]	com.bumptech.glide.util.Synthetic	package	true	/home/nima/Developer/nullness-benchmarks/glide/library/src/main/java/com/bumptech/glide/load/engine/bitmap_recycle/SizeConfigStrategy.java
1702	com.bumptech.glide.load.engine.bitmap_recycle.SizeConfigStrategy	getInConfigs(android.graphics.Bitmap.Config)	0	[false]		private	true	/home/nima/Developer/nullness-benchmarks/glide/library/src/main/java/com/bumptech/glide/load/engine/bitmap_recycle/SizeConfigStrategy.java
1703	com.bumptech.glide.load.engine.bitmap_recycle.BitmapPoolAdapter	getMaxSize()	485	[]	java.lang.Override	public	false	/home/nima/Developer/nullness-benchmarks/glide/library/src/main/java/com/bumptech/glide/load/engine/bitmap_recycle/BitmapPoolAdapter.java
1704	com.bumptech.glide.load.engine.bitmap_recycle.BitmapPoolAdapter	setSizeMultiplier(float)	486	[false]	java.lang.Override	public	false	/home/nima/Developer/nullness-benchmarks/glide/library/src/main/java/com/bumptech/glide/load/engine/bitmap_recycle/BitmapPoolAdapter.java
1705	com.bumptech.glide.load.engine.bitmap_recycle.BitmapPoolAdapter	put(android.graphics.Bitmap)	487	[false]	java.lang.Override	public	false	/home/nima/Developer/nullness-benchmarks/glide/library/src/main/java/com/bumptech/glide/load/engine/bitmap_recycle/BitmapPoolAdapter.java
1706	com.bumptech.glide.load.engine.bitmap_recycle.BitmapPoolAdapter	get(int,int,android.graphics.Bitmap.Config)	488	[false, false, false]	androidx.annotation.NonNull,java.lang.Override	public	true	/home/nima/Developer/nullness-benchmarks/glide/library/src/main/java/com/bumptech/glide/load/engine/bitmap_recycle/BitmapPoolAdapter.java
1707	com.bumptech.glide.load.engine.bitmap_recycle.BitmapPoolAdapter	getDirty(int,int,android.graphics.Bitmap.Config)	489	[false, false, false]	androidx.annotation.NonNull,java.lang.Override	public	true	/home/nima/Developer/nullness-benchmarks/glide/library/src/main/java/com/bumptech/glide/load/engine/bitmap_recycle/BitmapPoolAdapter.java
1708	com.bumptech.glide.load.engine.bitmap_recycle.BitmapPoolAdapter	clearMemory()	490	[]	java.lang.Override	public	false	/home/nima/Developer/nullness-benchmarks/glide/library/src/main/java/com/bumptech/glide/load/engine/bitmap_recycle/BitmapPoolAdapter.java
1709	com.bumptech.glide.load.engine.bitmap_recycle.BitmapPoolAdapter	trimMemory(int)	491	[false]	java.lang.Override	public	false	/home/nima/Developer/nullness-benchmarks/glide/library/src/main/java/com/bumptech/glide/load/engine/bitmap_recycle/BitmapPoolAdapter.java
1710	com.bumptech.glide.load.engine.bitmap_recycle.LruBitmapPool	LruBitmapPool(long,com.bumptech.glide.load.engine.bitmap_recycle.LruPoolStrategy,java.util.Set)	0	[false, false, false]		package	false	/home/nima/Developer/nullness-benchmarks/glide/library/src/main/java/com/bumptech/glide/load/engine/bitmap_recycle/LruBitmapPool.java
1711	com.bumptech.glide.load.engine.bitmap_recycle.LruBitmapPool	LruBitmapPool(long)	0	[false]		public	false	/home/nima/Developer/nullness-benchmarks/glide/library/src/main/java/com/bumptech/glide/load/engine/bitmap_recycle/LruBitmapPool.java
1712	com.bumptech.glide.load.engine.bitmap_recycle.LruBitmapPool	LruBitmapPool(long,java.util.Set)	0	[false, false]	java.lang.SuppressWarnings	public	false	/home/nima/Developer/nullness-benchmarks/glide/library/src/main/java/com/bumptech/glide/load/engine/bitmap_recycle/LruBitmapPool.java
1713	com.bumptech.glide.load.engine.bitmap_recycle.LruBitmapPool	hitCount()	0	[]		public	false	/home/nima/Developer/nullness-benchmarks/glide/library/src/main/java/com/bumptech/glide/load/engine/bitmap_recycle/LruBitmapPool.java
1714	com.bumptech.glide.load.engine.bitmap_recycle.LruBitmapPool	missCount()	0	[]		public	false	/home/nima/Developer/nullness-benchmarks/glide/library/src/main/java/com/bumptech/glide/load/engine/bitmap_recycle/LruBitmapPool.java
1715	com.bumptech.glide.load.engine.bitmap_recycle.LruBitmapPool	evictionCount()	0	[]		public	false	/home/nima/Developer/nullness-benchmarks/glide/library/src/main/java/com/bumptech/glide/load/engine/bitmap_recycle/LruBitmapPool.java
1716	com.bumptech.glide.load.engine.bitmap_recycle.LruBitmapPool	getCurrentSize()	0	[]		public	false	/home/nima/Developer/nullness-benchmarks/glide/library/src/main/java/com/bumptech/glide/load/engine/bitmap_recycle/LruBitmapPool.java
1717	com.bumptech.glide.load.engine.bitmap_recycle.LruBitmapPool	getMaxSize()	485	[]	java.lang.Override	public	false	/home/nima/Developer/nullness-benchmarks/glide/library/src/main/java/com/bumptech/glide/load/engine/bitmap_recycle/LruBitmapPool.java
1718	com.bumptech.glide.load.engine.bitmap_recycle.LruBitmapPool	setSizeMultiplier(float)	486	[false]	java.lang.Override	public	false	/home/nima/Developer/nullness-benchmarks/glide/library/src/main/java/com/bumptech/glide/load/engine/bitmap_recycle/LruBitmapPool.java
1719	com.bumptech.glide.load.engine.bitmap_recycle.LruBitmapPool	put(android.graphics.Bitmap)	487	[false]	java.lang.Override	public	false	/home/nima/Developer/nullness-benchmarks/glide/library/src/main/java/com/bumptech/glide/load/engine/bitmap_recycle/LruBitmapPool.java
1720	com.bumptech.glide.load.engine.bitmap_recycle.LruBitmapPool	evict()	0	[]		private	false	/home/nima/Developer/nullness-benchmarks/glide/library/src/main/java/com/bumptech/glide/load/engine/bitmap_recycle/LruBitmapPool.java
1721	com.bumptech.glide.load.engine.bitmap_recycle.LruBitmapPool	get(int,int,android.graphics.Bitmap.Config)	488	[false, false, false]	java.lang.Override,androidx.annotation.NonNull	public	true	/home/nima/Developer/nullness-benchmarks/glide/library/src/main/java/com/bumptech/glide/load/engine/bitmap_recycle/LruBitmapPool.java
1722	com.bumptech.glide.load.engine.bitmap_recycle.LruBitmapPool	getDirty(int,int,android.graphics.Bitmap.Config)	489	[false, false, false]	androidx.annotation.NonNull,java.lang.Override	public	true	/home/nima/Developer/nullness-benchmarks/glide/library/src/main/java/com/bumptech/glide/load/engine/bitmap_recycle/LruBitmapPool.java
1723	com.bumptech.glide.load.engine.bitmap_recycle.LruBitmapPool	createBitmap(int,int,android.graphics.Bitmap.Config)	0	[false, false, true]	androidx.annotation.NonNull	private	true	/home/nima/Developer/nullness-benchmarks/glide/library/src/main/java/com/bumptech/glide/load/engine/bitmap_recycle/LruBitmapPool.java
1724	com.bumptech.glide.load.engine.bitmap_recycle.LruBitmapPool	assertNotHardwareConfig(android.graphics.Bitmap.Config)	0	[false]	android.annotation.TargetApi	private	false	/home/nima/Developer/nullness-benchmarks/glide/library/src/main/java/com/bumptech/glide/load/engine/bitmap_recycle/LruBitmapPool.java
1725	com.bumptech.glide.load.engine.bitmap_recycle.LruBitmapPool	getDirtyOrNull(int,int,android.graphics.Bitmap.Config)	0	[false, false, true]	androidx.annotation.Nullable	private	true	/home/nima/Developer/nullness-benchmarks/glide/library/src/main/java/com/bumptech/glide/load/engine/bitmap_recycle/LruBitmapPool.java
1726	com.bumptech.glide.load.engine.bitmap_recycle.LruBitmapPool	normalize(android.graphics.Bitmap)	0	[false]		private	false	/home/nima/Developer/nullness-benchmarks/glide/library/src/main/java/com/bumptech/glide/load/engine/bitmap_recycle/LruBitmapPool.java
1727	com.bumptech.glide.load.engine.bitmap_recycle.LruBitmapPool	maybeSetPreMultiplied(android.graphics.Bitmap)	0	[false]	android.annotation.TargetApi	private	false	/home/nima/Developer/nullness-benchmarks/glide/library/src/main/java/com/bumptech/glide/load/engine/bitmap_recycle/LruBitmapPool.java
1728	com.bumptech.glide.load.engine.bitmap_recycle.LruBitmapPool	clearMemory()	490	[]	java.lang.Override	public	false	/home/nima/Developer/nullness-benchmarks/glide/library/src/main/java/com/bumptech/glide/load/engine/bitmap_recycle/LruBitmapPool.java
1729	com.bumptech.glide.load.engine.bitmap_recycle.LruBitmapPool	trimMemory(int)	491	[false]	java.lang.SuppressWarnings,android.annotation.SuppressLint,java.lang.Override	public	false	/home/nima/Developer/nullness-benchmarks/glide/library/src/main/java/com/bumptech/glide/load/engine/bitmap_recycle/LruBitmapPool.java
1730	com.bumptech.glide.load.engine.bitmap_recycle.LruBitmapPool	trimToSize(long)	0	[false]		private	false	/home/nima/Developer/nullness-benchmarks/glide/library/src/main/java/com/bumptech/glide/load/engine/bitmap_recycle/LruBitmapPool.java
1731	com.bumptech.glide.load.engine.bitmap_recycle.LruBitmapPool	dump()	0	[]		private	false	/home/nima/Developer/nullness-benchmarks/glide/library/src/main/java/com/bumptech/glide/load/engine/bitmap_recycle/LruBitmapPool.java
1732	com.bumptech.glide.load.engine.bitmap_recycle.LruBitmapPool	dumpUnchecked()	0	[]		private	false	/home/nima/Developer/nullness-benchmarks/glide/library/src/main/java/com/bumptech/glide/load/engine/bitmap_recycle/LruBitmapPool.java
1733	com.bumptech.glide.load.engine.bitmap_recycle.LruBitmapPool	getDefaultStrategy()	0	[]		private	true	/home/nima/Developer/nullness-benchmarks/glide/library/src/main/java/com/bumptech/glide/load/engine/bitmap_recycle/LruBitmapPool.java
1734	com.bumptech.glide.load.engine.bitmap_recycle.LruBitmapPool	getDefaultAllowedConfigs()	0	[]	android.annotation.TargetApi	private	true	/home/nima/Developer/nullness-benchmarks/glide/library/src/main/java/com/bumptech/glide/load/engine/bitmap_recycle/LruBitmapPool.java
1735	com.bumptech.glide.load.engine.bitmap_recycle.LruBitmapPool$BitmapTracker	add(android.graphics.Bitmap)	0	[false]		public	false	/home/nima/Developer/nullness-benchmarks/glide/library/src/main/java/com/bumptech/glide/load/engine/bitmap_recycle/LruBitmapPool.java
1736	com.bumptech.glide.load.engine.bitmap_recycle.LruBitmapPool$BitmapTracker	remove(android.graphics.Bitmap)	0	[false]		public	false	/home/nima/Developer/nullness-benchmarks/glide/library/src/main/java/com/bumptech/glide/load/engine/bitmap_recycle/LruBitmapPool.java
1737	com.bumptech.glide.load.engine.bitmap_recycle.LruBitmapPool$ThrowingBitmapTracker	add(android.graphics.Bitmap)	1735	[false]	java.lang.Override	public	false	/home/nima/Developer/nullness-benchmarks/glide/library/src/main/java/com/bumptech/glide/load/engine/bitmap_recycle/LruBitmapPool.java
1738	com.bumptech.glide.load.engine.bitmap_recycle.LruBitmapPool$ThrowingBitmapTracker	remove(android.graphics.Bitmap)	1736	[false]	java.lang.Override	public	false	/home/nima/Developer/nullness-benchmarks/glide/library/src/main/java/com/bumptech/glide/load/engine/bitmap_recycle/LruBitmapPool.java
1739	com.bumptech.glide.load.engine.bitmap_recycle.LruBitmapPool$NullBitmapTracker	NullBitmapTracker()	0	[]	com.bumptech.glide.util.Synthetic	package	false	/home/nima/Developer/nullness-benchmarks/glide/library/src/main/java/com/bumptech/glide/load/engine/bitmap_recycle/LruBitmapPool.java
1740	com.bumptech.glide.load.engine.bitmap_recycle.LruBitmapPool$NullBitmapTracker	add(android.graphics.Bitmap)	1735	[false]	java.lang.Override	public	false	/home/nima/Developer/nullness-benchmarks/glide/library/src/main/java/com/bumptech/glide/load/engine/bitmap_recycle/LruBitmapPool.java
1741	com.bumptech.glide.load.engine.bitmap_recycle.LruBitmapPool$NullBitmapTracker	remove(android.graphics.Bitmap)	1736	[false]	java.lang.Override	public	false	/home/nima/Developer/nullness-benchmarks/glide/library/src/main/java/com/bumptech/glide/load/engine/bitmap_recycle/LruBitmapPool.java
1742	com.bumptech.glide.load.engine.bitmap_recycle.AttributeStrategy	put(android.graphics.Bitmap)	1625	[false]	java.lang.Override	public	false	/home/nima/Developer/nullness-benchmarks/glide/library/src/main/java/com/bumptech/glide/load/engine/bitmap_recycle/AttributeStrategy.java
1743	com.bumptech.glide.load.engine.bitmap_recycle.AttributeStrategy	get(int,int,android.graphics.Bitmap.Config)	1626	[false, false, false]	java.lang.Override	public	true	/home/nima/Developer/nullness-benchmarks/glide/library/src/main/java/com/bumptech/glide/load/engine/bitmap_recycle/AttributeStrategy.java
1744	com.bumptech.glide.load.engine.bitmap_recycle.AttributeStrategy	removeLast()	1627	[]	java.lang.Override	public	true	/home/nima/Developer/nullness-benchmarks/glide/library/src/main/java/com/bumptech/glide/load/engine/bitmap_recycle/AttributeStrategy.java
1745	com.bumptech.glide.load.engine.bitmap_recycle.AttributeStrategy	logBitmap(android.graphics.Bitmap)	1628	[false]	java.lang.Override	public	true	/home/nima/Developer/nullness-benchmarks/glide/library/src/main/java/com/bumptech/glide/load/engine/bitmap_recycle/AttributeStrategy.java
1746	com.bumptech.glide.load.engine.bitmap_recycle.AttributeStrategy	logBitmap(int,int,android.graphics.Bitmap.Config)	1629	[false, false, false]	java.lang.Override	public	true	/home/nima/Developer/nullness-benchmarks/glide/library/src/main/java/com/bumptech/glide/load/engine/bitmap_recycle/AttributeStrategy.java
1747	com.bumptech.glide.load.engine.bitmap_recycle.AttributeStrategy	getSize(android.graphics.Bitmap)	1630	[false]	java.lang.Override	public	false	/home/nima/Developer/nullness-benchmarks/glide/library/src/main/java/com/bumptech/glide/load/engine/bitmap_recycle/AttributeStrategy.java
1748	com.bumptech.glide.load.engine.bitmap_recycle.AttributeStrategy	toString()	126	[]	java.lang.Override	public	true	/home/nima/Developer/nullness-benchmarks/glide/library/src/main/java/com/bumptech/glide/load/engine/bitmap_recycle/AttributeStrategy.java
1749	com.bumptech.glide.load.engine.bitmap_recycle.AttributeStrategy	getBitmapString(android.graphics.Bitmap)	0	[false]		private	true	/home/nima/Developer/nullness-benchmarks/glide/library/src/main/java/com/bumptech/glide/load/engine/bitmap_recycle/AttributeStrategy.java
1750	com.bumptech.glide.load.engine.bitmap_recycle.AttributeStrategy	getBitmapString(int,int,android.graphics.Bitmap.Config)	0	[false, false, false]	java.lang.SuppressWarnings,com.bumptech.glide.util.Synthetic	package	true	/home/nima/Developer/nullness-benchmarks/glide/library/src/main/java/com/bumptech/glide/load/engine/bitmap_recycle/AttributeStrategy.java
1751	com.bumptech.glide.load.engine.bitmap_recycle.AttributeStrategy$KeyPool	get(int,int,android.graphics.Bitmap.Config)	0	[false, false, false]		package	true	/home/nima/Developer/nullness-benchmarks/glide/library/src/main/java/com/bumptech/glide/load/engine/bitmap_recycle/AttributeStrategy.java
1752	com.bumptech.glide.load.engine.bitmap_recycle.AttributeStrategy$KeyPool	create()	1624	[]	java.lang.Override	protected	true	/home/nima/Developer/nullness-benchmarks/glide/library/src/main/java/com/bumptech/glide/load/engine/bitmap_recycle/AttributeStrategy.java
1753	com.bumptech.glide.load.engine.bitmap_recycle.AttributeStrategy$Key	Key(com.bumptech.glide.load.engine.bitmap_recycle.AttributeStrategy.KeyPool)	0	[false]		public	false	/home/nima/Developer/nullness-benchmarks/glide/library/src/main/java/com/bumptech/glide/load/engine/bitmap_recycle/AttributeStrategy.java
1754	com.bumptech.glide.load.engine.bitmap_recycle.AttributeStrategy$Key	init(int,int,android.graphics.Bitmap.Config)	0	[false, false, false]		public	false	/home/nima/Developer/nullness-benchmarks/glide/library/src/main/java/com/bumptech/glide/load/engine/bitmap_recycle/AttributeStrategy.java
1755	com.bumptech.glide.load.engine.bitmap_recycle.AttributeStrategy$Key	equals(java.lang.Object)	200	[false]	java.lang.Override	public	false	/home/nima/Developer/nullness-benchmarks/glide/library/src/main/java/com/bumptech/glide/load/engine/bitmap_recycle/AttributeStrategy.java
1756	com.bumptech.glide.load.engine.bitmap_recycle.AttributeStrategy$Key	hashCode()	201	[]	java.lang.Override	public	false	/home/nima/Developer/nullness-benchmarks/glide/library/src/main/java/com/bumptech/glide/load/engine/bitmap_recycle/AttributeStrategy.java
1757	com.bumptech.glide.load.engine.bitmap_recycle.AttributeStrategy$Key	toString()	126	[]	java.lang.Override	public	true	/home/nima/Developer/nullness-benchmarks/glide/library/src/main/java/com/bumptech/glide/load/engine/bitmap_recycle/AttributeStrategy.java
1758	com.bumptech.glide.load.engine.bitmap_recycle.AttributeStrategy$Key	offer()	1613	[]	java.lang.Override	public	false	/home/nima/Developer/nullness-benchmarks/glide/library/src/main/java/com/bumptech/glide/load/engine/bitmap_recycle/AttributeStrategy.java
1759	com.bumptech.glide.load.engine.Initializable	initialize()	0	[]		public	false	/home/nima/Developer/nullness-benchmarks/glide/library/src/main/java/com/bumptech/glide/load/engine/Initializable.java
1760	com.bumptech.glide.load.engine.ResourceCacheGenerator	ResourceCacheGenerator(com.bumptech.glide.load.engine.DecodeHelper,com.bumptech.glide.load.engine.DataFetcherGenerator.FetcherReadyCallback)	0	[false, false]		package	false	/home/nima/Developer/nullness-benchmarks/glide/library/src/main/java/com/bumptech/glide/load/engine/ResourceCacheGenerator.java
1761	com.bumptech.glide.load.engine.ResourceCacheGenerator	startNext()	1109	[]	java.lang.SuppressWarnings,java.lang.Override	public	false	/home/nima/Developer/nullness-benchmarks/glide/library/src/main/java/com/bumptech/glide/load/engine/ResourceCacheGenerator.java
1762	com.bumptech.glide.load.engine.ResourceCacheGenerator	hasNextModelLoader()	0	[]		private	false	/home/nima/Developer/nullness-benchmarks/glide/library/src/main/java/com/bumptech/glide/load/engine/ResourceCacheGenerator.java
1763	com.bumptech.glide.load.engine.ResourceCacheGenerator	cancel()	1110	[]	java.lang.Override	public	false	/home/nima/Developer/nullness-benchmarks/glide/library/src/main/java/com/bumptech/glide/load/engine/ResourceCacheGenerator.java
1764	com.bumptech.glide.load.engine.ResourceCacheGenerator	onDataReady(java.lang.Object)	808	[false]	java.lang.Override	public	false	/home/nima/Developer/nullness-benchmarks/glide/library/src/main/java/com/bumptech/glide/load/engine/ResourceCacheGenerator.java
1765	com.bumptech.glide.load.engine.ResourceCacheGenerator	onLoadFailed(java.lang.Exception)	809	[false]	java.lang.Override	public	false	/home/nima/Developer/nullness-benchmarks/glide/library/src/main/java/com/bumptech/glide/load/engine/ResourceCacheGenerator.java
1766	com.bumptech.glide.load.engine.ResourceCacheKey	ResourceCacheKey(com.bumptech.glide.load.engine.bitmap_recycle.ArrayPool,com.bumptech.glide.load.Key,com.bumptech.glide.load.Key,int,int,com.bumptech.glide.load.Transformation,java.lang.Class,com.bumptech.glide.load.Options)	0	[false, false, false, false, false, false, false, false]		package	false	/home/nima/Developer/nullness-benchmarks/glide/library/src/main/java/com/bumptech/glide/load/engine/ResourceCacheKey.java
1767	com.bumptech.glide.load.engine.ResourceCacheKey	equals(java.lang.Object)	494	[false]	java.lang.Override	public	false	/home/nima/Developer/nullness-benchmarks/glide/library/src/main/java/com/bumptech/glide/load/engine/ResourceCacheKey.java
1768	com.bumptech.glide.load.engine.ResourceCacheKey	hashCode()	495	[]	java.lang.Override	public	false	/home/nima/Developer/nullness-benchmarks/glide/library/src/main/java/com/bumptech/glide/load/engine/ResourceCacheKey.java
1769	com.bumptech.glide.load.engine.ResourceCacheKey	updateDiskCacheKey(java.security.MessageDigest)	493	[false]	java.lang.Override	public	false	/home/nima/Developer/nullness-benchmarks/glide/library/src/main/java/com/bumptech/glide/load/engine/ResourceCacheKey.java
1770	com.bumptech.glide.load.engine.ResourceCacheKey	getResourceClassBytes()	0	[]		private	true	/home/nima/Developer/nullness-benchmarks/glide/library/src/main/java/com/bumptech/glide/load/engine/ResourceCacheKey.java
1771	com.bumptech.glide.load.engine.ResourceCacheKey	toString()	126	[]	java.lang.Override	public	true	/home/nima/Developer/nullness-benchmarks/glide/library/src/main/java/com/bumptech/glide/load/engine/ResourceCacheKey.java
1772	com.bumptech.glide.load.engine.CallbackException	CallbackException(java.lang.Throwable)	0	[false]		package	false	/home/nima/Developer/nullness-benchmarks/glide/library/src/main/java/com/bumptech/glide/load/engine/CallbackException.java
1773	com.bumptech.glide.load.engine.SourceGenerator	SourceGenerator(com.bumptech.glide.load.engine.DecodeHelper,com.bumptech.glide.load.engine.DataFetcherGenerator.FetcherReadyCallback)	0	[false, false]		package	false	/home/nima/Developer/nullness-benchmarks/glide/library/src/main/java/com/bumptech/glide/load/engine/SourceGenerator.java
1774	com.bumptech.glide.load.engine.SourceGenerator	startNext()	1109	[]	java.lang.SuppressWarnings,java.lang.Override	public	false	/home/nima/Developer/nullness-benchmarks/glide/library/src/main/java/com/bumptech/glide/load/engine/SourceGenerator.java
1775	com.bumptech.glide.load.engine.SourceGenerator	startNextLoad(com.bumptech.glide.load.model.ModelLoader.LoadData)	0	[false]		private	false	/home/nima/Developer/nullness-benchmarks/glide/library/src/main/java/com/bumptech/glide/load/engine/SourceGenerator.java
1776	com.bumptech.glide.load.engine.SourceGenerator$1	onDataReady(java.lang.Object)	808	[true]	java.lang.Override	public	false	/home/nima/Developer/nullness-benchmarks/glide/library/src/main/java/com/bumptech/glide/load/engine/SourceGenerator.java
1777	com.bumptech.glide.load.engine.SourceGenerator$1	onLoadFailed(java.lang.Exception)	809	[false]	java.lang.Override	public	false	/home/nima/Developer/nullness-benchmarks/glide/library/src/main/java/com/bumptech/glide/load/engine/SourceGenerator.java
1778	com.bumptech.glide.load.engine.SourceGenerator	isCurrentRequest(com.bumptech.glide.load.model.ModelLoader.LoadData)	0	[false]	java.lang.SuppressWarnings,com.bumptech.glide.util.Synthetic	package	false	/home/nima/Developer/nullness-benchmarks/glide/library/src/main/java/com/bumptech/glide/load/engine/SourceGenerator.java
1779	com.bumptech.glide.load.engine.SourceGenerator	hasNextModelLoader()	0	[]		private	false	/home/nima/Developer/nullness-benchmarks/glide/library/src/main/java/com/bumptech/glide/load/engine/SourceGenerator.java
1780	com.bumptech.glide.load.engine.SourceGenerator	cacheData(java.lang.Object)	0	[false]		private	false	/home/nima/Developer/nullness-benchmarks/glide/library/src/main/java/com/bumptech/glide/load/engine/SourceGenerator.java
1781	com.bumptech.glide.load.engine.SourceGenerator	cancel()	1110	[]	java.lang.Override	public	false	/home/nima/Developer/nullness-benchmarks/glide/library/src/main/java/com/bumptech/glide/load/engine/SourceGenerator.java
1782	com.bumptech.glide.load.engine.SourceGenerator	onDataReadyInternal(com.bumptech.glide.load.model.ModelLoader.LoadData,java.lang.Object)	0	[false, false]	java.lang.SuppressWarnings,com.bumptech.glide.util.Synthetic	package	false	/home/nima/Developer/nullness-benchmarks/glide/library/src/main/java/com/bumptech/glide/load/engine/SourceGenerator.java
1783	com.bumptech.glide.load.engine.SourceGenerator	onLoadFailedInternal(com.bumptech.glide.load.model.ModelLoader.LoadData,java.lang.Exception)	0	[false, false]	java.lang.SuppressWarnings,com.bumptech.glide.util.Synthetic	package	false	/home/nima/Developer/nullness-benchmarks/glide/library/src/main/java/com/bumptech/glide/load/engine/SourceGenerator.java
1784	com.bumptech.glide.load.engine.SourceGenerator	reschedule()	1078	[]	java.lang.Override	public	false	/home/nima/Developer/nullness-benchmarks/glide/library/src/main/java/com/bumptech/glide/load/engine/SourceGenerator.java
1785	com.bumptech.glide.load.engine.SourceGenerator	onDataFetcherReady(com.bumptech.glide.load.Key,java.lang.Object,com.bumptech.glide.load.data.DataFetcher,com.bumptech.glide.load.DataSource,com.bumptech.glide.load.Key)	1080	[false, false, false, false, false]	java.lang.Override	public	false	/home/nima/Developer/nullness-benchmarks/glide/library/src/main/java/com/bumptech/glide/load/engine/SourceGenerator.java
1786	com.bumptech.glide.load.engine.SourceGenerator	onDataFetcherFailed(com.bumptech.glide.load.Key,java.lang.Exception,com.bumptech.glide.load.data.DataFetcher,com.bumptech.glide.load.DataSource)	1082	[false, false, false, false]	java.lang.Override	public	false	/home/nima/Developer/nullness-benchmarks/glide/library/src/main/java/com/bumptech/glide/load/engine/SourceGenerator.java
1787	com.bumptech.glide.load.engine.DataCacheGenerator	DataCacheGenerator(com.bumptech.glide.load.engine.DecodeHelper,com.bumptech.glide.load.engine.DataFetcherGenerator.FetcherReadyCallback)	0	[false, false]		package	false	/home/nima/Developer/nullness-benchmarks/glide/library/src/main/java/com/bumptech/glide/load/engine/DataCacheGenerator.java
1788	com.bumptech.glide.load.engine.DataCacheGenerator	DataCacheGenerator(java.util.List,com.bumptech.glide.load.engine.DecodeHelper,com.bumptech.glide.load.engine.DataFetcherGenerator.FetcherReadyCallback)	0	[false, false, false]		package	false	/home/nima/Developer/nullness-benchmarks/glide/library/src/main/java/com/bumptech/glide/load/engine/DataCacheGenerator.java
1789	com.bumptech.glide.load.engine.DataCacheGenerator	startNext()	1109	[]	java.lang.Override	public	false	/home/nima/Developer/nullness-benchmarks/glide/library/src/main/java/com/bumptech/glide/load/engine/DataCacheGenerator.java
1790	com.bumptech.glide.load.engine.DataCacheGenerator	hasNextModelLoader()	0	[]		private	false	/home/nima/Developer/nullness-benchmarks/glide/library/src/main/java/com/bumptech/glide/load/engine/DataCacheGenerator.java
1791	com.bumptech.glide.load.engine.DataCacheGenerator	cancel()	1110	[]	java.lang.Override	public	false	/home/nima/Developer/nullness-benchmarks/glide/library/src/main/java/com/bumptech/glide/load/engine/DataCacheGenerator.java
1792	com.bumptech.glide.load.engine.DataCacheGenerator	onDataReady(java.lang.Object)	808	[false]	java.lang.Override	public	false	/home/nima/Developer/nullness-benchmarks/glide/library/src/main/java/com/bumptech/glide/load/engine/DataCacheGenerator.java
1793	com.bumptech.glide.load.engine.DataCacheGenerator	onLoadFailed(java.lang.Exception)	809	[false]	java.lang.Override	public	false	/home/nima/Developer/nullness-benchmarks/glide/library/src/main/java/com/bumptech/glide/load/engine/DataCacheGenerator.java
1794	com.bumptech.glide.load.engine.DataCacheKey	DataCacheKey(com.bumptech.glide.load.Key,com.bumptech.glide.load.Key)	0	[false, false]		package	false	/home/nima/Developer/nullness-benchmarks/glide/library/src/main/java/com/bumptech/glide/load/engine/DataCacheKey.java
1795	com.bumptech.glide.load.engine.DataCacheKey	getSourceKey()	0	[]		package	true	/home/nima/Developer/nullness-benchmarks/glide/library/src/main/java/com/bumptech/glide/load/engine/DataCacheKey.java
1796	com.bumptech.glide.load.engine.DataCacheKey	equals(java.lang.Object)	494	[false]	java.lang.Override	public	false	/home/nima/Developer/nullness-benchmarks/glide/library/src/main/java/com/bumptech/glide/load/engine/DataCacheKey.java
1797	com.bumptech.glide.load.engine.DataCacheKey	hashCode()	495	[]	java.lang.Override	public	false	/home/nima/Developer/nullness-benchmarks/glide/library/src/main/java/com/bumptech/glide/load/engine/DataCacheKey.java
1798	com.bumptech.glide.load.engine.DataCacheKey	toString()	126	[]	java.lang.Override	public	true	/home/nima/Developer/nullness-benchmarks/glide/library/src/main/java/com/bumptech/glide/load/engine/DataCacheKey.java
1799	com.bumptech.glide.load.engine.DataCacheKey	updateDiskCacheKey(java.security.MessageDigest)	493	[false]	java.lang.Override	public	false	/home/nima/Developer/nullness-benchmarks/glide/library/src/main/java/com/bumptech/glide/load/engine/DataCacheKey.java
1800	com.bumptech.glide.load.engine.cache.LruResourceCache	LruResourceCache(long)	0	[false]		public	false	/home/nima/Developer/nullness-benchmarks/glide/library/src/main/java/com/bumptech/glide/load/engine/cache/LruResourceCache.java
1801	com.bumptech.glide.load.engine.cache.LruResourceCache	setResourceRemovedListener(com.bumptech.glide.load.engine.cache.MemoryCache.ResourceRemovedListener)	593	[false]	java.lang.Override	public	false	/home/nima/Developer/nullness-benchmarks/glide/library/src/main/java/com/bumptech/glide/load/engine/cache/LruResourceCache.java
1802	com.bumptech.glide.load.engine.cache.LruResourceCache	onItemEvicted(com.bumptech.glide.load.Key,com.bumptech.glide.load.engine.Resource)	1365	[false, true]	java.lang.Override	protected	false	/home/nima/Developer/nullness-benchmarks/glide/library/src/main/java/com/bumptech/glide/load/engine/cache/LruResourceCache.java
1803	com.bumptech.glide.load.engine.cache.LruResourceCache	getSize(com.bumptech.glide.load.engine.Resource)	1363	[true]	java.lang.Override	protected	false	/home/nima/Developer/nullness-benchmarks/glide/library/src/main/java/com/bumptech/glide/load/engine/cache/LruResourceCache.java
1804	com.bumptech.glide.load.engine.cache.LruResourceCache	trimMemory(int)	595	[false]	android.annotation.SuppressLint,java.lang.Override	public	false	/home/nima/Developer/nullness-benchmarks/glide/library/src/main/java/com/bumptech/glide/load/engine/cache/LruResourceCache.java
1805	com.bumptech.glide.load.engine.cache.SafeKeyGenerator$1	create()	581	[]	java.lang.Override	public	true	/home/nima/Developer/nullness-benchmarks/glide/library/src/main/java/com/bumptech/glide/load/engine/cache/SafeKeyGenerator.java
1806	com.bumptech.glide.load.engine.cache.SafeKeyGenerator	getSafeKey(com.bumptech.glide.load.Key)	0	[false]		public	true	/home/nima/Developer/nullness-benchmarks/glide/library/src/main/java/com/bumptech/glide/load/engine/cache/SafeKeyGenerator.java
1807	com.bumptech.glide.load.engine.cache.SafeKeyGenerator	calculateHexStringDigest(com.bumptech.glide.load.Key)	0	[false]		private	true	/home/nima/Developer/nullness-benchmarks/glide/library/src/main/java/com/bumptech/glide/load/engine/cache/SafeKeyGenerator.java
1808	com.bumptech.glide.load.engine.cache.SafeKeyGenerator$PoolableDigestContainer	PoolableDigestContainer(java.security.MessageDigest)	0	[false]		package	false	/home/nima/Developer/nullness-benchmarks/glide/library/src/main/java/com/bumptech/glide/load/engine/cache/SafeKeyGenerator.java
1809	com.bumptech.glide.load.engine.cache.SafeKeyGenerator$PoolableDigestContainer	getVerifier()	1051	[]	androidx.annotation.NonNull,java.lang.Override	public	true	/home/nima/Developer/nullness-benchmarks/glide/library/src/main/java/com/bumptech/glide/load/engine/cache/SafeKeyGenerator.java
1810	com.bumptech.glide.load.engine.cache.ExternalCacheDiskCacheFactory	ExternalCacheDiskCacheFactory(android.content.Context)	0	[false]		public	false	/home/nima/Developer/nullness-benchmarks/glide/library/src/main/java/com/bumptech/glide/load/engine/cache/ExternalCacheDiskCacheFactory.java
1811	com.bumptech.glide.load.engine.cache.ExternalCacheDiskCacheFactory	ExternalCacheDiskCacheFactory(android.content.Context,int)	0	[false, false]		public	false	/home/nima/Developer/nullness-benchmarks/glide/library/src/main/java/com/bumptech/glide/load/engine/cache/ExternalCacheDiskCacheFactory.java
1812	com.bumptech.glide.load.engine.cache.ExternalCacheDiskCacheFactory	ExternalCacheDiskCacheFactory(android.content.Context,java.lang.String,int)	0	[false, false, false]		public	false	/home/nima/Developer/nullness-benchmarks/glide/library/src/main/java/com/bumptech/glide/load/engine/cache/ExternalCacheDiskCacheFactory.java
1813	com.bumptech.glide.load.engine.cache.ExternalCacheDiskCacheFactory$1	getCacheDirectory()	1814	[]	java.lang.Override	public	true	/home/nima/Developer/nullness-benchmarks/glide/library/src/main/java/com/bumptech/glide/load/engine/cache/ExternalCacheDiskCacheFactory.java
1814	com.bumptech.glide.load.engine.cache.DiskLruCacheFactory$CacheDirectoryGetter	getCacheDirectory()	0	[]		public	true	/home/nima/Developer/nullness-benchmarks/glide/library/src/main/java/com/bumptech/glide/load/engine/cache/DiskLruCacheFactory.java
1815	com.bumptech.glide.load.engine.cache.DiskLruCacheFactory	DiskLruCacheFactory(java.lang.String,long)	0	[false, false]		public	false	/home/nima/Developer/nullness-benchmarks/glide/library/src/main/java/com/bumptech/glide/load/engine/cache/DiskLruCacheFactory.java
1816	com.bumptech.glide.load.engine.cache.DiskLruCacheFactory$1	getCacheDirectory()	1814	[]	java.lang.Override	public	true	/home/nima/Developer/nullness-benchmarks/glide/library/src/main/java/com/bumptech/glide/load/engine/cache/DiskLruCacheFactory.java
1817	com.bumptech.glide.load.engine.cache.DiskLruCacheFactory	DiskLruCacheFactory(java.lang.String,java.lang.String,long)	0	[false, false, false]		public	false	/home/nima/Developer/nullness-benchmarks/glide/library/src/main/java/com/bumptech/glide/load/engine/cache/DiskLruCacheFactory.java
1818	com.bumptech.glide.load.engine.cache.DiskLruCacheFactory$2	getCacheDirectory()	1814	[]	java.lang.Override	public	true	/home/nima/Developer/nullness-benchmarks/glide/library/src/main/java/com/bumptech/glide/load/engine/cache/DiskLruCacheFactory.java
1819	com.bumptech.glide.load.engine.cache.DiskLruCacheFactory	DiskLruCacheFactory(com.bumptech.glide.load.engine.cache.DiskLruCacheFactory.CacheDirectoryGetter,long)	0	[false, false]	java.lang.SuppressWarnings	public	false	/home/nima/Developer/nullness-benchmarks/glide/library/src/main/java/com/bumptech/glide/load/engine/cache/DiskLruCacheFactory.java
1820	com.bumptech.glide.load.engine.cache.DiskLruCacheFactory	build()	930	[]	java.lang.Override	public	true	/home/nima/Developer/nullness-benchmarks/glide/library/src/main/java/com/bumptech/glide/load/engine/cache/DiskLruCacheFactory.java
1821	com.bumptech.glide.load.engine.cache.DiskLruCacheWrapper	get(java.io.File,long)	0	[false, false]	java.lang.SuppressWarnings,java.lang.Deprecated	public	true	/home/nima/Developer/nullness-benchmarks/glide/library/src/main/java/com/bumptech/glide/load/engine/cache/DiskLruCacheWrapper.java
1822	com.bumptech.glide.load.engine.cache.DiskLruCacheWrapper	create(java.io.File,long)	0	[false, false]	java.lang.SuppressWarnings	public	true	/home/nima/Developer/nullness-benchmarks/glide/library/src/main/java/com/bumptech/glide/load/engine/cache/DiskLruCacheWrapper.java
1823	com.bumptech.glide.load.engine.cache.DiskLruCacheWrapper	DiskLruCacheWrapper(java.io.File,long)	0	[false, false]	java.lang.Deprecated,java.lang.SuppressWarnings	protected	false	/home/nima/Developer/nullness-benchmarks/glide/library/src/main/java/com/bumptech/glide/load/engine/cache/DiskLruCacheWrapper.java
1824	com.bumptech.glide.load.engine.cache.DiskLruCacheWrapper	getDiskCache()	0	[]		private	true	/home/nima/Developer/nullness-benchmarks/glide/library/src/main/java/com/bumptech/glide/load/engine/cache/DiskLruCacheWrapper.java
1825	com.bumptech.glide.load.engine.cache.DiskLruCacheWrapper	get(com.bumptech.glide.load.Key)	932	[false]	java.lang.Override	public	true	/home/nima/Developer/nullness-benchmarks/glide/library/src/main/java/com/bumptech/glide/load/engine/cache/DiskLruCacheWrapper.java
1826	com.bumptech.glide.load.engine.cache.DiskLruCacheWrapper	put(com.bumptech.glide.load.Key,com.bumptech.glide.load.engine.cache.DiskCache.Writer)	933	[false, false]	java.lang.Override	public	false	/home/nima/Developer/nullness-benchmarks/glide/library/src/main/java/com/bumptech/glide/load/engine/cache/DiskLruCacheWrapper.java
1827	com.bumptech.glide.load.engine.cache.DiskLruCacheWrapper	delete(com.bumptech.glide.load.Key)	934	[false]	java.lang.Override	public	false	/home/nima/Developer/nullness-benchmarks/glide/library/src/main/java/com/bumptech/glide/load/engine/cache/DiskLruCacheWrapper.java
1828	com.bumptech.glide.load.engine.cache.DiskLruCacheWrapper	clear()	935	[]	java.lang.Override	public	false	/home/nima/Developer/nullness-benchmarks/glide/library/src/main/java/com/bumptech/glide/load/engine/cache/DiskLruCacheWrapper.java
1829	com.bumptech.glide.load.engine.cache.DiskLruCacheWrapper	resetDiskCache()	0	[]		private	false	/home/nima/Developer/nullness-benchmarks/glide/library/src/main/java/com/bumptech/glide/load/engine/cache/DiskLruCacheWrapper.java
1830	com.bumptech.glide.load.engine.cache.DiskCacheWriteLocker	acquire(java.lang.String)	0	[false]		package	false	/home/nima/Developer/nullness-benchmarks/glide/library/src/main/java/com/bumptech/glide/load/engine/cache/DiskCacheWriteLocker.java
1831	com.bumptech.glide.load.engine.cache.DiskCacheWriteLocker	release(java.lang.String)	0	[false]		package	false	/home/nima/Developer/nullness-benchmarks/glide/library/src/main/java/com/bumptech/glide/load/engine/cache/DiskCacheWriteLocker.java
1832	com.bumptech.glide.load.engine.cache.DiskCacheWriteLocker$WriteLock	WriteLock()	0	[]	com.bumptech.glide.util.Synthetic	package	false	/home/nima/Developer/nullness-benchmarks/glide/library/src/main/java/com/bumptech/glide/load/engine/cache/DiskCacheWriteLocker.java
1833	com.bumptech.glide.load.engine.cache.DiskCacheWriteLocker$WriteLockPool	WriteLockPool()	0	[]	com.bumptech.glide.util.Synthetic	package	false	/home/nima/Developer/nullness-benchmarks/glide/library/src/main/java/com/bumptech/glide/load/engine/cache/DiskCacheWriteLocker.java
1834	com.bumptech.glide.load.engine.cache.DiskCacheWriteLocker$WriteLockPool	obtain()	0	[]		package	true	/home/nima/Developer/nullness-benchmarks/glide/library/src/main/java/com/bumptech/glide/load/engine/cache/DiskCacheWriteLocker.java
1835	com.bumptech.glide.load.engine.cache.DiskCacheWriteLocker$WriteLockPool	offer(com.bumptech.glide.load.engine.cache.DiskCacheWriteLocker.WriteLock)	0	[false]		package	false	/home/nima/Developer/nullness-benchmarks/glide/library/src/main/java/com/bumptech/glide/load/engine/cache/DiskCacheWriteLocker.java
1836	com.bumptech.glide.load.engine.cache.InternalCacheDiskCacheFactory	InternalCacheDiskCacheFactory(android.content.Context)	0	[false]		public	false	/home/nima/Developer/nullness-benchmarks/glide/library/src/main/java/com/bumptech/glide/load/engine/cache/InternalCacheDiskCacheFactory.java
1837	com.bumptech.glide.load.engine.cache.InternalCacheDiskCacheFactory	InternalCacheDiskCacheFactory(android.content.Context,long)	0	[false, false]		public	false	/home/nima/Developer/nullness-benchmarks/glide/library/src/main/java/com/bumptech/glide/load/engine/cache/InternalCacheDiskCacheFactory.java
1838	com.bumptech.glide.load.engine.cache.InternalCacheDiskCacheFactory	InternalCacheDiskCacheFactory(android.content.Context,java.lang.String,long)	0	[false, false, false]		public	false	/home/nima/Developer/nullness-benchmarks/glide/library/src/main/java/com/bumptech/glide/load/engine/cache/InternalCacheDiskCacheFactory.java
1839	com.bumptech.glide.load.engine.cache.InternalCacheDiskCacheFactory$1	getCacheDirectory()	1814	[]	java.lang.Override	public	true	/home/nima/Developer/nullness-benchmarks/glide/library/src/main/java/com/bumptech/glide/load/engine/cache/InternalCacheDiskCacheFactory.java
1840	com.bumptech.glide.load.engine.cache.DiskCacheAdapter	get(com.bumptech.glide.load.Key)	932	[false]	java.lang.Override	public	true	/home/nima/Developer/nullness-benchmarks/glide/library/src/main/java/com/bumptech/glide/load/engine/cache/DiskCacheAdapter.java
1841	com.bumptech.glide.load.engine.cache.DiskCacheAdapter	put(com.bumptech.glide.load.Key,com.bumptech.glide.load.engine.cache.DiskCache.Writer)	933	[false, false]	java.lang.Override	public	false	/home/nima/Developer/nullness-benchmarks/glide/library/src/main/java/com/bumptech/glide/load/engine/cache/DiskCacheAdapter.java
1842	com.bumptech.glide.load.engine.cache.DiskCacheAdapter	delete(com.bumptech.glide.load.Key)	934	[false]	java.lang.Override	public	false	/home/nima/Developer/nullness-benchmarks/glide/library/src/main/java/com/bumptech/glide/load/engine/cache/DiskCacheAdapter.java
1843	com.bumptech.glide.load.engine.cache.DiskCacheAdapter	clear()	935	[]	java.lang.Override	public	false	/home/nima/Developer/nullness-benchmarks/glide/library/src/main/java/com/bumptech/glide/load/engine/cache/DiskCacheAdapter.java
1844	com.bumptech.glide.load.engine.cache.DiskCacheAdapter$Factory	build()	930	[]	java.lang.Override	public	true	/home/nima/Developer/nullness-benchmarks/glide/library/src/main/java/com/bumptech/glide/load/engine/cache/DiskCacheAdapter.java
1845	com.bumptech.glide.load.engine.cache.MemoryCacheAdapter	getCurrentSize()	588	[]	java.lang.Override	public	false	/home/nima/Developer/nullness-benchmarks/glide/library/src/main/java/com/bumptech/glide/load/engine/cache/MemoryCacheAdapter.java
1846	com.bumptech.glide.load.engine.cache.MemoryCacheAdapter	getMaxSize()	589	[]	java.lang.Override	public	false	/home/nima/Developer/nullness-benchmarks/glide/library/src/main/java/com/bumptech/glide/load/engine/cache/MemoryCacheAdapter.java
1847	com.bumptech.glide.load.engine.cache.MemoryCacheAdapter	setSizeMultiplier(float)	590	[false]	java.lang.Override	public	false	/home/nima/Developer/nullness-benchmarks/glide/library/src/main/java/com/bumptech/glide/load/engine/cache/MemoryCacheAdapter.java
1848	com.bumptech.glide.load.engine.cache.MemoryCacheAdapter	remove(com.bumptech.glide.load.Key)	591	[false]	androidx.annotation.Nullable,java.lang.Override	public	true	/home/nima/Developer/nullness-benchmarks/glide/library/src/main/java/com/bumptech/glide/load/engine/cache/MemoryCacheAdapter.java
1849	com.bumptech.glide.load.engine.cache.MemoryCacheAdapter	put(com.bumptech.glide.load.Key,com.bumptech.glide.load.engine.Resource)	592	[false, true]	androidx.annotation.Nullable,java.lang.Override	public	true	/home/nima/Developer/nullness-benchmarks/glide/library/src/main/java/com/bumptech/glide/load/engine/cache/MemoryCacheAdapter.java
1850	com.bumptech.glide.load.engine.cache.MemoryCacheAdapter	setResourceRemovedListener(com.bumptech.glide.load.engine.cache.MemoryCache.ResourceRemovedListener)	593	[false]	java.lang.Override	public	false	/home/nima/Developer/nullness-benchmarks/glide/library/src/main/java/com/bumptech/glide/load/engine/cache/MemoryCacheAdapter.java
1851	com.bumptech.glide.load.engine.cache.MemoryCacheAdapter	clearMemory()	594	[]	java.lang.Override	public	false	/home/nima/Developer/nullness-benchmarks/glide/library/src/main/java/com/bumptech/glide/load/engine/cache/MemoryCacheAdapter.java
1852	com.bumptech.glide.load.engine.cache.MemoryCacheAdapter	trimMemory(int)	595	[false]	java.lang.Override	public	false	/home/nima/Developer/nullness-benchmarks/glide/library/src/main/java/com/bumptech/glide/load/engine/cache/MemoryCacheAdapter.java
1853	com.bumptech.glide.load.engine.cache.ExternalPreferredCacheDiskCacheFactory	ExternalPreferredCacheDiskCacheFactory(android.content.Context)	0	[false]		public	false	/home/nima/Developer/nullness-benchmarks/glide/library/src/main/java/com/bumptech/glide/load/engine/cache/ExternalPreferredCacheDiskCacheFactory.java
1854	com.bumptech.glide.load.engine.cache.ExternalPreferredCacheDiskCacheFactory	ExternalPreferredCacheDiskCacheFactory(android.content.Context,long)	0	[false, false]		public	false	/home/nima/Developer/nullness-benchmarks/glide/library/src/main/java/com/bumptech/glide/load/engine/cache/ExternalPreferredCacheDiskCacheFactory.java
1855	com.bumptech.glide.load.engine.cache.ExternalPreferredCacheDiskCacheFactory	ExternalPreferredCacheDiskCacheFactory(android.content.Context,java.lang.String,long)	0	[false, false, false]		public	false	/home/nima/Developer/nullness-benchmarks/glide/library/src/main/java/com/bumptech/glide/load/engine/cache/ExternalPreferredCacheDiskCacheFactory.java
1856	com.bumptech.glide.load.engine.cache.ExternalPreferredCacheDiskCacheFactory$1	getInternalCacheDirectory()	0	[]	androidx.annotation.Nullable	private	true	/home/nima/Developer/nullness-benchmarks/glide/library/src/main/java/com/bumptech/glide/load/engine/cache/ExternalPreferredCacheDiskCacheFactory.java
1857	com.bumptech.glide.load.engine.cache.ExternalPreferredCacheDiskCacheFactory$1	getCacheDirectory()	1814	[]	java.lang.Override	public	true	/home/nima/Developer/nullness-benchmarks/glide/library/src/main/java/com/bumptech/glide/load/engine/cache/ExternalPreferredCacheDiskCacheFactory.java
1858	com.bumptech.glide.load.engine.DataCacheWriter	DataCacheWriter(com.bumptech.glide.load.Encoder,DataType,com.bumptech.glide.load.Options)	0	[false, false, false]		package	false	/home/nima/Developer/nullness-benchmarks/glide/library/src/main/java/com/bumptech/glide/load/engine/DataCacheWriter.java
1859	com.bumptech.glide.load.engine.DataCacheWriter	write(java.io.File)	931	[false]	java.lang.Override	public	false	/home/nima/Developer/nullness-benchmarks/glide/library/src/main/java/com/bumptech/glide/load/engine/DataCacheWriter.java
1860	com.bumptech.glide.load.ImageHeaderParserUtils	ImageHeaderParserUtils()	0	[]		private	false	/home/nima/Developer/nullness-benchmarks/glide/library/src/main/java/com/bumptech/glide/load/ImageHeaderParserUtils.java
1861	com.bumptech.glide.load.ImageHeaderParserUtils	getType(java.util.List,java.io.InputStream,com.bumptech.glide.load.engine.bitmap_recycle.ArrayPool)	0	[false, true, false]	androidx.annotation.NonNull	public	true	/home/nima/Developer/nullness-benchmarks/glide/library/src/main/java/com/bumptech/glide/load/ImageHeaderParserUtils.java
1862	com.bumptech.glide.load.ImageHeaderParserUtils$1	getTypeAndRewind(com.bumptech.glide.load.ImageHeaderParser)	1863	[false]	java.lang.Override	public	true	/home/nima/Developer/nullness-benchmarks/glide/library/src/main/java/com/bumptech/glide/load/ImageHeaderParserUtils.java
1864	com.bumptech.glide.load.ImageHeaderParserUtils	getType(java.util.List,java.nio.ByteBuffer)	0	[false, true]	androidx.annotation.NonNull	public	true	/home/nima/Developer/nullness-benchmarks/glide/library/src/main/java/com/bumptech/glide/load/ImageHeaderParserUtils.java
1865	com.bumptech.glide.load.ImageHeaderParserUtils$2	getTypeAndRewind(com.bumptech.glide.load.ImageHeaderParser)	1863	[false]	java.lang.Override	public	true	/home/nima/Developer/nullness-benchmarks/glide/library/src/main/java/com/bumptech/glide/load/ImageHeaderParserUtils.java
1866	com.bumptech.glide.load.ImageHeaderParserUtils	getType(java.util.List,com.bumptech.glide.load.data.ParcelFileDescriptorRewinder,com.bumptech.glide.load.engine.bitmap_recycle.ArrayPool)	0	[false, false, false]	androidx.annotation.NonNull,androidx.annotation.RequiresApi	public	true	/home/nima/Developer/nullness-benchmarks/glide/library/src/main/java/com/bumptech/glide/load/ImageHeaderParserUtils.java
1867	com.bumptech.glide.load.ImageHeaderParserUtils$3	getTypeAndRewind(com.bumptech.glide.load.ImageHeaderParser)	1863	[false]	java.lang.Override	public	true	/home/nima/Developer/nullness-benchmarks/glide/library/src/main/java/com/bumptech/glide/load/ImageHeaderParserUtils.java
1868	com.bumptech.glide.load.ImageHeaderParserUtils	getTypeInternal(java.util.List,com.bumptech.glide.load.ImageHeaderParserUtils.TypeReader)	0	[false, false]	androidx.annotation.NonNull	private	true	/home/nima/Developer/nullness-benchmarks/glide/library/src/main/java/com/bumptech/glide/load/ImageHeaderParserUtils.java
1869	com.bumptech.glide.load.ImageHeaderParserUtils	getOrientation(java.util.List,java.nio.ByteBuffer,com.bumptech.glide.load.engine.bitmap_recycle.ArrayPool)	0	[false, true, false]		public	false	/home/nima/Developer/nullness-benchmarks/glide/library/src/main/java/com/bumptech/glide/load/ImageHeaderParserUtils.java
1870	com.bumptech.glide.load.ImageHeaderParserUtils$4	getOrientationAndRewind(com.bumptech.glide.load.ImageHeaderParser)	1871	[false]	java.lang.Override	public	false	/home/nima/Developer/nullness-benchmarks/glide/library/src/main/java/com/bumptech/glide/load/ImageHeaderParserUtils.java
1872	com.bumptech.glide.load.ImageHeaderParserUtils	getOrientation(java.util.List,java.io.InputStream,com.bumptech.glide.load.engine.bitmap_recycle.ArrayPool)	0	[false, true, false]		public	false	/home/nima/Developer/nullness-benchmarks/glide/library/src/main/java/com/bumptech/glide/load/ImageHeaderParserUtils.java
1873	com.bumptech.glide.load.ImageHeaderParserUtils$5	getOrientationAndRewind(com.bumptech.glide.load.ImageHeaderParser)	1871	[false]	java.lang.Override	public	false	/home/nima/Developer/nullness-benchmarks/glide/library/src/main/java/com/bumptech/glide/load/ImageHeaderParserUtils.java
1874	com.bumptech.glide.load.ImageHeaderParserUtils	getOrientation(java.util.List,com.bumptech.glide.load.data.ParcelFileDescriptorRewinder,com.bumptech.glide.load.engine.bitmap_recycle.ArrayPool)	0	[false, false, false]	androidx.annotation.RequiresApi	public	false	/home/nima/Developer/nullness-benchmarks/glide/library/src/main/java/com/bumptech/glide/load/ImageHeaderParserUtils.java
1875	com.bumptech.glide.load.ImageHeaderParserUtils$6	getOrientationAndRewind(com.bumptech.glide.load.ImageHeaderParser)	1871	[false]	java.lang.Override	public	false	/home/nima/Developer/nullness-benchmarks/glide/library/src/main/java/com/bumptech/glide/load/ImageHeaderParserUtils.java
1876	com.bumptech.glide.load.ImageHeaderParserUtils	getOrientationInternal(java.util.List,com.bumptech.glide.load.ImageHeaderParserUtils.OrientationReader)	0	[false, false]		private	false	/home/nima/Developer/nullness-benchmarks/glide/library/src/main/java/com/bumptech/glide/load/ImageHeaderParserUtils.java
1877	com.bumptech.glide.load.ImageHeaderParserUtils	hasJpegMpf(java.util.List,java.nio.ByteBuffer,com.bumptech.glide.load.engine.bitmap_recycle.ArrayPool)	0	[false, true, false]		public	false	/home/nima/Developer/nullness-benchmarks/glide/library/src/main/java/com/bumptech/glide/load/ImageHeaderParserUtils.java
1878	com.bumptech.glide.load.ImageHeaderParserUtils$7	getHasJpegMpfAndRewind(com.bumptech.glide.load.ImageHeaderParser)	1879	[false]	java.lang.Override	public	false	/home/nima/Developer/nullness-benchmarks/glide/library/src/main/java/com/bumptech/glide/load/ImageHeaderParserUtils.java
1880	com.bumptech.glide.load.ImageHeaderParserUtils	hasJpegMpf(java.util.List,java.io.InputStream,com.bumptech.glide.load.engine.bitmap_recycle.ArrayPool)	0	[false, true, false]		public	false	/home/nima/Developer/nullness-benchmarks/glide/library/src/main/java/com/bumptech/glide/load/ImageHeaderParserUtils.java
1881	com.bumptech.glide.load.ImageHeaderParserUtils$8	getHasJpegMpfAndRewind(com.bumptech.glide.load.ImageHeaderParser)	1879	[false]	java.lang.Override	public	false	/home/nima/Developer/nullness-benchmarks/glide/library/src/main/java/com/bumptech/glide/load/ImageHeaderParserUtils.java
1882	com.bumptech.glide.load.ImageHeaderParserUtils	hasJpegMpf(java.util.List,com.bumptech.glide.load.data.ParcelFileDescriptorRewinder,com.bumptech.glide.load.engine.bitmap_recycle.ArrayPool)	0	[false, false, false]	androidx.annotation.RequiresApi	public	false	/home/nima/Developer/nullness-benchmarks/glide/library/src/main/java/com/bumptech/glide/load/ImageHeaderParserUtils.java
1883	com.bumptech.glide.load.ImageHeaderParserUtils$9	getHasJpegMpfAndRewind(com.bumptech.glide.load.ImageHeaderParser)	1879	[false]	java.lang.Override	public	false	/home/nima/Developer/nullness-benchmarks/glide/library/src/main/java/com/bumptech/glide/load/ImageHeaderParserUtils.java
1884	com.bumptech.glide.load.ImageHeaderParserUtils	hasJpegMpfInternal(java.util.List,com.bumptech.glide.load.ImageHeaderParserUtils.JpegMpfReader)	0	[false, false]		private	false	/home/nima/Developer/nullness-benchmarks/glide/library/src/main/java/com/bumptech/glide/load/ImageHeaderParserUtils.java
1863	com.bumptech.glide.load.ImageHeaderParserUtils$TypeReader	getTypeAndRewind(com.bumptech.glide.load.ImageHeaderParser)	0	[false]		public	true	/home/nima/Developer/nullness-benchmarks/glide/library/src/main/java/com/bumptech/glide/load/ImageHeaderParserUtils.java
1871	com.bumptech.glide.load.ImageHeaderParserUtils$OrientationReader	getOrientationAndRewind(com.bumptech.glide.load.ImageHeaderParser)	0	[false]		public	false	/home/nima/Developer/nullness-benchmarks/glide/library/src/main/java/com/bumptech/glide/load/ImageHeaderParserUtils.java
1879	com.bumptech.glide.load.ImageHeaderParserUtils$JpegMpfReader	getHasJpegMpfAndRewind(com.bumptech.glide.load.ImageHeaderParser)	0	[false]		public	false	/home/nima/Developer/nullness-benchmarks/glide/library/src/main/java/com/bumptech/glide/load/ImageHeaderParserUtils.java
1885	com.bumptech.glide.load.data.ParcelFileDescriptorRewinder	isSupported()	0	[]		public	false	/home/nima/Developer/nullness-benchmarks/glide/library/src/main/java/com/bumptech/glide/load/data/ParcelFileDescriptorRewinder.java
1886	com.bumptech.glide.load.data.ParcelFileDescriptorRewinder	ParcelFileDescriptorRewinder(android.os.ParcelFileDescriptor)	0	[false]	androidx.annotation.RequiresApi	public	false	/home/nima/Developer/nullness-benchmarks/glide/library/src/main/java/com/bumptech/glide/load/data/ParcelFileDescriptorRewinder.java
1887	com.bumptech.glide.load.data.ParcelFileDescriptorRewinder	rewindAndGet()	751	[]	androidx.annotation.NonNull,java.lang.Override,androidx.annotation.RequiresApi	public	true	/home/nima/Developer/nullness-benchmarks/glide/library/src/main/java/com/bumptech/glide/load/data/ParcelFileDescriptorRewinder.java
1888	com.bumptech.glide.load.data.ParcelFileDescriptorRewinder	cleanup()	753	[]	java.lang.Override	public	false	/home/nima/Developer/nullness-benchmarks/glide/library/src/main/java/com/bumptech/glide/load/data/ParcelFileDescriptorRewinder.java
1889	com.bumptech.glide.load.data.ParcelFileDescriptorRewinder$Factory	build(android.os.ParcelFileDescriptor)	744	[false]	androidx.annotation.NonNull,java.lang.Override	public	true	/home/nima/Developer/nullness-benchmarks/glide/library/src/main/java/com/bumptech/glide/load/data/ParcelFileDescriptorRewinder.java
1890	com.bumptech.glide.load.data.ParcelFileDescriptorRewinder$Factory	getDataClass()	746	[]	androidx.annotation.NonNull,java.lang.Override	public	true	/home/nima/Developer/nullness-benchmarks/glide/library/src/main/java/com/bumptech/glide/load/data/ParcelFileDescriptorRewinder.java
1891	com.bumptech.glide.load.data.ParcelFileDescriptorRewinder$InternalRewinder	InternalRewinder(android.os.ParcelFileDescriptor)	0	[false]		package	false	/home/nima/Developer/nullness-benchmarks/glide/library/src/main/java/com/bumptech/glide/load/data/ParcelFileDescriptorRewinder.java
1892	com.bumptech.glide.load.data.ParcelFileDescriptorRewinder$InternalRewinder	rewind()	0	[]		package	true	/home/nima/Developer/nullness-benchmarks/glide/library/src/main/java/com/bumptech/glide/load/data/ParcelFileDescriptorRewinder.java
1893	com.bumptech.glide.load.data.FileDescriptorAssetPathFetcher	FileDescriptorAssetPathFetcher(android.content.res.AssetManager,java.lang.String)	0	[false, false]		public	false	/home/nima/Developer/nullness-benchmarks/glide/library/src/main/java/com/bumptech/glide/load/data/FileDescriptorAssetPathFetcher.java
1894	com.bumptech.glide.load.data.FileDescriptorAssetPathFetcher	loadResource(android.content.res.AssetManager,java.lang.String)	1895	[false, false]	java.lang.Override	protected	true	/home/nima/Developer/nullness-benchmarks/glide/library/src/main/java/com/bumptech/glide/load/data/FileDescriptorAssetPathFetcher.java
1896	com.bumptech.glide.load.data.FileDescriptorAssetPathFetcher	close(android.content.res.AssetFileDescriptor)	1897	[false]	java.lang.Override	protected	false	/home/nima/Developer/nullness-benchmarks/glide/library/src/main/java/com/bumptech/glide/load/data/FileDescriptorAssetPathFetcher.java
1898	com.bumptech.glide.load.data.FileDescriptorAssetPathFetcher	getDataClass()	813	[]	androidx.annotation.NonNull,java.lang.Override	public	true	/home/nima/Developer/nullness-benchmarks/glide/library/src/main/java/com/bumptech/glide/load/data/FileDescriptorAssetPathFetcher.java
1899	com.bumptech.glide.load.data.AssetPathFetcher	AssetPathFetcher(android.content.res.AssetManager,java.lang.String)	0	[false, false]	java.lang.SuppressWarnings	public	false	/home/nima/Developer/nullness-benchmarks/glide/library/src/main/java/com/bumptech/glide/load/data/AssetPathFetcher.java
1900	com.bumptech.glide.load.data.AssetPathFetcher	loadData(com.bumptech.glide.Priority,com.bumptech.glide.load.data.DataFetcher.DataCallback)	810	[false, false]	java.lang.Override	public	false	/home/nima/Developer/nullness-benchmarks/glide/library/src/main/java/com/bumptech/glide/load/data/AssetPathFetcher.java
1901	com.bumptech.glide.load.data.AssetPathFetcher	cleanup()	811	[]	java.lang.Override	public	false	/home/nima/Developer/nullness-benchmarks/glide/library/src/main/java/com/bumptech/glide/load/data/AssetPathFetcher.java
1902	com.bumptech.glide.load.data.AssetPathFetcher	cancel()	812	[]	java.lang.Override	public	false	/home/nima/Developer/nullness-benchmarks/glide/library/src/main/java/com/bumptech/glide/load/data/AssetPathFetcher.java
1903	com.bumptech.glide.load.data.AssetPathFetcher	getDataSource()	814	[]	androidx.annotation.NonNull,java.lang.Override	public	true	/home/nima/Developer/nullness-benchmarks/glide/library/src/main/java/com/bumptech/glide/load/data/AssetPathFetcher.java
1895	com.bumptech.glide.load.data.AssetPathFetcher	loadResource(android.content.res.AssetManager,java.lang.String)	0	[false, false]		protected	true	/home/nima/Developer/nullness-benchmarks/glide/library/src/main/java/com/bumptech/glide/load/data/AssetPathFetcher.java
1897	com.bumptech.glide.load.data.AssetPathFetcher	close(T)	0	[false]		protected	false	/home/nima/Developer/nullness-benchmarks/glide/library/src/main/java/com/bumptech/glide/load/data/AssetPathFetcher.java
1904	com.bumptech.glide.load.data.AssetFileDescriptorLocalUriFetcher	AssetFileDescriptorLocalUriFetcher(android.content.ContentResolver,android.net.Uri)	0	[false, false]		public	false	/home/nima/Developer/nullness-benchmarks/glide/library/src/main/java/com/bumptech/glide/load/data/AssetFileDescriptorLocalUriFetcher.java
1905	com.bumptech.glide.load.data.AssetFileDescriptorLocalUriFetcher	loadResource(android.net.Uri,android.content.ContentResolver)	1906	[false, false]	java.lang.Override	protected	true	/home/nima/Developer/nullness-benchmarks/glide/library/src/main/java/com/bumptech/glide/load/data/AssetFileDescriptorLocalUriFetcher.java
1907	com.bumptech.glide.load.data.AssetFileDescriptorLocalUriFetcher	close(android.content.res.AssetFileDescriptor)	1908	[false]	java.lang.Override	protected	false	/home/nima/Developer/nullness-benchmarks/glide/library/src/main/java/com/bumptech/glide/load/data/AssetFileDescriptorLocalUriFetcher.java
1909	com.bumptech.glide.load.data.AssetFileDescriptorLocalUriFetcher	getDataClass()	813	[]	androidx.annotation.NonNull,java.lang.Override	public	true	/home/nima/Developer/nullness-benchmarks/glide/library/src/main/java/com/bumptech/glide/load/data/AssetFileDescriptorLocalUriFetcher.java
1910	com.bumptech.glide.load.data.LocalUriFetcher	LocalUriFetcher(android.content.ContentResolver,android.net.Uri)	0	[false, false]	java.lang.SuppressWarnings	public	false	/home/nima/Developer/nullness-benchmarks/glide/library/src/main/java/com/bumptech/glide/load/data/LocalUriFetcher.java
1911	com.bumptech.glide.load.data.LocalUriFetcher	loadData(com.bumptech.glide.Priority,com.bumptech.glide.load.data.DataFetcher.DataCallback)	810	[false, false]	java.lang.Override	public	false	/home/nima/Developer/nullness-benchmarks/glide/library/src/main/java/com/bumptech/glide/load/data/LocalUriFetcher.java
1912	com.bumptech.glide.load.data.LocalUriFetcher	cleanup()	811	[]	java.lang.Override	public	false	/home/nima/Developer/nullness-benchmarks/glide/library/src/main/java/com/bumptech/glide/load/data/LocalUriFetcher.java
1913	com.bumptech.glide.load.data.LocalUriFetcher	cancel()	812	[]	java.lang.Override	public	false	/home/nima/Developer/nullness-benchmarks/glide/library/src/main/java/com/bumptech/glide/load/data/LocalUriFetcher.java
1914	com.bumptech.glide.load.data.LocalUriFetcher	getDataSource()	814	[]	androidx.annotation.NonNull,java.lang.Override	public	true	/home/nima/Developer/nullness-benchmarks/glide/library/src/main/java/com/bumptech/glide/load/data/LocalUriFetcher.java
1906	com.bumptech.glide.load.data.LocalUriFetcher	loadResource(android.net.Uri,android.content.ContentResolver)	0	[false, false]		protected	true	/home/nima/Developer/nullness-benchmarks/glide/library/src/main/java/com/bumptech/glide/load/data/LocalUriFetcher.java
1908	com.bumptech.glide.load.data.LocalUriFetcher	close(T)	0	[false]		protected	false	/home/nima/Developer/nullness-benchmarks/glide/library/src/main/java/com/bumptech/glide/load/data/LocalUriFetcher.java
1915	com.bumptech.glide.load.data.StreamAssetPathFetcher	StreamAssetPathFetcher(android.content.res.AssetManager,java.lang.String)	0	[false, false]		public	false	/home/nima/Developer/nullness-benchmarks/glide/library/src/main/java/com/bumptech/glide/load/data/StreamAssetPathFetcher.java
1916	com.bumptech.glide.load.data.StreamAssetPathFetcher	loadResource(android.content.res.AssetManager,java.lang.String)	1895	[false, false]	java.lang.Override	protected	true	/home/nima/Developer/nullness-benchmarks/glide/library/src/main/java/com/bumptech/glide/load/data/StreamAssetPathFetcher.java
1917	com.bumptech.glide.load.data.StreamAssetPathFetcher	close(java.io.InputStream)	1897	[false]	java.lang.Override	protected	false	/home/nima/Developer/nullness-benchmarks/glide/library/src/main/java/com/bumptech/glide/load/data/StreamAssetPathFetcher.java
1918	com.bumptech.glide.load.data.StreamAssetPathFetcher	getDataClass()	813	[]	androidx.annotation.NonNull,java.lang.Override	public	true	/home/nima/Developer/nullness-benchmarks/glide/library/src/main/java/com/bumptech/glide/load/data/StreamAssetPathFetcher.java
1919	com.bumptech.glide.load.data.FileDescriptorLocalUriFetcher	FileDescriptorLocalUriFetcher(android.content.ContentResolver,android.net.Uri)	0	[false, false]		public	false	/home/nima/Developer/nullness-benchmarks/glide/library/src/main/java/com/bumptech/glide/load/data/FileDescriptorLocalUriFetcher.java
1920	com.bumptech.glide.load.data.FileDescriptorLocalUriFetcher	loadResource(android.net.Uri,android.content.ContentResolver)	1906	[false, false]	java.lang.Override	protected	true	/home/nima/Developer/nullness-benchmarks/glide/library/src/main/java/com/bumptech/glide/load/data/FileDescriptorLocalUriFetcher.java
1921	com.bumptech.glide.load.data.FileDescriptorLocalUriFetcher	close(android.os.ParcelFileDescriptor)	1908	[false]	java.lang.Override	protected	false	/home/nima/Developer/nullness-benchmarks/glide/library/src/main/java/com/bumptech/glide/load/data/FileDescriptorLocalUriFetcher.java
1922	com.bumptech.glide.load.data.FileDescriptorLocalUriFetcher	getDataClass()	813	[]	androidx.annotation.NonNull,java.lang.Override	public	true	/home/nima/Developer/nullness-benchmarks/glide/library/src/main/java/com/bumptech/glide/load/data/FileDescriptorLocalUriFetcher.java
1923	com.bumptech.glide.load.data.BufferedOutputStream	BufferedOutputStream(java.io.OutputStream,com.bumptech.glide.load.engine.bitmap_recycle.ArrayPool)	0	[false, false]		public	false	/home/nima/Developer/nullness-benchmarks/glide/library/src/main/java/com/bumptech/glide/load/data/BufferedOutputStream.java
1924	com.bumptech.glide.load.data.BufferedOutputStream	BufferedOutputStream(java.io.OutputStream,com.bumptech.glide.load.engine.bitmap_recycle.ArrayPool,int)	0	[false, false, false]	androidx.annotation.VisibleForTesting	package	false	/home/nima/Developer/nullness-benchmarks/glide/library/src/main/java/com/bumptech/glide/load/data/BufferedOutputStream.java
1925	com.bumptech.glide.load.data.BufferedOutputStream	write(int)	1926	[false]	java.lang.Override	public	false	/home/nima/Developer/nullness-benchmarks/glide/library/src/main/java/com/bumptech/glide/load/data/BufferedOutputStream.java
1927	com.bumptech.glide.load.data.BufferedOutputStream	write(byte[])	1928	[false]	java.lang.Override	public	false	/home/nima/Developer/nullness-benchmarks/glide/library/src/main/java/com/bumptech/glide/load/data/BufferedOutputStream.java
1929	com.bumptech.glide.load.data.BufferedOutputStream	write(byte[],int,int)	1930	[false, false, false]	java.lang.Override	public	false	/home/nima/Developer/nullness-benchmarks/glide/library/src/main/java/com/bumptech/glide/load/data/BufferedOutputStream.java
1931	com.bumptech.glide.load.data.BufferedOutputStream	flush()	1932	[]	java.lang.Override	public	false	/home/nima/Developer/nullness-benchmarks/glide/library/src/main/java/com/bumptech/glide/load/data/BufferedOutputStream.java
1933	com.bumptech.glide.load.data.BufferedOutputStream	flushBuffer()	0	[]		private	false	/home/nima/Developer/nullness-benchmarks/glide/library/src/main/java/com/bumptech/glide/load/data/BufferedOutputStream.java
1934	com.bumptech.glide.load.data.BufferedOutputStream	maybeFlushBuffer()	0	[]		private	false	/home/nima/Developer/nullness-benchmarks/glide/library/src/main/java/com/bumptech/glide/load/data/BufferedOutputStream.java
1935	com.bumptech.glide.load.data.BufferedOutputStream	close()	1936	[]	java.lang.Override	public	false	/home/nima/Developer/nullness-benchmarks/glide/library/src/main/java/com/bumptech/glide/load/data/BufferedOutputStream.java
1937	com.bumptech.glide.load.data.BufferedOutputStream	release()	0	[]		private	false	/home/nima/Developer/nullness-benchmarks/glide/library/src/main/java/com/bumptech/glide/load/data/BufferedOutputStream.java
1938	com.bumptech.glide.load.data.HttpUrlFetcher	HttpUrlFetcher(com.bumptech.glide.load.model.GlideUrl,int)	0	[false, false]		public	false	/home/nima/Developer/nullness-benchmarks/glide/library/src/main/java/com/bumptech/glide/load/data/HttpUrlFetcher.java
1939	com.bumptech.glide.load.data.HttpUrlFetcher	HttpUrlFetcher(com.bumptech.glide.load.model.GlideUrl,int,com.bumptech.glide.load.data.HttpUrlFetcher.HttpUrlConnectionFactory)	0	[false, false, false]	androidx.annotation.VisibleForTesting	package	false	/home/nima/Developer/nullness-benchmarks/glide/library/src/main/java/com/bumptech/glide/load/data/HttpUrlFetcher.java
1940	com.bumptech.glide.load.data.HttpUrlFetcher	loadData(com.bumptech.glide.Priority,com.bumptech.glide.load.data.DataFetcher.DataCallback)	810	[false, false]	java.lang.Override	public	false	/home/nima/Developer/nullness-benchmarks/glide/library/src/main/java/com/bumptech/glide/load/data/HttpUrlFetcher.java
1941	com.bumptech.glide.load.data.HttpUrlFetcher	loadDataWithRedirects(java.net.URL,int,java.net.URL,java.util.Map)	0	[false, false, false, false]		private	true	/home/nima/Developer/nullness-benchmarks/glide/library/src/main/java/com/bumptech/glide/load/data/HttpUrlFetcher.java
1942	com.bumptech.glide.load.data.HttpUrlFetcher	getHttpStatusCodeOrInvalid(java.net.HttpURLConnection)	0	[false]		private	false	/home/nima/Developer/nullness-benchmarks/glide/library/src/main/java/com/bumptech/glide/load/data/HttpUrlFetcher.java
1943	com.bumptech.glide.load.data.HttpUrlFetcher	buildAndConfigureConnection(java.net.URL,java.util.Map)	0	[false, false]		private	true	/home/nima/Developer/nullness-benchmarks/glide/library/src/main/java/com/bumptech/glide/load/data/HttpUrlFetcher.java
1944	com.bumptech.glide.load.data.HttpUrlFetcher	isHttpOk(int)	0	[false]		private	false	/home/nima/Developer/nullness-benchmarks/glide/library/src/main/java/com/bumptech/glide/load/data/HttpUrlFetcher.java
1945	com.bumptech.glide.load.data.HttpUrlFetcher	isHttpRedirect(int)	0	[false]		private	false	/home/nima/Developer/nullness-benchmarks/glide/library/src/main/java/com/bumptech/glide/load/data/HttpUrlFetcher.java
1946	com.bumptech.glide.load.data.HttpUrlFetcher	getStreamForSuccessfulRequest(java.net.HttpURLConnection)	0	[false]		private	true	/home/nima/Developer/nullness-benchmarks/glide/library/src/main/java/com/bumptech/glide/load/data/HttpUrlFetcher.java
1947	com.bumptech.glide.load.data.HttpUrlFetcher	cleanup()	811	[]	java.lang.Override	public	false	/home/nima/Developer/nullness-benchmarks/glide/library/src/main/java/com/bumptech/glide/load/data/HttpUrlFetcher.java
1948	com.bumptech.glide.load.data.HttpUrlFetcher	cancel()	812	[]	java.lang.Override	public	false	/home/nima/Developer/nullness-benchmarks/glide/library/src/main/java/com/bumptech/glide/load/data/HttpUrlFetcher.java
1949	com.bumptech.glide.load.data.HttpUrlFetcher	getDataClass()	813	[]	androidx.annotation.NonNull,java.lang.Override	public	true	/home/nima/Developer/nullness-benchmarks/glide/library/src/main/java/com/bumptech/glide/load/data/HttpUrlFetcher.java
1950	com.bumptech.glide.load.data.HttpUrlFetcher	getDataSource()	814	[]	androidx.annotation.NonNull,java.lang.Override	public	true	/home/nima/Developer/nullness-benchmarks/glide/library/src/main/java/com/bumptech/glide/load/data/HttpUrlFetcher.java
1951	com.bumptech.glide.load.data.HttpUrlFetcher$HttpUrlConnectionFactory	build(java.net.URL)	0	[false]		public	true	/home/nima/Developer/nullness-benchmarks/glide/library/src/main/java/com/bumptech/glide/load/data/HttpUrlFetcher.java
1952	com.bumptech.glide.load.data.HttpUrlFetcher$DefaultHttpUrlConnectionFactory	DefaultHttpUrlConnectionFactory()	0	[]	com.bumptech.glide.util.Synthetic	package	false	/home/nima/Developer/nullness-benchmarks/glide/library/src/main/java/com/bumptech/glide/load/data/HttpUrlFetcher.java
1953	com.bumptech.glide.load.data.HttpUrlFetcher$DefaultHttpUrlConnectionFactory	build(java.net.URL)	1951	[false]	java.lang.Override	public	true	/home/nima/Developer/nullness-benchmarks/glide/library/src/main/java/com/bumptech/glide/load/data/HttpUrlFetcher.java
1954	com.bumptech.glide.load.model.GlideUrl	GlideUrl(java.net.URL)	0	[false]		public	false	/home/nima/Developer/nullness-benchmarks/glide/library/src/main/java/com/bumptech/glide/load/model/GlideUrl.java
1955	com.bumptech.glide.load.model.GlideUrl	GlideUrl(java.lang.String)	0	[false]		public	false	/home/nima/Developer/nullness-benchmarks/glide/library/src/main/java/com/bumptech/glide/load/model/GlideUrl.java
1956	com.bumptech.glide.load.model.GlideUrl	GlideUrl(java.net.URL,com.bumptech.glide.load.model.Headers)	0	[false, false]		public	false	/home/nima/Developer/nullness-benchmarks/glide/library/src/main/java/com/bumptech/glide/load/model/GlideUrl.java
1957	com.bumptech.glide.load.model.GlideUrl	GlideUrl(java.lang.String,com.bumptech.glide.load.model.Headers)	0	[false, false]		public	false	/home/nima/Developer/nullness-benchmarks/glide/library/src/main/java/com/bumptech/glide/load/model/GlideUrl.java
1958	com.bumptech.glide.load.model.GlideUrl	toURL()	0	[]		public	true	/home/nima/Developer/nullness-benchmarks/glide/library/src/main/java/com/bumptech/glide/load/model/GlideUrl.java
1959	com.bumptech.glide.load.model.GlideUrl	getSafeUrl()	0	[]		private	true	/home/nima/Developer/nullness-benchmarks/glide/library/src/main/java/com/bumptech/glide/load/model/GlideUrl.java
1960	com.bumptech.glide.load.model.GlideUrl	toStringUrl()	0	[]		public	true	/home/nima/Developer/nullness-benchmarks/glide/library/src/main/java/com/bumptech/glide/load/model/GlideUrl.java
1961	com.bumptech.glide.load.model.GlideUrl	getSafeStringUrl()	0	[]		private	true	/home/nima/Developer/nullness-benchmarks/glide/library/src/main/java/com/bumptech/glide/load/model/GlideUrl.java
1962	com.bumptech.glide.load.model.GlideUrl	getHeaders()	0	[]		public	true	/home/nima/Developer/nullness-benchmarks/glide/library/src/main/java/com/bumptech/glide/load/model/GlideUrl.java
1963	com.bumptech.glide.load.model.GlideUrl	getCacheKey()	0	[]	java.lang.SuppressWarnings	public	true	/home/nima/Developer/nullness-benchmarks/glide/library/src/main/java/com/bumptech/glide/load/model/GlideUrl.java
1964	com.bumptech.glide.load.model.GlideUrl	toString()	126	[]	java.lang.Override	public	true	/home/nima/Developer/nullness-benchmarks/glide/library/src/main/java/com/bumptech/glide/load/model/GlideUrl.java
1965	com.bumptech.glide.load.model.GlideUrl	updateDiskCacheKey(java.security.MessageDigest)	493	[false]	java.lang.Override	public	false	/home/nima/Developer/nullness-benchmarks/glide/library/src/main/java/com/bumptech/glide/load/model/GlideUrl.java
1966	com.bumptech.glide.load.model.GlideUrl	getCacheKeyBytes()	0	[]		private	true	/home/nima/Developer/nullness-benchmarks/glide/library/src/main/java/com/bumptech/glide/load/model/GlideUrl.java
1967	com.bumptech.glide.load.model.GlideUrl	equals(java.lang.Object)	494	[false]	java.lang.Override	public	false	/home/nima/Developer/nullness-benchmarks/glide/library/src/main/java/com/bumptech/glide/load/model/GlideUrl.java
1968	com.bumptech.glide.load.model.GlideUrl	hashCode()	495	[]	java.lang.Override	public	false	/home/nima/Developer/nullness-benchmarks/glide/library/src/main/java/com/bumptech/glide/load/model/GlideUrl.java
1969	com.bumptech.glide.load.HttpException	HttpException(int)	0	[false]		public	false	/home/nima/Developer/nullness-benchmarks/glide/library/src/main/java/com/bumptech/glide/load/HttpException.java
1970	com.bumptech.glide.load.HttpException	HttpException(java.lang.String)	0	[false]	java.lang.Deprecated	public	false	/home/nima/Developer/nullness-benchmarks/glide/library/src/main/java/com/bumptech/glide/load/HttpException.java
1971	com.bumptech.glide.load.HttpException	HttpException(java.lang.String,int)	0	[false, false]		public	false	/home/nima/Developer/nullness-benchmarks/glide/library/src/main/java/com/bumptech/glide/load/HttpException.java
1972	com.bumptech.glide.load.HttpException	HttpException(java.lang.String,int,java.lang.Throwable)	0	[false, false, true]		public	false	/home/nima/Developer/nullness-benchmarks/glide/library/src/main/java/com/bumptech/glide/load/HttpException.java
1973	com.bumptech.glide.load.HttpException	getStatusCode()	0	[]		public	false	/home/nima/Developer/nullness-benchmarks/glide/library/src/main/java/com/bumptech/glide/load/HttpException.java
1974	com.bumptech.glide.load.model.Headers$1	getHeaders()	1975	[]	java.lang.Override	public	true	/home/nima/Developer/nullness-benchmarks/glide/library/src/main/java/com/bumptech/glide/load/model/Headers.java
1975	com.bumptech.glide.load.model.Headers	getHeaders()	0	[]		public	true	/home/nima/Developer/nullness-benchmarks/glide/library/src/main/java/com/bumptech/glide/load/model/Headers.java
1976	com.bumptech.glide.load.data.InputStreamRewinder	InputStreamRewinder(java.io.InputStream,com.bumptech.glide.load.engine.bitmap_recycle.ArrayPool)	0	[false, false]	com.bumptech.glide.util.Synthetic	public	false	/home/nima/Developer/nullness-benchmarks/glide/library/src/main/java/com/bumptech/glide/load/data/InputStreamRewinder.java
1977	com.bumptech.glide.load.data.InputStreamRewinder	rewindAndGet()	751	[]	androidx.annotation.NonNull,java.lang.Override	public	true	/home/nima/Developer/nullness-benchmarks/glide/library/src/main/java/com/bumptech/glide/load/data/InputStreamRewinder.java
1978	com.bumptech.glide.load.data.InputStreamRewinder	cleanup()	753	[]	java.lang.Override	public	false	/home/nima/Developer/nullness-benchmarks/glide/library/src/main/java/com/bumptech/glide/load/data/InputStreamRewinder.java
1979	com.bumptech.glide.load.data.InputStreamRewinder	fixMarkLimits()	0	[]		public	false	/home/nima/Developer/nullness-benchmarks/glide/library/src/main/java/com/bumptech/glide/load/data/InputStreamRewinder.java
1980	com.bumptech.glide.load.data.InputStreamRewinder$Factory	Factory(com.bumptech.glide.load.engine.bitmap_recycle.ArrayPool)	0	[false]		public	false	/home/nima/Developer/nullness-benchmarks/glide/library/src/main/java/com/bumptech/glide/load/data/InputStreamRewinder.java
1981	com.bumptech.glide.load.data.InputStreamRewinder$Factory	build(java.io.InputStream)	744	[false]	androidx.annotation.NonNull,java.lang.Override	public	true	/home/nima/Developer/nullness-benchmarks/glide/library/src/main/java/com/bumptech/glide/load/data/InputStreamRewinder.java
1982	com.bumptech.glide.load.data.InputStreamRewinder$Factory	getDataClass()	746	[]	androidx.annotation.NonNull,java.lang.Override	public	true	/home/nima/Developer/nullness-benchmarks/glide/library/src/main/java/com/bumptech/glide/load/data/InputStreamRewinder.java
1983	com.bumptech.glide.load.resource.bitmap.RecyclableBufferedInputStream	RecyclableBufferedInputStream(java.io.InputStream,com.bumptech.glide.load.engine.bitmap_recycle.ArrayPool)	0	[false, false]		public	false	/home/nima/Developer/nullness-benchmarks/glide/library/src/main/java/com/bumptech/glide/load/resource/bitmap/RecyclableBufferedInputStream.java
1984	com.bumptech.glide.load.resource.bitmap.RecyclableBufferedInputStream	RecyclableBufferedInputStream(java.io.InputStream,com.bumptech.glide.load.engine.bitmap_recycle.ArrayPool,int)	0	[false, false, false]	androidx.annotation.VisibleForTesting	package	false	/home/nima/Developer/nullness-benchmarks/glide/library/src/main/java/com/bumptech/glide/load/resource/bitmap/RecyclableBufferedInputStream.java
1985	com.bumptech.glide.load.resource.bitmap.RecyclableBufferedInputStream	available()	1419	[]	java.lang.Override	public	false	/home/nima/Developer/nullness-benchmarks/glide/library/src/main/java/com/bumptech/glide/load/resource/bitmap/RecyclableBufferedInputStream.java
1986	com.bumptech.glide.load.resource.bitmap.RecyclableBufferedInputStream	streamClosed()	0	[]		private	true	/home/nima/Developer/nullness-benchmarks/glide/library/src/main/java/com/bumptech/glide/load/resource/bitmap/RecyclableBufferedInputStream.java
1987	com.bumptech.glide.load.resource.bitmap.RecyclableBufferedInputStream	fixMarkLimit()	0	[]	java.lang.SuppressWarnings	public	false	/home/nima/Developer/nullness-benchmarks/glide/library/src/main/java/com/bumptech/glide/load/resource/bitmap/RecyclableBufferedInputStream.java
1988	com.bumptech.glide.load.resource.bitmap.RecyclableBufferedInputStream	release()	0	[]		public	false	/home/nima/Developer/nullness-benchmarks/glide/library/src/main/java/com/bumptech/glide/load/resource/bitmap/RecyclableBufferedInputStream.java
1989	com.bumptech.glide.load.resource.bitmap.RecyclableBufferedInputStream	close()	1990	[]	java.lang.Override	public	false	/home/nima/Developer/nullness-benchmarks/glide/library/src/main/java/com/bumptech/glide/load/resource/bitmap/RecyclableBufferedInputStream.java
1991	com.bumptech.glide.load.resource.bitmap.RecyclableBufferedInputStream	fillbuf(java.io.InputStream,byte[])	0	[false, false]		private	false	/home/nima/Developer/nullness-benchmarks/glide/library/src/main/java/com/bumptech/glide/load/resource/bitmap/RecyclableBufferedInputStream.java
1992	com.bumptech.glide.load.resource.bitmap.RecyclableBufferedInputStream	mark(int)	1409	[false]	java.lang.Override	public	false	/home/nima/Developer/nullness-benchmarks/glide/library/src/main/java/com/bumptech/glide/load/resource/bitmap/RecyclableBufferedInputStream.java
1993	com.bumptech.glide.load.resource.bitmap.RecyclableBufferedInputStream	markSupported()	1994	[]	java.lang.Override	public	false	/home/nima/Developer/nullness-benchmarks/glide/library/src/main/java/com/bumptech/glide/load/resource/bitmap/RecyclableBufferedInputStream.java
1995	com.bumptech.glide.load.resource.bitmap.RecyclableBufferedInputStream	read()	1411	[]	java.lang.Override	public	false	/home/nima/Developer/nullness-benchmarks/glide/library/src/main/java/com/bumptech/glide/load/resource/bitmap/RecyclableBufferedInputStream.java
1996	com.bumptech.glide.load.resource.bitmap.RecyclableBufferedInputStream	read(byte[],int,int)	1413	[false, false, false]	java.lang.Override	public	false	/home/nima/Developer/nullness-benchmarks/glide/library/src/main/java/com/bumptech/glide/load/resource/bitmap/RecyclableBufferedInputStream.java
1997	com.bumptech.glide.load.resource.bitmap.RecyclableBufferedInputStream	reset()	1415	[]	java.lang.Override	public	false	/home/nima/Developer/nullness-benchmarks/glide/library/src/main/java/com/bumptech/glide/load/resource/bitmap/RecyclableBufferedInputStream.java
1998	com.bumptech.glide.load.resource.bitmap.RecyclableBufferedInputStream	skip(long)	1417	[false]	java.lang.Override	public	false	/home/nima/Developer/nullness-benchmarks/glide/library/src/main/java/com/bumptech/glide/load/resource/bitmap/RecyclableBufferedInputStream.java
1999	com.bumptech.glide.load.resource.bitmap.RecyclableBufferedInputStream$InvalidMarkException	InvalidMarkException(java.lang.String)	0	[false]		package	false	/home/nima/Developer/nullness-benchmarks/glide/library/src/main/java/com/bumptech/glide/load/resource/bitmap/RecyclableBufferedInputStream.java
2000	com.bumptech.glide.load.data.ExifOrientationStream	ExifOrientationStream(java.io.InputStream,int)	0	[false, false]		public	false	/home/nima/Developer/nullness-benchmarks/glide/library/src/main/java/com/bumptech/glide/load/data/ExifOrientationStream.java
2001	com.bumptech.glide.load.data.ExifOrientationStream	markSupported()	1994	[]	java.lang.Override	public	false	/home/nima/Developer/nullness-benchmarks/glide/library/src/main/java/com/bumptech/glide/load/data/ExifOrientationStream.java
2002	com.bumptech.glide.load.data.ExifOrientationStream	mark(int)	1409	[false]	java.lang.SuppressWarnings,java.lang.Override	public	false	/home/nima/Developer/nullness-benchmarks/glide/library/src/main/java/com/bumptech/glide/load/data/ExifOrientationStream.java
2003	com.bumptech.glide.load.data.ExifOrientationStream	read()	1411	[]	java.lang.Override	public	false	/home/nima/Developer/nullness-benchmarks/glide/library/src/main/java/com/bumptech/glide/load/data/ExifOrientationStream.java
2004	com.bumptech.glide.load.data.ExifOrientationStream	read(byte[],int,int)	1413	[false, false, false]	java.lang.Override	public	false	/home/nima/Developer/nullness-benchmarks/glide/library/src/main/java/com/bumptech/glide/load/data/ExifOrientationStream.java
2005	com.bumptech.glide.load.data.ExifOrientationStream	skip(long)	1417	[false]	java.lang.Override	public	false	/home/nima/Developer/nullness-benchmarks/glide/library/src/main/java/com/bumptech/glide/load/data/ExifOrientationStream.java
2006	com.bumptech.glide.load.data.ExifOrientationStream	reset()	1415	[]	java.lang.SuppressWarnings,java.lang.Override	public	false	/home/nima/Developer/nullness-benchmarks/glide/library/src/main/java/com/bumptech/glide/load/data/ExifOrientationStream.java
2007	com.bumptech.glide.load.data.mediastore.ThumbFetcher	buildImageFetcher(android.content.Context,android.net.Uri)	0	[false, false]		public	true	/home/nima/Developer/nullness-benchmarks/glide/library/src/main/java/com/bumptech/glide/load/data/mediastore/ThumbFetcher.java
2008	com.bumptech.glide.load.data.mediastore.ThumbFetcher	buildVideoFetcher(android.content.Context,android.net.Uri)	0	[false, false]		public	true	/home/nima/Developer/nullness-benchmarks/glide/library/src/main/java/com/bumptech/glide/load/data/mediastore/ThumbFetcher.java
2009	com.bumptech.glide.load.data.mediastore.ThumbFetcher	build(android.content.Context,android.net.Uri,com.bumptech.glide.load.data.mediastore.ThumbnailQuery)	0	[false, false, false]		private	true	/home/nima/Developer/nullness-benchmarks/glide/library/src/main/java/com/bumptech/glide/load/data/mediastore/ThumbFetcher.java
2010	com.bumptech.glide.load.data.mediastore.ThumbFetcher	ThumbFetcher(android.net.Uri,com.bumptech.glide.load.data.mediastore.ThumbnailStreamOpener)	0	[false, false]	androidx.annotation.VisibleForTesting	package	false	/home/nima/Developer/nullness-benchmarks/glide/library/src/main/java/com/bumptech/glide/load/data/mediastore/ThumbFetcher.java
2011	com.bumptech.glide.load.data.mediastore.ThumbFetcher	loadData(com.bumptech.glide.Priority,com.bumptech.glide.load.data.DataFetcher.DataCallback)	810	[false, false]	java.lang.Override	public	false	/home/nima/Developer/nullness-benchmarks/glide/library/src/main/java/com/bumptech/glide/load/data/mediastore/ThumbFetcher.java
2012	com.bumptech.glide.load.data.mediastore.ThumbFetcher	openThumbInputStream()	0	[]		private	true	/home/nima/Developer/nullness-benchmarks/glide/library/src/main/java/com/bumptech/glide/load/data/mediastore/ThumbFetcher.java
2013	com.bumptech.glide.load.data.mediastore.ThumbFetcher	cleanup()	811	[]	java.lang.Override	public	false	/home/nima/Developer/nullness-benchmarks/glide/library/src/main/java/com/bumptech/glide/load/data/mediastore/ThumbFetcher.java
2014	com.bumptech.glide.load.data.mediastore.ThumbFetcher	cancel()	812	[]	java.lang.Override	public	false	/home/nima/Developer/nullness-benchmarks/glide/library/src/main/java/com/bumptech/glide/load/data/mediastore/ThumbFetcher.java
2015	com.bumptech.glide.load.data.mediastore.ThumbFetcher	getDataClass()	813	[]	androidx.annotation.NonNull,java.lang.Override	public	true	/home/nima/Developer/nullness-benchmarks/glide/library/src/main/java/com/bumptech/glide/load/data/mediastore/ThumbFetcher.java
2016	com.bumptech.glide.load.data.mediastore.ThumbFetcher	getDataSource()	814	[]	androidx.annotation.NonNull,java.lang.Override	public	true	/home/nima/Developer/nullness-benchmarks/glide/library/src/main/java/com/bumptech/glide/load/data/mediastore/ThumbFetcher.java
2017	com.bumptech.glide.load.data.mediastore.ThumbFetcher$VideoThumbnailQuery	VideoThumbnailQuery(android.content.ContentResolver)	0	[false]		package	false	/home/nima/Developer/nullness-benchmarks/glide/library/src/main/java/com/bumptech/glide/load/data/mediastore/ThumbFetcher.java
2018	com.bumptech.glide.load.data.mediastore.ThumbFetcher$VideoThumbnailQuery	query(android.net.Uri)	2019	[false]	java.lang.Override	public	true	/home/nima/Developer/nullness-benchmarks/glide/library/src/main/java/com/bumptech/glide/load/data/mediastore/ThumbFetcher.java
2020	com.bumptech.glide.load.data.mediastore.ThumbFetcher$ImageThumbnailQuery	ImageThumbnailQuery(android.content.ContentResolver)	0	[false]		package	false	/home/nima/Developer/nullness-benchmarks/glide/library/src/main/java/com/bumptech/glide/load/data/mediastore/ThumbFetcher.java
2021	com.bumptech.glide.load.data.mediastore.ThumbFetcher$ImageThumbnailQuery	query(android.net.Uri)	2019	[false]	java.lang.Override	public	true	/home/nima/Developer/nullness-benchmarks/glide/library/src/main/java/com/bumptech/glide/load/data/mediastore/ThumbFetcher.java
2022	com.bumptech.glide.load.data.mediastore.ThumbnailStreamOpener	ThumbnailStreamOpener(java.util.List,com.bumptech.glide.load.data.mediastore.ThumbnailQuery,com.bumptech.glide.load.engine.bitmap_recycle.ArrayPool,android.content.ContentResolver)	0	[false, false, false, false]		package	false	/home/nima/Developer/nullness-benchmarks/glide/library/src/main/java/com/bumptech/glide/load/data/mediastore/ThumbnailStreamOpener.java
2023	com.bumptech.glide.load.data.mediastore.ThumbnailStreamOpener	ThumbnailStreamOpener(java.util.List,com.bumptech.glide.load.data.mediastore.FileService,com.bumptech.glide.load.data.mediastore.ThumbnailQuery,com.bumptech.glide.load.engine.bitmap_recycle.ArrayPool,android.content.ContentResolver)	0	[false, false, false, false, false]		package	false	/home/nima/Developer/nullness-benchmarks/glide/library/src/main/java/com/bumptech/glide/load/data/mediastore/ThumbnailStreamOpener.java
2024	com.bumptech.glide.load.data.mediastore.ThumbnailStreamOpener	getOrientation(android.net.Uri)	0	[false]		package	false	/home/nima/Developer/nullness-benchmarks/glide/library/src/main/java/com/bumptech/glide/load/data/mediastore/ThumbnailStreamOpener.java
2025	com.bumptech.glide.load.data.mediastore.ThumbnailStreamOpener	open(android.net.Uri)	0	[false]		public	true	/home/nima/Developer/nullness-benchmarks/glide/library/src/main/java/com/bumptech/glide/load/data/mediastore/ThumbnailStreamOpener.java
2026	com.bumptech.glide.load.data.mediastore.ThumbnailStreamOpener	getPath(android.net.Uri)	0	[false]	androidx.annotation.Nullable	private	true	/home/nima/Developer/nullness-benchmarks/glide/library/src/main/java/com/bumptech/glide/load/data/mediastore/ThumbnailStreamOpener.java
2027	com.bumptech.glide.load.data.mediastore.ThumbnailStreamOpener	isValid(java.io.File)	0	[false]		private	false	/home/nima/Developer/nullness-benchmarks/glide/library/src/main/java/com/bumptech/glide/load/data/mediastore/ThumbnailStreamOpener.java
2019	com.bumptech.glide.load.data.mediastore.ThumbnailQuery	query(android.net.Uri)	0	[false]		public	true	/home/nima/Developer/nullness-benchmarks/glide/library/src/main/java/com/bumptech/glide/load/data/mediastore/ThumbnailQuery.java
2028	com.bumptech.glide.load.data.mediastore.FileService	exists(java.io.File)	0	[false]		public	false	/home/nima/Developer/nullness-benchmarks/glide/library/src/main/java/com/bumptech/glide/load/data/mediastore/FileService.java
2029	com.bumptech.glide.load.data.mediastore.FileService	length(java.io.File)	0	[false]		public	false	/home/nima/Developer/nullness-benchmarks/glide/library/src/main/java/com/bumptech/glide/load/data/mediastore/FileService.java
2030	com.bumptech.glide.load.data.mediastore.FileService	get(java.lang.String)	0	[false]		public	true	/home/nima/Developer/nullness-benchmarks/glide/library/src/main/java/com/bumptech/glide/load/data/mediastore/FileService.java
2031	com.bumptech.glide.load.data.mediastore.MediaStoreUtil	MediaStoreUtil()	0	[]		private	false	/home/nima/Developer/nullness-benchmarks/glide/library/src/main/java/com/bumptech/glide/load/data/mediastore/MediaStoreUtil.java
2032	com.bumptech.glide.load.data.mediastore.MediaStoreUtil	isMediaStoreUri(android.net.Uri)	0	[false]		public	false	/home/nima/Developer/nullness-benchmarks/glide/library/src/main/java/com/bumptech/glide/load/data/mediastore/MediaStoreUtil.java
2033	com.bumptech.glide.load.data.mediastore.MediaStoreUtil	isAndroidPickerUri(android.net.Uri)	0	[false]		public	false	/home/nima/Developer/nullness-benchmarks/glide/library/src/main/java/com/bumptech/glide/load/data/mediastore/MediaStoreUtil.java
2034	com.bumptech.glide.load.data.mediastore.MediaStoreUtil	isVideoUri(android.net.Uri)	0	[false]		private	false	/home/nima/Developer/nullness-benchmarks/glide/library/src/main/java/com/bumptech/glide/load/data/mediastore/MediaStoreUtil.java
2035	com.bumptech.glide.load.data.mediastore.MediaStoreUtil	isMediaStoreVideoUri(android.net.Uri)	0	[false]		public	false	/home/nima/Developer/nullness-benchmarks/glide/library/src/main/java/com/bumptech/glide/load/data/mediastore/MediaStoreUtil.java
2036	com.bumptech.glide.load.data.mediastore.MediaStoreUtil	isMediaStoreImageUri(android.net.Uri)	0	[false]		public	false	/home/nima/Developer/nullness-benchmarks/glide/library/src/main/java/com/bumptech/glide/load/data/mediastore/MediaStoreUtil.java
2037	com.bumptech.glide.load.data.mediastore.MediaStoreUtil	isThumbnailSize(int,int)	0	[false, false]		public	false	/home/nima/Developer/nullness-benchmarks/glide/library/src/main/java/com/bumptech/glide/load/data/mediastore/MediaStoreUtil.java
2038	com.bumptech.glide.load.data.StreamLocalUriFetcher	StreamLocalUriFetcher(android.content.ContentResolver,android.net.Uri)	0	[false, false]		public	false	/home/nima/Developer/nullness-benchmarks/glide/library/src/main/java/com/bumptech/glide/load/data/StreamLocalUriFetcher.java
2039	com.bumptech.glide.load.data.StreamLocalUriFetcher	loadResource(android.net.Uri,android.content.ContentResolver)	1906	[false, false]	java.lang.Override	protected	true	/home/nima/Developer/nullness-benchmarks/glide/library/src/main/java/com/bumptech/glide/load/data/StreamLocalUriFetcher.java
2040	com.bumptech.glide.load.data.StreamLocalUriFetcher	loadResourceFromUri(android.net.Uri,android.content.ContentResolver)	0	[false, false]		private	true	/home/nima/Developer/nullness-benchmarks/glide/library/src/main/java/com/bumptech/glide/load/data/StreamLocalUriFetcher.java
2041	com.bumptech.glide.load.data.StreamLocalUriFetcher	openContactPhotoInputStream(android.content.ContentResolver,android.net.Uri)	0	[false, false]		private	true	/home/nima/Developer/nullness-benchmarks/glide/library/src/main/java/com/bumptech/glide/load/data/StreamLocalUriFetcher.java
2042	com.bumptech.glide.load.data.StreamLocalUriFetcher	close(java.io.InputStream)	1908	[false]	java.lang.Override	protected	false	/home/nima/Developer/nullness-benchmarks/glide/library/src/main/java/com/bumptech/glide/load/data/StreamLocalUriFetcher.java
2043	com.bumptech.glide.load.data.StreamLocalUriFetcher	getDataClass()	813	[]	androidx.annotation.NonNull,java.lang.Override	public	true	/home/nima/Developer/nullness-benchmarks/glide/library/src/main/java/com/bumptech/glide/load/data/StreamLocalUriFetcher.java
2044	com.bumptech.glide.load.MultiTransformation	MultiTransformation(com.bumptech.glide.load.Transformation[])	0	[false]	java.lang.SafeVarargs,java.lang.SuppressWarnings	public	false	/home/nima/Developer/nullness-benchmarks/glide/library/src/main/java/com/bumptech/glide/load/MultiTransformation.java
2045	com.bumptech.glide.load.MultiTransformation	MultiTransformation(java.util.Collection)	0	[false]		public	false	/home/nima/Developer/nullness-benchmarks/glide/library/src/main/java/com/bumptech/glide/load/MultiTransformation.java
2046	com.bumptech.glide.load.MultiTransformation	transform(android.content.Context,com.bumptech.glide.load.engine.Resource,int,int)	492	[false, false, false, false]	androidx.annotation.NonNull,java.lang.Override	public	true	/home/nima/Developer/nullness-benchmarks/glide/library/src/main/java/com/bumptech/glide/load/MultiTransformation.java
2047	com.bumptech.glide.load.MultiTransformation	equals(java.lang.Object)	494	[false]	java.lang.Override	public	false	/home/nima/Developer/nullness-benchmarks/glide/library/src/main/java/com/bumptech/glide/load/MultiTransformation.java
2048	com.bumptech.glide.load.MultiTransformation	hashCode()	495	[]	java.lang.Override	public	false	/home/nima/Developer/nullness-benchmarks/glide/library/src/main/java/com/bumptech/glide/load/MultiTransformation.java
2049	com.bumptech.glide.load.MultiTransformation	updateDiskCacheKey(java.security.MessageDigest)	493	[false]	java.lang.Override	public	false	/home/nima/Developer/nullness-benchmarks/glide/library/src/main/java/com/bumptech/glide/load/MultiTransformation.java
2050	com.bumptech.glide.load.resource.DefaultOnHeaderDecodedListener	DefaultOnHeaderDecodedListener(int,int,com.bumptech.glide.load.Options)	0	[false, false, false]		public	false	/home/nima/Developer/nullness-benchmarks/glide/library/src/main/java/com/bumptech/glide/load/resource/DefaultOnHeaderDecodedListener.java
2051	com.bumptech.glide.load.resource.DefaultOnHeaderDecodedListener	onHeaderDecoded(android.graphics.ImageDecoder,android.graphics.ImageDecoder.ImageInfo,android.graphics.ImageDecoder.Source)	2052	[false, false, false]	java.lang.Override	public	false	/home/nima/Developer/nullness-benchmarks/glide/library/src/main/java/com/bumptech/glide/load/resource/DefaultOnHeaderDecodedListener.java
2053	com.bumptech.glide.load.resource.DefaultOnHeaderDecodedListener$1	onPartialImage(android.graphics.ImageDecoder.DecodeException)	2054	[false]	java.lang.Override	public	false	/home/nima/Developer/nullness-benchmarks/glide/library/src/main/java/com/bumptech/glide/load/resource/DefaultOnHeaderDecodedListener.java
2055	com.bumptech.glide.load.resource.bitmap.HardwareConfigState	getInstance()	0	[]		public	true	/home/nima/Developer/nullness-benchmarks/glide/library/src/main/java/com/bumptech/glide/load/resource/bitmap/HardwareConfigState.java
2056	com.bumptech.glide.load.resource.bitmap.HardwareConfigState	HardwareConfigState()	0	[]	androidx.annotation.VisibleForTesting	package	false	/home/nima/Developer/nullness-benchmarks/glide/library/src/main/java/com/bumptech/glide/load/resource/bitmap/HardwareConfigState.java
2057	com.bumptech.glide.load.resource.bitmap.HardwareConfigState	blockHardwareBitmaps()	0	[]		public	false	/home/nima/Developer/nullness-benchmarks/glide/library/src/main/java/com/bumptech/glide/load/resource/bitmap/HardwareConfigState.java
2058	com.bumptech.glide.load.resource.bitmap.HardwareConfigState	unblockHardwareBitmaps()	0	[]		public	false	/home/nima/Developer/nullness-benchmarks/glide/library/src/main/java/com/bumptech/glide/load/resource/bitmap/HardwareConfigState.java
2059	com.bumptech.glide.load.resource.bitmap.HardwareConfigState	isHardwareConfigAllowed(int,int,boolean,boolean)	0	[false, false, false, false]		public	false	/home/nima/Developer/nullness-benchmarks/glide/library/src/main/java/com/bumptech/glide/load/resource/bitmap/HardwareConfigState.java
2060	com.bumptech.glide.load.resource.bitmap.HardwareConfigState	areHardwareBitmapsBlockedByAppState()	0	[]		private	false	/home/nima/Developer/nullness-benchmarks/glide/library/src/main/java/com/bumptech/glide/load/resource/bitmap/HardwareConfigState.java
2061	com.bumptech.glide.load.resource.bitmap.HardwareConfigState	setHardwareConfigIfAllowed(int,int,android.graphics.BitmapFactory.Options,boolean,boolean)	0	[false, false, false, false, false]	android.annotation.TargetApi	package	false	/home/nima/Developer/nullness-benchmarks/glide/library/src/main/java/com/bumptech/glide/load/resource/bitmap/HardwareConfigState.java
2062	com.bumptech.glide.load.resource.bitmap.HardwareConfigState	isHardwareBitmapCountReducedOnApi28ByB139097735()	0	[]		private	false	/home/nima/Developer/nullness-benchmarks/glide/library/src/main/java/com/bumptech/glide/load/resource/bitmap/HardwareConfigState.java
2063	com.bumptech.glide.load.resource.bitmap.HardwareConfigState	getMaxFdCount()	0	[]		private	false	/home/nima/Developer/nullness-benchmarks/glide/library/src/main/java/com/bumptech/glide/load/resource/bitmap/HardwareConfigState.java
2064	com.bumptech.glide.load.resource.bitmap.HardwareConfigState	isFdSizeBelowHardwareLimit()	0	[]		private	false	/home/nima/Developer/nullness-benchmarks/glide/library/src/main/java/com/bumptech/glide/load/resource/bitmap/HardwareConfigState.java
2065	com.bumptech.glide.load.resource.bitmap.Downsampler$1	onObtainBounds()	2066	[]	java.lang.Override	public	false	/home/nima/Developer/nullness-benchmarks/glide/library/src/main/java/com/bumptech/glide/load/resource/bitmap/Downsampler.java
2067	com.bumptech.glide.load.resource.bitmap.Downsampler$1	onDecodeComplete(com.bumptech.glide.load.engine.bitmap_recycle.BitmapPool,android.graphics.Bitmap)	2068	[false, false]	java.lang.Override	public	false	/home/nima/Developer/nullness-benchmarks/glide/library/src/main/java/com/bumptech/glide/load/resource/bitmap/Downsampler.java
2069	com.bumptech.glide.load.resource.bitmap.Downsampler	Downsampler(java.util.List,android.util.DisplayMetrics,com.bumptech.glide.load.engine.bitmap_recycle.BitmapPool,com.bumptech.glide.load.engine.bitmap_recycle.ArrayPool)	0	[false, false, false, false]		public	false	/home/nima/Developer/nullness-benchmarks/glide/library/src/main/java/com/bumptech/glide/load/resource/bitmap/Downsampler.java
2070	com.bumptech.glide.load.resource.bitmap.Downsampler	handles(java.io.InputStream)	0	[false]		public	false	/home/nima/Developer/nullness-benchmarks/glide/library/src/main/java/com/bumptech/glide/load/resource/bitmap/Downsampler.java
2071	com.bumptech.glide.load.resource.bitmap.Downsampler	handles(java.nio.ByteBuffer)	0	[false]		public	false	/home/nima/Developer/nullness-benchmarks/glide/library/src/main/java/com/bumptech/glide/load/resource/bitmap/Downsampler.java
2072	com.bumptech.glide.load.resource.bitmap.Downsampler	handles(android.os.ParcelFileDescriptor)	0	[false]		public	false	/home/nima/Developer/nullness-benchmarks/glide/library/src/main/java/com/bumptech/glide/load/resource/bitmap/Downsampler.java
2073	com.bumptech.glide.load.resource.bitmap.Downsampler	decode(java.io.InputStream,int,int,com.bumptech.glide.load.Options)	0	[false, false, false, false]		public	true	/home/nima/Developer/nullness-benchmarks/glide/library/src/main/java/com/bumptech/glide/load/resource/bitmap/Downsampler.java
2074	com.bumptech.glide.load.resource.bitmap.Downsampler	decode(java.nio.ByteBuffer,int,int,com.bumptech.glide.load.Options)	0	[false, false, false, false]		public	true	/home/nima/Developer/nullness-benchmarks/glide/library/src/main/java/com/bumptech/glide/load/resource/bitmap/Downsampler.java
2075	com.bumptech.glide.load.resource.bitmap.Downsampler	decode(java.io.InputStream,int,int,com.bumptech.glide.load.Options,com.bumptech.glide.load.resource.bitmap.Downsampler.DecodeCallbacks)	0	[false, false, false, false, false]		public	true	/home/nima/Developer/nullness-benchmarks/glide/library/src/main/java/com/bumptech/glide/load/resource/bitmap/Downsampler.java
2076	com.bumptech.glide.load.resource.bitmap.Downsampler	decode(byte[],int,int,com.bumptech.glide.load.Options)	0	[false, false, false, false]	androidx.annotation.VisibleForTesting	package	false	/home/nima/Developer/nullness-benchmarks/glide/library/src/main/java/com/bumptech/glide/load/resource/bitmap/Downsampler.java
2077	com.bumptech.glide.load.resource.bitmap.Downsampler	decode(java.io.File,int,int,com.bumptech.glide.load.Options)	0	[false, false, false, false]	androidx.annotation.VisibleForTesting	package	false	/home/nima/Developer/nullness-benchmarks/glide/library/src/main/java/com/bumptech/glide/load/resource/bitmap/Downsampler.java
2078	com.bumptech.glide.load.resource.bitmap.Downsampler	decode(android.os.ParcelFileDescriptor,int,int,com.bumptech.glide.load.Options)	0	[false, false, false, false]	androidx.annotation.RequiresApi	public	true	/home/nima/Developer/nullness-benchmarks/glide/library/src/main/java/com/bumptech/glide/load/resource/bitmap/Downsampler.java
2079	com.bumptech.glide.load.resource.bitmap.Downsampler	decode(com.bumptech.glide.load.resource.bitmap.ImageReader,int,int,com.bumptech.glide.load.Options,com.bumptech.glide.load.resource.bitmap.Downsampler.DecodeCallbacks)	0	[false, false, false, false, false]		private	true	/home/nima/Developer/nullness-benchmarks/glide/library/src/main/java/com/bumptech/glide/load/resource/bitmap/Downsampler.java
2080	com.bumptech.glide.load.resource.bitmap.Downsampler	decodeFromWrappedStreams(com.bumptech.glide.load.resource.bitmap.ImageReader,android.graphics.BitmapFactory.Options,com.bumptech.glide.load.resource.bitmap.DownsampleStrategy,com.bumptech.glide.load.DecodeFormat,com.bumptech.glide.load.PreferredColorSpace,boolean,int,int,boolean,com.bumptech.glide.load.resource.bitmap.Downsampler.DecodeCallbacks)	0	[false, false, false, false, false, false, false, false, false, false]		private	true	/home/nima/Developer/nullness-benchmarks/glide/library/src/main/java/com/bumptech/glide/load/resource/bitmap/Downsampler.java
2081	com.bumptech.glide.load.resource.bitmap.Downsampler	calculateScaling(com.bumptech.glide.load.ImageHeaderParser.ImageType,com.bumptech.glide.load.resource.bitmap.ImageReader,com.bumptech.glide.load.resource.bitmap.Downsampler.DecodeCallbacks,com.bumptech.glide.load.engine.bitmap_recycle.BitmapPool,com.bumptech.glide.load.resource.bitmap.DownsampleStrategy,int,int,int,int,int,android.graphics.BitmapFactory.Options)	0	[false, false, false, false, false, false, false, false, false, false, false]		private	false	/home/nima/Developer/nullness-benchmarks/glide/library/src/main/java/com/bumptech/glide/load/resource/bitmap/Downsampler.java
2082	com.bumptech.glide.load.resource.bitmap.Downsampler	adjustTargetDensityForError(double)	0	[false]		private	false	/home/nima/Developer/nullness-benchmarks/glide/library/src/main/java/com/bumptech/glide/load/resource/bitmap/Downsampler.java
2083	com.bumptech.glide.load.resource.bitmap.Downsampler	getDensityMultiplier(double)	0	[false]		private	false	/home/nima/Developer/nullness-benchmarks/glide/library/src/main/java/com/bumptech/glide/load/resource/bitmap/Downsampler.java
2084	com.bumptech.glide.load.resource.bitmap.Downsampler	round(double)	0	[false]		private	false	/home/nima/Developer/nullness-benchmarks/glide/library/src/main/java/com/bumptech/glide/load/resource/bitmap/Downsampler.java
2085	com.bumptech.glide.load.resource.bitmap.Downsampler	shouldUsePool(com.bumptech.glide.load.ImageHeaderParser.ImageType)	0	[false]		private	false	/home/nima/Developer/nullness-benchmarks/glide/library/src/main/java/com/bumptech/glide/load/resource/bitmap/Downsampler.java
2086	com.bumptech.glide.load.resource.bitmap.Downsampler	calculateConfig(com.bumptech.glide.load.resource.bitmap.ImageReader,com.bumptech.glide.load.DecodeFormat,boolean,boolean,android.graphics.BitmapFactory.Options,int,int)	0	[false, false, false, false, false, false, false]	java.lang.SuppressWarnings	private	false	/home/nima/Developer/nullness-benchmarks/glide/library/src/main/java/com/bumptech/glide/load/resource/bitmap/Downsampler.java
2087	com.bumptech.glide.load.resource.bitmap.Downsampler	getDimensions(com.bumptech.glide.load.resource.bitmap.ImageReader,android.graphics.BitmapFactory.Options,com.bumptech.glide.load.resource.bitmap.Downsampler.DecodeCallbacks,com.bumptech.glide.load.engine.bitmap_recycle.BitmapPool)	0	[false, false, false, false]		private	true	/home/nima/Developer/nullness-benchmarks/glide/library/src/main/java/com/bumptech/glide/load/resource/bitmap/Downsampler.java
2088	com.bumptech.glide.load.resource.bitmap.Downsampler	decodeStream(com.bumptech.glide.load.resource.bitmap.ImageReader,android.graphics.BitmapFactory.Options,com.bumptech.glide.load.resource.bitmap.Downsampler.DecodeCallbacks,com.bumptech.glide.load.engine.bitmap_recycle.BitmapPool)	0	[false, false, false, false]		private	true	/home/nima/Developer/nullness-benchmarks/glide/library/src/main/java/com/bumptech/glide/load/resource/bitmap/Downsampler.java
2089	com.bumptech.glide.load.resource.bitmap.Downsampler	isScaling(android.graphics.BitmapFactory.Options)	0	[false]		private	false	/home/nima/Developer/nullness-benchmarks/glide/library/src/main/java/com/bumptech/glide/load/resource/bitmap/Downsampler.java
2090	com.bumptech.glide.load.resource.bitmap.Downsampler	logDecode(int,int,java.lang.String,android.graphics.BitmapFactory.Options,android.graphics.Bitmap,int,int,long)	0	[false, false, false, false, false, false, false, false]		private	false	/home/nima/Developer/nullness-benchmarks/glide/library/src/main/java/com/bumptech/glide/load/resource/bitmap/Downsampler.java
2091	com.bumptech.glide.load.resource.bitmap.Downsampler	getInBitmapString(android.graphics.BitmapFactory.Options)	0	[false]		private	true	/home/nima/Developer/nullness-benchmarks/glide/library/src/main/java/com/bumptech/glide/load/resource/bitmap/Downsampler.java
2092	com.bumptech.glide.load.resource.bitmap.Downsampler	getBitmapString(android.graphics.Bitmap)	0	[false]	androidx.annotation.Nullable,android.annotation.TargetApi	private	true	/home/nima/Developer/nullness-benchmarks/glide/library/src/main/java/com/bumptech/glide/load/resource/bitmap/Downsampler.java
2093	com.bumptech.glide.load.resource.bitmap.Downsampler	newIoExceptionForInBitmapAssertion(java.lang.IllegalArgumentException,int,int,java.lang.String,android.graphics.BitmapFactory.Options)	0	[false, false, false, false, false]		private	true	/home/nima/Developer/nullness-benchmarks/glide/library/src/main/java/com/bumptech/glide/load/resource/bitmap/Downsampler.java
2094	com.bumptech.glide.load.resource.bitmap.Downsampler	setInBitmap(android.graphics.BitmapFactory.Options,com.bumptech.glide.load.engine.bitmap_recycle.BitmapPool,int,int)	0	[false, false, false, false]	java.lang.SuppressWarnings,android.annotation.TargetApi	private	false	/home/nima/Developer/nullness-benchmarks/glide/library/src/main/java/com/bumptech/glide/load/resource/bitmap/Downsampler.java
2095	com.bumptech.glide.load.resource.bitmap.Downsampler	getDefaultOptions()	0	[]		private	true	/home/nima/Developer/nullness-benchmarks/glide/library/src/main/java/com/bumptech/glide/load/resource/bitmap/Downsampler.java
2096	com.bumptech.glide.load.resource.bitmap.Downsampler	releaseOptions(android.graphics.BitmapFactory.Options)	0	[false]		private	false	/home/nima/Developer/nullness-benchmarks/glide/library/src/main/java/com/bumptech/glide/load/resource/bitmap/Downsampler.java
2097	com.bumptech.glide.load.resource.bitmap.Downsampler	resetOptions(android.graphics.BitmapFactory.Options)	0	[false]	java.lang.SuppressWarnings	private	false	/home/nima/Developer/nullness-benchmarks/glide/library/src/main/java/com/bumptech/glide/load/resource/bitmap/Downsampler.java
2066	com.bumptech.glide.load.resource.bitmap.Downsampler$DecodeCallbacks	onObtainBounds()	0	[]		public	false	/home/nima/Developer/nullness-benchmarks/glide/library/src/main/java/com/bumptech/glide/load/resource/bitmap/Downsampler.java
2068	com.bumptech.glide.load.resource.bitmap.Downsampler$DecodeCallbacks	onDecodeComplete(com.bumptech.glide.load.engine.bitmap_recycle.BitmapPool,android.graphics.Bitmap)	0	[false, false]		public	false	/home/nima/Developer/nullness-benchmarks/glide/library/src/main/java/com/bumptech/glide/load/resource/bitmap/Downsampler.java
2098	com.bumptech.glide.load.resource.bitmap.Downsampler	isRotationRequired(int)	0	[false]		private	false	/home/nima/Developer/nullness-benchmarks/glide/library/src/main/java/com/bumptech/glide/load/resource/bitmap/Downsampler.java
2099	com.bumptech.glide.load.resource.bitmap.ImageReader	decodeBitmap(android.graphics.BitmapFactory.Options)	0	[false]	androidx.annotation.Nullable	public	true	/home/nima/Developer/nullness-benchmarks/glide/library/src/main/java/com/bumptech/glide/load/resource/bitmap/ImageReader.java
2100	com.bumptech.glide.load.resource.bitmap.ImageReader	getImageType()	0	[]		public	true	/home/nima/Developer/nullness-benchmarks/glide/library/src/main/java/com/bumptech/glide/load/resource/bitmap/ImageReader.java
2101	com.bumptech.glide.load.resource.bitmap.ImageReader	getImageOrientation()	0	[]		public	false	/home/nima/Developer/nullness-benchmarks/glide/library/src/main/java/com/bumptech/glide/load/resource/bitmap/ImageReader.java
2102	com.bumptech.glide.load.resource.bitmap.ImageReader	hasJpegMpf()	0	[]		public	false	/home/nima/Developer/nullness-benchmarks/glide/library/src/main/java/com/bumptech/glide/load/resource/bitmap/ImageReader.java
2103	com.bumptech.glide.load.resource.bitmap.ImageReader	stopGrowingBuffers()	0	[]		public	false	/home/nima/Developer/nullness-benchmarks/glide/library/src/main/java/com/bumptech/glide/load/resource/bitmap/ImageReader.java
2104	com.bumptech.glide.load.resource.bitmap.ImageReader$ByteArrayReader	ByteArrayReader(byte[],java.util.List,com.bumptech.glide.load.engine.bitmap_recycle.ArrayPool)	0	[false, false, false]		package	false	/home/nima/Developer/nullness-benchmarks/glide/library/src/main/java/com/bumptech/glide/load/resource/bitmap/ImageReader.java
2105	com.bumptech.glide.load.resource.bitmap.ImageReader$ByteArrayReader	decodeBitmap(android.graphics.BitmapFactory.Options)	2099	[false]	androidx.annotation.Nullable,java.lang.Override	public	true	/home/nima/Developer/nullness-benchmarks/glide/library/src/main/java/com/bumptech/glide/load/resource/bitmap/ImageReader.java
2106	com.bumptech.glide.load.resource.bitmap.ImageReader$ByteArrayReader	getImageType()	2100	[]	java.lang.Override	public	true	/home/nima/Developer/nullness-benchmarks/glide/library/src/main/java/com/bumptech/glide/load/resource/bitmap/ImageReader.java
2107	com.bumptech.glide.load.resource.bitmap.ImageReader$ByteArrayReader	getImageOrientation()	2101	[]	java.lang.Override	public	false	/home/nima/Developer/nullness-benchmarks/glide/library/src/main/java/com/bumptech/glide/load/resource/bitmap/ImageReader.java
2108	com.bumptech.glide.load.resource.bitmap.ImageReader$ByteArrayReader	hasJpegMpf()	2102	[]	java.lang.Override	public	false	/home/nima/Developer/nullness-benchmarks/glide/library/src/main/java/com/bumptech/glide/load/resource/bitmap/ImageReader.java
2109	com.bumptech.glide.load.resource.bitmap.ImageReader$ByteArrayReader	stopGrowingBuffers()	2103	[]	java.lang.Override	public	false	/home/nima/Developer/nullness-benchmarks/glide/library/src/main/java/com/bumptech/glide/load/resource/bitmap/ImageReader.java
2110	com.bumptech.glide.load.resource.bitmap.ImageReader$FileReader	FileReader(java.io.File,java.util.List,com.bumptech.glide.load.engine.bitmap_recycle.ArrayPool)	0	[false, false, false]		package	false	/home/nima/Developer/nullness-benchmarks/glide/library/src/main/java/com/bumptech/glide/load/resource/bitmap/ImageReader.java
2111	com.bumptech.glide.load.resource.bitmap.ImageReader$FileReader	decodeBitmap(android.graphics.BitmapFactory.Options)	2099	[false]	androidx.annotation.Nullable,java.lang.Override	public	true	/home/nima/Developer/nullness-benchmarks/glide/library/src/main/java/com/bumptech/glide/load/resource/bitmap/ImageReader.java
2112	com.bumptech.glide.load.resource.bitmap.ImageReader$FileReader	getImageType()	2100	[]	java.lang.Override	public	true	/home/nima/Developer/nullness-benchmarks/glide/library/src/main/java/com/bumptech/glide/load/resource/bitmap/ImageReader.java
2113	com.bumptech.glide.load.resource.bitmap.ImageReader$FileReader	getImageOrientation()	2101	[]	java.lang.Override	public	false	/home/nima/Developer/nullness-benchmarks/glide/library/src/main/java/com/bumptech/glide/load/resource/bitmap/ImageReader.java
2114	com.bumptech.glide.load.resource.bitmap.ImageReader$FileReader	hasJpegMpf()	2102	[]	java.lang.Override	public	false	/home/nima/Developer/nullness-benchmarks/glide/library/src/main/java/com/bumptech/glide/load/resource/bitmap/ImageReader.java
2115	com.bumptech.glide.load.resource.bitmap.ImageReader$FileReader	stopGrowingBuffers()	2103	[]	java.lang.Override	public	false	/home/nima/Developer/nullness-benchmarks/glide/library/src/main/java/com/bumptech/glide/load/resource/bitmap/ImageReader.java
2116	com.bumptech.glide.load.resource.bitmap.ImageReader$ByteBufferReader	ByteBufferReader(java.nio.ByteBuffer,java.util.List,com.bumptech.glide.load.engine.bitmap_recycle.ArrayPool)	0	[false, false, false]		package	false	/home/nima/Developer/nullness-benchmarks/glide/library/src/main/java/com/bumptech/glide/load/resource/bitmap/ImageReader.java
2117	com.bumptech.glide.load.resource.bitmap.ImageReader$ByteBufferReader	decodeBitmap(android.graphics.BitmapFactory.Options)	2099	[false]	androidx.annotation.Nullable,java.lang.Override	public	true	/home/nima/Developer/nullness-benchmarks/glide/library/src/main/java/com/bumptech/glide/load/resource/bitmap/ImageReader.java
2118	com.bumptech.glide.load.resource.bitmap.ImageReader$ByteBufferReader	getImageType()	2100	[]	java.lang.Override	public	true	/home/nima/Developer/nullness-benchmarks/glide/library/src/main/java/com/bumptech/glide/load/resource/bitmap/ImageReader.java
2119	com.bumptech.glide.load.resource.bitmap.ImageReader$ByteBufferReader	getImageOrientation()	2101	[]	java.lang.Override	public	false	/home/nima/Developer/nullness-benchmarks/glide/library/src/main/java/com/bumptech/glide/load/resource/bitmap/ImageReader.java
2120	com.bumptech.glide.load.resource.bitmap.ImageReader$ByteBufferReader	hasJpegMpf()	2102	[]	java.lang.Override	public	false	/home/nima/Developer/nullness-benchmarks/glide/library/src/main/java/com/bumptech/glide/load/resource/bitmap/ImageReader.java
2121	com.bumptech.glide.load.resource.bitmap.ImageReader$ByteBufferReader	stopGrowingBuffers()	2103	[]	java.lang.Override	public	false	/home/nima/Developer/nullness-benchmarks/glide/library/src/main/java/com/bumptech/glide/load/resource/bitmap/ImageReader.java
2122	com.bumptech.glide.load.resource.bitmap.ImageReader$ByteBufferReader	stream()	0	[]		private	true	/home/nima/Developer/nullness-benchmarks/glide/library/src/main/java/com/bumptech/glide/load/resource/bitmap/ImageReader.java
2123	com.bumptech.glide.load.resource.bitmap.ImageReader$InputStreamImageReader	InputStreamImageReader(java.io.InputStream,java.util.List,com.bumptech.glide.load.engine.bitmap_recycle.ArrayPool)	0	[false, false, false]		package	false	/home/nima/Developer/nullness-benchmarks/glide/library/src/main/java/com/bumptech/glide/load/resource/bitmap/ImageReader.java
2124	com.bumptech.glide.load.resource.bitmap.ImageReader$InputStreamImageReader	decodeBitmap(android.graphics.BitmapFactory.Options)	2099	[false]	androidx.annotation.Nullable,java.lang.Override	public	true	/home/nima/Developer/nullness-benchmarks/glide/library/src/main/java/com/bumptech/glide/load/resource/bitmap/ImageReader.java
2125	com.bumptech.glide.load.resource.bitmap.ImageReader$InputStreamImageReader	getImageType()	2100	[]	java.lang.Override	public	true	/home/nima/Developer/nullness-benchmarks/glide/library/src/main/java/com/bumptech/glide/load/resource/bitmap/ImageReader.java
2126	com.bumptech.glide.load.resource.bitmap.ImageReader$InputStreamImageReader	getImageOrientation()	2101	[]	java.lang.Override	public	false	/home/nima/Developer/nullness-benchmarks/glide/library/src/main/java/com/bumptech/glide/load/resource/bitmap/ImageReader.java
2127	com.bumptech.glide.load.resource.bitmap.ImageReader$InputStreamImageReader	hasJpegMpf()	2102	[]	java.lang.Override	public	false	/home/nima/Developer/nullness-benchmarks/glide/library/src/main/java/com/bumptech/glide/load/resource/bitmap/ImageReader.java
2128	com.bumptech.glide.load.resource.bitmap.ImageReader$InputStreamImageReader	stopGrowingBuffers()	2103	[]	java.lang.Override	public	false	/home/nima/Developer/nullness-benchmarks/glide/library/src/main/java/com/bumptech/glide/load/resource/bitmap/ImageReader.java
2129	com.bumptech.glide.load.resource.bitmap.ImageReader$ParcelFileDescriptorImageReader	ParcelFileDescriptorImageReader(android.os.ParcelFileDescriptor,java.util.List,com.bumptech.glide.load.engine.bitmap_recycle.ArrayPool)	0	[false, false, false]		package	false	/home/nima/Developer/nullness-benchmarks/glide/library/src/main/java/com/bumptech/glide/load/resource/bitmap/ImageReader.java
2130	com.bumptech.glide.load.resource.bitmap.ImageReader$ParcelFileDescriptorImageReader	decodeBitmap(android.graphics.BitmapFactory.Options)	2099	[false]	androidx.annotation.Nullable,java.lang.Override	public	true	/home/nima/Developer/nullness-benchmarks/glide/library/src/main/java/com/bumptech/glide/load/resource/bitmap/ImageReader.java
2131	com.bumptech.glide.load.resource.bitmap.ImageReader$ParcelFileDescriptorImageReader	getImageType()	2100	[]	java.lang.Override	public	true	/home/nima/Developer/nullness-benchmarks/glide/library/src/main/java/com/bumptech/glide/load/resource/bitmap/ImageReader.java
2132	com.bumptech.glide.load.resource.bitmap.ImageReader$ParcelFileDescriptorImageReader	getImageOrientation()	2101	[]	java.lang.Override	public	false	/home/nima/Developer/nullness-benchmarks/glide/library/src/main/java/com/bumptech/glide/load/resource/bitmap/ImageReader.java
2133	com.bumptech.glide.load.resource.bitmap.ImageReader$ParcelFileDescriptorImageReader	hasJpegMpf()	2102	[]	java.lang.Override	public	false	/home/nima/Developer/nullness-benchmarks/glide/library/src/main/java/com/bumptech/glide/load/resource/bitmap/ImageReader.java
2134	com.bumptech.glide.load.resource.bitmap.ImageReader$ParcelFileDescriptorImageReader	stopGrowingBuffers()	2103	[]	java.lang.Override	public	false	/home/nima/Developer/nullness-benchmarks/glide/library/src/main/java/com/bumptech/glide/load/resource/bitmap/ImageReader.java
2135	com.bumptech.glide.load.resource.bitmap.FitCenter	transform(com.bumptech.glide.load.engine.bitmap_recycle.BitmapPool,android.graphics.Bitmap,int,int)	2136	[false, false, false, false]	java.lang.Override	protected	true	/home/nima/Developer/nullness-benchmarks/glide/library/src/main/java/com/bumptech/glide/load/resource/bitmap/FitCenter.java
2137	com.bumptech.glide.load.resource.bitmap.FitCenter	equals(java.lang.Object)	494	[false]	java.lang.Override	public	false	/home/nima/Developer/nullness-benchmarks/glide/library/src/main/java/com/bumptech/glide/load/resource/bitmap/FitCenter.java
2138	com.bumptech.glide.load.resource.bitmap.FitCenter	hashCode()	495	[]	java.lang.Override	public	false	/home/nima/Developer/nullness-benchmarks/glide/library/src/main/java/com/bumptech/glide/load/resource/bitmap/FitCenter.java
2139	com.bumptech.glide.load.resource.bitmap.FitCenter	updateDiskCacheKey(java.security.MessageDigest)	493	[false]	java.lang.Override	public	false	/home/nima/Developer/nullness-benchmarks/glide/library/src/main/java/com/bumptech/glide/load/resource/bitmap/FitCenter.java
2140	com.bumptech.glide.load.resource.bitmap.BitmapTransformation	transform(android.content.Context,com.bumptech.glide.load.engine.Resource,int,int)	492	[false, false, false, false]	androidx.annotation.NonNull,java.lang.Override	public	true	/home/nima/Developer/nullness-benchmarks/glide/library/src/main/java/com/bumptech/glide/load/resource/bitmap/BitmapTransformation.java
2136	com.bumptech.glide.load.resource.bitmap.BitmapTransformation	transform(com.bumptech.glide.load.engine.bitmap_recycle.BitmapPool,android.graphics.Bitmap,int,int)	0	[false, false, false, false]		protected	true	/home/nima/Developer/nullness-benchmarks/glide/library/src/main/java/com/bumptech/glide/load/resource/bitmap/BitmapTransformation.java
2141	com.bumptech.glide.load.resource.bitmap.DrawableToBitmapConverter$1	put(android.graphics.Bitmap)	1705	[false]	java.lang.Override	public	false	/home/nima/Developer/nullness-benchmarks/glide/library/src/main/java/com/bumptech/glide/load/resource/bitmap/DrawableToBitmapConverter.java
2142	com.bumptech.glide.load.resource.bitmap.DrawableToBitmapConverter	DrawableToBitmapConverter()	0	[]		private	false	/home/nima/Developer/nullness-benchmarks/glide/library/src/main/java/com/bumptech/glide/load/resource/bitmap/DrawableToBitmapConverter.java
2143	com.bumptech.glide.load.resource.bitmap.DrawableToBitmapConverter	convert(com.bumptech.glide.load.engine.bitmap_recycle.BitmapPool,android.graphics.drawable.Drawable,int,int)	0	[false, false, false, false]	androidx.annotation.Nullable	package	true	/home/nima/Developer/nullness-benchmarks/glide/library/src/main/java/com/bumptech/glide/load/resource/bitmap/DrawableToBitmapConverter.java
2144	com.bumptech.glide.load.resource.bitmap.DrawableToBitmapConverter	drawToBitmap(com.bumptech.glide.load.engine.bitmap_recycle.BitmapPool,android.graphics.drawable.Drawable,int,int)	0	[false, false, false, false]	androidx.annotation.Nullable	private	true	/home/nima/Developer/nullness-benchmarks/glide/library/src/main/java/com/bumptech/glide/load/resource/bitmap/DrawableToBitmapConverter.java
2145	com.bumptech.glide.load.resource.bitmap.BitmapEncoder	BitmapEncoder(com.bumptech.glide.load.engine.bitmap_recycle.ArrayPool)	0	[false]		public	false	/home/nima/Developer/nullness-benchmarks/glide/library/src/main/java/com/bumptech/glide/load/resource/bitmap/BitmapEncoder.java
2146	com.bumptech.glide.load.resource.bitmap.BitmapEncoder	BitmapEncoder()	0	[]	java.lang.Deprecated	public	false	/home/nima/Developer/nullness-benchmarks/glide/library/src/main/java/com/bumptech/glide/load/resource/bitmap/BitmapEncoder.java
2147	com.bumptech.glide.load.resource.bitmap.BitmapEncoder	encode(com.bumptech.glide.load.engine.Resource,java.io.File,com.bumptech.glide.load.Options)	768	[false, false, false]	java.lang.Override	public	false	/home/nima/Developer/nullness-benchmarks/glide/library/src/main/java/com/bumptech/glide/load/resource/bitmap/BitmapEncoder.java
2148	com.bumptech.glide.load.resource.bitmap.BitmapEncoder	getFormat(android.graphics.Bitmap,com.bumptech.glide.load.Options)	0	[false, false]		private	true	/home/nima/Developer/nullness-benchmarks/glide/library/src/main/java/com/bumptech/glide/load/resource/bitmap/BitmapEncoder.java
2149	com.bumptech.glide.load.resource.bitmap.BitmapEncoder	getEncodeStrategy(com.bumptech.glide.load.Options)	771	[false]	androidx.annotation.NonNull,java.lang.Override	public	true	/home/nima/Developer/nullness-benchmarks/glide/library/src/main/java/com/bumptech/glide/load/resource/bitmap/BitmapEncoder.java
2150	com.bumptech.glide.load.resource.bitmap.CenterInside	transform(com.bumptech.glide.load.engine.bitmap_recycle.BitmapPool,android.graphics.Bitmap,int,int)	2136	[false, false, false, false]	java.lang.Override	protected	true	/home/nima/Developer/nullness-benchmarks/glide/library/src/main/java/com/bumptech/glide/load/resource/bitmap/CenterInside.java
2151	com.bumptech.glide.load.resource.bitmap.CenterInside	equals(java.lang.Object)	494	[false]	java.lang.Override	public	false	/home/nima/Developer/nullness-benchmarks/glide/library/src/main/java/com/bumptech/glide/load/resource/bitmap/CenterInside.java
2152	com.bumptech.glide.load.resource.bitmap.CenterInside	hashCode()	495	[]	java.lang.Override	public	false	/home/nima/Developer/nullness-benchmarks/glide/library/src/main/java/com/bumptech/glide/load/resource/bitmap/CenterInside.java
2153	com.bumptech.glide.load.resource.bitmap.CenterInside	updateDiskCacheKey(java.security.MessageDigest)	493	[false]	java.lang.Override	public	false	/home/nima/Developer/nullness-benchmarks/glide/library/src/main/java/com/bumptech/glide/load/resource/bitmap/CenterInside.java
2154	com.bumptech.glide.load.resource.bitmap.LazyBitmapDrawableResource	obtain(android.content.Context,android.graphics.Bitmap)	0	[false, false]	java.lang.Deprecated	public	true	/home/nima/Developer/nullness-benchmarks/glide/library/src/main/java/com/bumptech/glide/load/resource/bitmap/LazyBitmapDrawableResource.java
2155	com.bumptech.glide.load.resource.bitmap.LazyBitmapDrawableResource	obtain(android.content.res.Resources,com.bumptech.glide.load.engine.bitmap_recycle.BitmapPool,android.graphics.Bitmap)	0	[false, false, false]	java.lang.Deprecated	public	true	/home/nima/Developer/nullness-benchmarks/glide/library/src/main/java/com/bumptech/glide/load/resource/bitmap/LazyBitmapDrawableResource.java
2156	com.bumptech.glide.load.resource.bitmap.LazyBitmapDrawableResource	obtain(android.content.res.Resources,com.bumptech.glide.load.engine.Resource)	0	[false, true]	androidx.annotation.Nullable	public	true	/home/nima/Developer/nullness-benchmarks/glide/library/src/main/java/com/bumptech/glide/load/resource/bitmap/LazyBitmapDrawableResource.java
2157	com.bumptech.glide.load.resource.bitmap.LazyBitmapDrawableResource	LazyBitmapDrawableResource(android.content.res.Resources,com.bumptech.glide.load.engine.Resource)	0	[false, false]		private	false	/home/nima/Developer/nullness-benchmarks/glide/library/src/main/java/com/bumptech/glide/load/resource/bitmap/LazyBitmapDrawableResource.java
2158	com.bumptech.glide.load.resource.bitmap.LazyBitmapDrawableResource	getResourceClass()	496	[]	androidx.annotation.NonNull,java.lang.Override	public	true	/home/nima/Developer/nullness-benchmarks/glide/library/src/main/java/com/bumptech/glide/load/resource/bitmap/LazyBitmapDrawableResource.java
2159	com.bumptech.glide.load.resource.bitmap.LazyBitmapDrawableResource	get()	497	[]	androidx.annotation.NonNull,java.lang.Override	public	true	/home/nima/Developer/nullness-benchmarks/glide/library/src/main/java/com/bumptech/glide/load/resource/bitmap/LazyBitmapDrawableResource.java
2160	com.bumptech.glide.load.resource.bitmap.LazyBitmapDrawableResource	getSize()	498	[]	java.lang.Override	public	false	/home/nima/Developer/nullness-benchmarks/glide/library/src/main/java/com/bumptech/glide/load/resource/bitmap/LazyBitmapDrawableResource.java
2161	com.bumptech.glide.load.resource.bitmap.LazyBitmapDrawableResource	recycle()	499	[]	java.lang.Override	public	false	/home/nima/Developer/nullness-benchmarks/glide/library/src/main/java/com/bumptech/glide/load/resource/bitmap/LazyBitmapDrawableResource.java
2162	com.bumptech.glide.load.resource.bitmap.LazyBitmapDrawableResource	initialize()	1759	[]	java.lang.Override	public	false	/home/nima/Developer/nullness-benchmarks/glide/library/src/main/java/com/bumptech/glide/load/resource/bitmap/LazyBitmapDrawableResource.java
2163	com.bumptech.glide.load.resource.bitmap.VideoDecoder$1	update(byte[],java.lang.Long,java.security.MessageDigest)	816	[false, false, false]	java.lang.Override	public	false	/home/nima/Developer/nullness-benchmarks/glide/library/src/main/java/com/bumptech/glide/load/resource/bitmap/VideoDecoder.java
2164	com.bumptech.glide.load.resource.bitmap.VideoDecoder$2	update(byte[],java.lang.Integer,java.security.MessageDigest)	816	[false, false, false]	java.lang.Override	public	false	/home/nima/Developer/nullness-benchmarks/glide/library/src/main/java/com/bumptech/glide/load/resource/bitmap/VideoDecoder.java
2165	com.bumptech.glide.load.resource.bitmap.VideoDecoder	asset(com.bumptech.glide.load.engine.bitmap_recycle.BitmapPool)	0	[false]	androidx.annotation.RequiresApi	public	true	/home/nima/Developer/nullness-benchmarks/glide/library/src/main/java/com/bumptech/glide/load/resource/bitmap/VideoDecoder.java
2166	com.bumptech.glide.load.resource.bitmap.VideoDecoder	parcel(com.bumptech.glide.load.engine.bitmap_recycle.BitmapPool)	0	[false]		public	true	/home/nima/Developer/nullness-benchmarks/glide/library/src/main/java/com/bumptech/glide/load/resource/bitmap/VideoDecoder.java
2167	com.bumptech.glide.load.resource.bitmap.VideoDecoder	byteBuffer(com.bumptech.glide.load.engine.bitmap_recycle.BitmapPool)	0	[false]	androidx.annotation.RequiresApi	public	true	/home/nima/Developer/nullness-benchmarks/glide/library/src/main/java/com/bumptech/glide/load/resource/bitmap/VideoDecoder.java
2168	com.bumptech.glide.load.resource.bitmap.VideoDecoder	VideoDecoder(com.bumptech.glide.load.engine.bitmap_recycle.BitmapPool,com.bumptech.glide.load.resource.bitmap.VideoDecoder.MediaInitializer)	0	[false, false]		package	false	/home/nima/Developer/nullness-benchmarks/glide/library/src/main/java/com/bumptech/glide/load/resource/bitmap/VideoDecoder.java
2169	com.bumptech.glide.load.resource.bitmap.VideoDecoder	VideoDecoder(com.bumptech.glide.load.engine.bitmap_recycle.BitmapPool,com.bumptech.glide.load.resource.bitmap.VideoDecoder.MediaInitializer,com.bumptech.glide.load.resource.bitmap.VideoDecoder.MediaMetadataRetrieverFactory)	0	[false, false, false]	androidx.annotation.VisibleForTesting	package	false	/home/nima/Developer/nullness-benchmarks/glide/library/src/main/java/com/bumptech/glide/load/resource/bitmap/VideoDecoder.java
2170	com.bumptech.glide.load.resource.bitmap.VideoDecoder	handles(T,com.bumptech.glide.load.Options)	769	[false, false]	java.lang.Override	public	false	/home/nima/Developer/nullness-benchmarks/glide/library/src/main/java/com/bumptech/glide/load/resource/bitmap/VideoDecoder.java
2171	com.bumptech.glide.load.resource.bitmap.VideoDecoder	decode(T,int,int,com.bumptech.glide.load.Options)	770	[false, false, false, false]	java.lang.Override	public	true	/home/nima/Developer/nullness-benchmarks/glide/library/src/main/java/com/bumptech/glide/load/resource/bitmap/VideoDecoder.java
2172	com.bumptech.glide.load.resource.bitmap.VideoDecoder	decodeFrame(T,android.media.MediaMetadataRetriever,long,int,int,int,com.bumptech.glide.load.resource.bitmap.DownsampleStrategy)	0	[false, false, false, false, false, false, false]	androidx.annotation.Nullable	private	true	/home/nima/Developer/nullness-benchmarks/glide/library/src/main/java/com/bumptech/glide/load/resource/bitmap/VideoDecoder.java
2173	com.bumptech.glide.load.resource.bitmap.VideoDecoder	correctHdr180DegVideoFrameOrientation(android.media.MediaMetadataRetriever,android.graphics.Bitmap)	0	[false, false]	android.annotation.TargetApi	private	true	/home/nima/Developer/nullness-benchmarks/glide/library/src/main/java/com/bumptech/glide/load/resource/bitmap/VideoDecoder.java
2174	com.bumptech.glide.load.resource.bitmap.VideoDecoder	isHDR(android.media.MediaMetadataRetriever)	0	[false]	androidx.annotation.RequiresApi	private	false	/home/nima/Developer/nullness-benchmarks/glide/library/src/main/java/com/bumptech/glide/load/resource/bitmap/VideoDecoder.java
2175	com.bumptech.glide.load.resource.bitmap.VideoDecoder	isHdr180RotationFixRequired()	0	[]	androidx.annotation.VisibleForTesting	package	false	/home/nima/Developer/nullness-benchmarks/glide/library/src/main/java/com/bumptech/glide/load/resource/bitmap/VideoDecoder.java
2176	com.bumptech.glide.load.resource.bitmap.VideoDecoder	isTBuildRequiringRotationFix()	0	[]		private	false	/home/nima/Developer/nullness-benchmarks/glide/library/src/main/java/com/bumptech/glide/load/resource/bitmap/VideoDecoder.java
2177	com.bumptech.glide.load.resource.bitmap.VideoDecoder	decodeScaledFrame(android.media.MediaMetadataRetriever,long,int,int,int,com.bumptech.glide.load.resource.bitmap.DownsampleStrategy)	0	[false, false, false, false, false, false]	androidx.annotation.Nullable,android.annotation.TargetApi	private	true	/home/nima/Developer/nullness-benchmarks/glide/library/src/main/java/com/bumptech/glide/load/resource/bitmap/VideoDecoder.java
2178	com.bumptech.glide.load.resource.bitmap.VideoDecoder	decodeOriginalFrame(android.media.MediaMetadataRetriever,long,int)	0	[false, false, false]		private	true	/home/nima/Developer/nullness-benchmarks/glide/library/src/main/java/com/bumptech/glide/load/resource/bitmap/VideoDecoder.java
2179	com.bumptech.glide.load.resource.bitmap.VideoDecoder	isUnsupportedFormat(T,android.media.MediaMetadataRetriever)	0	[false, false]		private	false	/home/nima/Developer/nullness-benchmarks/glide/library/src/main/java/com/bumptech/glide/load/resource/bitmap/VideoDecoder.java
2180	com.bumptech.glide.load.resource.bitmap.VideoDecoder$MediaMetadataRetrieverFactory	build()	0	[]		public	true	/home/nima/Developer/nullness-benchmarks/glide/library/src/main/java/com/bumptech/glide/load/resource/bitmap/VideoDecoder.java
2181	com.bumptech.glide.load.resource.bitmap.VideoDecoder$MediaInitializer	initializeRetriever(android.media.MediaMetadataRetriever,T)	0	[false, false]		public	false	/home/nima/Developer/nullness-benchmarks/glide/library/src/main/java/com/bumptech/glide/load/resource/bitmap/VideoDecoder.java
2182	com.bumptech.glide.load.resource.bitmap.VideoDecoder$MediaInitializer	initializeExtractor(android.media.MediaExtractor,T)	0	[false, false]	androidx.annotation.RequiresApi	public	false	/home/nima/Developer/nullness-benchmarks/glide/library/src/main/java/com/bumptech/glide/load/resource/bitmap/VideoDecoder.java
2183	com.bumptech.glide.load.resource.bitmap.VideoDecoder$AssetFileDescriptorInitializer	initializeRetriever(android.media.MediaMetadataRetriever,android.content.res.AssetFileDescriptor)	2181	[false, false]	java.lang.Override	public	false	/home/nima/Developer/nullness-benchmarks/glide/library/src/main/java/com/bumptech/glide/load/resource/bitmap/VideoDecoder.java
2184	com.bumptech.glide.load.resource.bitmap.VideoDecoder$AssetFileDescriptorInitializer	initializeExtractor(android.media.MediaExtractor,android.content.res.AssetFileDescriptor)	2182	[false, false]	java.lang.Override	public	false	/home/nima/Developer/nullness-benchmarks/glide/library/src/main/java/com/bumptech/glide/load/resource/bitmap/VideoDecoder.java
2185	com.bumptech.glide.load.resource.bitmap.VideoDecoder$ParcelFileDescriptorInitializer	initializeRetriever(android.media.MediaMetadataRetriever,android.os.ParcelFileDescriptor)	2181	[false, false]	java.lang.Override	public	false	/home/nima/Developer/nullness-benchmarks/glide/library/src/main/java/com/bumptech/glide/load/resource/bitmap/VideoDecoder.java
2186	com.bumptech.glide.load.resource.bitmap.VideoDecoder$ParcelFileDescriptorInitializer	initializeExtractor(android.media.MediaExtractor,android.os.ParcelFileDescriptor)	2182	[false, false]	androidx.annotation.RequiresApi,java.lang.Override	public	false	/home/nima/Developer/nullness-benchmarks/glide/library/src/main/java/com/bumptech/glide/load/resource/bitmap/VideoDecoder.java
2187	com.bumptech.glide.load.resource.bitmap.VideoDecoder$ByteBufferInitializer	initializeRetriever(android.media.MediaMetadataRetriever,java.nio.ByteBuffer)	2181	[false, false]	java.lang.Override	public	false	/home/nima/Developer/nullness-benchmarks/glide/library/src/main/java/com/bumptech/glide/load/resource/bitmap/VideoDecoder.java
2188	com.bumptech.glide.load.resource.bitmap.VideoDecoder$ByteBufferInitializer	initializeExtractor(android.media.MediaExtractor,java.nio.ByteBuffer)	2182	[false, false]	java.lang.Override	public	false	/home/nima/Developer/nullness-benchmarks/glide/library/src/main/java/com/bumptech/glide/load/resource/bitmap/VideoDecoder.java
2189	com.bumptech.glide.load.resource.bitmap.VideoDecoder$ByteBufferInitializer	getMediaDataSource(java.nio.ByteBuffer)	0	[false]		private	true	/home/nima/Developer/nullness-benchmarks/glide/library/src/main/java/com/bumptech/glide/load/resource/bitmap/VideoDecoder.java
2190	com.bumptech.glide.load.resource.bitmap.VideoDecoder$ByteBufferInitializer$1	readAt(long,byte[],int,int)	2191	[false, false, false, false]	java.lang.Override	public	false	/home/nima/Developer/nullness-benchmarks/glide/library/src/main/java/com/bumptech/glide/load/resource/bitmap/VideoDecoder.java
2192	com.bumptech.glide.load.resource.bitmap.VideoDecoder$ByteBufferInitializer$1	getSize()	2193	[]	java.lang.Override	public	false	/home/nima/Developer/nullness-benchmarks/glide/library/src/main/java/com/bumptech/glide/load/resource/bitmap/VideoDecoder.java
2194	com.bumptech.glide.load.resource.bitmap.VideoDecoder$ByteBufferInitializer$1	close()	2195	[]	java.lang.Override	public	false	/home/nima/Developer/nullness-benchmarks/glide/library/src/main/java/com/bumptech/glide/load/resource/bitmap/VideoDecoder.java
2196	com.bumptech.glide.load.resource.bitmap.VideoDecoder$VideoDecoderException	VideoDecoderException()	0	[]		package	false	/home/nima/Developer/nullness-benchmarks/glide/library/src/main/java/com/bumptech/glide/load/resource/bitmap/VideoDecoder.java
2197	com.bumptech.glide.load.resource.bitmap.BitmapDrawableEncoder	BitmapDrawableEncoder(com.bumptech.glide.load.engine.bitmap_recycle.BitmapPool,com.bumptech.glide.load.ResourceEncoder)	0	[false, false]		public	false	/home/nima/Developer/nullness-benchmarks/glide/library/src/main/java/com/bumptech/glide/load/resource/bitmap/BitmapDrawableEncoder.java
2198	com.bumptech.glide.load.resource.bitmap.BitmapDrawableEncoder	encode(com.bumptech.glide.load.engine.Resource,java.io.File,com.bumptech.glide.load.Options)	768	[false, false, false]	java.lang.Override	public	false	/home/nima/Developer/nullness-benchmarks/glide/library/src/main/java/com/bumptech/glide/load/resource/bitmap/BitmapDrawableEncoder.java
2199	com.bumptech.glide.load.resource.bitmap.BitmapDrawableEncoder	getEncodeStrategy(com.bumptech.glide.load.Options)	771	[false]	androidx.annotation.NonNull,java.lang.Override	public	true	/home/nima/Developer/nullness-benchmarks/glide/library/src/main/java/com/bumptech/glide/load/resource/bitmap/BitmapDrawableEncoder.java
2200	com.bumptech.glide.load.resource.bitmap.ByteBufferBitmapImageDecoderResourceDecoder	handles(java.nio.ByteBuffer,com.bumptech.glide.load.Options)	769	[false, false]	java.lang.Override	public	false	/home/nima/Developer/nullness-benchmarks/glide/library/src/main/java/com/bumptech/glide/load/resource/bitmap/ByteBufferBitmapImageDecoderResourceDecoder.java
2201	com.bumptech.glide.load.resource.bitmap.ByteBufferBitmapImageDecoderResourceDecoder	decode(java.nio.ByteBuffer,int,int,com.bumptech.glide.load.Options)	770	[false, false, false, false]	java.lang.Override	public	true	/home/nima/Developer/nullness-benchmarks/glide/library/src/main/java/com/bumptech/glide/load/resource/bitmap/ByteBufferBitmapImageDecoderResourceDecoder.java
2202	com.bumptech.glide.load.resource.bitmap.BitmapImageDecoderResourceDecoder	handles(android.graphics.ImageDecoder.Source,com.bumptech.glide.load.Options)	769	[false, false]	java.lang.Override	public	false	/home/nima/Developer/nullness-benchmarks/glide/library/src/main/java/com/bumptech/glide/load/resource/bitmap/BitmapImageDecoderResourceDecoder.java
2203	com.bumptech.glide.load.resource.bitmap.BitmapImageDecoderResourceDecoder	decode(android.graphics.ImageDecoder.Source,int,int,com.bumptech.glide.load.Options)	770	[false, false, false, false]	java.lang.Override	public	true	/home/nima/Developer/nullness-benchmarks/glide/library/src/main/java/com/bumptech/glide/load/resource/bitmap/BitmapImageDecoderResourceDecoder.java
2204	com.bumptech.glide.load.resource.bitmap.BitmapResource	obtain(android.graphics.Bitmap,com.bumptech.glide.load.engine.bitmap_recycle.BitmapPool)	0	[true, false]	androidx.annotation.Nullable	public	true	/home/nima/Developer/nullness-benchmarks/glide/library/src/main/java/com/bumptech/glide/load/resource/bitmap/BitmapResource.java
2205	com.bumptech.glide.load.resource.bitmap.BitmapResource	BitmapResource(android.graphics.Bitmap,com.bumptech.glide.load.engine.bitmap_recycle.BitmapPool)	0	[false, false]		public	false	/home/nima/Developer/nullness-benchmarks/glide/library/src/main/java/com/bumptech/glide/load/resource/bitmap/BitmapResource.java
2206	com.bumptech.glide.load.resource.bitmap.BitmapResource	getResourceClass()	496	[]	androidx.annotation.NonNull,java.lang.Override	public	true	/home/nima/Developer/nullness-benchmarks/glide/library/src/main/java/com/bumptech/glide/load/resource/bitmap/BitmapResource.java
2207	com.bumptech.glide.load.resource.bitmap.BitmapResource	get()	497	[]	androidx.annotation.NonNull,java.lang.Override	public	true	/home/nima/Developer/nullness-benchmarks/glide/library/src/main/java/com/bumptech/glide/load/resource/bitmap/BitmapResource.java
2208	com.bumptech.glide.load.resource.bitmap.BitmapResource	getSize()	498	[]	java.lang.Override	public	false	/home/nima/Developer/nullness-benchmarks/glide/library/src/main/java/com/bumptech/glide/load/resource/bitmap/BitmapResource.java
2209	com.bumptech.glide.load.resource.bitmap.BitmapResource	recycle()	499	[]	java.lang.Override	public	false	/home/nima/Developer/nullness-benchmarks/glide/library/src/main/java/com/bumptech/glide/load/resource/bitmap/BitmapResource.java
2210	com.bumptech.glide.load.resource.bitmap.BitmapResource	initialize()	1759	[]	java.lang.Override	public	false	/home/nima/Developer/nullness-benchmarks/glide/library/src/main/java/com/bumptech/glide/load/resource/bitmap/BitmapResource.java
2211	com.bumptech.glide.load.resource.bitmap.BitmapDrawableTransformation	BitmapDrawableTransformation(com.bumptech.glide.load.Transformation)	0	[false]	java.lang.SuppressWarnings	public	false	/home/nima/Developer/nullness-benchmarks/glide/library/src/main/java/com/bumptech/glide/load/resource/bitmap/BitmapDrawableTransformation.java
2212	com.bumptech.glide.load.resource.bitmap.BitmapDrawableTransformation	transform(android.content.Context,com.bumptech.glide.load.engine.Resource,int,int)	492	[false, false, false, false]	androidx.annotation.NonNull,java.lang.Override	public	true	/home/nima/Developer/nullness-benchmarks/glide/library/src/main/java/com/bumptech/glide/load/resource/bitmap/BitmapDrawableTransformation.java
2213	com.bumptech.glide.load.resource.bitmap.BitmapDrawableTransformation	convertToBitmapDrawableResource(com.bumptech.glide.load.engine.Resource)	0	[false]	java.lang.SuppressWarnings	private	true	/home/nima/Developer/nullness-benchmarks/glide/library/src/main/java/com/bumptech/glide/load/resource/bitmap/BitmapDrawableTransformation.java
2214	com.bumptech.glide.load.resource.bitmap.BitmapDrawableTransformation	convertToDrawableResource(com.bumptech.glide.load.engine.Resource)	0	[false]	java.lang.SuppressWarnings	private	true	/home/nima/Developer/nullness-benchmarks/glide/library/src/main/java/com/bumptech/glide/load/resource/bitmap/BitmapDrawableTransformation.java
2215	com.bumptech.glide.load.resource.bitmap.BitmapDrawableTransformation	equals(java.lang.Object)	494	[false]	java.lang.SuppressWarnings,java.lang.Override	public	false	/home/nima/Developer/nullness-benchmarks/glide/library/src/main/java/com/bumptech/glide/load/resource/bitmap/BitmapDrawableTransformation.java
2216	com.bumptech.glide.load.resource.bitmap.BitmapDrawableTransformation	hashCode()	495	[]	java.lang.Override	public	false	/home/nima/Developer/nullness-benchmarks/glide/library/src/main/java/com/bumptech/glide/load/resource/bitmap/BitmapDrawableTransformation.java
2217	com.bumptech.glide.load.resource.bitmap.BitmapDrawableTransformation	updateDiskCacheKey(java.security.MessageDigest)	493	[false]	java.lang.Override	public	false	/home/nima/Developer/nullness-benchmarks/glide/library/src/main/java/com/bumptech/glide/load/resource/bitmap/BitmapDrawableTransformation.java
2218	com.bumptech.glide.load.resource.bitmap.Rotate	Rotate(int)	0	[false]		public	false	/home/nima/Developer/nullness-benchmarks/glide/library/src/main/java/com/bumptech/glide/load/resource/bitmap/Rotate.java
2219	com.bumptech.glide.load.resource.bitmap.Rotate	transform(com.bumptech.glide.load.engine.bitmap_recycle.BitmapPool,android.graphics.Bitmap,int,int)	2136	[false, false, false, false]	java.lang.Override	protected	true	/home/nima/Developer/nullness-benchmarks/glide/library/src/main/java/com/bumptech/glide/load/resource/bitmap/Rotate.java
2220	com.bumptech.glide.load.resource.bitmap.Rotate	equals(java.lang.Object)	494	[false]	java.lang.Override	public	false	/home/nima/Developer/nullness-benchmarks/glide/library/src/main/java/com/bumptech/glide/load/resource/bitmap/Rotate.java
2221	com.bumptech.glide.load.resource.bitmap.Rotate	hashCode()	495	[]	java.lang.Override	public	false	/home/nima/Developer/nullness-benchmarks/glide/library/src/main/java/com/bumptech/glide/load/resource/bitmap/Rotate.java
2222	com.bumptech.glide.load.resource.bitmap.Rotate	updateDiskCacheKey(java.security.MessageDigest)	493	[false]	java.lang.Override	public	false	/home/nima/Developer/nullness-benchmarks/glide/library/src/main/java/com/bumptech/glide/load/resource/bitmap/Rotate.java
2223	com.bumptech.glide.load.resource.bitmap.DefaultImageHeaderParser	getType(java.io.InputStream)	776	[false]	androidx.annotation.NonNull,java.lang.Override	public	true	/home/nima/Developer/nullness-benchmarks/glide/library/src/main/java/com/bumptech/glide/load/resource/bitmap/DefaultImageHeaderParser.java
2224	com.bumptech.glide.load.resource.bitmap.DefaultImageHeaderParser	getType(java.nio.ByteBuffer)	777	[false]	androidx.annotation.NonNull,java.lang.Override	public	true	/home/nima/Developer/nullness-benchmarks/glide/library/src/main/java/com/bumptech/glide/load/resource/bitmap/DefaultImageHeaderParser.java
2225	com.bumptech.glide.load.resource.bitmap.DefaultImageHeaderParser	getOrientation(java.io.InputStream,com.bumptech.glide.load.engine.bitmap_recycle.ArrayPool)	778	[false, false]	java.lang.Override	public	false	/home/nima/Developer/nullness-benchmarks/glide/library/src/main/java/com/bumptech/glide/load/resource/bitmap/DefaultImageHeaderParser.java
2226	com.bumptech.glide.load.resource.bitmap.DefaultImageHeaderParser	getOrientation(java.nio.ByteBuffer,com.bumptech.glide.load.engine.bitmap_recycle.ArrayPool)	779	[false, false]	java.lang.Override	public	false	/home/nima/Developer/nullness-benchmarks/glide/library/src/main/java/com/bumptech/glide/load/resource/bitmap/DefaultImageHeaderParser.java
2227	com.bumptech.glide.load.resource.bitmap.DefaultImageHeaderParser	hasJpegMpf(java.io.InputStream,com.bumptech.glide.load.engine.bitmap_recycle.ArrayPool)	780	[false, false]	java.lang.Override	public	false	/home/nima/Developer/nullness-benchmarks/glide/library/src/main/java/com/bumptech/glide/load/resource/bitmap/DefaultImageHeaderParser.java
2228	com.bumptech.glide.load.resource.bitmap.DefaultImageHeaderParser	hasJpegMpf(java.nio.ByteBuffer,com.bumptech.glide.load.engine.bitmap_recycle.ArrayPool)	781	[false, false]	java.lang.Override	public	false	/home/nima/Developer/nullness-benchmarks/glide/library/src/main/java/com/bumptech/glide/load/resource/bitmap/DefaultImageHeaderParser.java
2229	com.bumptech.glide.load.resource.bitmap.DefaultImageHeaderParser	hasJpegMpf(com.bumptech.glide.load.resource.bitmap.DefaultImageHeaderParser.Reader,com.bumptech.glide.load.engine.bitmap_recycle.ArrayPool)	0	[false, false]		private	false	/home/nima/Developer/nullness-benchmarks/glide/library/src/main/java/com/bumptech/glide/load/resource/bitmap/DefaultImageHeaderParser.java
2230	com.bumptech.glide.load.resource.bitmap.DefaultImageHeaderParser	getType(com.bumptech.glide.load.resource.bitmap.DefaultImageHeaderParser.Reader)	0	[false]	androidx.annotation.NonNull	private	true	/home/nima/Developer/nullness-benchmarks/glide/library/src/main/java/com/bumptech/glide/load/resource/bitmap/DefaultImageHeaderParser.java
2231	com.bumptech.glide.load.resource.bitmap.DefaultImageHeaderParser	sniffAvif(com.bumptech.glide.load.resource.bitmap.DefaultImageHeaderParser.Reader,int)	0	[false, false]		private	true	/home/nima/Developer/nullness-benchmarks/glide/library/src/main/java/com/bumptech/glide/load/resource/bitmap/DefaultImageHeaderParser.java
2232	com.bumptech.glide.load.resource.bitmap.DefaultImageHeaderParser	getOrientation(com.bumptech.glide.load.resource.bitmap.DefaultImageHeaderParser.Reader,com.bumptech.glide.load.engine.bitmap_recycle.ArrayPool)	0	[false, false]		private	false	/home/nima/Developer/nullness-benchmarks/glide/library/src/main/java/com/bumptech/glide/load/resource/bitmap/DefaultImageHeaderParser.java
2233	com.bumptech.glide.load.resource.bitmap.DefaultImageHeaderParser	parseExifSegment(com.bumptech.glide.load.resource.bitmap.DefaultImageHeaderParser.Reader,byte[],int)	0	[false, false, false]		private	false	/home/nima/Developer/nullness-benchmarks/glide/library/src/main/java/com/bumptech/glide/load/resource/bitmap/DefaultImageHeaderParser.java
2234	com.bumptech.glide.load.resource.bitmap.DefaultImageHeaderParser	hasJpegExifPreamble(byte[],int)	0	[false, false]		private	false	/home/nima/Developer/nullness-benchmarks/glide/library/src/main/java/com/bumptech/glide/load/resource/bitmap/DefaultImageHeaderParser.java
2235	com.bumptech.glide.load.resource.bitmap.DefaultImageHeaderParser	hasMatchingBytes(byte[],int,byte[])	0	[false, false, false]		private	false	/home/nima/Developer/nullness-benchmarks/glide/library/src/main/java/com/bumptech/glide/load/resource/bitmap/DefaultImageHeaderParser.java
2236	com.bumptech.glide.load.resource.bitmap.DefaultImageHeaderParser	moveToExifSegmentAndGetLength(com.bumptech.glide.load.resource.bitmap.DefaultImageHeaderParser.Reader)	0	[false]		private	false	/home/nima/Developer/nullness-benchmarks/glide/library/src/main/java/com/bumptech/glide/load/resource/bitmap/DefaultImageHeaderParser.java
2237	com.bumptech.glide.load.resource.bitmap.DefaultImageHeaderParser	hasJpegMpfPreamble(com.bumptech.glide.load.resource.bitmap.DefaultImageHeaderParser.Reader,byte[],int)	0	[false, false, false]		private	false	/home/nima/Developer/nullness-benchmarks/glide/library/src/main/java/com/bumptech/glide/load/resource/bitmap/DefaultImageHeaderParser.java
2238	com.bumptech.glide.load.resource.bitmap.DefaultImageHeaderParser	moveToApp2SegmentAndGetLength(com.bumptech.glide.load.resource.bitmap.DefaultImageHeaderParser.Reader)	0	[false]		private	false	/home/nima/Developer/nullness-benchmarks/glide/library/src/main/java/com/bumptech/glide/load/resource/bitmap/DefaultImageHeaderParser.java
2239	com.bumptech.glide.load.resource.bitmap.DefaultImageHeaderParser	moveToSegmentAndGetLength(com.bumptech.glide.load.resource.bitmap.DefaultImageHeaderParser.Reader,int)	0	[false, false]		private	false	/home/nima/Developer/nullness-benchmarks/glide/library/src/main/java/com/bumptech/glide/load/resource/bitmap/DefaultImageHeaderParser.java
2240	com.bumptech.glide.load.resource.bitmap.DefaultImageHeaderParser	parseExifSegment(com.bumptech.glide.load.resource.bitmap.DefaultImageHeaderParser.RandomAccessReader)	0	[false]		private	false	/home/nima/Developer/nullness-benchmarks/glide/library/src/main/java/com/bumptech/glide/load/resource/bitmap/DefaultImageHeaderParser.java
2241	com.bumptech.glide.load.resource.bitmap.DefaultImageHeaderParser	calcTagOffset(int,int)	0	[false, false]		private	false	/home/nima/Developer/nullness-benchmarks/glide/library/src/main/java/com/bumptech/glide/load/resource/bitmap/DefaultImageHeaderParser.java
2242	com.bumptech.glide.load.resource.bitmap.DefaultImageHeaderParser	handles(int)	0	[false]		private	false	/home/nima/Developer/nullness-benchmarks/glide/library/src/main/java/com/bumptech/glide/load/resource/bitmap/DefaultImageHeaderParser.java
2243	com.bumptech.glide.load.resource.bitmap.DefaultImageHeaderParser$RandomAccessReader	RandomAccessReader(byte[],int)	0	[false, false]		package	false	/home/nima/Developer/nullness-benchmarks/glide/library/src/main/java/com/bumptech/glide/load/resource/bitmap/DefaultImageHeaderParser.java
2244	com.bumptech.glide.load.resource.bitmap.DefaultImageHeaderParser$RandomAccessReader	order(java.nio.ByteOrder)	0	[false]		package	false	/home/nima/Developer/nullness-benchmarks/glide/library/src/main/java/com/bumptech/glide/load/resource/bitmap/DefaultImageHeaderParser.java
2245	com.bumptech.glide.load.resource.bitmap.DefaultImageHeaderParser$RandomAccessReader	length()	0	[]		package	false	/home/nima/Developer/nullness-benchmarks/glide/library/src/main/java/com/bumptech/glide/load/resource/bitmap/DefaultImageHeaderParser.java
2246	com.bumptech.glide.load.resource.bitmap.DefaultImageHeaderParser$RandomAccessReader	getInt32(int)	0	[false]		package	false	/home/nima/Developer/nullness-benchmarks/glide/library/src/main/java/com/bumptech/glide/load/resource/bitmap/DefaultImageHeaderParser.java
2247	com.bumptech.glide.load.resource.bitmap.DefaultImageHeaderParser$RandomAccessReader	getInt16(int)	0	[false]		package	false	/home/nima/Developer/nullness-benchmarks/glide/library/src/main/java/com/bumptech/glide/load/resource/bitmap/DefaultImageHeaderParser.java
2248	com.bumptech.glide.load.resource.bitmap.DefaultImageHeaderParser$RandomAccessReader	isAvailable(int,int)	0	[false, false]		private	false	/home/nima/Developer/nullness-benchmarks/glide/library/src/main/java/com/bumptech/glide/load/resource/bitmap/DefaultImageHeaderParser.java
2249	com.bumptech.glide.load.resource.bitmap.DefaultImageHeaderParser$Reader	getUInt8()	0	[]		public	false	/home/nima/Developer/nullness-benchmarks/glide/library/src/main/java/com/bumptech/glide/load/resource/bitmap/DefaultImageHeaderParser.java
2250	com.bumptech.glide.load.resource.bitmap.DefaultImageHeaderParser$Reader	getUInt16()	0	[]		public	false	/home/nima/Developer/nullness-benchmarks/glide/library/src/main/java/com/bumptech/glide/load/resource/bitmap/DefaultImageHeaderParser.java
2251	com.bumptech.glide.load.resource.bitmap.DefaultImageHeaderParser$Reader	read(byte[],int)	0	[false, false]		public	false	/home/nima/Developer/nullness-benchmarks/glide/library/src/main/java/com/bumptech/glide/load/resource/bitmap/DefaultImageHeaderParser.java
2252	com.bumptech.glide.load.resource.bitmap.DefaultImageHeaderParser$Reader	skip(long)	0	[false]		public	false	/home/nima/Developer/nullness-benchmarks/glide/library/src/main/java/com/bumptech/glide/load/resource/bitmap/DefaultImageHeaderParser.java
2253	com.bumptech.glide.load.resource.bitmap.DefaultImageHeaderParser$Reader$EndOfFileException	EndOfFileException()	0	[]		package	false	/home/nima/Developer/nullness-benchmarks/glide/library/src/main/java/com/bumptech/glide/load/resource/bitmap/DefaultImageHeaderParser.java
2254	com.bumptech.glide.load.resource.bitmap.DefaultImageHeaderParser$ByteBufferReader	ByteBufferReader(java.nio.ByteBuffer)	0	[false]		package	false	/home/nima/Developer/nullness-benchmarks/glide/library/src/main/java/com/bumptech/glide/load/resource/bitmap/DefaultImageHeaderParser.java
2255	com.bumptech.glide.load.resource.bitmap.DefaultImageHeaderParser$ByteBufferReader	getUInt8()	2249	[]	java.lang.Override	public	false	/home/nima/Developer/nullness-benchmarks/glide/library/src/main/java/com/bumptech/glide/load/resource/bitmap/DefaultImageHeaderParser.java
2256	com.bumptech.glide.load.resource.bitmap.DefaultImageHeaderParser$ByteBufferReader	getUInt16()	2250	[]	java.lang.Override	public	false	/home/nima/Developer/nullness-benchmarks/glide/library/src/main/java/com/bumptech/glide/load/resource/bitmap/DefaultImageHeaderParser.java
2257	com.bumptech.glide.load.resource.bitmap.DefaultImageHeaderParser$ByteBufferReader	read(byte[],int)	2251	[false, false]	java.lang.Override	public	false	/home/nima/Developer/nullness-benchmarks/glide/library/src/main/java/com/bumptech/glide/load/resource/bitmap/DefaultImageHeaderParser.java
2258	com.bumptech.glide.load.resource.bitmap.DefaultImageHeaderParser$ByteBufferReader	skip(long)	2252	[false]	java.lang.Override	public	false	/home/nima/Developer/nullness-benchmarks/glide/library/src/main/java/com/bumptech/glide/load/resource/bitmap/DefaultImageHeaderParser.java
2259	com.bumptech.glide.load.resource.bitmap.DefaultImageHeaderParser$StreamReader	StreamReader(java.io.InputStream)	0	[false]		package	false	/home/nima/Developer/nullness-benchmarks/glide/library/src/main/java/com/bumptech/glide/load/resource/bitmap/DefaultImageHeaderParser.java
2260	com.bumptech.glide.load.resource.bitmap.DefaultImageHeaderParser$StreamReader	getUInt8()	2249	[]	java.lang.Override	public	false	/home/nima/Developer/nullness-benchmarks/glide/library/src/main/java/com/bumptech/glide/load/resource/bitmap/DefaultImageHeaderParser.java
2261	com.bumptech.glide.load.resource.bitmap.DefaultImageHeaderParser$StreamReader	getUInt16()	2250	[]	java.lang.Override	public	false	/home/nima/Developer/nullness-benchmarks/glide/library/src/main/java/com/bumptech/glide/load/resource/bitmap/DefaultImageHeaderParser.java
2262	com.bumptech.glide.load.resource.bitmap.DefaultImageHeaderParser$StreamReader	read(byte[],int)	2251	[false, false]	java.lang.Override	public	false	/home/nima/Developer/nullness-benchmarks/glide/library/src/main/java/com/bumptech/glide/load/resource/bitmap/DefaultImageHeaderParser.java
2263	com.bumptech.glide.load.resource.bitmap.DefaultImageHeaderParser$StreamReader	skip(long)	2252	[false]	java.lang.Override	public	false	/home/nima/Developer/nullness-benchmarks/glide/library/src/main/java/com/bumptech/glide/load/resource/bitmap/DefaultImageHeaderParser.java
2264	com.bumptech.glide.load.resource.bitmap.InputStreamBitmapImageDecoderResourceDecoder	handles(java.io.InputStream,com.bumptech.glide.load.Options)	769	[false, false]	java.lang.Override	public	false	/home/nima/Developer/nullness-benchmarks/glide/library/src/main/java/com/bumptech/glide/load/resource/bitmap/InputStreamBitmapImageDecoderResourceDecoder.java
2265	com.bumptech.glide.load.resource.bitmap.InputStreamBitmapImageDecoderResourceDecoder	decode(java.io.InputStream,int,int,com.bumptech.glide.load.Options)	770	[false, false, false, false]	java.lang.Override	public	true	/home/nima/Developer/nullness-benchmarks/glide/library/src/main/java/com/bumptech/glide/load/resource/bitmap/InputStreamBitmapImageDecoderResourceDecoder.java
2266	com.bumptech.glide.load.resource.bitmap.GlideBitmapFactory	GlideBitmapFactory()	0	[]		private	false	/home/nima/Developer/nullness-benchmarks/glide/library/src/main/java/com/bumptech/glide/load/resource/bitmap/GlideBitmapFactory.java
2267	com.bumptech.glide.load.resource.bitmap.GlideBitmapFactory	decodeStream(java.io.InputStream,android.graphics.BitmapFactory.Options,com.bumptech.glide.load.resource.bitmap.ImageReader)	0	[false, false, false]	androidx.annotation.Nullable	public	true	/home/nima/Developer/nullness-benchmarks/glide/library/src/main/java/com/bumptech/glide/load/resource/bitmap/GlideBitmapFactory.java
2268	com.bumptech.glide.load.resource.bitmap.GlideBitmapFactory	decodeByteArray(byte[],android.graphics.BitmapFactory.Options,com.bumptech.glide.load.resource.bitmap.ImageReader)	0	[false, false, false]	androidx.annotation.Nullable	public	true	/home/nima/Developer/nullness-benchmarks/glide/library/src/main/java/com/bumptech/glide/load/resource/bitmap/GlideBitmapFactory.java
2269	com.bumptech.glide.load.resource.bitmap.GlideBitmapFactory	decodeFileDescriptor(java.io.FileDescriptor,android.graphics.BitmapFactory.Options,com.bumptech.glide.load.resource.bitmap.ImageReader)	0	[false, false, false]	androidx.annotation.Nullable	public	true	/home/nima/Developer/nullness-benchmarks/glide/library/src/main/java/com/bumptech/glide/load/resource/bitmap/GlideBitmapFactory.java
2270	com.bumptech.glide.load.resource.bitmap.GlideBitmapFactory	isLikelyToContainGainmap(com.bumptech.glide.load.resource.bitmap.ImageReader)	0	[false]		private	false	/home/nima/Developer/nullness-benchmarks/glide/library/src/main/java/com/bumptech/glide/load/resource/bitmap/GlideBitmapFactory.java
2271	com.bumptech.glide.load.resource.bitmap.GlideBitmapFactory	safeAndExpensiveDecodeHardwareBitmapWithGainmap(java.io.InputStream,android.graphics.BitmapFactory.Options)	0	[false, false]	androidx.annotation.RequiresApi,androidx.annotation.Nullable	private	true	/home/nima/Developer/nullness-benchmarks/glide/library/src/main/java/com/bumptech/glide/load/resource/bitmap/GlideBitmapFactory.java
2272	com.bumptech.glide.load.resource.bitmap.GlideBitmapFactory	safeAndExpensiveDecodeHardwareBitmapWithGainmap(byte[],android.graphics.BitmapFactory.Options)	0	[false, false]	androidx.annotation.RequiresApi,androidx.annotation.Nullable	private	true	/home/nima/Developer/nullness-benchmarks/glide/library/src/main/java/com/bumptech/glide/load/resource/bitmap/GlideBitmapFactory.java
2273	com.bumptech.glide.load.resource.bitmap.GlideBitmapFactory	safeAndExpensiveDecodeHardwareBitmapWithGainmap(java.io.FileDescriptor,android.graphics.BitmapFactory.Options)	0	[false, false]	androidx.annotation.RequiresApi,androidx.annotation.Nullable	private	true	/home/nima/Developer/nullness-benchmarks/glide/library/src/main/java/com/bumptech/glide/load/resource/bitmap/GlideBitmapFactory.java
2274	com.bumptech.glide.load.resource.bitmap.GlideBitmapFactory	safeDecodeBitmapWithGainmap(android.graphics.Bitmap)	0	[false]	androidx.annotation.RequiresApi,androidx.annotation.Nullable	private	true	/home/nima/Developer/nullness-benchmarks/glide/library/src/main/java/com/bumptech/glide/load/resource/bitmap/GlideBitmapFactory.java
2275	com.bumptech.glide.load.resource.bitmap.GlideBitmapFactory$GainmapCopier	GainmapCopier()	0	[]		private	false	/home/nima/Developer/nullness-benchmarks/glide/library/src/main/java/com/bumptech/glide/load/resource/bitmap/GlideBitmapFactory.java
2276	com.bumptech.glide.load.resource.bitmap.GlideBitmapFactory$GainmapCopier	convertSingleChannelGainmapToTripleChannelGainmap(android.graphics.Gainmap)	0	[false]		public	true	/home/nima/Developer/nullness-benchmarks/glide/library/src/main/java/com/bumptech/glide/load/resource/bitmap/GlideBitmapFactory.java
2277	com.bumptech.glide.load.resource.bitmap.GlideBitmapFactory$GainmapCopier	copyAlpha8ToOpaqueArgb888(android.graphics.Bitmap)	0	[false]		private	true	/home/nima/Developer/nullness-benchmarks/glide/library/src/main/java/com/bumptech/glide/load/resource/bitmap/GlideBitmapFactory.java
2278	com.bumptech.glide.load.resource.bitmap.GlideBitmapFactory$GainmapDecoderWorkaroundStateCalculator	GainmapDecoderWorkaroundStateCalculator()	0	[]		private	false	/home/nima/Developer/nullness-benchmarks/glide/library/src/main/java/com/bumptech/glide/load/resource/bitmap/GlideBitmapFactory.java
2279	com.bumptech.glide.load.resource.bitmap.GlideBitmapFactory$GainmapDecoderWorkaroundStateCalculator	needsGainmapDecodeWorkaround(android.graphics.BitmapFactory.Options)	0	[false]		private	false	/home/nima/Developer/nullness-benchmarks/glide/library/src/main/java/com/bumptech/glide/load/resource/bitmap/GlideBitmapFactory.java
2280	com.bumptech.glide.load.resource.bitmap.GlideBitmapFactory$GainmapDecoderWorkaroundStateCalculator	calculateNeedsGainmapDecodeWorkaround()	0	[]		private	false	/home/nima/Developer/nullness-benchmarks/glide/library/src/main/java/com/bumptech/glide/load/resource/bitmap/GlideBitmapFactory.java
2281	com.bumptech.glide.load.resource.bitmap.ResourceBitmapDecoder	ResourceBitmapDecoder(com.bumptech.glide.load.resource.drawable.ResourceDrawableDecoder,com.bumptech.glide.load.engine.bitmap_recycle.BitmapPool)	0	[false, false]		public	false	/home/nima/Developer/nullness-benchmarks/glide/library/src/main/java/com/bumptech/glide/load/resource/bitmap/ResourceBitmapDecoder.java
2282	com.bumptech.glide.load.resource.bitmap.ResourceBitmapDecoder	handles(android.net.Uri,com.bumptech.glide.load.Options)	769	[false, false]	java.lang.Override	public	false	/home/nima/Developer/nullness-benchmarks/glide/library/src/main/java/com/bumptech/glide/load/resource/bitmap/ResourceBitmapDecoder.java
2283	com.bumptech.glide.load.resource.bitmap.ResourceBitmapDecoder	decode(android.net.Uri,int,int,com.bumptech.glide.load.Options)	770	[false, false, false, false]	androidx.annotation.Nullable,java.lang.Override	public	true	/home/nima/Developer/nullness-benchmarks/glide/library/src/main/java/com/bumptech/glide/load/resource/bitmap/ResourceBitmapDecoder.java
2284	com.bumptech.glide.load.resource.drawable.ResourceDrawableDecoder	ResourceDrawableDecoder(android.content.Context)	0	[false]		public	false	/home/nima/Developer/nullness-benchmarks/glide/library/src/main/java/com/bumptech/glide/load/resource/drawable/ResourceDrawableDecoder.java
2285	com.bumptech.glide.load.resource.drawable.ResourceDrawableDecoder	handles(android.net.Uri,com.bumptech.glide.load.Options)	769	[false, false]	java.lang.Override	public	false	/home/nima/Developer/nullness-benchmarks/glide/library/src/main/java/com/bumptech/glide/load/resource/drawable/ResourceDrawableDecoder.java
2286	com.bumptech.glide.load.resource.drawable.ResourceDrawableDecoder	decode(android.net.Uri,int,int,com.bumptech.glide.load.Options)	770	[false, false, false, false]	androidx.annotation.Nullable,java.lang.Override	public	true	/home/nima/Developer/nullness-benchmarks/glide/library/src/main/java/com/bumptech/glide/load/resource/drawable/ResourceDrawableDecoder.java
2287	com.bumptech.glide.load.resource.drawable.ResourceDrawableDecoder	findContextForPackage(android.net.Uri,java.lang.String)	0	[false, false]	androidx.annotation.NonNull	private	true	/home/nima/Developer/nullness-benchmarks/glide/library/src/main/java/com/bumptech/glide/load/resource/drawable/ResourceDrawableDecoder.java
2288	com.bumptech.glide.load.resource.drawable.ResourceDrawableDecoder	findResourceIdFromUri(android.content.Context,android.net.Uri)	0	[false, false]	androidx.annotation.DrawableRes	private	false	/home/nima/Developer/nullness-benchmarks/glide/library/src/main/java/com/bumptech/glide/load/resource/drawable/ResourceDrawableDecoder.java
2289	com.bumptech.glide.load.resource.drawable.ResourceDrawableDecoder	findResourceIdFromTypeAndNameResourceUri(android.content.Context,android.net.Uri)	0	[false, false]	androidx.annotation.DrawableRes	private	false	/home/nima/Developer/nullness-benchmarks/glide/library/src/main/java/com/bumptech/glide/load/resource/drawable/ResourceDrawableDecoder.java
2290	com.bumptech.glide.load.resource.drawable.ResourceDrawableDecoder	findResourceIdFromResourceIdUri(android.net.Uri)	0	[false]	androidx.annotation.DrawableRes	private	false	/home/nima/Developer/nullness-benchmarks/glide/library/src/main/java/com/bumptech/glide/load/resource/drawable/ResourceDrawableDecoder.java
2291	com.bumptech.glide.load.resource.bitmap.BitmapTransitionOptions	withCrossFade()	0	[]	androidx.annotation.NonNull	public	true	/home/nima/Developer/nullness-benchmarks/glide/library/src/main/java/com/bumptech/glide/load/resource/bitmap/BitmapTransitionOptions.java
2292	com.bumptech.glide.load.resource.bitmap.BitmapTransitionOptions	withCrossFade(int)	0	[false]	androidx.annotation.NonNull	public	true	/home/nima/Developer/nullness-benchmarks/glide/library/src/main/java/com/bumptech/glide/load/resource/bitmap/BitmapTransitionOptions.java
2293	com.bumptech.glide.load.resource.bitmap.BitmapTransitionOptions	withCrossFade(com.bumptech.glide.request.transition.DrawableCrossFadeFactory)	0	[false]	androidx.annotation.NonNull	public	true	/home/nima/Developer/nullness-benchmarks/glide/library/src/main/java/com/bumptech/glide/load/resource/bitmap/BitmapTransitionOptions.java
2294	com.bumptech.glide.load.resource.bitmap.BitmapTransitionOptions	withCrossFade(com.bumptech.glide.request.transition.DrawableCrossFadeFactory.Builder)	0	[false]	androidx.annotation.NonNull	public	true	/home/nima/Developer/nullness-benchmarks/glide/library/src/main/java/com/bumptech/glide/load/resource/bitmap/BitmapTransitionOptions.java
2295	com.bumptech.glide.load.resource.bitmap.BitmapTransitionOptions	withWrapped(com.bumptech.glide.request.transition.TransitionFactory)	0	[false]	androidx.annotation.NonNull	public	true	/home/nima/Developer/nullness-benchmarks/glide/library/src/main/java/com/bumptech/glide/load/resource/bitmap/BitmapTransitionOptions.java
2296	com.bumptech.glide.load.resource.bitmap.BitmapTransitionOptions	with(com.bumptech.glide.request.transition.TransitionFactory)	0	[false]	androidx.annotation.NonNull	public	true	/home/nima/Developer/nullness-benchmarks/glide/library/src/main/java/com/bumptech/glide/load/resource/bitmap/BitmapTransitionOptions.java
2297	com.bumptech.glide.load.resource.bitmap.BitmapTransitionOptions	crossFade()	0	[]	androidx.annotation.NonNull	public	true	/home/nima/Developer/nullness-benchmarks/glide/library/src/main/java/com/bumptech/glide/load/resource/bitmap/BitmapTransitionOptions.java
2298	com.bumptech.glide.load.resource.bitmap.BitmapTransitionOptions	crossFade(int)	0	[false]	androidx.annotation.NonNull	public	true	/home/nima/Developer/nullness-benchmarks/glide/library/src/main/java/com/bumptech/glide/load/resource/bitmap/BitmapTransitionOptions.java
2299	com.bumptech.glide.load.resource.bitmap.BitmapTransitionOptions	crossFade(com.bumptech.glide.request.transition.DrawableCrossFadeFactory)	0	[false]	androidx.annotation.NonNull	public	true	/home/nima/Developer/nullness-benchmarks/glide/library/src/main/java/com/bumptech/glide/load/resource/bitmap/BitmapTransitionOptions.java
2300	com.bumptech.glide.load.resource.bitmap.BitmapTransitionOptions	transitionUsing(com.bumptech.glide.request.transition.TransitionFactory)	0	[false]	androidx.annotation.NonNull	public	true	/home/nima/Developer/nullness-benchmarks/glide/library/src/main/java/com/bumptech/glide/load/resource/bitmap/BitmapTransitionOptions.java
2301	com.bumptech.glide.load.resource.bitmap.BitmapTransitionOptions	crossFade(com.bumptech.glide.request.transition.DrawableCrossFadeFactory.Builder)	0	[false]	androidx.annotation.NonNull	public	true	/home/nima/Developer/nullness-benchmarks/glide/library/src/main/java/com/bumptech/glide/load/resource/bitmap/BitmapTransitionOptions.java
2302	com.bumptech.glide.load.resource.bitmap.BitmapTransitionOptions	equals(java.lang.Object)	474	[false]	java.lang.Override	public	false	/home/nima/Developer/nullness-benchmarks/glide/library/src/main/java/com/bumptech/glide/load/resource/bitmap/BitmapTransitionOptions.java
2303	com.bumptech.glide.load.resource.bitmap.BitmapTransitionOptions	hashCode()	475	[]	java.lang.SuppressWarnings,java.lang.Override	public	false	/home/nima/Developer/nullness-benchmarks/glide/library/src/main/java/com/bumptech/glide/load/resource/bitmap/BitmapTransitionOptions.java
2304	com.bumptech.glide.request.transition.DrawableCrossFadeFactory	DrawableCrossFadeFactory(int,boolean)	0	[false, false]		protected	false	/home/nima/Developer/nullness-benchmarks/glide/library/src/main/java/com/bumptech/glide/request/transition/DrawableCrossFadeFactory.java
2305	com.bumptech.glide.request.transition.DrawableCrossFadeFactory	build(com.bumptech.glide.load.DataSource,boolean)	476	[false, false]	java.lang.Override	public	true	/home/nima/Developer/nullness-benchmarks/glide/library/src/main/java/com/bumptech/glide/request/transition/DrawableCrossFadeFactory.java
2306	com.bumptech.glide.request.transition.DrawableCrossFadeFactory	getResourceTransition()	0	[]		private	true	/home/nima/Developer/nullness-benchmarks/glide/library/src/main/java/com/bumptech/glide/request/transition/DrawableCrossFadeFactory.java
2307	com.bumptech.glide.request.transition.DrawableCrossFadeFactory$Builder	Builder()	0	[]		public	false	/home/nima/Developer/nullness-benchmarks/glide/library/src/main/java/com/bumptech/glide/request/transition/DrawableCrossFadeFactory.java
2308	com.bumptech.glide.request.transition.DrawableCrossFadeFactory$Builder	Builder(int)	0	[false]		public	false	/home/nima/Developer/nullness-benchmarks/glide/library/src/main/java/com/bumptech/glide/request/transition/DrawableCrossFadeFactory.java
2309	com.bumptech.glide.request.transition.DrawableCrossFadeFactory$Builder	setCrossFadeEnabled(boolean)	0	[false]		public	true	/home/nima/Developer/nullness-benchmarks/glide/library/src/main/java/com/bumptech/glide/request/transition/DrawableCrossFadeFactory.java
2310	com.bumptech.glide.request.transition.DrawableCrossFadeFactory$Builder	build()	0	[]		public	true	/home/nima/Developer/nullness-benchmarks/glide/library/src/main/java/com/bumptech/glide/request/transition/DrawableCrossFadeFactory.java
2311	com.bumptech.glide.request.transition.DrawableCrossFadeTransition	DrawableCrossFadeTransition(int,boolean)	0	[false, false]	java.lang.SuppressWarnings	public	false	/home/nima/Developer/nullness-benchmarks/glide/library/src/main/java/com/bumptech/glide/request/transition/DrawableCrossFadeTransition.java
2312	com.bumptech.glide.request.transition.DrawableCrossFadeTransition	transition(android.graphics.drawable.Drawable,com.bumptech.glide.request.transition.Transition.ViewAdapter)	479	[false, false]	java.lang.Override	public	false	/home/nima/Developer/nullness-benchmarks/glide/library/src/main/java/com/bumptech/glide/request/transition/DrawableCrossFadeTransition.java
2313	com.bumptech.glide.load.resource.bitmap.CircleCrop	transform(com.bumptech.glide.load.engine.bitmap_recycle.BitmapPool,android.graphics.Bitmap,int,int)	2136	[false, false, false, false]	java.lang.SuppressWarnings,java.lang.Override	protected	true	/home/nima/Developer/nullness-benchmarks/glide/library/src/main/java/com/bumptech/glide/load/resource/bitmap/CircleCrop.java
2314	com.bumptech.glide.load.resource.bitmap.CircleCrop	equals(java.lang.Object)	494	[false]	java.lang.Override	public	false	/home/nima/Developer/nullness-benchmarks/glide/library/src/main/java/com/bumptech/glide/load/resource/bitmap/CircleCrop.java
2315	com.bumptech.glide.load.resource.bitmap.CircleCrop	hashCode()	495	[]	java.lang.Override	public	false	/home/nima/Developer/nullness-benchmarks/glide/library/src/main/java/com/bumptech/glide/load/resource/bitmap/CircleCrop.java
2316	com.bumptech.glide.load.resource.bitmap.CircleCrop	updateDiskCacheKey(java.security.MessageDigest)	493	[false]	java.lang.Override	public	false	/home/nima/Developer/nullness-benchmarks/glide/library/src/main/java/com/bumptech/glide/load/resource/bitmap/CircleCrop.java
2317	com.bumptech.glide.load.resource.bitmap.BitmapDrawableResource	BitmapDrawableResource(android.graphics.drawable.BitmapDrawable,com.bumptech.glide.load.engine.bitmap_recycle.BitmapPool)	0	[false, false]	java.lang.SuppressWarnings	public	false	/home/nima/Developer/nullness-benchmarks/glide/library/src/main/java/com/bumptech/glide/load/resource/bitmap/BitmapDrawableResource.java
2318	com.bumptech.glide.load.resource.bitmap.BitmapDrawableResource	getResourceClass()	496	[]	androidx.annotation.NonNull,java.lang.Override	public	true	/home/nima/Developer/nullness-benchmarks/glide/library/src/main/java/com/bumptech/glide/load/resource/bitmap/BitmapDrawableResource.java
2319	com.bumptech.glide.load.resource.bitmap.BitmapDrawableResource	getSize()	498	[]	java.lang.Override	public	false	/home/nima/Developer/nullness-benchmarks/glide/library/src/main/java/com/bumptech/glide/load/resource/bitmap/BitmapDrawableResource.java
2320	com.bumptech.glide.load.resource.bitmap.BitmapDrawableResource	recycle()	499	[]	java.lang.Override	public	false	/home/nima/Developer/nullness-benchmarks/glide/library/src/main/java/com/bumptech/glide/load/resource/bitmap/BitmapDrawableResource.java
2321	com.bumptech.glide.load.resource.bitmap.BitmapDrawableResource	initialize()	2322	[]	java.lang.Override	public	false	/home/nima/Developer/nullness-benchmarks/glide/library/src/main/java/com/bumptech/glide/load/resource/bitmap/BitmapDrawableResource.java
2323	com.bumptech.glide.load.resource.drawable.DrawableResource	DrawableResource(T)	0	[false]		public	false	/home/nima/Developer/nullness-benchmarks/glide/library/src/main/java/com/bumptech/glide/load/resource/drawable/DrawableResource.java
2324	com.bumptech.glide.load.resource.drawable.DrawableResource	get()	497	[]	androidx.annotation.NonNull,java.lang.SuppressWarnings,java.lang.Override	public	true	/home/nima/Developer/nullness-benchmarks/glide/library/src/main/java/com/bumptech/glide/load/resource/drawable/DrawableResource.java
2322	com.bumptech.glide.load.resource.drawable.DrawableResource	initialize()	1759	[]	java.lang.Override	public	false	/home/nima/Developer/nullness-benchmarks/glide/library/src/main/java/com/bumptech/glide/load/resource/drawable/DrawableResource.java
2325	com.bumptech.glide.load.resource.bitmap.StreamBitmapDecoder	StreamBitmapDecoder(com.bumptech.glide.load.resource.bitmap.Downsampler,com.bumptech.glide.load.engine.bitmap_recycle.ArrayPool)	0	[false, false]		public	false	/home/nima/Developer/nullness-benchmarks/glide/library/src/main/java/com/bumptech/glide/load/resource/bitmap/StreamBitmapDecoder.java
2326	com.bumptech.glide.load.resource.bitmap.StreamBitmapDecoder	handles(java.io.InputStream,com.bumptech.glide.load.Options)	769	[false, false]	java.lang.Override	public	false	/home/nima/Developer/nullness-benchmarks/glide/library/src/main/java/com/bumptech/glide/load/resource/bitmap/StreamBitmapDecoder.java
2327	com.bumptech.glide.load.resource.bitmap.StreamBitmapDecoder	decode(java.io.InputStream,int,int,com.bumptech.glide.load.Options)	770	[false, false, false, false]	java.lang.Override	public	true	/home/nima/Developer/nullness-benchmarks/glide/library/src/main/java/com/bumptech/glide/load/resource/bitmap/StreamBitmapDecoder.java
2328	com.bumptech.glide.load.resource.bitmap.StreamBitmapDecoder$UntrustedCallbacks	UntrustedCallbacks(com.bumptech.glide.load.resource.bitmap.RecyclableBufferedInputStream,com.bumptech.glide.util.ExceptionPassthroughInputStream)	0	[false, false]		package	false	/home/nima/Developer/nullness-benchmarks/glide/library/src/main/java/com/bumptech/glide/load/resource/bitmap/StreamBitmapDecoder.java
2329	com.bumptech.glide.load.resource.bitmap.StreamBitmapDecoder$UntrustedCallbacks	onObtainBounds()	2066	[]	java.lang.Override	public	false	/home/nima/Developer/nullness-benchmarks/glide/library/src/main/java/com/bumptech/glide/load/resource/bitmap/StreamBitmapDecoder.java
2330	com.bumptech.glide.load.resource.bitmap.StreamBitmapDecoder$UntrustedCallbacks	onDecodeComplete(com.bumptech.glide.load.engine.bitmap_recycle.BitmapPool,android.graphics.Bitmap)	2068	[false, false]	java.lang.Override	public	false	/home/nima/Developer/nullness-benchmarks/glide/library/src/main/java/com/bumptech/glide/load/resource/bitmap/StreamBitmapDecoder.java
2331	com.bumptech.glide.load.resource.bitmap.UnitBitmapDecoder	handles(android.graphics.Bitmap,com.bumptech.glide.load.Options)	769	[false, false]	java.lang.Override	public	false	/home/nima/Developer/nullness-benchmarks/glide/library/src/main/java/com/bumptech/glide/load/resource/bitmap/UnitBitmapDecoder.java
2332	com.bumptech.glide.load.resource.bitmap.UnitBitmapDecoder	decode(android.graphics.Bitmap,int,int,com.bumptech.glide.load.Options)	770	[false, false, false, false]	java.lang.Override	public	true	/home/nima/Developer/nullness-benchmarks/glide/library/src/main/java/com/bumptech/glide/load/resource/bitmap/UnitBitmapDecoder.java
2333	com.bumptech.glide.load.resource.bitmap.UnitBitmapDecoder$NonOwnedBitmapResource	NonOwnedBitmapResource(android.graphics.Bitmap)	0	[false]		package	false	/home/nima/Developer/nullness-benchmarks/glide/library/src/main/java/com/bumptech/glide/load/resource/bitmap/UnitBitmapDecoder.java
2334	com.bumptech.glide.load.resource.bitmap.UnitBitmapDecoder$NonOwnedBitmapResource	getResourceClass()	496	[]	androidx.annotation.NonNull,java.lang.Override	public	true	/home/nima/Developer/nullness-benchmarks/glide/library/src/main/java/com/bumptech/glide/load/resource/bitmap/UnitBitmapDecoder.java
2335	com.bumptech.glide.load.resource.bitmap.UnitBitmapDecoder$NonOwnedBitmapResource	get()	497	[]	androidx.annotation.NonNull,java.lang.Override	public	true	/home/nima/Developer/nullness-benchmarks/glide/library/src/main/java/com/bumptech/glide/load/resource/bitmap/UnitBitmapDecoder.java
2336	com.bumptech.glide.load.resource.bitmap.UnitBitmapDecoder$NonOwnedBitmapResource	getSize()	498	[]	java.lang.Override	public	false	/home/nima/Developer/nullness-benchmarks/glide/library/src/main/java/com/bumptech/glide/load/resource/bitmap/UnitBitmapDecoder.java
2337	com.bumptech.glide.load.resource.bitmap.UnitBitmapDecoder$NonOwnedBitmapResource	recycle()	499	[]	java.lang.Override	public	false	/home/nima/Developer/nullness-benchmarks/glide/library/src/main/java/com/bumptech/glide/load/resource/bitmap/UnitBitmapDecoder.java
2338	com.bumptech.glide.load.resource.bitmap.DrawableTransformation	DrawableTransformation(com.bumptech.glide.load.Transformation,boolean)	0	[false, false]		public	false	/home/nima/Developer/nullness-benchmarks/glide/library/src/main/java/com/bumptech/glide/load/resource/bitmap/DrawableTransformation.java
2339	com.bumptech.glide.load.resource.bitmap.DrawableTransformation	asBitmapDrawable()	0	[]	java.lang.SuppressWarnings	public	true	/home/nima/Developer/nullness-benchmarks/glide/library/src/main/java/com/bumptech/glide/load/resource/bitmap/DrawableTransformation.java
2340	com.bumptech.glide.load.resource.bitmap.DrawableTransformation	transform(android.content.Context,com.bumptech.glide.load.engine.Resource,int,int)	492	[false, false, false, false]	androidx.annotation.NonNull,java.lang.Override	public	true	/home/nima/Developer/nullness-benchmarks/glide/library/src/main/java/com/bumptech/glide/load/resource/bitmap/DrawableTransformation.java
2341	com.bumptech.glide.load.resource.bitmap.DrawableTransformation	newDrawableResource(android.content.Context,com.bumptech.glide.load.engine.Resource)	0	[false, false]	java.lang.SuppressWarnings	private	true	/home/nima/Developer/nullness-benchmarks/glide/library/src/main/java/com/bumptech/glide/load/resource/bitmap/DrawableTransformation.java
2342	com.bumptech.glide.load.resource.bitmap.DrawableTransformation	equals(java.lang.Object)	494	[false]	java.lang.Override	public	false	/home/nima/Developer/nullness-benchmarks/glide/library/src/main/java/com/bumptech/glide/load/resource/bitmap/DrawableTransformation.java
2343	com.bumptech.glide.load.resource.bitmap.DrawableTransformation	hashCode()	495	[]	java.lang.Override	public	false	/home/nima/Developer/nullness-benchmarks/glide/library/src/main/java/com/bumptech/glide/load/resource/bitmap/DrawableTransformation.java
2344	com.bumptech.glide.load.resource.bitmap.DrawableTransformation	updateDiskCacheKey(java.security.MessageDigest)	493	[false]	java.lang.Override	public	false	/home/nima/Developer/nullness-benchmarks/glide/library/src/main/java/com/bumptech/glide/load/resource/bitmap/DrawableTransformation.java
2345	com.bumptech.glide.load.resource.bitmap.RoundedCorners	RoundedCorners(int)	0	[false]		public	false	/home/nima/Developer/nullness-benchmarks/glide/library/src/main/java/com/bumptech/glide/load/resource/bitmap/RoundedCorners.java
2346	com.bumptech.glide.load.resource.bitmap.RoundedCorners	transform(com.bumptech.glide.load.engine.bitmap_recycle.BitmapPool,android.graphics.Bitmap,int,int)	2136	[false, false, false, false]	java.lang.Override	protected	true	/home/nima/Developer/nullness-benchmarks/glide/library/src/main/java/com/bumptech/glide/load/resource/bitmap/RoundedCorners.java
2347	com.bumptech.glide.load.resource.bitmap.RoundedCorners	equals(java.lang.Object)	494	[false]	java.lang.Override	public	false	/home/nima/Developer/nullness-benchmarks/glide/library/src/main/java/com/bumptech/glide/load/resource/bitmap/RoundedCorners.java
2348	com.bumptech.glide.load.resource.bitmap.RoundedCorners	hashCode()	495	[]	java.lang.Override	public	false	/home/nima/Developer/nullness-benchmarks/glide/library/src/main/java/com/bumptech/glide/load/resource/bitmap/RoundedCorners.java
2349	com.bumptech.glide.load.resource.bitmap.RoundedCorners	updateDiskCacheKey(java.security.MessageDigest)	493	[false]	java.lang.Override	public	false	/home/nima/Developer/nullness-benchmarks/glide/library/src/main/java/com/bumptech/glide/load/resource/bitmap/RoundedCorners.java
2350	com.bumptech.glide.load.resource.bitmap.GranularRoundedCorners	GranularRoundedCorners(float,float,float,float)	0	[false, false, false, false]		public	false	/home/nima/Developer/nullness-benchmarks/glide/library/src/main/java/com/bumptech/glide/load/resource/bitmap/GranularRoundedCorners.java
2351	com.bumptech.glide.load.resource.bitmap.GranularRoundedCorners	transform(com.bumptech.glide.load.engine.bitmap_recycle.BitmapPool,android.graphics.Bitmap,int,int)	2136	[false, false, false, false]	java.lang.Override	protected	true	/home/nima/Developer/nullness-benchmarks/glide/library/src/main/java/com/bumptech/glide/load/resource/bitmap/GranularRoundedCorners.java
2352	com.bumptech.glide.load.resource.bitmap.GranularRoundedCorners	equals(java.lang.Object)	494	[false]	java.lang.Override	public	false	/home/nima/Developer/nullness-benchmarks/glide/library/src/main/java/com/bumptech/glide/load/resource/bitmap/GranularRoundedCorners.java
2353	com.bumptech.glide.load.resource.bitmap.GranularRoundedCorners	hashCode()	495	[]	java.lang.Override	public	false	/home/nima/Developer/nullness-benchmarks/glide/library/src/main/java/com/bumptech/glide/load/resource/bitmap/GranularRoundedCorners.java
2354	com.bumptech.glide.load.resource.bitmap.GranularRoundedCorners	updateDiskCacheKey(java.security.MessageDigest)	493	[false]	java.lang.Override	public	false	/home/nima/Developer/nullness-benchmarks/glide/library/src/main/java/com/bumptech/glide/load/resource/bitmap/GranularRoundedCorners.java
2355	com.bumptech.glide.load.resource.bitmap.VideoBitmapDecoder	VideoBitmapDecoder(android.content.Context)	0	[false]	java.lang.SuppressWarnings	public	false	/home/nima/Developer/nullness-benchmarks/glide/library/src/main/java/com/bumptech/glide/load/resource/bitmap/VideoBitmapDecoder.java
2356	com.bumptech.glide.load.resource.bitmap.VideoBitmapDecoder	VideoBitmapDecoder(com.bumptech.glide.load.engine.bitmap_recycle.BitmapPool)	0	[false]	java.lang.SuppressWarnings	public	false	/home/nima/Developer/nullness-benchmarks/glide/library/src/main/java/com/bumptech/glide/load/resource/bitmap/VideoBitmapDecoder.java
2357	com.bumptech.glide.load.resource.bitmap.BitmapDrawableDecoder	BitmapDrawableDecoder(android.content.Context,com.bumptech.glide.load.ResourceDecoder)	0	[false, false]	java.lang.SuppressWarnings	public	false	/home/nima/Developer/nullness-benchmarks/glide/library/src/main/java/com/bumptech/glide/load/resource/bitmap/BitmapDrawableDecoder.java
2358	com.bumptech.glide.load.resource.bitmap.BitmapDrawableDecoder	BitmapDrawableDecoder(android.content.res.Resources,com.bumptech.glide.load.engine.bitmap_recycle.BitmapPool,com.bumptech.glide.load.ResourceDecoder)	0	[false, false, false]	java.lang.Deprecated	public	false	/home/nima/Developer/nullness-benchmarks/glide/library/src/main/java/com/bumptech/glide/load/resource/bitmap/BitmapDrawableDecoder.java
2359	com.bumptech.glide.load.resource.bitmap.BitmapDrawableDecoder	BitmapDrawableDecoder(android.content.res.Resources,com.bumptech.glide.load.ResourceDecoder)	0	[false, false]		public	false	/home/nima/Developer/nullness-benchmarks/glide/library/src/main/java/com/bumptech/glide/load/resource/bitmap/BitmapDrawableDecoder.java
2360	com.bumptech.glide.load.resource.bitmap.BitmapDrawableDecoder	handles(DataType,com.bumptech.glide.load.Options)	769	[false, false]	java.lang.Override	public	false	/home/nima/Developer/nullness-benchmarks/glide/library/src/main/java/com/bumptech/glide/load/resource/bitmap/BitmapDrawableDecoder.java
2361	com.bumptech.glide.load.resource.bitmap.BitmapDrawableDecoder	decode(DataType,int,int,com.bumptech.glide.load.Options)	770	[false, false, false, false]	java.lang.Override	public	true	/home/nima/Developer/nullness-benchmarks/glide/library/src/main/java/com/bumptech/glide/load/resource/bitmap/BitmapDrawableDecoder.java
2362	com.bumptech.glide.load.resource.bitmap.ParcelFileDescriptorBitmapDecoder	ParcelFileDescriptorBitmapDecoder(com.bumptech.glide.load.resource.bitmap.Downsampler)	0	[false]		public	false	/home/nima/Developer/nullness-benchmarks/glide/library/src/main/java/com/bumptech/glide/load/resource/bitmap/ParcelFileDescriptorBitmapDecoder.java
2363	com.bumptech.glide.load.resource.bitmap.ParcelFileDescriptorBitmapDecoder	handles(android.os.ParcelFileDescriptor,com.bumptech.glide.load.Options)	769	[false, false]	java.lang.Override	public	false	/home/nima/Developer/nullness-benchmarks/glide/library/src/main/java/com/bumptech/glide/load/resource/bitmap/ParcelFileDescriptorBitmapDecoder.java
2364	com.bumptech.glide.load.resource.bitmap.ParcelFileDescriptorBitmapDecoder	isSafeToTryDecoding(android.os.ParcelFileDescriptor)	0	[false]		private	false	/home/nima/Developer/nullness-benchmarks/glide/library/src/main/java/com/bumptech/glide/load/resource/bitmap/ParcelFileDescriptorBitmapDecoder.java
2365	com.bumptech.glide.load.resource.bitmap.ParcelFileDescriptorBitmapDecoder	decode(android.os.ParcelFileDescriptor,int,int,com.bumptech.glide.load.Options)	770	[false, false, false, false]	androidx.annotation.Nullable,java.lang.Override	public	true	/home/nima/Developer/nullness-benchmarks/glide/library/src/main/java/com/bumptech/glide/load/resource/bitmap/ParcelFileDescriptorBitmapDecoder.java
2366	com.bumptech.glide.load.resource.bitmap.CenterCrop	transform(com.bumptech.glide.load.engine.bitmap_recycle.BitmapPool,android.graphics.Bitmap,int,int)	2136	[false, false, false, false]	java.lang.Override	protected	true	/home/nima/Developer/nullness-benchmarks/glide/library/src/main/java/com/bumptech/glide/load/resource/bitmap/CenterCrop.java
2367	com.bumptech.glide.load.resource.bitmap.CenterCrop	equals(java.lang.Object)	494	[false]	java.lang.Override	public	false	/home/nima/Developer/nullness-benchmarks/glide/library/src/main/java/com/bumptech/glide/load/resource/bitmap/CenterCrop.java
2368	com.bumptech.glide.load.resource.bitmap.CenterCrop	hashCode()	495	[]	java.lang.Override	public	false	/home/nima/Developer/nullness-benchmarks/glide/library/src/main/java/com/bumptech/glide/load/resource/bitmap/CenterCrop.java
2369	com.bumptech.glide.load.resource.bitmap.CenterCrop	updateDiskCacheKey(java.security.MessageDigest)	493	[false]	java.lang.Override	public	false	/home/nima/Developer/nullness-benchmarks/glide/library/src/main/java/com/bumptech/glide/load/resource/bitmap/CenterCrop.java
2370	com.bumptech.glide.load.resource.bitmap.ExifInterfaceImageHeaderParser	getType(java.io.InputStream)	776	[false]	androidx.annotation.NonNull,java.lang.Override	public	true	/home/nima/Developer/nullness-benchmarks/glide/library/src/main/java/com/bumptech/glide/load/resource/bitmap/ExifInterfaceImageHeaderParser.java
2371	com.bumptech.glide.load.resource.bitmap.ExifInterfaceImageHeaderParser	getType(java.nio.ByteBuffer)	777	[false]	androidx.annotation.NonNull,java.lang.Override	public	true	/home/nima/Developer/nullness-benchmarks/glide/library/src/main/java/com/bumptech/glide/load/resource/bitmap/ExifInterfaceImageHeaderParser.java
2372	com.bumptech.glide.load.resource.bitmap.ExifInterfaceImageHeaderParser	getOrientation(java.io.InputStream,com.bumptech.glide.load.engine.bitmap_recycle.ArrayPool)	778	[false, false]	java.lang.Override	public	false	/home/nima/Developer/nullness-benchmarks/glide/library/src/main/java/com/bumptech/glide/load/resource/bitmap/ExifInterfaceImageHeaderParser.java
2373	com.bumptech.glide.load.resource.bitmap.ExifInterfaceImageHeaderParser	getOrientation(java.nio.ByteBuffer,com.bumptech.glide.load.engine.bitmap_recycle.ArrayPool)	779	[false, false]	java.lang.Override	public	false	/home/nima/Developer/nullness-benchmarks/glide/library/src/main/java/com/bumptech/glide/load/resource/bitmap/ExifInterfaceImageHeaderParser.java
2374	com.bumptech.glide.load.resource.bitmap.ExifInterfaceImageHeaderParser	hasJpegMpf(java.io.InputStream,com.bumptech.glide.load.engine.bitmap_recycle.ArrayPool)	780	[false, false]	java.lang.Override	public	false	/home/nima/Developer/nullness-benchmarks/glide/library/src/main/java/com/bumptech/glide/load/resource/bitmap/ExifInterfaceImageHeaderParser.java
2375	com.bumptech.glide.load.resource.bitmap.ExifInterfaceImageHeaderParser	hasJpegMpf(java.nio.ByteBuffer,com.bumptech.glide.load.engine.bitmap_recycle.ArrayPool)	781	[false, false]	java.lang.Override	public	false	/home/nima/Developer/nullness-benchmarks/glide/library/src/main/java/com/bumptech/glide/load/resource/bitmap/ExifInterfaceImageHeaderParser.java
2376	com.bumptech.glide.load.resource.bitmap.TransformationUtils	TransformationUtils()	0	[]		private	false	/home/nima/Developer/nullness-benchmarks/glide/library/src/main/java/com/bumptech/glide/load/resource/bitmap/TransformationUtils.java
2377	com.bumptech.glide.load.resource.bitmap.TransformationUtils	getBitmapDrawableLock()	0	[]		public	true	/home/nima/Developer/nullness-benchmarks/glide/library/src/main/java/com/bumptech/glide/load/resource/bitmap/TransformationUtils.java
2378	com.bumptech.glide.load.resource.bitmap.TransformationUtils	centerCrop(com.bumptech.glide.load.engine.bitmap_recycle.BitmapPool,android.graphics.Bitmap,int,int)	0	[false, false, false, false]		public	true	/home/nima/Developer/nullness-benchmarks/glide/library/src/main/java/com/bumptech/glide/load/resource/bitmap/TransformationUtils.java
2379	com.bumptech.glide.load.resource.bitmap.TransformationUtils	fitCenter(com.bumptech.glide.load.engine.bitmap_recycle.BitmapPool,android.graphics.Bitmap,int,int)	0	[false, false, false, false]		public	true	/home/nima/Developer/nullness-benchmarks/glide/library/src/main/java/com/bumptech/glide/load/resource/bitmap/TransformationUtils.java
2380	com.bumptech.glide.load.resource.bitmap.TransformationUtils	centerInside(com.bumptech.glide.load.engine.bitmap_recycle.BitmapPool,android.graphics.Bitmap,int,int)	0	[false, false, false, false]		public	true	/home/nima/Developer/nullness-benchmarks/glide/library/src/main/java/com/bumptech/glide/load/resource/bitmap/TransformationUtils.java
2381	com.bumptech.glide.load.resource.bitmap.TransformationUtils	setAlpha(android.graphics.Bitmap,android.graphics.Bitmap)	0	[false, false]		public	false	/home/nima/Developer/nullness-benchmarks/glide/library/src/main/java/com/bumptech/glide/load/resource/bitmap/TransformationUtils.java
2382	com.bumptech.glide.load.resource.bitmap.TransformationUtils	rotateImage(android.graphics.Bitmap,int)	0	[false, false]		public	true	/home/nima/Developer/nullness-benchmarks/glide/library/src/main/java/com/bumptech/glide/load/resource/bitmap/TransformationUtils.java
2383	com.bumptech.glide.load.resource.bitmap.TransformationUtils	getExifOrientationDegrees(int)	0	[false]		public	false	/home/nima/Developer/nullness-benchmarks/glide/library/src/main/java/com/bumptech/glide/load/resource/bitmap/TransformationUtils.java
2384	com.bumptech.glide.load.resource.bitmap.TransformationUtils	rotateImageExif(com.bumptech.glide.load.engine.bitmap_recycle.BitmapPool,android.graphics.Bitmap,int)	0	[false, false, false]		public	true	/home/nima/Developer/nullness-benchmarks/glide/library/src/main/java/com/bumptech/glide/load/resource/bitmap/TransformationUtils.java
2385	com.bumptech.glide.load.resource.bitmap.TransformationUtils	isExifOrientationRequired(int)	0	[false]		public	false	/home/nima/Developer/nullness-benchmarks/glide/library/src/main/java/com/bumptech/glide/load/resource/bitmap/TransformationUtils.java
2386	com.bumptech.glide.load.resource.bitmap.TransformationUtils	circleCrop(com.bumptech.glide.load.engine.bitmap_recycle.BitmapPool,android.graphics.Bitmap,int,int)	0	[false, false, false, false]		public	true	/home/nima/Developer/nullness-benchmarks/glide/library/src/main/java/com/bumptech/glide/load/resource/bitmap/TransformationUtils.java
2387	com.bumptech.glide.load.resource.bitmap.TransformationUtils	getAlphaSafeBitmap(com.bumptech.glide.load.engine.bitmap_recycle.BitmapPool,android.graphics.Bitmap)	0	[false, false]		private	true	/home/nima/Developer/nullness-benchmarks/glide/library/src/main/java/com/bumptech/glide/load/resource/bitmap/TransformationUtils.java
2388	com.bumptech.glide.load.resource.bitmap.TransformationUtils	getAlphaSafeConfig(android.graphics.Bitmap)	0	[false]	androidx.annotation.NonNull	private	true	/home/nima/Developer/nullness-benchmarks/glide/library/src/main/java/com/bumptech/glide/load/resource/bitmap/TransformationUtils.java
2389	com.bumptech.glide.load.resource.bitmap.TransformationUtils	roundedCorners(com.bumptech.glide.load.engine.bitmap_recycle.BitmapPool,android.graphics.Bitmap,int,int,int)	0	[false, false, false, false, false]	java.lang.Deprecated	public	true	/home/nima/Developer/nullness-benchmarks/glide/library/src/main/java/com/bumptech/glide/load/resource/bitmap/TransformationUtils.java
2390	com.bumptech.glide.load.resource.bitmap.TransformationUtils	roundedCorners(com.bumptech.glide.load.engine.bitmap_recycle.BitmapPool,android.graphics.Bitmap,int)	0	[false, false, false]		public	true	/home/nima/Developer/nullness-benchmarks/glide/library/src/main/java/com/bumptech/glide/load/resource/bitmap/TransformationUtils.java
2391	com.bumptech.glide.load.resource.bitmap.TransformationUtils$1	drawRoundedCorners(android.graphics.Canvas,android.graphics.Paint,android.graphics.RectF)	2392	[false, false, false]	java.lang.Override	public	false	/home/nima/Developer/nullness-benchmarks/glide/library/src/main/java/com/bumptech/glide/load/resource/bitmap/TransformationUtils.java
2393	com.bumptech.glide.load.resource.bitmap.TransformationUtils	roundedCorners(com.bumptech.glide.load.engine.bitmap_recycle.BitmapPool,android.graphics.Bitmap,float,float,float,float)	0	[false, false, false, false, false, false]		public	true	/home/nima/Developer/nullness-benchmarks/glide/library/src/main/java/com/bumptech/glide/load/resource/bitmap/TransformationUtils.java
2394	com.bumptech.glide.load.resource.bitmap.TransformationUtils$2	drawRoundedCorners(android.graphics.Canvas,android.graphics.Paint,android.graphics.RectF)	2392	[false, false, false]	java.lang.Override	public	false	/home/nima/Developer/nullness-benchmarks/glide/library/src/main/java/com/bumptech/glide/load/resource/bitmap/TransformationUtils.java
2395	com.bumptech.glide.load.resource.bitmap.TransformationUtils	roundedCorners(com.bumptech.glide.load.engine.bitmap_recycle.BitmapPool,android.graphics.Bitmap,com.bumptech.glide.load.resource.bitmap.TransformationUtils.DrawRoundedCornerFn)	0	[false, false, false]		private	true	/home/nima/Developer/nullness-benchmarks/glide/library/src/main/java/com/bumptech/glide/load/resource/bitmap/TransformationUtils.java
2396	com.bumptech.glide.load.resource.bitmap.TransformationUtils	clear(android.graphics.Canvas)	0	[false]		private	false	/home/nima/Developer/nullness-benchmarks/glide/library/src/main/java/com/bumptech/glide/load/resource/bitmap/TransformationUtils.java
2397	com.bumptech.glide.load.resource.bitmap.TransformationUtils	getNonNullConfig(android.graphics.Bitmap)	0	[false]	androidx.annotation.NonNull	private	true	/home/nima/Developer/nullness-benchmarks/glide/library/src/main/java/com/bumptech/glide/load/resource/bitmap/TransformationUtils.java
2398	com.bumptech.glide.load.resource.bitmap.TransformationUtils	applyMatrix(android.graphics.Bitmap,android.graphics.Bitmap,android.graphics.Matrix)	0	[false, false, false]		private	false	/home/nima/Developer/nullness-benchmarks/glide/library/src/main/java/com/bumptech/glide/load/resource/bitmap/TransformationUtils.java
2399	com.bumptech.glide.load.resource.bitmap.TransformationUtils	initializeMatrixForRotation(int,android.graphics.Matrix)	0	[false, false]	androidx.annotation.VisibleForTesting	package	false	/home/nima/Developer/nullness-benchmarks/glide/library/src/main/java/com/bumptech/glide/load/resource/bitmap/TransformationUtils.java
2392	com.bumptech.glide.load.resource.bitmap.TransformationUtils$DrawRoundedCornerFn	drawRoundedCorners(android.graphics.Canvas,android.graphics.Paint,android.graphics.RectF)	0	[false, false, false]		public	false	/home/nima/Developer/nullness-benchmarks/glide/library/src/main/java/com/bumptech/glide/load/resource/bitmap/TransformationUtils.java
2400	com.bumptech.glide.load.resource.bitmap.TransformationUtils$NoLock	NoLock()	0	[]	com.bumptech.glide.util.Synthetic	package	false	/home/nima/Developer/nullness-benchmarks/glide/library/src/main/java/com/bumptech/glide/load/resource/bitmap/TransformationUtils.java
2401	com.bumptech.glide.load.resource.bitmap.TransformationUtils$NoLock	lock()	2402	[]	java.lang.Override	public	false	/home/nima/Developer/nullness-benchmarks/glide/library/src/main/java/com/bumptech/glide/load/resource/bitmap/TransformationUtils.java
2403	com.bumptech.glide.load.resource.bitmap.TransformationUtils$NoLock	lockInterruptibly()	2404	[]	java.lang.Override	public	false	/home/nima/Developer/nullness-benchmarks/glide/library/src/main/java/com/bumptech/glide/load/resource/bitmap/TransformationUtils.java
2405	com.bumptech.glide.load.resource.bitmap.TransformationUtils$NoLock	tryLock()	2406	[]	java.lang.Override	public	false	/home/nima/Developer/nullness-benchmarks/glide/library/src/main/java/com/bumptech/glide/load/resource/bitmap/TransformationUtils.java
2407	com.bumptech.glide.load.resource.bitmap.TransformationUtils$NoLock	tryLock(long,java.util.concurrent.TimeUnit)	2408	[false, false]	java.lang.Override	public	false	/home/nima/Developer/nullness-benchmarks/glide/library/src/main/java/com/bumptech/glide/load/resource/bitmap/TransformationUtils.java
2409	com.bumptech.glide.load.resource.bitmap.TransformationUtils$NoLock	unlock()	2410	[]	java.lang.Override	public	false	/home/nima/Developer/nullness-benchmarks/glide/library/src/main/java/com/bumptech/glide/load/resource/bitmap/TransformationUtils.java
2411	com.bumptech.glide.load.resource.bitmap.TransformationUtils$NoLock	newCondition()	2412	[]	androidx.annotation.NonNull,java.lang.Override	public	true	/home/nima/Developer/nullness-benchmarks/glide/library/src/main/java/com/bumptech/glide/load/resource/bitmap/TransformationUtils.java
2413	com.bumptech.glide.load.resource.bitmap.ByteBufferBitmapDecoder	ByteBufferBitmapDecoder(com.bumptech.glide.load.resource.bitmap.Downsampler)	0	[false]		public	false	/home/nima/Developer/nullness-benchmarks/glide/library/src/main/java/com/bumptech/glide/load/resource/bitmap/ByteBufferBitmapDecoder.java
2414	com.bumptech.glide.load.resource.bitmap.ByteBufferBitmapDecoder	handles(java.nio.ByteBuffer,com.bumptech.glide.load.Options)	769	[false, false]	java.lang.Override	public	false	/home/nima/Developer/nullness-benchmarks/glide/library/src/main/java/com/bumptech/glide/load/resource/bitmap/ByteBufferBitmapDecoder.java
2415	com.bumptech.glide.load.resource.bitmap.ByteBufferBitmapDecoder	decode(java.nio.ByteBuffer,int,int,com.bumptech.glide.load.Options)	770	[false, false, false, false]	java.lang.Override	public	true	/home/nima/Developer/nullness-benchmarks/glide/library/src/main/java/com/bumptech/glide/load/resource/bitmap/ByteBufferBitmapDecoder.java
2416	com.bumptech.glide.load.resource.drawable.UnitDrawableDecoder	handles(android.graphics.drawable.Drawable,com.bumptech.glide.load.Options)	769	[false, false]	java.lang.Override	public	false	/home/nima/Developer/nullness-benchmarks/glide/library/src/main/java/com/bumptech/glide/load/resource/drawable/UnitDrawableDecoder.java
2417	com.bumptech.glide.load.resource.drawable.UnitDrawableDecoder	decode(android.graphics.drawable.Drawable,int,int,com.bumptech.glide.load.Options)	770	[false, false, false, false]	androidx.annotation.Nullable,java.lang.Override	public	true	/home/nima/Developer/nullness-benchmarks/glide/library/src/main/java/com/bumptech/glide/load/resource/drawable/UnitDrawableDecoder.java
2418	com.bumptech.glide.load.resource.drawable.AnimatedImageDecoder	streamDecoder(java.util.List,com.bumptech.glide.load.engine.bitmap_recycle.ArrayPool)	0	[false, false]		public	true	/home/nima/Developer/nullness-benchmarks/glide/library/src/main/java/com/bumptech/glide/load/resource/drawable/AnimatedImageDecoder.java
2419	com.bumptech.glide.load.resource.drawable.AnimatedImageDecoder	byteBufferDecoder(java.util.List,com.bumptech.glide.load.engine.bitmap_recycle.ArrayPool)	0	[false, false]		public	true	/home/nima/Developer/nullness-benchmarks/glide/library/src/main/java/com/bumptech/glide/load/resource/drawable/AnimatedImageDecoder.java
2420	com.bumptech.glide.load.resource.drawable.AnimatedImageDecoder	AnimatedImageDecoder(java.util.List,com.bumptech.glide.load.engine.bitmap_recycle.ArrayPool)	0	[false, false]		private	false	/home/nima/Developer/nullness-benchmarks/glide/library/src/main/java/com/bumptech/glide/load/resource/drawable/AnimatedImageDecoder.java
2421	com.bumptech.glide.load.resource.drawable.AnimatedImageDecoder	handles(java.nio.ByteBuffer)	0	[false]	com.bumptech.glide.util.Synthetic	package	false	/home/nima/Developer/nullness-benchmarks/glide/library/src/main/java/com/bumptech/glide/load/resource/drawable/AnimatedImageDecoder.java
2422	com.bumptech.glide.load.resource.drawable.AnimatedImageDecoder	handles(java.io.InputStream)	0	[false]	com.bumptech.glide.util.Synthetic	package	false	/home/nima/Developer/nullness-benchmarks/glide/library/src/main/java/com/bumptech/glide/load/resource/drawable/AnimatedImageDecoder.java
2423	com.bumptech.glide.load.resource.drawable.AnimatedImageDecoder	isHandled(com.bumptech.glide.load.ImageHeaderParser.ImageType)	0	[false]	java.lang.SuppressWarnings	private	false	/home/nima/Developer/nullness-benchmarks/glide/library/src/main/java/com/bumptech/glide/load/resource/drawable/AnimatedImageDecoder.java
2424	com.bumptech.glide.load.resource.drawable.AnimatedImageDecoder	decode(android.graphics.ImageDecoder.Source,int,int,com.bumptech.glide.load.Options)	0	[false, false, false, false]	com.bumptech.glide.util.Synthetic	package	true	/home/nima/Developer/nullness-benchmarks/glide/library/src/main/java/com/bumptech/glide/load/resource/drawable/AnimatedImageDecoder.java
2425	com.bumptech.glide.load.resource.drawable.AnimatedImageDecoder$AnimatedImageDrawableResource	AnimatedImageDrawableResource(android.graphics.drawable.AnimatedImageDrawable)	0	[false]		package	false	/home/nima/Developer/nullness-benchmarks/glide/library/src/main/java/com/bumptech/glide/load/resource/drawable/AnimatedImageDecoder.java
2426	com.bumptech.glide.load.resource.drawable.AnimatedImageDecoder$AnimatedImageDrawableResource	getResourceClass()	496	[]	androidx.annotation.NonNull,java.lang.Override	public	true	/home/nima/Developer/nullness-benchmarks/glide/library/src/main/java/com/bumptech/glide/load/resource/drawable/AnimatedImageDecoder.java
2427	com.bumptech.glide.load.resource.drawable.AnimatedImageDecoder$AnimatedImageDrawableResource	get()	497	[]	androidx.annotation.NonNull,java.lang.Override	public	true	/home/nima/Developer/nullness-benchmarks/glide/library/src/main/java/com/bumptech/glide/load/resource/drawable/AnimatedImageDecoder.java
2428	com.bumptech.glide.load.resource.drawable.AnimatedImageDecoder$AnimatedImageDrawableResource	getSize()	498	[]	java.lang.Override	public	false	/home/nima/Developer/nullness-benchmarks/glide/library/src/main/java/com/bumptech/glide/load/resource/drawable/AnimatedImageDecoder.java
2429	com.bumptech.glide.load.resource.drawable.AnimatedImageDecoder$AnimatedImageDrawableResource	recycle()	499	[]	java.lang.Override	public	false	/home/nima/Developer/nullness-benchmarks/glide/library/src/main/java/com/bumptech/glide/load/resource/drawable/AnimatedImageDecoder.java
2430	com.bumptech.glide.load.resource.drawable.AnimatedImageDecoder$StreamAnimatedImageDecoder	StreamAnimatedImageDecoder(com.bumptech.glide.load.resource.drawable.AnimatedImageDecoder)	0	[false]		package	false	/home/nima/Developer/nullness-benchmarks/glide/library/src/main/java/com/bumptech/glide/load/resource/drawable/AnimatedImageDecoder.java
2431	com.bumptech.glide.load.resource.drawable.AnimatedImageDecoder$StreamAnimatedImageDecoder	handles(java.io.InputStream,com.bumptech.glide.load.Options)	769	[false, false]	java.lang.Override	public	false	/home/nima/Developer/nullness-benchmarks/glide/library/src/main/java/com/bumptech/glide/load/resource/drawable/AnimatedImageDecoder.java
2432	com.bumptech.glide.load.resource.drawable.AnimatedImageDecoder$StreamAnimatedImageDecoder	decode(java.io.InputStream,int,int,com.bumptech.glide.load.Options)	770	[false, false, false, false]	java.lang.Override	public	true	/home/nima/Developer/nullness-benchmarks/glide/library/src/main/java/com/bumptech/glide/load/resource/drawable/AnimatedImageDecoder.java
2433	com.bumptech.glide.load.resource.drawable.AnimatedImageDecoder$ByteBufferAnimatedImageDecoder	ByteBufferAnimatedImageDecoder(com.bumptech.glide.load.resource.drawable.AnimatedImageDecoder)	0	[false]		package	false	/home/nima/Developer/nullness-benchmarks/glide/library/src/main/java/com/bumptech/glide/load/resource/drawable/AnimatedImageDecoder.java
2434	com.bumptech.glide.load.resource.drawable.AnimatedImageDecoder$ByteBufferAnimatedImageDecoder	handles(java.nio.ByteBuffer,com.bumptech.glide.load.Options)	769	[false, false]	java.lang.Override	public	false	/home/nima/Developer/nullness-benchmarks/glide/library/src/main/java/com/bumptech/glide/load/resource/drawable/AnimatedImageDecoder.java
2435	com.bumptech.glide.load.resource.drawable.AnimatedImageDecoder$ByteBufferAnimatedImageDecoder	decode(java.nio.ByteBuffer,int,int,com.bumptech.glide.load.Options)	770	[false, false, false, false]	java.lang.Override	public	true	/home/nima/Developer/nullness-benchmarks/glide/library/src/main/java/com/bumptech/glide/load/resource/drawable/AnimatedImageDecoder.java
2436	com.bumptech.glide.load.resource.drawable.AnimatedWebpDecoder	streamDecoder(java.util.List,com.bumptech.glide.load.engine.bitmap_recycle.ArrayPool)	0	[false, false]		public	true	/home/nima/Developer/nullness-benchmarks/glide/library/src/main/java/com/bumptech/glide/load/resource/drawable/AnimatedWebpDecoder.java
2437	com.bumptech.glide.load.resource.drawable.AnimatedWebpDecoder	byteBufferDecoder(java.util.List,com.bumptech.glide.load.engine.bitmap_recycle.ArrayPool)	0	[false, false]		public	true	/home/nima/Developer/nullness-benchmarks/glide/library/src/main/java/com/bumptech/glide/load/resource/drawable/AnimatedWebpDecoder.java
2438	com.bumptech.glide.load.resource.drawable.AnimatedWebpDecoder	AnimatedWebpDecoder(java.util.List,com.bumptech.glide.load.engine.bitmap_recycle.ArrayPool)	0	[false, false]		private	false	/home/nima/Developer/nullness-benchmarks/glide/library/src/main/java/com/bumptech/glide/load/resource/drawable/AnimatedWebpDecoder.java
2439	com.bumptech.glide.load.resource.drawable.AnimatedWebpDecoder	handles(java.nio.ByteBuffer)	0	[false]	com.bumptech.glide.util.Synthetic	package	false	/home/nima/Developer/nullness-benchmarks/glide/library/src/main/java/com/bumptech/glide/load/resource/drawable/AnimatedWebpDecoder.java
2440	com.bumptech.glide.load.resource.drawable.AnimatedWebpDecoder	handles(java.io.InputStream)	0	[false]	com.bumptech.glide.util.Synthetic	package	false	/home/nima/Developer/nullness-benchmarks/glide/library/src/main/java/com/bumptech/glide/load/resource/drawable/AnimatedWebpDecoder.java
2441	com.bumptech.glide.load.resource.drawable.AnimatedWebpDecoder	isHandled(com.bumptech.glide.load.ImageHeaderParser.ImageType)	0	[false]		private	false	/home/nima/Developer/nullness-benchmarks/glide/library/src/main/java/com/bumptech/glide/load/resource/drawable/AnimatedWebpDecoder.java
2442	com.bumptech.glide.load.resource.drawable.AnimatedWebpDecoder	decode(android.graphics.ImageDecoder.Source,int,int,com.bumptech.glide.load.Options)	0	[false, false, false, false]	com.bumptech.glide.util.Synthetic	package	true	/home/nima/Developer/nullness-benchmarks/glide/library/src/main/java/com/bumptech/glide/load/resource/drawable/AnimatedWebpDecoder.java
2443	com.bumptech.glide.load.resource.drawable.AnimatedWebpDecoder$AnimatedImageDrawableResource	AnimatedImageDrawableResource(android.graphics.drawable.AnimatedImageDrawable)	0	[false]		package	false	/home/nima/Developer/nullness-benchmarks/glide/library/src/main/java/com/bumptech/glide/load/resource/drawable/AnimatedWebpDecoder.java
2444	com.bumptech.glide.load.resource.drawable.AnimatedWebpDecoder$AnimatedImageDrawableResource	getResourceClass()	496	[]	androidx.annotation.NonNull,java.lang.Override	public	true	/home/nima/Developer/nullness-benchmarks/glide/library/src/main/java/com/bumptech/glide/load/resource/drawable/AnimatedWebpDecoder.java
2445	com.bumptech.glide.load.resource.drawable.AnimatedWebpDecoder$AnimatedImageDrawableResource	get()	497	[]	androidx.annotation.NonNull,java.lang.Override	public	true	/home/nima/Developer/nullness-benchmarks/glide/library/src/main/java/com/bumptech/glide/load/resource/drawable/AnimatedWebpDecoder.java
2446	com.bumptech.glide.load.resource.drawable.AnimatedWebpDecoder$AnimatedImageDrawableResource	getSize()	498	[]	java.lang.Override	public	false	/home/nima/Developer/nullness-benchmarks/glide/library/src/main/java/com/bumptech/glide/load/resource/drawable/AnimatedWebpDecoder.java
2447	com.bumptech.glide.load.resource.drawable.AnimatedWebpDecoder$AnimatedImageDrawableResource	recycle()	499	[]	java.lang.Override	public	false	/home/nima/Developer/nullness-benchmarks/glide/library/src/main/java/com/bumptech/glide/load/resource/drawable/AnimatedWebpDecoder.java
2448	com.bumptech.glide.load.resource.drawable.AnimatedWebpDecoder$StreamAnimatedWebpDecoder	StreamAnimatedWebpDecoder(com.bumptech.glide.load.resource.drawable.AnimatedWebpDecoder)	0	[false]		package	false	/home/nima/Developer/nullness-benchmarks/glide/library/src/main/java/com/bumptech/glide/load/resource/drawable/AnimatedWebpDecoder.java
2449	com.bumptech.glide.load.resource.drawable.AnimatedWebpDecoder$StreamAnimatedWebpDecoder	handles(java.io.InputStream,com.bumptech.glide.load.Options)	769	[false, false]	java.lang.Override	public	false	/home/nima/Developer/nullness-benchmarks/glide/library/src/main/java/com/bumptech/glide/load/resource/drawable/AnimatedWebpDecoder.java
2450	com.bumptech.glide.load.resource.drawable.AnimatedWebpDecoder$StreamAnimatedWebpDecoder	decode(java.io.InputStream,int,int,com.bumptech.glide.load.Options)	770	[false, false, false, false]	java.lang.Override	public	true	/home/nima/Developer/nullness-benchmarks/glide/library/src/main/java/com/bumptech/glide/load/resource/drawable/AnimatedWebpDecoder.java
2451	com.bumptech.glide.load.resource.drawable.AnimatedWebpDecoder$ByteBufferAnimatedWebpDecoder	ByteBufferAnimatedWebpDecoder(com.bumptech.glide.load.resource.drawable.AnimatedWebpDecoder)	0	[false]		package	false	/home/nima/Developer/nullness-benchmarks/glide/library/src/main/java/com/bumptech/glide/load/resource/drawable/AnimatedWebpDecoder.java
2452	com.bumptech.glide.load.resource.drawable.AnimatedWebpDecoder$ByteBufferAnimatedWebpDecoder	handles(java.nio.ByteBuffer,com.bumptech.glide.load.Options)	769	[false, false]	java.lang.Override	public	false	/home/nima/Developer/nullness-benchmarks/glide/library/src/main/java/com/bumptech/glide/load/resource/drawable/AnimatedWebpDecoder.java
2453	com.bumptech.glide.load.resource.drawable.AnimatedWebpDecoder$ByteBufferAnimatedWebpDecoder	decode(java.nio.ByteBuffer,int,int,com.bumptech.glide.load.Options)	770	[false, false, false, false]	java.lang.Override	public	true	/home/nima/Developer/nullness-benchmarks/glide/library/src/main/java/com/bumptech/glide/load/resource/drawable/AnimatedWebpDecoder.java
2454	com.bumptech.glide.load.resource.drawable.NonOwnedDrawableResource	newInstance(android.graphics.drawable.Drawable)	0	[true]	java.lang.SuppressWarnings,androidx.annotation.Nullable	package	true	/home/nima/Developer/nullness-benchmarks/glide/library/src/main/java/com/bumptech/glide/load/resource/drawable/NonOwnedDrawableResource.java
2455	com.bumptech.glide.load.resource.drawable.NonOwnedDrawableResource	NonOwnedDrawableResource(android.graphics.drawable.Drawable)	0	[false]		private	false	/home/nima/Developer/nullness-benchmarks/glide/library/src/main/java/com/bumptech/glide/load/resource/drawable/NonOwnedDrawableResource.java
2456	com.bumptech.glide.load.resource.drawable.NonOwnedDrawableResource	getResourceClass()	496	[]	androidx.annotation.NonNull,java.lang.SuppressWarnings,java.lang.Override	public	true	/home/nima/Developer/nullness-benchmarks/glide/library/src/main/java/com/bumptech/glide/load/resource/drawable/NonOwnedDrawableResource.java
2457	com.bumptech.glide.load.resource.drawable.NonOwnedDrawableResource	getSize()	498	[]	java.lang.Override	public	false	/home/nima/Developer/nullness-benchmarks/glide/library/src/main/java/com/bumptech/glide/load/resource/drawable/NonOwnedDrawableResource.java
2458	com.bumptech.glide.load.resource.drawable.NonOwnedDrawableResource	recycle()	499	[]	java.lang.Override	public	false	/home/nima/Developer/nullness-benchmarks/glide/library/src/main/java/com/bumptech/glide/load/resource/drawable/NonOwnedDrawableResource.java
2459	com.bumptech.glide.load.resource.drawable.DrawableTransitionOptions	withCrossFade()	0	[]	androidx.annotation.NonNull	public	true	/home/nima/Developer/nullness-benchmarks/glide/library/src/main/java/com/bumptech/glide/load/resource/drawable/DrawableTransitionOptions.java
2460	com.bumptech.glide.load.resource.drawable.DrawableTransitionOptions	withCrossFade(int)	0	[false]	androidx.annotation.NonNull	public	true	/home/nima/Developer/nullness-benchmarks/glide/library/src/main/java/com/bumptech/glide/load/resource/drawable/DrawableTransitionOptions.java
2461	com.bumptech.glide.load.resource.drawable.DrawableTransitionOptions	withCrossFade(com.bumptech.glide.request.transition.DrawableCrossFadeFactory)	0	[false]	androidx.annotation.NonNull	public	true	/home/nima/Developer/nullness-benchmarks/glide/library/src/main/java/com/bumptech/glide/load/resource/drawable/DrawableTransitionOptions.java
2462	com.bumptech.glide.load.resource.drawable.DrawableTransitionOptions	withCrossFade(com.bumptech.glide.request.transition.DrawableCrossFadeFactory.Builder)	0	[false]	androidx.annotation.NonNull	public	true	/home/nima/Developer/nullness-benchmarks/glide/library/src/main/java/com/bumptech/glide/load/resource/drawable/DrawableTransitionOptions.java
2463	com.bumptech.glide.load.resource.drawable.DrawableTransitionOptions	with(com.bumptech.glide.request.transition.TransitionFactory)	0	[false]	androidx.annotation.NonNull	public	true	/home/nima/Developer/nullness-benchmarks/glide/library/src/main/java/com/bumptech/glide/load/resource/drawable/DrawableTransitionOptions.java
2464	com.bumptech.glide.load.resource.drawable.DrawableTransitionOptions	crossFade()	0	[]	androidx.annotation.NonNull	public	true	/home/nima/Developer/nullness-benchmarks/glide/library/src/main/java/com/bumptech/glide/load/resource/drawable/DrawableTransitionOptions.java
2465	com.bumptech.glide.load.resource.drawable.DrawableTransitionOptions	crossFade(int)	0	[false]	androidx.annotation.NonNull	public	true	/home/nima/Developer/nullness-benchmarks/glide/library/src/main/java/com/bumptech/glide/load/resource/drawable/DrawableTransitionOptions.java
2466	com.bumptech.glide.load.resource.drawable.DrawableTransitionOptions	crossFade(com.bumptech.glide.request.transition.DrawableCrossFadeFactory)	0	[false]	androidx.annotation.NonNull	public	true	/home/nima/Developer/nullness-benchmarks/glide/library/src/main/java/com/bumptech/glide/load/resource/drawable/DrawableTransitionOptions.java
2467	com.bumptech.glide.load.resource.drawable.DrawableTransitionOptions	crossFade(com.bumptech.glide.request.transition.DrawableCrossFadeFactory.Builder)	0	[false]	androidx.annotation.NonNull	public	true	/home/nima/Developer/nullness-benchmarks/glide/library/src/main/java/com/bumptech/glide/load/resource/drawable/DrawableTransitionOptions.java
2468	com.bumptech.glide.load.resource.drawable.DrawableTransitionOptions	equals(java.lang.Object)	474	[false]	java.lang.Override	public	false	/home/nima/Developer/nullness-benchmarks/glide/library/src/main/java/com/bumptech/glide/load/resource/drawable/DrawableTransitionOptions.java
2469	com.bumptech.glide.load.resource.drawable.DrawableTransitionOptions	hashCode()	475	[]	java.lang.SuppressWarnings,java.lang.Override	public	false	/home/nima/Developer/nullness-benchmarks/glide/library/src/main/java/com/bumptech/glide/load/resource/drawable/DrawableTransitionOptions.java
2470	com.bumptech.glide.load.resource.drawable.DrawableDecoderCompat	DrawableDecoderCompat()	0	[]		private	false	/home/nima/Developer/nullness-benchmarks/glide/library/src/main/java/com/bumptech/glide/load/resource/drawable/DrawableDecoderCompat.java
2471	com.bumptech.glide.load.resource.drawable.DrawableDecoderCompat	getDrawable(android.content.Context,android.content.Context,int)	0	[false, false, false]		public	true	/home/nima/Developer/nullness-benchmarks/glide/library/src/main/java/com/bumptech/glide/load/resource/drawable/DrawableDecoderCompat.java
2472	com.bumptech.glide.load.resource.drawable.DrawableDecoderCompat	getDrawable(android.content.Context,int,android.content.res.Resources.Theme)	0	[false, false, true]		public	true	/home/nima/Developer/nullness-benchmarks/glide/library/src/main/java/com/bumptech/glide/load/resource/drawable/DrawableDecoderCompat.java
2473	com.bumptech.glide.load.resource.drawable.DrawableDecoderCompat	getDrawable(android.content.Context,android.content.Context,int,android.content.res.Resources.Theme)	0	[false, false, false, true]		private	true	/home/nima/Developer/nullness-benchmarks/glide/library/src/main/java/com/bumptech/glide/load/resource/drawable/DrawableDecoderCompat.java
2474	com.bumptech.glide.load.resource.drawable.DrawableDecoderCompat	loadDrawableV7(android.content.Context,int,android.content.res.Resources.Theme)	0	[false, false, true]		private	true	/home/nima/Developer/nullness-benchmarks/glide/library/src/main/java/com/bumptech/glide/load/resource/drawable/DrawableDecoderCompat.java
2475	com.bumptech.glide.load.resource.drawable.DrawableDecoderCompat	loadDrawableV4(android.content.Context,int,android.content.res.Resources.Theme)	0	[false, false, true]		private	true	/home/nima/Developer/nullness-benchmarks/glide/library/src/main/java/com/bumptech/glide/load/resource/drawable/DrawableDecoderCompat.java
2476	com.bumptech.glide.load.resource.SimpleResource	SimpleResource(T)	0	[false]		public	false	/home/nima/Developer/nullness-benchmarks/glide/library/src/main/java/com/bumptech/glide/load/resource/SimpleResource.java
2477	com.bumptech.glide.load.resource.SimpleResource	getResourceClass()	496	[]	androidx.annotation.NonNull,java.lang.SuppressWarnings,java.lang.Override	public	true	/home/nima/Developer/nullness-benchmarks/glide/library/src/main/java/com/bumptech/glide/load/resource/SimpleResource.java
2478	com.bumptech.glide.load.resource.SimpleResource	get()	497	[]	androidx.annotation.NonNull,java.lang.Override	public	true	/home/nima/Developer/nullness-benchmarks/glide/library/src/main/java/com/bumptech/glide/load/resource/SimpleResource.java
2479	com.bumptech.glide.load.resource.SimpleResource	getSize()	498	[]	java.lang.Override	public	false	/home/nima/Developer/nullness-benchmarks/glide/library/src/main/java/com/bumptech/glide/load/resource/SimpleResource.java
2480	com.bumptech.glide.load.resource.SimpleResource	recycle()	499	[]	java.lang.Override	public	false	/home/nima/Developer/nullness-benchmarks/glide/library/src/main/java/com/bumptech/glide/load/resource/SimpleResource.java
2481	com.bumptech.glide.load.resource.transcode.DrawableBytesTranscoder	DrawableBytesTranscoder(com.bumptech.glide.load.engine.bitmap_recycle.BitmapPool,com.bumptech.glide.load.resource.transcode.ResourceTranscoder,com.bumptech.glide.load.resource.transcode.ResourceTranscoder)	0	[false, false, false]		public	false	/home/nima/Developer/nullness-benchmarks/glide/library/src/main/java/com/bumptech/glide/load/resource/transcode/DrawableBytesTranscoder.java
2482	com.bumptech.glide.load.resource.transcode.DrawableBytesTranscoder	transcode(com.bumptech.glide.load.engine.Resource,com.bumptech.glide.load.Options)	772	[false, false]	androidx.annotation.Nullable,java.lang.Override	public	true	/home/nima/Developer/nullness-benchmarks/glide/library/src/main/java/com/bumptech/glide/load/resource/transcode/DrawableBytesTranscoder.java
2483	com.bumptech.glide.load.resource.transcode.DrawableBytesTranscoder	toGifDrawableResource(com.bumptech.glide.load.engine.Resource)	0	[false]	java.lang.SuppressWarnings,androidx.annotation.NonNull	private	true	/home/nima/Developer/nullness-benchmarks/glide/library/src/main/java/com/bumptech/glide/load/resource/transcode/DrawableBytesTranscoder.java
2484	com.bumptech.glide.load.resource.transcode.BitmapBytesTranscoder	BitmapBytesTranscoder()	0	[]		public	false	/home/nima/Developer/nullness-benchmarks/glide/library/src/main/java/com/bumptech/glide/load/resource/transcode/BitmapBytesTranscoder.java
2485	com.bumptech.glide.load.resource.transcode.BitmapBytesTranscoder	BitmapBytesTranscoder(android.graphics.Bitmap.CompressFormat,int)	0	[false, false]	java.lang.SuppressWarnings	public	false	/home/nima/Developer/nullness-benchmarks/glide/library/src/main/java/com/bumptech/glide/load/resource/transcode/BitmapBytesTranscoder.java
2486	com.bumptech.glide.load.resource.transcode.BitmapBytesTranscoder	transcode(com.bumptech.glide.load.engine.Resource,com.bumptech.glide.load.Options)	772	[false, false]	androidx.annotation.Nullable,java.lang.Override	public	true	/home/nima/Developer/nullness-benchmarks/glide/library/src/main/java/com/bumptech/glide/load/resource/transcode/BitmapBytesTranscoder.java
2487	com.bumptech.glide.load.resource.transcode.UnitTranscoder	get()	0	[]	java.lang.SuppressWarnings	public	true	/home/nima/Developer/nullness-benchmarks/glide/library/src/main/java/com/bumptech/glide/load/resource/transcode/UnitTranscoder.java
2488	com.bumptech.glide.load.resource.transcode.UnitTranscoder	transcode(com.bumptech.glide.load.engine.Resource,com.bumptech.glide.load.Options)	772	[false, false]	androidx.annotation.Nullable,java.lang.Override	public	true	/home/nima/Developer/nullness-benchmarks/glide/library/src/main/java/com/bumptech/glide/load/resource/transcode/UnitTranscoder.java
2489	com.bumptech.glide.load.resource.transcode.BitmapDrawableTranscoder	BitmapDrawableTranscoder(android.content.Context)	0	[false]	java.lang.SuppressWarnings	public	false	/home/nima/Developer/nullness-benchmarks/glide/library/src/main/java/com/bumptech/glide/load/resource/transcode/BitmapDrawableTranscoder.java
2490	com.bumptech.glide.load.resource.transcode.BitmapDrawableTranscoder	BitmapDrawableTranscoder(android.content.res.Resources,com.bumptech.glide.load.engine.bitmap_recycle.BitmapPool)	0	[false, false]	java.lang.Deprecated	public	false	/home/nima/Developer/nullness-benchmarks/glide/library/src/main/java/com/bumptech/glide/load/resource/transcode/BitmapDrawableTranscoder.java
2491	com.bumptech.glide.load.resource.transcode.BitmapDrawableTranscoder	BitmapDrawableTranscoder(android.content.res.Resources)	0	[false]		public	false	/home/nima/Developer/nullness-benchmarks/glide/library/src/main/java/com/bumptech/glide/load/resource/transcode/BitmapDrawableTranscoder.java
2492	com.bumptech.glide.load.resource.transcode.BitmapDrawableTranscoder	transcode(com.bumptech.glide.load.engine.Resource,com.bumptech.glide.load.Options)	772	[false, false]	androidx.annotation.Nullable,java.lang.Override	public	true	/home/nima/Developer/nullness-benchmarks/glide/library/src/main/java/com/bumptech/glide/load/resource/transcode/BitmapDrawableTranscoder.java
2493	com.bumptech.glide.load.resource.transcode.GifDrawableBytesTranscoder	transcode(com.bumptech.glide.load.engine.Resource,com.bumptech.glide.load.Options)	772	[false, false]	androidx.annotation.Nullable,java.lang.Override	public	true	/home/nima/Developer/nullness-benchmarks/glide/library/src/main/java/com/bumptech/glide/load/resource/transcode/GifDrawableBytesTranscoder.java
2494	com.bumptech.glide.load.resource.gif.GifDrawableTransformation	GifDrawableTransformation(com.bumptech.glide.load.Transformation)	0	[false]		public	false	/home/nima/Developer/nullness-benchmarks/glide/library/src/main/java/com/bumptech/glide/load/resource/gif/GifDrawableTransformation.java
2495	com.bumptech.glide.load.resource.gif.GifDrawableTransformation	transform(android.content.Context,com.bumptech.glide.load.engine.Resource,int,int)	492	[false, false, false, false]	androidx.annotation.NonNull,java.lang.Override	public	true	/home/nima/Developer/nullness-benchmarks/glide/library/src/main/java/com/bumptech/glide/load/resource/gif/GifDrawableTransformation.java
2496	com.bumptech.glide.load.resource.gif.GifDrawableTransformation	equals(java.lang.Object)	494	[false]	java.lang.Override	public	false	/home/nima/Developer/nullness-benchmarks/glide/library/src/main/java/com/bumptech/glide/load/resource/gif/GifDrawableTransformation.java
2497	com.bumptech.glide.load.resource.gif.GifDrawableTransformation	hashCode()	495	[]	java.lang.Override	public	false	/home/nima/Developer/nullness-benchmarks/glide/library/src/main/java/com/bumptech/glide/load/resource/gif/GifDrawableTransformation.java
2498	com.bumptech.glide.load.resource.gif.GifDrawableTransformation	updateDiskCacheKey(java.security.MessageDigest)	493	[false]	java.lang.Override	public	false	/home/nima/Developer/nullness-benchmarks/glide/library/src/main/java/com/bumptech/glide/load/resource/gif/GifDrawableTransformation.java
2499	com.bumptech.glide.load.resource.gif.GifFrameResourceDecoder	GifFrameResourceDecoder(com.bumptech.glide.load.engine.bitmap_recycle.BitmapPool)	0	[false]		public	false	/home/nima/Developer/nullness-benchmarks/glide/library/src/main/java/com/bumptech/glide/load/resource/gif/GifFrameResourceDecoder.java
2500	com.bumptech.glide.load.resource.gif.GifFrameResourceDecoder	handles(com.bumptech.glide.gifdecoder.GifDecoder,com.bumptech.glide.load.Options)	769	[false, false]	java.lang.Override	public	false	/home/nima/Developer/nullness-benchmarks/glide/library/src/main/java/com/bumptech/glide/load/resource/gif/GifFrameResourceDecoder.java
2501	com.bumptech.glide.load.resource.gif.GifFrameResourceDecoder	decode(com.bumptech.glide.gifdecoder.GifDecoder,int,int,com.bumptech.glide.load.Options)	770	[false, false, false, false]	java.lang.Override	public	true	/home/nima/Developer/nullness-benchmarks/glide/library/src/main/java/com/bumptech/glide/load/resource/gif/GifFrameResourceDecoder.java
2502	com.bumptech.glide.load.resource.gif.GifDrawableResource	GifDrawableResource(com.bumptech.glide.load.resource.gif.GifDrawable)	0	[false]	java.lang.SuppressWarnings	public	false	/home/nima/Developer/nullness-benchmarks/glide/library/src/main/java/com/bumptech/glide/load/resource/gif/GifDrawableResource.java
2503	com.bumptech.glide.load.resource.gif.GifDrawableResource	getResourceClass()	496	[]	androidx.annotation.NonNull,java.lang.Override	public	true	/home/nima/Developer/nullness-benchmarks/glide/library/src/main/java/com/bumptech/glide/load/resource/gif/GifDrawableResource.java
2504	com.bumptech.glide.load.resource.gif.GifDrawableResource	getSize()	498	[]	java.lang.Override	public	false	/home/nima/Developer/nullness-benchmarks/glide/library/src/main/java/com/bumptech/glide/load/resource/gif/GifDrawableResource.java
2505	com.bumptech.glide.load.resource.gif.GifDrawableResource	recycle()	499	[]	java.lang.Override	public	false	/home/nima/Developer/nullness-benchmarks/glide/library/src/main/java/com/bumptech/glide/load/resource/gif/GifDrawableResource.java
2506	com.bumptech.glide.load.resource.gif.GifDrawableResource	initialize()	2322	[]	java.lang.Override	public	false	/home/nima/Developer/nullness-benchmarks/glide/library/src/main/java/com/bumptech/glide/load/resource/gif/GifDrawableResource.java
2507	com.bumptech.glide.load.resource.gif.GifOptions	GifOptions()	0	[]		private	false	/home/nima/Developer/nullness-benchmarks/glide/library/src/main/java/com/bumptech/glide/load/resource/gif/GifOptions.java
2508	com.bumptech.glide.load.resource.gif.ByteBufferGifDecoder	ByteBufferGifDecoder(android.content.Context)	0	[false]	java.lang.SuppressWarnings	public	false	/home/nima/Developer/nullness-benchmarks/glide/library/src/main/java/com/bumptech/glide/load/resource/gif/ByteBufferGifDecoder.java
2509	com.bumptech.glide.load.resource.gif.ByteBufferGifDecoder	ByteBufferGifDecoder(android.content.Context,java.util.List,com.bumptech.glide.load.engine.bitmap_recycle.BitmapPool,com.bumptech.glide.load.engine.bitmap_recycle.ArrayPool)	0	[false, false, false, false]		public	false	/home/nima/Developer/nullness-benchmarks/glide/library/src/main/java/com/bumptech/glide/load/resource/gif/ByteBufferGifDecoder.java
2510	com.bumptech.glide.load.resource.gif.ByteBufferGifDecoder	ByteBufferGifDecoder(android.content.Context,java.util.List,com.bumptech.glide.load.engine.bitmap_recycle.BitmapPool,com.bumptech.glide.load.engine.bitmap_recycle.ArrayPool,com.bumptech.glide.load.resource.gif.ByteBufferGifDecoder.GifHeaderParserPool,com.bumptech.glide.load.resource.gif.ByteBufferGifDecoder.GifDecoderFactory)	0	[false, false, false, false, false, false]	androidx.annotation.VisibleForTesting	package	false	/home/nima/Developer/nullness-benchmarks/glide/library/src/main/java/com/bumptech/glide/load/resource/gif/ByteBufferGifDecoder.java
2511	com.bumptech.glide.load.resource.gif.ByteBufferGifDecoder	handles(java.nio.ByteBuffer,com.bumptech.glide.load.Options)	769	[false, false]	java.lang.Override	public	false	/home/nima/Developer/nullness-benchmarks/glide/library/src/main/java/com/bumptech/glide/load/resource/gif/ByteBufferGifDecoder.java
2512	com.bumptech.glide.load.resource.gif.ByteBufferGifDecoder	decode(java.nio.ByteBuffer,int,int,com.bumptech.glide.load.Options)	770	[false, false, false, false]	java.lang.Override	public	true	/home/nima/Developer/nullness-benchmarks/glide/library/src/main/java/com/bumptech/glide/load/resource/gif/ByteBufferGifDecoder.java
2513	com.bumptech.glide.load.resource.gif.ByteBufferGifDecoder	decode(java.nio.ByteBuffer,int,int,com.bumptech.glide.gifdecoder.GifHeaderParser,com.bumptech.glide.load.Options)	0	[false, false, false, false, false]	androidx.annotation.Nullable	private	true	/home/nima/Developer/nullness-benchmarks/glide/library/src/main/java/com/bumptech/glide/load/resource/gif/ByteBufferGifDecoder.java
2514	com.bumptech.glide.load.resource.gif.ByteBufferGifDecoder	getSampleSize(com.bumptech.glide.gifdecoder.GifHeader,int,int)	0	[false, false, false]		private	false	/home/nima/Developer/nullness-benchmarks/glide/library/src/main/java/com/bumptech/glide/load/resource/gif/ByteBufferGifDecoder.java
2515	com.bumptech.glide.load.resource.gif.ByteBufferGifDecoder$GifDecoderFactory	build(com.bumptech.glide.gifdecoder.GifDecoder.BitmapProvider,com.bumptech.glide.gifdecoder.GifHeader,java.nio.ByteBuffer,int)	0	[false, false, false, false]		package	true	/home/nima/Developer/nullness-benchmarks/glide/library/src/main/java/com/bumptech/glide/load/resource/gif/ByteBufferGifDecoder.java
2516	com.bumptech.glide.load.resource.gif.ByteBufferGifDecoder$GifHeaderParserPool	obtain(java.nio.ByteBuffer)	0	[false]		package	true	/home/nima/Developer/nullness-benchmarks/glide/library/src/main/java/com/bumptech/glide/load/resource/gif/ByteBufferGifDecoder.java
2517	com.bumptech.glide.load.resource.gif.ByteBufferGifDecoder$GifHeaderParserPool	release(com.bumptech.glide.gifdecoder.GifHeaderParser)	0	[false]		package	false	/home/nima/Developer/nullness-benchmarks/glide/library/src/main/java/com/bumptech/glide/load/resource/gif/ByteBufferGifDecoder.java
2518	com.bumptech.glide.load.resource.gif.GifBitmapProvider	GifBitmapProvider(com.bumptech.glide.load.engine.bitmap_recycle.BitmapPool)	0	[false]		public	false	/home/nima/Developer/nullness-benchmarks/glide/library/src/main/java/com/bumptech/glide/load/resource/gif/GifBitmapProvider.java
2519	com.bumptech.glide.load.resource.gif.GifBitmapProvider	GifBitmapProvider(com.bumptech.glide.load.engine.bitmap_recycle.BitmapPool,com.bumptech.glide.load.engine.bitmap_recycle.ArrayPool)	0	[false, true]	java.lang.SuppressWarnings	public	false	/home/nima/Developer/nullness-benchmarks/glide/library/src/main/java/com/bumptech/glide/load/resource/gif/GifBitmapProvider.java
2520	com.bumptech.glide.load.resource.gif.GifBitmapProvider	obtain(int,int,android.graphics.Bitmap.Config)	2521	[false, false, false]	androidx.annotation.NonNull,java.lang.Override	public	true	/home/nima/Developer/nullness-benchmarks/glide/library/src/main/java/com/bumptech/glide/load/resource/gif/GifBitmapProvider.java
2522	com.bumptech.glide.load.resource.gif.GifBitmapProvider	release(android.graphics.Bitmap)	2523	[false]	java.lang.Override	public	false	/home/nima/Developer/nullness-benchmarks/glide/library/src/main/java/com/bumptech/glide/load/resource/gif/GifBitmapProvider.java
2524	com.bumptech.glide.load.resource.gif.GifBitmapProvider	obtainByteArray(int)	2525	[false]	androidx.annotation.NonNull,java.lang.Override	public	true	/home/nima/Developer/nullness-benchmarks/glide/library/src/main/java/com/bumptech/glide/load/resource/gif/GifBitmapProvider.java
2526	com.bumptech.glide.load.resource.gif.GifBitmapProvider	release(byte[])	2527	[false]	java.lang.Override	public	false	/home/nima/Developer/nullness-benchmarks/glide/library/src/main/java/com/bumptech/glide/load/resource/gif/GifBitmapProvider.java
2528	com.bumptech.glide.load.resource.gif.GifBitmapProvider	obtainIntArray(int)	2529	[false]	androidx.annotation.NonNull,java.lang.Override	public	true	/home/nima/Developer/nullness-benchmarks/glide/library/src/main/java/com/bumptech/glide/load/resource/gif/GifBitmapProvider.java
2530	com.bumptech.glide.load.resource.gif.GifBitmapProvider	release(int[])	2531	[false]	java.lang.SuppressWarnings,java.lang.Override	public	false	/home/nima/Developer/nullness-benchmarks/glide/library/src/main/java/com/bumptech/glide/load/resource/gif/GifBitmapProvider.java
2532	com.bumptech.glide.load.resource.gif.StreamGifDecoder	StreamGifDecoder(java.util.List,com.bumptech.glide.load.ResourceDecoder,com.bumptech.glide.load.engine.bitmap_recycle.ArrayPool)	0	[false, false, false]		public	false	/home/nima/Developer/nullness-benchmarks/glide/library/src/main/java/com/bumptech/glide/load/resource/gif/StreamGifDecoder.java
2533	com.bumptech.glide.load.resource.gif.StreamGifDecoder	handles(java.io.InputStream,com.bumptech.glide.load.Options)	769	[false, false]	java.lang.Override	public	false	/home/nima/Developer/nullness-benchmarks/glide/library/src/main/java/com/bumptech/glide/load/resource/gif/StreamGifDecoder.java
2534	com.bumptech.glide.load.resource.gif.StreamGifDecoder	decode(java.io.InputStream,int,int,com.bumptech.glide.load.Options)	770	[false, false, false, false]	java.lang.Override	public	true	/home/nima/Developer/nullness-benchmarks/glide/library/src/main/java/com/bumptech/glide/load/resource/gif/StreamGifDecoder.java
2535	com.bumptech.glide.load.resource.gif.StreamGifDecoder	inputStreamToBytes(java.io.InputStream)	0	[false]		private	true	/home/nima/Developer/nullness-benchmarks/glide/library/src/main/java/com/bumptech/glide/load/resource/gif/StreamGifDecoder.java
2536	com.bumptech.glide.load.resource.gif.GifDrawableEncoder	getEncodeStrategy(com.bumptech.glide.load.Options)	771	[false]	androidx.annotation.NonNull,java.lang.Override	public	true	/home/nima/Developer/nullness-benchmarks/glide/library/src/main/java/com/bumptech/glide/load/resource/gif/GifDrawableEncoder.java
2537	com.bumptech.glide.load.resource.gif.GifDrawableEncoder	encode(com.bumptech.glide.load.engine.Resource,java.io.File,com.bumptech.glide.load.Options)	768	[false, false, false]	java.lang.Override	public	false	/home/nima/Developer/nullness-benchmarks/glide/library/src/main/java/com/bumptech/glide/load/resource/gif/GifDrawableEncoder.java
2538	com.bumptech.glide.load.resource.bytes.ByteBufferRewinder	ByteBufferRewinder(java.nio.ByteBuffer)	0	[false]	java.lang.SuppressWarnings	public	false	/home/nima/Developer/nullness-benchmarks/glide/library/src/main/java/com/bumptech/glide/load/resource/bytes/ByteBufferRewinder.java
2539	com.bumptech.glide.load.resource.bytes.ByteBufferRewinder	rewindAndGet()	751	[]	androidx.annotation.NonNull,java.lang.Override	public	true	/home/nima/Developer/nullness-benchmarks/glide/library/src/main/java/com/bumptech/glide/load/resource/bytes/ByteBufferRewinder.java
2540	com.bumptech.glide.load.resource.bytes.ByteBufferRewinder	cleanup()	753	[]	java.lang.Override	public	false	/home/nima/Developer/nullness-benchmarks/glide/library/src/main/java/com/bumptech/glide/load/resource/bytes/ByteBufferRewinder.java
2541	com.bumptech.glide.load.resource.bytes.ByteBufferRewinder$Factory	build(java.nio.ByteBuffer)	744	[false]	androidx.annotation.NonNull,java.lang.Override	public	true	/home/nima/Developer/nullness-benchmarks/glide/library/src/main/java/com/bumptech/glide/load/resource/bytes/ByteBufferRewinder.java
2542	com.bumptech.glide.load.resource.bytes.ByteBufferRewinder$Factory	getDataClass()	746	[]	androidx.annotation.NonNull,java.lang.Override	public	true	/home/nima/Developer/nullness-benchmarks/glide/library/src/main/java/com/bumptech/glide/load/resource/bytes/ByteBufferRewinder.java
2543	com.bumptech.glide.load.resource.bytes.BytesResource	BytesResource(byte[])	0	[false]		public	false	/home/nima/Developer/nullness-benchmarks/glide/library/src/main/java/com/bumptech/glide/load/resource/bytes/BytesResource.java
2544	com.bumptech.glide.load.resource.bytes.BytesResource	getResourceClass()	496	[]	androidx.annotation.NonNull,java.lang.Override	public	true	/home/nima/Developer/nullness-benchmarks/glide/library/src/main/java/com/bumptech/glide/load/resource/bytes/BytesResource.java
2545	com.bumptech.glide.load.resource.bytes.BytesResource	get()	497	[]	androidx.annotation.NonNull,java.lang.Override,java.lang.SuppressWarnings	public	true	/home/nima/Developer/nullness-benchmarks/glide/library/src/main/java/com/bumptech/glide/load/resource/bytes/BytesResource.java
2546	com.bumptech.glide.load.resource.bytes.BytesResource	getSize()	498	[]	java.lang.Override	public	false	/home/nima/Developer/nullness-benchmarks/glide/library/src/main/java/com/bumptech/glide/load/resource/bytes/BytesResource.java
2547	com.bumptech.glide.load.resource.bytes.BytesResource	recycle()	499	[]	java.lang.Override	public	false	/home/nima/Developer/nullness-benchmarks/glide/library/src/main/java/com/bumptech/glide/load/resource/bytes/BytesResource.java
2548	com.bumptech.glide.load.resource.UnitTransformation	get()	0	[]	java.lang.SuppressWarnings,androidx.annotation.NonNull	public	true	/home/nima/Developer/nullness-benchmarks/glide/library/src/main/java/com/bumptech/glide/load/resource/UnitTransformation.java
2549	com.bumptech.glide.load.resource.UnitTransformation	UnitTransformation()	0	[]		private	false	/home/nima/Developer/nullness-benchmarks/glide/library/src/main/java/com/bumptech/glide/load/resource/UnitTransformation.java
2550	com.bumptech.glide.load.resource.UnitTransformation	transform(android.content.Context,com.bumptech.glide.load.engine.Resource,int,int)	492	[false, false, false, false]	androidx.annotation.NonNull,java.lang.Override	public	true	/home/nima/Developer/nullness-benchmarks/glide/library/src/main/java/com/bumptech/glide/load/resource/UnitTransformation.java
2551	com.bumptech.glide.load.resource.UnitTransformation	updateDiskCacheKey(java.security.MessageDigest)	493	[false]	java.lang.Override	public	false	/home/nima/Developer/nullness-benchmarks/glide/library/src/main/java/com/bumptech/glide/load/resource/UnitTransformation.java
2552	com.bumptech.glide.load.resource.file.FileResource	FileResource(java.io.File)	0	[false]		public	false	/home/nima/Developer/nullness-benchmarks/glide/library/src/main/java/com/bumptech/glide/load/resource/file/FileResource.java
2553	com.bumptech.glide.load.resource.file.FileDecoder	handles(java.io.File,com.bumptech.glide.load.Options)	769	[false, false]	java.lang.Override	public	false	/home/nima/Developer/nullness-benchmarks/glide/library/src/main/java/com/bumptech/glide/load/resource/file/FileDecoder.java
2554	com.bumptech.glide.load.resource.file.FileDecoder	decode(java.io.File,int,int,com.bumptech.glide.load.Options)	770	[false, false, false, false]	java.lang.Override	public	true	/home/nima/Developer/nullness-benchmarks/glide/library/src/main/java/com/bumptech/glide/load/resource/file/FileDecoder.java
2555	com.bumptech.glide.load.model.DataUrlLoader	DataUrlLoader(com.bumptech.glide.load.model.DataUrlLoader.DataDecoder)	0	[false]	java.lang.SuppressWarnings	public	false	/home/nima/Developer/nullness-benchmarks/glide/library/src/main/java/com/bumptech/glide/load/model/DataUrlLoader.java
2556	com.bumptech.glide.load.model.DataUrlLoader	buildLoadData(Model,int,int,com.bumptech.glide.load.Options)	797	[false, false, false, false]	java.lang.Override	public	true	/home/nima/Developer/nullness-benchmarks/glide/library/src/main/java/com/bumptech/glide/load/model/DataUrlLoader.java
2557	com.bumptech.glide.load.model.DataUrlLoader	handles(Model)	798	[false]	java.lang.Override	public	false	/home/nima/Developer/nullness-benchmarks/glide/library/src/main/java/com/bumptech/glide/load/model/DataUrlLoader.java
2558	com.bumptech.glide.load.model.DataUrlLoader$DataDecoder	decode(java.lang.String)	0	[false]		public	true	/home/nima/Developer/nullness-benchmarks/glide/library/src/main/java/com/bumptech/glide/load/model/DataUrlLoader.java
2559	com.bumptech.glide.load.model.DataUrlLoader$DataDecoder	close(Data)	0	[false]		public	false	/home/nima/Developer/nullness-benchmarks/glide/library/src/main/java/com/bumptech/glide/load/model/DataUrlLoader.java
2560	com.bumptech.glide.load.model.DataUrlLoader$DataDecoder	getDataClass()	0	[]		public	true	/home/nima/Developer/nullness-benchmarks/glide/library/src/main/java/com/bumptech/glide/load/model/DataUrlLoader.java
2561	com.bumptech.glide.load.model.DataUrlLoader$DataUriFetcher	DataUriFetcher(java.lang.String,com.bumptech.glide.load.model.DataUrlLoader.DataDecoder)	0	[false, false]		package	false	/home/nima/Developer/nullness-benchmarks/glide/library/src/main/java/com/bumptech/glide/load/model/DataUrlLoader.java
2562	com.bumptech.glide.load.model.DataUrlLoader$DataUriFetcher	loadData(com.bumptech.glide.Priority,com.bumptech.glide.load.data.DataFetcher.DataCallback)	810	[false, false]	java.lang.Override	public	false	/home/nima/Developer/nullness-benchmarks/glide/library/src/main/java/com/bumptech/glide/load/model/DataUrlLoader.java
2563	com.bumptech.glide.load.model.DataUrlLoader$DataUriFetcher	cleanup()	811	[]	java.lang.Override	public	false	/home/nima/Developer/nullness-benchmarks/glide/library/src/main/java/com/bumptech/glide/load/model/DataUrlLoader.java
2564	com.bumptech.glide.load.model.DataUrlLoader$DataUriFetcher	cancel()	812	[]	java.lang.Override	public	false	/home/nima/Developer/nullness-benchmarks/glide/library/src/main/java/com/bumptech/glide/load/model/DataUrlLoader.java
2565	com.bumptech.glide.load.model.DataUrlLoader$DataUriFetcher	getDataClass()	813	[]	androidx.annotation.NonNull,java.lang.Override	public	true	/home/nima/Developer/nullness-benchmarks/glide/library/src/main/java/com/bumptech/glide/load/model/DataUrlLoader.java
2566	com.bumptech.glide.load.model.DataUrlLoader$DataUriFetcher	getDataSource()	814	[]	androidx.annotation.NonNull,java.lang.Override	public	true	/home/nima/Developer/nullness-benchmarks/glide/library/src/main/java/com/bumptech/glide/load/model/DataUrlLoader.java
2567	com.bumptech.glide.load.model.DataUrlLoader$StreamFactory	StreamFactory()	0	[]		public	false	/home/nima/Developer/nullness-benchmarks/glide/library/src/main/java/com/bumptech/glide/load/model/DataUrlLoader.java
2568	com.bumptech.glide.load.model.DataUrlLoader$StreamFactory$1	decode(java.lang.String)	2558	[false]	java.lang.Override	public	true	/home/nima/Developer/nullness-benchmarks/glide/library/src/main/java/com/bumptech/glide/load/model/DataUrlLoader.java
2569	com.bumptech.glide.load.model.DataUrlLoader$StreamFactory$1	close(java.io.InputStream)	2559	[false]	java.lang.Override	public	false	/home/nima/Developer/nullness-benchmarks/glide/library/src/main/java/com/bumptech/glide/load/model/DataUrlLoader.java
2570	com.bumptech.glide.load.model.DataUrlLoader$StreamFactory$1	getDataClass()	2560	[]	java.lang.Override	public	true	/home/nima/Developer/nullness-benchmarks/glide/library/src/main/java/com/bumptech/glide/load/model/DataUrlLoader.java
2571	com.bumptech.glide.load.model.DataUrlLoader$StreamFactory	build(com.bumptech.glide.load.model.MultiModelLoaderFactory)	782	[false]	androidx.annotation.NonNull,java.lang.Override	public	true	/home/nima/Developer/nullness-benchmarks/glide/library/src/main/java/com/bumptech/glide/load/model/DataUrlLoader.java
2572	com.bumptech.glide.load.model.DataUrlLoader$StreamFactory	teardown()	783	[]	java.lang.Override	public	false	/home/nima/Developer/nullness-benchmarks/glide/library/src/main/java/com/bumptech/glide/load/model/DataUrlLoader.java
2573	com.bumptech.glide.load.model.LazyHeaders	LazyHeaders(java.util.Map)	0	[false]		package	false	/home/nima/Developer/nullness-benchmarks/glide/library/src/main/java/com/bumptech/glide/load/model/LazyHeaders.java
2574	com.bumptech.glide.load.model.LazyHeaders	getHeaders()	1975	[]	java.lang.Override	public	true	/home/nima/Developer/nullness-benchmarks/glide/library/src/main/java/com/bumptech/glide/load/model/LazyHeaders.java
2575	com.bumptech.glide.load.model.LazyHeaders	generateHeaders()	0	[]		private	true	/home/nima/Developer/nullness-benchmarks/glide/library/src/main/java/com/bumptech/glide/load/model/LazyHeaders.java
2576	com.bumptech.glide.load.model.LazyHeaders	buildHeaderValue(java.util.List)	0	[false]	androidx.annotation.NonNull	private	true	/home/nima/Developer/nullness-benchmarks/glide/library/src/main/java/com/bumptech/glide/load/model/LazyHeaders.java
2577	com.bumptech.glide.load.model.LazyHeaders	toString()	126	[]	java.lang.Override	public	true	/home/nima/Developer/nullness-benchmarks/glide/library/src/main/java/com/bumptech/glide/load/model/LazyHeaders.java
2578	com.bumptech.glide.load.model.LazyHeaders	equals(java.lang.Object)	200	[false]	java.lang.Override	public	false	/home/nima/Developer/nullness-benchmarks/glide/library/src/main/java/com/bumptech/glide/load/model/LazyHeaders.java
2579	com.bumptech.glide.load.model.LazyHeaders	hashCode()	201	[]	java.lang.Override	public	false	/home/nima/Developer/nullness-benchmarks/glide/library/src/main/java/com/bumptech/glide/load/model/LazyHeaders.java
2580	com.bumptech.glide.load.model.LazyHeaders$Builder	addHeader(java.lang.String,java.lang.String)	0	[false, false]		public	true	/home/nima/Developer/nullness-benchmarks/glide/library/src/main/java/com/bumptech/glide/load/model/LazyHeaders.java
2581	com.bumptech.glide.load.model.LazyHeaders$Builder	addHeader(java.lang.String,com.bumptech.glide.load.model.LazyHeaderFactory)	0	[false, false]		public	true	/home/nima/Developer/nullness-benchmarks/glide/library/src/main/java/com/bumptech/glide/load/model/LazyHeaders.java
2582	com.bumptech.glide.load.model.LazyHeaders$Builder	setHeader(java.lang.String,java.lang.String)	0	[false, true]	java.lang.SuppressWarnings	public	true	/home/nima/Developer/nullness-benchmarks/glide/library/src/main/java/com/bumptech/glide/load/model/LazyHeaders.java
2583	com.bumptech.glide.load.model.LazyHeaders$Builder	setHeader(java.lang.String,com.bumptech.glide.load.model.LazyHeaderFactory)	0	[false, true]		public	true	/home/nima/Developer/nullness-benchmarks/glide/library/src/main/java/com/bumptech/glide/load/model/LazyHeaders.java
2584	com.bumptech.glide.load.model.LazyHeaders$Builder	getFactories(java.lang.String)	0	[false]		private	true	/home/nima/Developer/nullness-benchmarks/glide/library/src/main/java/com/bumptech/glide/load/model/LazyHeaders.java
2585	com.bumptech.glide.load.model.LazyHeaders$Builder	copyIfNecessary()	0	[]		private	false	/home/nima/Developer/nullness-benchmarks/glide/library/src/main/java/com/bumptech/glide/load/model/LazyHeaders.java
2586	com.bumptech.glide.load.model.LazyHeaders$Builder	build()	0	[]		public	true	/home/nima/Developer/nullness-benchmarks/glide/library/src/main/java/com/bumptech/glide/load/model/LazyHeaders.java
2587	com.bumptech.glide.load.model.LazyHeaders$Builder	copyHeaders()	0	[]		private	true	/home/nima/Developer/nullness-benchmarks/glide/library/src/main/java/com/bumptech/glide/load/model/LazyHeaders.java
2588	com.bumptech.glide.load.model.LazyHeaders$Builder	getSanitizedUserAgent()	0	[]	androidx.annotation.VisibleForTesting	package	true	/home/nima/Developer/nullness-benchmarks/glide/library/src/main/java/com/bumptech/glide/load/model/LazyHeaders.java
2589	com.bumptech.glide.load.model.LazyHeaders$StringHeaderFactory	StringHeaderFactory(java.lang.String)	0	[false]		package	false	/home/nima/Developer/nullness-benchmarks/glide/library/src/main/java/com/bumptech/glide/load/model/LazyHeaders.java
2590	com.bumptech.glide.load.model.LazyHeaders$StringHeaderFactory	buildHeader()	2591	[]	java.lang.Override	public	true	/home/nima/Developer/nullness-benchmarks/glide/library/src/main/java/com/bumptech/glide/load/model/LazyHeaders.java
2592	com.bumptech.glide.load.model.LazyHeaders$StringHeaderFactory	toString()	126	[]	java.lang.Override	public	true	/home/nima/Developer/nullness-benchmarks/glide/library/src/main/java/com/bumptech/glide/load/model/LazyHeaders.java
2593	com.bumptech.glide.load.model.LazyHeaders$StringHeaderFactory	equals(java.lang.Object)	200	[false]	java.lang.Override	public	false	/home/nima/Developer/nullness-benchmarks/glide/library/src/main/java/com/bumptech/glide/load/model/LazyHeaders.java
2594	com.bumptech.glide.load.model.LazyHeaders$StringHeaderFactory	hashCode()	201	[]	java.lang.Override	public	false	/home/nima/Developer/nullness-benchmarks/glide/library/src/main/java/com/bumptech/glide/load/model/LazyHeaders.java
2591	com.bumptech.glide.load.model.LazyHeaderFactory	buildHeader()	0	[]	androidx.annotation.Nullable	public	true	/home/nima/Developer/nullness-benchmarks/glide/library/src/main/java/com/bumptech/glide/load/model/LazyHeaderFactory.java
2595	com.bumptech.glide.load.model.StringLoader	StringLoader(com.bumptech.glide.load.model.ModelLoader)	0	[false]	java.lang.SuppressWarnings	public	false	/home/nima/Developer/nullness-benchmarks/glide/library/src/main/java/com/bumptech/glide/load/model/StringLoader.java
2596	com.bumptech.glide.load.model.StringLoader	buildLoadData(java.lang.String,int,int,com.bumptech.glide.load.Options)	797	[false, false, false, false]	java.lang.Override	public	true	/home/nima/Developer/nullness-benchmarks/glide/library/src/main/java/com/bumptech/glide/load/model/StringLoader.java
2597	com.bumptech.glide.load.model.StringLoader	handles(java.lang.String)	798	[false]	java.lang.Override	public	false	/home/nima/Developer/nullness-benchmarks/glide/library/src/main/java/com/bumptech/glide/load/model/StringLoader.java
2598	com.bumptech.glide.load.model.StringLoader	parseUri(java.lang.String)	0	[false]	androidx.annotation.Nullable	private	true	/home/nima/Developer/nullness-benchmarks/glide/library/src/main/java/com/bumptech/glide/load/model/StringLoader.java
2599	com.bumptech.glide.load.model.StringLoader	toFileUri(java.lang.String)	0	[false]		private	true	/home/nima/Developer/nullness-benchmarks/glide/library/src/main/java/com/bumptech/glide/load/model/StringLoader.java
2600	com.bumptech.glide.load.model.StringLoader$StreamFactory	build(com.bumptech.glide.load.model.MultiModelLoaderFactory)	782	[false]	androidx.annotation.NonNull,java.lang.Override	public	true	/home/nima/Developer/nullness-benchmarks/glide/library/src/main/java/com/bumptech/glide/load/model/StringLoader.java
2601	com.bumptech.glide.load.model.StringLoader$StreamFactory	teardown()	783	[]	java.lang.Override	public	false	/home/nima/Developer/nullness-benchmarks/glide/library/src/main/java/com/bumptech/glide/load/model/StringLoader.java
2602	com.bumptech.glide.load.model.StringLoader$FileDescriptorFactory	build(com.bumptech.glide.load.model.MultiModelLoaderFactory)	782	[false]	androidx.annotation.NonNull,java.lang.Override	public	true	/home/nima/Developer/nullness-benchmarks/glide/library/src/main/java/com/bumptech/glide/load/model/StringLoader.java
2603	com.bumptech.glide.load.model.StringLoader$FileDescriptorFactory	teardown()	783	[]	java.lang.Override	public	false	/home/nima/Developer/nullness-benchmarks/glide/library/src/main/java/com/bumptech/glide/load/model/StringLoader.java
2604	com.bumptech.glide.load.model.StringLoader$AssetFileDescriptorFactory	build(com.bumptech.glide.load.model.MultiModelLoaderFactory)	782	[false]	java.lang.Override	public	true	/home/nima/Developer/nullness-benchmarks/glide/library/src/main/java/com/bumptech/glide/load/model/StringLoader.java
2605	com.bumptech.glide.load.model.StringLoader$AssetFileDescriptorFactory	teardown()	783	[]	java.lang.Override	public	false	/home/nima/Developer/nullness-benchmarks/glide/library/src/main/java/com/bumptech/glide/load/model/StringLoader.java
2606	com.bumptech.glide.load.model.ResourceLoader	ResourceLoader(android.content.res.Resources,com.bumptech.glide.load.model.ModelLoader)	0	[false, false]	java.lang.SuppressWarnings	public	false	/home/nima/Developer/nullness-benchmarks/glide/library/src/main/java/com/bumptech/glide/load/model/ResourceLoader.java
2607	com.bumptech.glide.load.model.ResourceLoader	buildLoadData(java.lang.Integer,int,int,com.bumptech.glide.load.Options)	797	[false, false, false, false]	java.lang.Override	public	true	/home/nima/Developer/nullness-benchmarks/glide/library/src/main/java/com/bumptech/glide/load/model/ResourceLoader.java
2608	com.bumptech.glide.load.model.ResourceLoader	getResourceUri(java.lang.Integer)	0	[false]	androidx.annotation.Nullable	private	true	/home/nima/Developer/nullness-benchmarks/glide/library/src/main/java/com/bumptech/glide/load/model/ResourceLoader.java
2609	com.bumptech.glide.load.model.ResourceLoader	handles(java.lang.Integer)	798	[false]	java.lang.Override	public	false	/home/nima/Developer/nullness-benchmarks/glide/library/src/main/java/com/bumptech/glide/load/model/ResourceLoader.java
2610	com.bumptech.glide.load.model.ResourceLoader$StreamFactory	StreamFactory(android.content.res.Resources)	0	[false]		public	false	/home/nima/Developer/nullness-benchmarks/glide/library/src/main/java/com/bumptech/glide/load/model/ResourceLoader.java
2611	com.bumptech.glide.load.model.ResourceLoader$StreamFactory	build(com.bumptech.glide.load.model.MultiModelLoaderFactory)	782	[false]	androidx.annotation.NonNull,java.lang.Override	public	true	/home/nima/Developer/nullness-benchmarks/glide/library/src/main/java/com/bumptech/glide/load/model/ResourceLoader.java
2612	com.bumptech.glide.load.model.ResourceLoader$StreamFactory	teardown()	783	[]	java.lang.Override	public	false	/home/nima/Developer/nullness-benchmarks/glide/library/src/main/java/com/bumptech/glide/load/model/ResourceLoader.java
2613	com.bumptech.glide.load.model.ResourceLoader$FileDescriptorFactory	FileDescriptorFactory(android.content.res.Resources)	0	[false]		public	false	/home/nima/Developer/nullness-benchmarks/glide/library/src/main/java/com/bumptech/glide/load/model/ResourceLoader.java
2614	com.bumptech.glide.load.model.ResourceLoader$FileDescriptorFactory	build(com.bumptech.glide.load.model.MultiModelLoaderFactory)	782	[false]	androidx.annotation.NonNull,java.lang.Override	public	true	/home/nima/Developer/nullness-benchmarks/glide/library/src/main/java/com/bumptech/glide/load/model/ResourceLoader.java
2615	com.bumptech.glide.load.model.ResourceLoader$FileDescriptorFactory	teardown()	783	[]	java.lang.Override	public	false	/home/nima/Developer/nullness-benchmarks/glide/library/src/main/java/com/bumptech/glide/load/model/ResourceLoader.java
2616	com.bumptech.glide.load.model.ResourceLoader$AssetFileDescriptorFactory	AssetFileDescriptorFactory(android.content.res.Resources)	0	[false]		public	false	/home/nima/Developer/nullness-benchmarks/glide/library/src/main/java/com/bumptech/glide/load/model/ResourceLoader.java
2617	com.bumptech.glide.load.model.ResourceLoader$AssetFileDescriptorFactory	build(com.bumptech.glide.load.model.MultiModelLoaderFactory)	782	[false]	java.lang.Override	public	true	/home/nima/Developer/nullness-benchmarks/glide/library/src/main/java/com/bumptech/glide/load/model/ResourceLoader.java
2618	com.bumptech.glide.load.model.ResourceLoader$AssetFileDescriptorFactory	teardown()	783	[]	java.lang.Override	public	false	/home/nima/Developer/nullness-benchmarks/glide/library/src/main/java/com/bumptech/glide/load/model/ResourceLoader.java
2619	com.bumptech.glide.load.model.ResourceLoader$UriFactory	UriFactory(android.content.res.Resources)	0	[false]		public	false	/home/nima/Developer/nullness-benchmarks/glide/library/src/main/java/com/bumptech/glide/load/model/ResourceLoader.java
2620	com.bumptech.glide.load.model.ResourceLoader$UriFactory	build(com.bumptech.glide.load.model.MultiModelLoaderFactory)	782	[false]	androidx.annotation.NonNull,java.lang.Override	public	true	/home/nima/Developer/nullness-benchmarks/glide/library/src/main/java/com/bumptech/glide/load/model/ResourceLoader.java
2621	com.bumptech.glide.load.model.ResourceLoader$UriFactory	teardown()	783	[]	java.lang.Override	public	false	/home/nima/Developer/nullness-benchmarks/glide/library/src/main/java/com/bumptech/glide/load/model/ResourceLoader.java
2622	com.bumptech.glide.load.model.FileLoader	FileLoader(com.bumptech.glide.load.model.FileLoader.FileOpener)	0	[false]	java.lang.SuppressWarnings	public	false	/home/nima/Developer/nullness-benchmarks/glide/library/src/main/java/com/bumptech/glide/load/model/FileLoader.java
2623	com.bumptech.glide.load.model.FileLoader	buildLoadData(java.io.File,int,int,com.bumptech.glide.load.Options)	797	[false, false, false, false]	java.lang.Override	public	true	/home/nima/Developer/nullness-benchmarks/glide/library/src/main/java/com/bumptech/glide/load/model/FileLoader.java
2624	com.bumptech.glide.load.model.FileLoader	handles(java.io.File)	798	[false]	java.lang.Override	public	false	/home/nima/Developer/nullness-benchmarks/glide/library/src/main/java/com/bumptech/glide/load/model/FileLoader.java
2625	com.bumptech.glide.load.model.FileLoader$FileOpener	open(java.io.File)	0	[false]		public	true	/home/nima/Developer/nullness-benchmarks/glide/library/src/main/java/com/bumptech/glide/load/model/FileLoader.java
2626	com.bumptech.glide.load.model.FileLoader$FileOpener	close(Data)	0	[false]		public	false	/home/nima/Developer/nullness-benchmarks/glide/library/src/main/java/com/bumptech/glide/load/model/FileLoader.java
2627	com.bumptech.glide.load.model.FileLoader$FileOpener	getDataClass()	0	[]		public	true	/home/nima/Developer/nullness-benchmarks/glide/library/src/main/java/com/bumptech/glide/load/model/FileLoader.java
2628	com.bumptech.glide.load.model.FileLoader$FileFetcher	FileFetcher(java.io.File,com.bumptech.glide.load.model.FileLoader.FileOpener)	0	[false, false]		package	false	/home/nima/Developer/nullness-benchmarks/glide/library/src/main/java/com/bumptech/glide/load/model/FileLoader.java
2629	com.bumptech.glide.load.model.FileLoader$FileFetcher	loadData(com.bumptech.glide.Priority,com.bumptech.glide.load.data.DataFetcher.DataCallback)	810	[false, false]	java.lang.Override	public	false	/home/nima/Developer/nullness-benchmarks/glide/library/src/main/java/com/bumptech/glide/load/model/FileLoader.java
2630	com.bumptech.glide.load.model.FileLoader$FileFetcher	cleanup()	811	[]	java.lang.Override	public	false	/home/nima/Developer/nullness-benchmarks/glide/library/src/main/java/com/bumptech/glide/load/model/FileLoader.java
2631	com.bumptech.glide.load.model.FileLoader$FileFetcher	cancel()	812	[]	java.lang.Override	public	false	/home/nima/Developer/nullness-benchmarks/glide/library/src/main/java/com/bumptech/glide/load/model/FileLoader.java
2632	com.bumptech.glide.load.model.FileLoader$FileFetcher	getDataClass()	813	[]	androidx.annotation.NonNull,java.lang.Override	public	true	/home/nima/Developer/nullness-benchmarks/glide/library/src/main/java/com/bumptech/glide/load/model/FileLoader.java
2633	com.bumptech.glide.load.model.FileLoader$FileFetcher	getDataSource()	814	[]	androidx.annotation.NonNull,java.lang.Override	public	true	/home/nima/Developer/nullness-benchmarks/glide/library/src/main/java/com/bumptech/glide/load/model/FileLoader.java
2634	com.bumptech.glide.load.model.FileLoader$Factory	Factory(com.bumptech.glide.load.model.FileLoader.FileOpener)	0	[false]		public	false	/home/nima/Developer/nullness-benchmarks/glide/library/src/main/java/com/bumptech/glide/load/model/FileLoader.java
2635	com.bumptech.glide.load.model.FileLoader$Factory	build(com.bumptech.glide.load.model.MultiModelLoaderFactory)	782	[false]	androidx.annotation.NonNull,java.lang.Override	public	true	/home/nima/Developer/nullness-benchmarks/glide/library/src/main/java/com/bumptech/glide/load/model/FileLoader.java
2636	com.bumptech.glide.load.model.FileLoader$Factory	teardown()	783	[]	java.lang.Override	public	false	/home/nima/Developer/nullness-benchmarks/glide/library/src/main/java/com/bumptech/glide/load/model/FileLoader.java
2637	com.bumptech.glide.load.model.FileLoader$StreamFactory	StreamFactory()	0	[]		public	false	/home/nima/Developer/nullness-benchmarks/glide/library/src/main/java/com/bumptech/glide/load/model/FileLoader.java
2638	com.bumptech.glide.load.model.FileLoader$StreamFactory$1	open(java.io.File)	2625	[false]	java.lang.Override	public	true	/home/nima/Developer/nullness-benchmarks/glide/library/src/main/java/com/bumptech/glide/load/model/FileLoader.java
2639	com.bumptech.glide.load.model.FileLoader$StreamFactory$1	close(java.io.InputStream)	2626	[false]	java.lang.Override	public	false	/home/nima/Developer/nullness-benchmarks/glide/library/src/main/java/com/bumptech/glide/load/model/FileLoader.java
2640	com.bumptech.glide.load.model.FileLoader$StreamFactory$1	getDataClass()	2627	[]	java.lang.Override	public	true	/home/nima/Developer/nullness-benchmarks/glide/library/src/main/java/com/bumptech/glide/load/model/FileLoader.java
2641	com.bumptech.glide.load.model.FileLoader$FileDescriptorFactory	FileDescriptorFactory()	0	[]		public	false	/home/nima/Developer/nullness-benchmarks/glide/library/src/main/java/com/bumptech/glide/load/model/FileLoader.java
2642	com.bumptech.glide.load.model.FileLoader$FileDescriptorFactory$1	open(java.io.File)	2625	[false]	java.lang.Override	public	true	/home/nima/Developer/nullness-benchmarks/glide/library/src/main/java/com/bumptech/glide/load/model/FileLoader.java
2643	com.bumptech.glide.load.model.FileLoader$FileDescriptorFactory$1	close(android.os.ParcelFileDescriptor)	2626	[false]	java.lang.Override	public	false	/home/nima/Developer/nullness-benchmarks/glide/library/src/main/java/com/bumptech/glide/load/model/FileLoader.java
2644	com.bumptech.glide.load.model.FileLoader$FileDescriptorFactory$1	getDataClass()	2627	[]	java.lang.Override	public	true	/home/nima/Developer/nullness-benchmarks/glide/library/src/main/java/com/bumptech/glide/load/model/FileLoader.java
2645	com.bumptech.glide.load.model.UriLoader	UriLoader(com.bumptech.glide.load.model.UriLoader.LocalUriFetcherFactory)	0	[false]	java.lang.SuppressWarnings	public	false	/home/nima/Developer/nullness-benchmarks/glide/library/src/main/java/com/bumptech/glide/load/model/UriLoader.java
2646	com.bumptech.glide.load.model.UriLoader	buildLoadData(android.net.Uri,int,int,com.bumptech.glide.load.Options)	797	[false, false, false, false]	java.lang.Override	public	true	/home/nima/Developer/nullness-benchmarks/glide/library/src/main/java/com/bumptech/glide/load/model/UriLoader.java
2647	com.bumptech.glide.load.model.UriLoader	handles(android.net.Uri)	798	[false]	java.lang.Override	public	false	/home/nima/Developer/nullness-benchmarks/glide/library/src/main/java/com/bumptech/glide/load/model/UriLoader.java
2648	com.bumptech.glide.load.model.UriLoader$LocalUriFetcherFactory	build(android.net.Uri)	0	[false]		public	true	/home/nima/Developer/nullness-benchmarks/glide/library/src/main/java/com/bumptech/glide/load/model/UriLoader.java
2649	com.bumptech.glide.load.model.UriLoader$StreamFactory	StreamFactory(android.content.ContentResolver)	0	[false]		public	false	/home/nima/Developer/nullness-benchmarks/glide/library/src/main/java/com/bumptech/glide/load/model/UriLoader.java
2650	com.bumptech.glide.load.model.UriLoader$StreamFactory	build(android.net.Uri)	2648	[false]	java.lang.Override	public	true	/home/nima/Developer/nullness-benchmarks/glide/library/src/main/java/com/bumptech/glide/load/model/UriLoader.java
2651	com.bumptech.glide.load.model.UriLoader$StreamFactory	build(com.bumptech.glide.load.model.MultiModelLoaderFactory)	782	[false]	androidx.annotation.NonNull,java.lang.Override	public	true	/home/nima/Developer/nullness-benchmarks/glide/library/src/main/java/com/bumptech/glide/load/model/UriLoader.java
2652	com.bumptech.glide.load.model.UriLoader$StreamFactory	teardown()	783	[]	java.lang.Override	public	false	/home/nima/Developer/nullness-benchmarks/glide/library/src/main/java/com/bumptech/glide/load/model/UriLoader.java
2653	com.bumptech.glide.load.model.UriLoader$FileDescriptorFactory	FileDescriptorFactory(android.content.ContentResolver)	0	[false]		public	false	/home/nima/Developer/nullness-benchmarks/glide/library/src/main/java/com/bumptech/glide/load/model/UriLoader.java
2654	com.bumptech.glide.load.model.UriLoader$FileDescriptorFactory	build(android.net.Uri)	2648	[false]	java.lang.Override	public	true	/home/nima/Developer/nullness-benchmarks/glide/library/src/main/java/com/bumptech/glide/load/model/UriLoader.java
2655	com.bumptech.glide.load.model.UriLoader$FileDescriptorFactory	build(com.bumptech.glide.load.model.MultiModelLoaderFactory)	782	[false]	androidx.annotation.NonNull,java.lang.Override	public	true	/home/nima/Developer/nullness-benchmarks/glide/library/src/main/java/com/bumptech/glide/load/model/UriLoader.java
2656	com.bumptech.glide.load.model.UriLoader$FileDescriptorFactory	teardown()	783	[]	java.lang.Override	public	false	/home/nima/Developer/nullness-benchmarks/glide/library/src/main/java/com/bumptech/glide/load/model/UriLoader.java
2657	com.bumptech.glide.load.model.UriLoader$AssetFileDescriptorFactory	AssetFileDescriptorFactory(android.content.ContentResolver)	0	[false]		public	false	/home/nima/Developer/nullness-benchmarks/glide/library/src/main/java/com/bumptech/glide/load/model/UriLoader.java
2658	com.bumptech.glide.load.model.UriLoader$AssetFileDescriptorFactory	build(com.bumptech.glide.load.model.MultiModelLoaderFactory)	782	[false]	java.lang.Override	public	true	/home/nima/Developer/nullness-benchmarks/glide/library/src/main/java/com/bumptech/glide/load/model/UriLoader.java
2659	com.bumptech.glide.load.model.UriLoader$AssetFileDescriptorFactory	teardown()	783	[]	java.lang.Override	public	false	/home/nima/Developer/nullness-benchmarks/glide/library/src/main/java/com/bumptech/glide/load/model/UriLoader.java
2660	com.bumptech.glide.load.model.UriLoader$AssetFileDescriptorFactory	build(android.net.Uri)	2648	[false]	java.lang.Override	public	true	/home/nima/Developer/nullness-benchmarks/glide/library/src/main/java/com/bumptech/glide/load/model/UriLoader.java
2661	com.bumptech.glide.load.model.StreamEncoder	StreamEncoder(com.bumptech.glide.load.engine.bitmap_recycle.ArrayPool)	0	[false]		public	false	/home/nima/Developer/nullness-benchmarks/glide/library/src/main/java/com/bumptech/glide/load/model/StreamEncoder.java
2662	com.bumptech.glide.load.model.StreamEncoder	encode(java.io.InputStream,java.io.File,com.bumptech.glide.load.Options)	768	[false, false, false]	java.lang.Override	public	false	/home/nima/Developer/nullness-benchmarks/glide/library/src/main/java/com/bumptech/glide/load/model/StreamEncoder.java
2663	com.bumptech.glide.load.model.UnitModelLoader	getInstance()	0	[]	java.lang.SuppressWarnings	public	true	/home/nima/Developer/nullness-benchmarks/glide/library/src/main/java/com/bumptech/glide/load/model/UnitModelLoader.java
2664	com.bumptech.glide.load.model.UnitModelLoader	UnitModelLoader()	0	[]	java.lang.SuppressWarnings,java.lang.Deprecated	public	false	/home/nima/Developer/nullness-benchmarks/glide/library/src/main/java/com/bumptech/glide/load/model/UnitModelLoader.java
2665	com.bumptech.glide.load.model.UnitModelLoader	buildLoadData(Model,int,int,com.bumptech.glide.load.Options)	797	[false, false, false, false]	java.lang.Override	public	true	/home/nima/Developer/nullness-benchmarks/glide/library/src/main/java/com/bumptech/glide/load/model/UnitModelLoader.java
2666	com.bumptech.glide.load.model.UnitModelLoader	handles(Model)	798	[false]	java.lang.Override	public	false	/home/nima/Developer/nullness-benchmarks/glide/library/src/main/java/com/bumptech/glide/load/model/UnitModelLoader.java
2667	com.bumptech.glide.load.model.UnitModelLoader$UnitFetcher	UnitFetcher(Model)	0	[false]		package	false	/home/nima/Developer/nullness-benchmarks/glide/library/src/main/java/com/bumptech/glide/load/model/UnitModelLoader.java
2668	com.bumptech.glide.load.model.UnitModelLoader$UnitFetcher	loadData(com.bumptech.glide.Priority,com.bumptech.glide.load.data.DataFetcher.DataCallback)	810	[false, false]	java.lang.Override	public	false	/home/nima/Developer/nullness-benchmarks/glide/library/src/main/java/com/bumptech/glide/load/model/UnitModelLoader.java
2669	com.bumptech.glide.load.model.UnitModelLoader$UnitFetcher	cleanup()	811	[]	java.lang.Override	public	false	/home/nima/Developer/nullness-benchmarks/glide/library/src/main/java/com/bumptech/glide/load/model/UnitModelLoader.java
2670	com.bumptech.glide.load.model.UnitModelLoader$UnitFetcher	cancel()	812	[]	java.lang.Override	public	false	/home/nima/Developer/nullness-benchmarks/glide/library/src/main/java/com/bumptech/glide/load/model/UnitModelLoader.java
2671	com.bumptech.glide.load.model.UnitModelLoader$UnitFetcher	getDataClass()	813	[]	androidx.annotation.NonNull,java.lang.SuppressWarnings,java.lang.Override	public	true	/home/nima/Developer/nullness-benchmarks/glide/library/src/main/java/com/bumptech/glide/load/model/UnitModelLoader.java
2672	com.bumptech.glide.load.model.UnitModelLoader$UnitFetcher	getDataSource()	814	[]	androidx.annotation.NonNull,java.lang.Override	public	true	/home/nima/Developer/nullness-benchmarks/glide/library/src/main/java/com/bumptech/glide/load/model/UnitModelLoader.java
2673	com.bumptech.glide.load.model.UnitModelLoader$Factory	getInstance()	0	[]	java.lang.SuppressWarnings	public	true	/home/nima/Developer/nullness-benchmarks/glide/library/src/main/java/com/bumptech/glide/load/model/UnitModelLoader.java
2674	com.bumptech.glide.load.model.UnitModelLoader$Factory	Factory()	0	[]	java.lang.SuppressWarnings,java.lang.Deprecated	public	false	/home/nima/Developer/nullness-benchmarks/glide/library/src/main/java/com/bumptech/glide/load/model/UnitModelLoader.java
2675	com.bumptech.glide.load.model.UnitModelLoader$Factory	build(com.bumptech.glide.load.model.MultiModelLoaderFactory)	782	[false]	androidx.annotation.NonNull,java.lang.Override	public	true	/home/nima/Developer/nullness-benchmarks/glide/library/src/main/java/com/bumptech/glide/load/model/UnitModelLoader.java
2676	com.bumptech.glide.load.model.UnitModelLoader$Factory	teardown()	783	[]	java.lang.Override	public	false	/home/nima/Developer/nullness-benchmarks/glide/library/src/main/java/com/bumptech/glide/load/model/UnitModelLoader.java
2677	com.bumptech.glide.load.model.AssetUriLoader	AssetUriLoader(android.content.res.AssetManager,com.bumptech.glide.load.model.AssetUriLoader.AssetFetcherFactory)	0	[false, false]	java.lang.SuppressWarnings	public	false	/home/nima/Developer/nullness-benchmarks/glide/library/src/main/java/com/bumptech/glide/load/model/AssetUriLoader.java
2678	com.bumptech.glide.load.model.AssetUriLoader	buildLoadData(android.net.Uri,int,int,com.bumptech.glide.load.Options)	797	[false, false, false, false]	java.lang.Override	public	true	/home/nima/Developer/nullness-benchmarks/glide/library/src/main/java/com/bumptech/glide/load/model/AssetUriLoader.java
2679	com.bumptech.glide.load.model.AssetUriLoader	handles(android.net.Uri)	798	[false]	java.lang.Override	public	false	/home/nima/Developer/nullness-benchmarks/glide/library/src/main/java/com/bumptech/glide/load/model/AssetUriLoader.java
2680	com.bumptech.glide.load.model.AssetUriLoader$AssetFetcherFactory	buildFetcher(android.content.res.AssetManager,java.lang.String)	0	[false, false]		public	true	/home/nima/Developer/nullness-benchmarks/glide/library/src/main/java/com/bumptech/glide/load/model/AssetUriLoader.java
2681	com.bumptech.glide.load.model.AssetUriLoader$StreamFactory	StreamFactory(android.content.res.AssetManager)	0	[false]		public	false	/home/nima/Developer/nullness-benchmarks/glide/library/src/main/java/com/bumptech/glide/load/model/AssetUriLoader.java
2682	com.bumptech.glide.load.model.AssetUriLoader$StreamFactory	build(com.bumptech.glide.load.model.MultiModelLoaderFactory)	782	[false]	androidx.annotation.NonNull,java.lang.Override	public	true	/home/nima/Developer/nullness-benchmarks/glide/library/src/main/java/com/bumptech/glide/load/model/AssetUriLoader.java
2683	com.bumptech.glide.load.model.AssetUriLoader$StreamFactory	teardown()	783	[]	java.lang.Override	public	false	/home/nima/Developer/nullness-benchmarks/glide/library/src/main/java/com/bumptech/glide/load/model/AssetUriLoader.java
2684	com.bumptech.glide.load.model.AssetUriLoader$StreamFactory	buildFetcher(android.content.res.AssetManager,java.lang.String)	2680	[false, false]	java.lang.Override	public	true	/home/nima/Developer/nullness-benchmarks/glide/library/src/main/java/com/bumptech/glide/load/model/AssetUriLoader.java
2685	com.bumptech.glide.load.model.AssetUriLoader$FileDescriptorFactory	FileDescriptorFactory(android.content.res.AssetManager)	0	[false]		public	false	/home/nima/Developer/nullness-benchmarks/glide/library/src/main/java/com/bumptech/glide/load/model/AssetUriLoader.java
2686	com.bumptech.glide.load.model.AssetUriLoader$FileDescriptorFactory	build(com.bumptech.glide.load.model.MultiModelLoaderFactory)	782	[false]	androidx.annotation.NonNull,java.lang.Override	public	true	/home/nima/Developer/nullness-benchmarks/glide/library/src/main/java/com/bumptech/glide/load/model/AssetUriLoader.java
2687	com.bumptech.glide.load.model.AssetUriLoader$FileDescriptorFactory	teardown()	783	[]	java.lang.Override	public	false	/home/nima/Developer/nullness-benchmarks/glide/library/src/main/java/com/bumptech/glide/load/model/AssetUriLoader.java
2688	com.bumptech.glide.load.model.AssetUriLoader$FileDescriptorFactory	buildFetcher(android.content.res.AssetManager,java.lang.String)	2680	[false, false]	java.lang.Override	public	true	/home/nima/Developer/nullness-benchmarks/glide/library/src/main/java/com/bumptech/glide/load/model/AssetUriLoader.java
2689	com.bumptech.glide.load.model.MediaStoreFileLoader	MediaStoreFileLoader(android.content.Context)	0	[false]	java.lang.SuppressWarnings	public	false	/home/nima/Developer/nullness-benchmarks/glide/library/src/main/java/com/bumptech/glide/load/model/MediaStoreFileLoader.java
2690	com.bumptech.glide.load.model.MediaStoreFileLoader	buildLoadData(android.net.Uri,int,int,com.bumptech.glide.load.Options)	797	[false, false, false, false]	java.lang.Override	public	true	/home/nima/Developer/nullness-benchmarks/glide/library/src/main/java/com/bumptech/glide/load/model/MediaStoreFileLoader.java
2691	com.bumptech.glide.load.model.MediaStoreFileLoader	handles(android.net.Uri)	798	[false]	java.lang.Override	public	false	/home/nima/Developer/nullness-benchmarks/glide/library/src/main/java/com/bumptech/glide/load/model/MediaStoreFileLoader.java
2692	com.bumptech.glide.load.model.MediaStoreFileLoader$FilePathFetcher	FilePathFetcher(android.content.Context,android.net.Uri)	0	[false, false]		package	false	/home/nima/Developer/nullness-benchmarks/glide/library/src/main/java/com/bumptech/glide/load/model/MediaStoreFileLoader.java
2693	com.bumptech.glide.load.model.MediaStoreFileLoader$FilePathFetcher	loadData(com.bumptech.glide.Priority,com.bumptech.glide.load.data.DataFetcher.DataCallback)	810	[false, false]	java.lang.Override	public	false	/home/nima/Developer/nullness-benchmarks/glide/library/src/main/java/com/bumptech/glide/load/model/MediaStoreFileLoader.java
2694	com.bumptech.glide.load.model.MediaStoreFileLoader$FilePathFetcher	cleanup()	811	[]	java.lang.Override	public	false	/home/nima/Developer/nullness-benchmarks/glide/library/src/main/java/com/bumptech/glide/load/model/MediaStoreFileLoader.java
2695	com.bumptech.glide.load.model.MediaStoreFileLoader$FilePathFetcher	cancel()	812	[]	java.lang.Override	public	false	/home/nima/Developer/nullness-benchmarks/glide/library/src/main/java/com/bumptech/glide/load/model/MediaStoreFileLoader.java
2696	com.bumptech.glide.load.model.MediaStoreFileLoader$FilePathFetcher	getDataClass()	813	[]	androidx.annotation.NonNull,java.lang.Override	public	true	/home/nima/Developer/nullness-benchmarks/glide/library/src/main/java/com/bumptech/glide/load/model/MediaStoreFileLoader.java
2697	com.bumptech.glide.load.model.MediaStoreFileLoader$FilePathFetcher	getDataSource()	814	[]	androidx.annotation.NonNull,java.lang.Override	public	true	/home/nima/Developer/nullness-benchmarks/glide/library/src/main/java/com/bumptech/glide/load/model/MediaStoreFileLoader.java
2698	com.bumptech.glide.load.model.MediaStoreFileLoader$Factory	Factory(android.content.Context)	0	[false]		public	false	/home/nima/Developer/nullness-benchmarks/glide/library/src/main/java/com/bumptech/glide/load/model/MediaStoreFileLoader.java
2699	com.bumptech.glide.load.model.MediaStoreFileLoader$Factory	build(com.bumptech.glide.load.model.MultiModelLoaderFactory)	782	[false]	androidx.annotation.NonNull,java.lang.Override	public	true	/home/nima/Developer/nullness-benchmarks/glide/library/src/main/java/com/bumptech/glide/load/model/MediaStoreFileLoader.java
2700	com.bumptech.glide.load.model.MediaStoreFileLoader$Factory	teardown()	783	[]	java.lang.Override	public	false	/home/nima/Developer/nullness-benchmarks/glide/library/src/main/java/com/bumptech/glide/load/model/MediaStoreFileLoader.java
2701	com.bumptech.glide.load.model.DirectResourceLoader	inputStreamFactory(android.content.Context)	0	[false]		public	true	/home/nima/Developer/nullness-benchmarks/glide/library/src/main/java/com/bumptech/glide/load/model/DirectResourceLoader.java
2702	com.bumptech.glide.load.model.DirectResourceLoader	assetFileDescriptorFactory(android.content.Context)	0	[false]		public	true	/home/nima/Developer/nullness-benchmarks/glide/library/src/main/java/com/bumptech/glide/load/model/DirectResourceLoader.java
2703	com.bumptech.glide.load.model.DirectResourceLoader	drawableFactory(android.content.Context)	0	[false]		public	true	/home/nima/Developer/nullness-benchmarks/glide/library/src/main/java/com/bumptech/glide/load/model/DirectResourceLoader.java
2704	com.bumptech.glide.load.model.DirectResourceLoader	DirectResourceLoader(android.content.Context,com.bumptech.glide.load.model.DirectResourceLoader.ResourceOpener)	0	[false, false]		package	false	/home/nima/Developer/nullness-benchmarks/glide/library/src/main/java/com/bumptech/glide/load/model/DirectResourceLoader.java
2705	com.bumptech.glide.load.model.DirectResourceLoader	buildLoadData(java.lang.Integer,int,int,com.bumptech.glide.load.Options)	797	[false, false, false, false]	java.lang.Override	public	true	/home/nima/Developer/nullness-benchmarks/glide/library/src/main/java/com/bumptech/glide/load/model/DirectResourceLoader.java
2706	com.bumptech.glide.load.model.DirectResourceLoader	handles(java.lang.Integer)	798	[false]	java.lang.Override	public	false	/home/nima/Developer/nullness-benchmarks/glide/library/src/main/java/com/bumptech/glide/load/model/DirectResourceLoader.java
2707	com.bumptech.glide.load.model.DirectResourceLoader$ResourceOpener	open(android.content.res.Resources.Theme,android.content.res.Resources,int)	0	[true, false, false]		public	true	/home/nima/Developer/nullness-benchmarks/glide/library/src/main/java/com/bumptech/glide/load/model/DirectResourceLoader.java
2708	com.bumptech.glide.load.model.DirectResourceLoader$ResourceOpener	close(DataT)	0	[false]		public	false	/home/nima/Developer/nullness-benchmarks/glide/library/src/main/java/com/bumptech/glide/load/model/DirectResourceLoader.java
2709	com.bumptech.glide.load.model.DirectResourceLoader$ResourceOpener	getDataClass()	0	[]		public	true	/home/nima/Developer/nullness-benchmarks/glide/library/src/main/java/com/bumptech/glide/load/model/DirectResourceLoader.java
2710	com.bumptech.glide.load.model.DirectResourceLoader$AssetFileDescriptorFactory	AssetFileDescriptorFactory(android.content.Context)	0	[false]		package	false	/home/nima/Developer/nullness-benchmarks/glide/library/src/main/java/com/bumptech/glide/load/model/DirectResourceLoader.java
2711	com.bumptech.glide.load.model.DirectResourceLoader$AssetFileDescriptorFactory	open(android.content.res.Resources.Theme,android.content.res.Resources,int)	2707	[true, false, false]	java.lang.Override	public	true	/home/nima/Developer/nullness-benchmarks/glide/library/src/main/java/com/bumptech/glide/load/model/DirectResourceLoader.java
2712	com.bumptech.glide.load.model.DirectResourceLoader$AssetFileDescriptorFactory	close(android.content.res.AssetFileDescriptor)	2708	[false]	java.lang.Override	public	false	/home/nima/Developer/nullness-benchmarks/glide/library/src/main/java/com/bumptech/glide/load/model/DirectResourceLoader.java
2713	com.bumptech.glide.load.model.DirectResourceLoader$AssetFileDescriptorFactory	getDataClass()	2709	[]	java.lang.Override	public	true	/home/nima/Developer/nullness-benchmarks/glide/library/src/main/java/com/bumptech/glide/load/model/DirectResourceLoader.java
2714	com.bumptech.glide.load.model.DirectResourceLoader$AssetFileDescriptorFactory	build(com.bumptech.glide.load.model.MultiModelLoaderFactory)	782	[false]	androidx.annotation.NonNull,java.lang.Override	public	true	/home/nima/Developer/nullness-benchmarks/glide/library/src/main/java/com/bumptech/glide/load/model/DirectResourceLoader.java
2715	com.bumptech.glide.load.model.DirectResourceLoader$AssetFileDescriptorFactory	teardown()	783	[]	java.lang.Override	public	false	/home/nima/Developer/nullness-benchmarks/glide/library/src/main/java/com/bumptech/glide/load/model/DirectResourceLoader.java
2716	com.bumptech.glide.load.model.DirectResourceLoader$InputStreamFactory	InputStreamFactory(android.content.Context)	0	[false]		package	false	/home/nima/Developer/nullness-benchmarks/glide/library/src/main/java/com/bumptech/glide/load/model/DirectResourceLoader.java
2717	com.bumptech.glide.load.model.DirectResourceLoader$InputStreamFactory	build(com.bumptech.glide.load.model.MultiModelLoaderFactory)	782	[false]	androidx.annotation.NonNull,java.lang.Override	public	true	/home/nima/Developer/nullness-benchmarks/glide/library/src/main/java/com/bumptech/glide/load/model/DirectResourceLoader.java
2718	com.bumptech.glide.load.model.DirectResourceLoader$InputStreamFactory	open(android.content.res.Resources.Theme,android.content.res.Resources,int)	2707	[true, false, false]	java.lang.Override	public	true	/home/nima/Developer/nullness-benchmarks/glide/library/src/main/java/com/bumptech/glide/load/model/DirectResourceLoader.java
2719	com.bumptech.glide.load.model.DirectResourceLoader$InputStreamFactory	close(java.io.InputStream)	2708	[false]	java.lang.Override	public	false	/home/nima/Developer/nullness-benchmarks/glide/library/src/main/java/com/bumptech/glide/load/model/DirectResourceLoader.java
2720	com.bumptech.glide.load.model.DirectResourceLoader$InputStreamFactory	getDataClass()	2709	[]	java.lang.Override	public	true	/home/nima/Developer/nullness-benchmarks/glide/library/src/main/java/com/bumptech/glide/load/model/DirectResourceLoader.java
2721	com.bumptech.glide.load.model.DirectResourceLoader$InputStreamFactory	teardown()	783	[]	java.lang.Override	public	false	/home/nima/Developer/nullness-benchmarks/glide/library/src/main/java/com/bumptech/glide/load/model/DirectResourceLoader.java
2722	com.bumptech.glide.load.model.DirectResourceLoader$DrawableFactory	DrawableFactory(android.content.Context)	0	[false]		package	false	/home/nima/Developer/nullness-benchmarks/glide/library/src/main/java/com/bumptech/glide/load/model/DirectResourceLoader.java
2723	com.bumptech.glide.load.model.DirectResourceLoader$DrawableFactory	open(android.content.res.Resources.Theme,android.content.res.Resources,int)	2707	[true, false, false]	java.lang.Override	public	true	/home/nima/Developer/nullness-benchmarks/glide/library/src/main/java/com/bumptech/glide/load/model/DirectResourceLoader.java
2724	com.bumptech.glide.load.model.DirectResourceLoader$DrawableFactory	close(android.graphics.drawable.Drawable)	2708	[false]	java.lang.Override	public	false	/home/nima/Developer/nullness-benchmarks/glide/library/src/main/java/com/bumptech/glide/load/model/DirectResourceLoader.java
2725	com.bumptech.glide.load.model.DirectResourceLoader$DrawableFactory	getDataClass()	2709	[]	java.lang.Override	public	true	/home/nima/Developer/nullness-benchmarks/glide/library/src/main/java/com/bumptech/glide/load/model/DirectResourceLoader.java
2726	com.bumptech.glide.load.model.DirectResourceLoader$DrawableFactory	build(com.bumptech.glide.load.model.MultiModelLoaderFactory)	782	[false]	androidx.annotation.NonNull,java.lang.Override	public	true	/home/nima/Developer/nullness-benchmarks/glide/library/src/main/java/com/bumptech/glide/load/model/DirectResourceLoader.java
2727	com.bumptech.glide.load.model.DirectResourceLoader$DrawableFactory	teardown()	783	[]	java.lang.Override	public	false	/home/nima/Developer/nullness-benchmarks/glide/library/src/main/java/com/bumptech/glide/load/model/DirectResourceLoader.java
2728	com.bumptech.glide.load.model.DirectResourceLoader$ResourceDataFetcher	ResourceDataFetcher(android.content.res.Resources.Theme,android.content.res.Resources,com.bumptech.glide.load.model.DirectResourceLoader.ResourceOpener,int)	0	[true, false, false, false]		package	false	/home/nima/Developer/nullness-benchmarks/glide/library/src/main/java/com/bumptech/glide/load/model/DirectResourceLoader.java
2729	com.bumptech.glide.load.model.DirectResourceLoader$ResourceDataFetcher	loadData(com.bumptech.glide.Priority,com.bumptech.glide.load.data.DataFetcher.DataCallback)	810	[false, false]	java.lang.Override	public	false	/home/nima/Developer/nullness-benchmarks/glide/library/src/main/java/com/bumptech/glide/load/model/DirectResourceLoader.java
2730	com.bumptech.glide.load.model.DirectResourceLoader$ResourceDataFetcher	cleanup()	811	[]	java.lang.Override	public	false	/home/nima/Developer/nullness-benchmarks/glide/library/src/main/java/com/bumptech/glide/load/model/DirectResourceLoader.java
2731	com.bumptech.glide.load.model.DirectResourceLoader$ResourceDataFetcher	cancel()	812	[]	java.lang.Override	public	false	/home/nima/Developer/nullness-benchmarks/glide/library/src/main/java/com/bumptech/glide/load/model/DirectResourceLoader.java
2732	com.bumptech.glide.load.model.DirectResourceLoader$ResourceDataFetcher	getDataClass()	813	[]	androidx.annotation.NonNull,java.lang.Override	public	true	/home/nima/Developer/nullness-benchmarks/glide/library/src/main/java/com/bumptech/glide/load/model/DirectResourceLoader.java
2733	com.bumptech.glide.load.model.DirectResourceLoader$ResourceDataFetcher	getDataSource()	814	[]	androidx.annotation.NonNull,java.lang.Override	public	true	/home/nima/Developer/nullness-benchmarks/glide/library/src/main/java/com/bumptech/glide/load/model/DirectResourceLoader.java
2734	com.bumptech.glide.load.model.ResourceUriLoader	newStreamFactory(android.content.Context)	0	[false]		public	true	/home/nima/Developer/nullness-benchmarks/glide/library/src/main/java/com/bumptech/glide/load/model/ResourceUriLoader.java
2735	com.bumptech.glide.load.model.ResourceUriLoader	newAssetFileDescriptorFactory(android.content.Context)	0	[false]		public	true	/home/nima/Developer/nullness-benchmarks/glide/library/src/main/java/com/bumptech/glide/load/model/ResourceUriLoader.java
2736	com.bumptech.glide.load.model.ResourceUriLoader	ResourceUriLoader(android.content.Context,com.bumptech.glide.load.model.ModelLoader)	0	[false, false]		package	false	/home/nima/Developer/nullness-benchmarks/glide/library/src/main/java/com/bumptech/glide/load/model/ResourceUriLoader.java
2737	com.bumptech.glide.load.model.ResourceUriLoader	buildLoadData(android.net.Uri,int,int,com.bumptech.glide.load.Options)	797	[false, false, false, false]	androidx.annotation.Nullable,java.lang.Override	public	true	/home/nima/Developer/nullness-benchmarks/glide/library/src/main/java/com/bumptech/glide/load/model/ResourceUriLoader.java
2738	com.bumptech.glide.load.model.ResourceUriLoader	parseResourceNameUri(android.net.Uri,int,int,com.bumptech.glide.load.Options)	0	[false, false, false, false]	androidx.annotation.Nullable	private	true	/home/nima/Developer/nullness-benchmarks/glide/library/src/main/java/com/bumptech/glide/load/model/ResourceUriLoader.java
2739	com.bumptech.glide.load.model.ResourceUriLoader	parseResourceIdUri(android.net.Uri,int,int,com.bumptech.glide.load.Options)	0	[false, false, false, false]	androidx.annotation.Nullable	private	true	/home/nima/Developer/nullness-benchmarks/glide/library/src/main/java/com/bumptech/glide/load/model/ResourceUriLoader.java
2740	com.bumptech.glide.load.model.ResourceUriLoader	handles(android.net.Uri)	798	[false]	java.lang.Override	public	false	/home/nima/Developer/nullness-benchmarks/glide/library/src/main/java/com/bumptech/glide/load/model/ResourceUriLoader.java
2741	com.bumptech.glide.load.model.ResourceUriLoader$InputStreamFactory	InputStreamFactory(android.content.Context)	0	[false]		package	false	/home/nima/Developer/nullness-benchmarks/glide/library/src/main/java/com/bumptech/glide/load/model/ResourceUriLoader.java
2742	com.bumptech.glide.load.model.ResourceUriLoader$InputStreamFactory	build(com.bumptech.glide.load.model.MultiModelLoaderFactory)	782	[false]	androidx.annotation.NonNull,java.lang.Override	public	true	/home/nima/Developer/nullness-benchmarks/glide/library/src/main/java/com/bumptech/glide/load/model/ResourceUriLoader.java
2743	com.bumptech.glide.load.model.ResourceUriLoader$InputStreamFactory	teardown()	783	[]	java.lang.Override	public	false	/home/nima/Developer/nullness-benchmarks/glide/library/src/main/java/com/bumptech/glide/load/model/ResourceUriLoader.java
2744	com.bumptech.glide.load.model.ResourceUriLoader$AssetFileDescriptorFactory	AssetFileDescriptorFactory(android.content.Context)	0	[false]		package	false	/home/nima/Developer/nullness-benchmarks/glide/library/src/main/java/com/bumptech/glide/load/model/ResourceUriLoader.java
2745	com.bumptech.glide.load.model.ResourceUriLoader$AssetFileDescriptorFactory	build(com.bumptech.glide.load.model.MultiModelLoaderFactory)	782	[false]	androidx.annotation.NonNull,java.lang.Override	public	true	/home/nima/Developer/nullness-benchmarks/glide/library/src/main/java/com/bumptech/glide/load/model/ResourceUriLoader.java
2746	com.bumptech.glide.load.model.ResourceUriLoader$AssetFileDescriptorFactory	teardown()	783	[]	java.lang.Override	public	false	/home/nima/Developer/nullness-benchmarks/glide/library/src/main/java/com/bumptech/glide/load/model/ResourceUriLoader.java
2747	com.bumptech.glide.load.model.ByteBufferFileLoader	buildLoadData(java.io.File,int,int,com.bumptech.glide.load.Options)	797	[false, false, false, false]	java.lang.Override	public	true	/home/nima/Developer/nullness-benchmarks/glide/library/src/main/java/com/bumptech/glide/load/model/ByteBufferFileLoader.java
2748	com.bumptech.glide.load.model.ByteBufferFileLoader	handles(java.io.File)	798	[false]	java.lang.Override	public	false	/home/nima/Developer/nullness-benchmarks/glide/library/src/main/java/com/bumptech/glide/load/model/ByteBufferFileLoader.java
2749	com.bumptech.glide.load.model.ByteBufferFileLoader$Factory	build(com.bumptech.glide.load.model.MultiModelLoaderFactory)	782	[false]	androidx.annotation.NonNull,java.lang.Override	public	true	/home/nima/Developer/nullness-benchmarks/glide/library/src/main/java/com/bumptech/glide/load/model/ByteBufferFileLoader.java
2750	com.bumptech.glide.load.model.ByteBufferFileLoader$Factory	teardown()	783	[]	java.lang.Override	public	false	/home/nima/Developer/nullness-benchmarks/glide/library/src/main/java/com/bumptech/glide/load/model/ByteBufferFileLoader.java
2751	com.bumptech.glide.load.model.ByteBufferFileLoader$ByteBufferFetcher	ByteBufferFetcher(java.io.File)	0	[false]	com.bumptech.glide.util.Synthetic,java.lang.SuppressWarnings	package	false	/home/nima/Developer/nullness-benchmarks/glide/library/src/main/java/com/bumptech/glide/load/model/ByteBufferFileLoader.java
2752	com.bumptech.glide.load.model.ByteBufferFileLoader$ByteBufferFetcher	loadData(com.bumptech.glide.Priority,com.bumptech.glide.load.data.DataFetcher.DataCallback)	810	[false, false]	java.lang.Override	public	false	/home/nima/Developer/nullness-benchmarks/glide/library/src/main/java/com/bumptech/glide/load/model/ByteBufferFileLoader.java
2753	com.bumptech.glide.load.model.ByteBufferFileLoader$ByteBufferFetcher	cleanup()	811	[]	java.lang.Override	public	false	/home/nima/Developer/nullness-benchmarks/glide/library/src/main/java/com/bumptech/glide/load/model/ByteBufferFileLoader.java
2754	com.bumptech.glide.load.model.ByteBufferFileLoader$ByteBufferFetcher	cancel()	812	[]	java.lang.Override	public	false	/home/nima/Developer/nullness-benchmarks/glide/library/src/main/java/com/bumptech/glide/load/model/ByteBufferFileLoader.java
2755	com.bumptech.glide.load.model.ByteBufferFileLoader$ByteBufferFetcher	getDataClass()	813	[]	androidx.annotation.NonNull,java.lang.Override	public	true	/home/nima/Developer/nullness-benchmarks/glide/library/src/main/java/com/bumptech/glide/load/model/ByteBufferFileLoader.java
2756	com.bumptech.glide.load.model.ByteBufferFileLoader$ByteBufferFetcher	getDataSource()	814	[]	androidx.annotation.NonNull,java.lang.Override	public	true	/home/nima/Developer/nullness-benchmarks/glide/library/src/main/java/com/bumptech/glide/load/model/ByteBufferFileLoader.java
2757	com.bumptech.glide.load.model.ByteBufferEncoder	encode(java.nio.ByteBuffer,java.io.File,com.bumptech.glide.load.Options)	768	[false, false, false]	java.lang.Override	public	false	/home/nima/Developer/nullness-benchmarks/glide/library/src/main/java/com/bumptech/glide/load/model/ByteBufferEncoder.java
2758	com.bumptech.glide.load.model.Model	isEquivalentTo(java.lang.Object)	0	[true]		public	false	/home/nima/Developer/nullness-benchmarks/glide/library/src/main/java/com/bumptech/glide/load/model/Model.java
2759	com.bumptech.glide.load.model.stream.HttpGlideUrlLoader	HttpGlideUrlLoader()	0	[]		public	false	/home/nima/Developer/nullness-benchmarks/glide/library/src/main/java/com/bumptech/glide/load/model/stream/HttpGlideUrlLoader.java
2760	com.bumptech.glide.load.model.stream.HttpGlideUrlLoader	HttpGlideUrlLoader(com.bumptech.glide.load.model.ModelCache)	0	[true]		public	false	/home/nima/Developer/nullness-benchmarks/glide/library/src/main/java/com/bumptech/glide/load/model/stream/HttpGlideUrlLoader.java
2761	com.bumptech.glide.load.model.stream.HttpGlideUrlLoader	buildLoadData(com.bumptech.glide.load.model.GlideUrl,int,int,com.bumptech.glide.load.Options)	797	[false, false, false, false]	java.lang.Override	public	true	/home/nima/Developer/nullness-benchmarks/glide/library/src/main/java/com/bumptech/glide/load/model/stream/HttpGlideUrlLoader.java
2762	com.bumptech.glide.load.model.stream.HttpGlideUrlLoader	handles(com.bumptech.glide.load.model.GlideUrl)	798	[false]	java.lang.Override	public	false	/home/nima/Developer/nullness-benchmarks/glide/library/src/main/java/com/bumptech/glide/load/model/stream/HttpGlideUrlLoader.java
2763	com.bumptech.glide.load.model.stream.HttpGlideUrlLoader$Factory	build(com.bumptech.glide.load.model.MultiModelLoaderFactory)	782	[false]	androidx.annotation.NonNull,java.lang.Override	public	true	/home/nima/Developer/nullness-benchmarks/glide/library/src/main/java/com/bumptech/glide/load/model/stream/HttpGlideUrlLoader.java
2764	com.bumptech.glide.load.model.stream.HttpGlideUrlLoader$Factory	teardown()	783	[]	java.lang.Override	public	false	/home/nima/Developer/nullness-benchmarks/glide/library/src/main/java/com/bumptech/glide/load/model/stream/HttpGlideUrlLoader.java
2765	com.bumptech.glide.load.model.ModelCache	ModelCache()	0	[]	java.lang.SuppressWarnings	public	false	/home/nima/Developer/nullness-benchmarks/glide/library/src/main/java/com/bumptech/glide/load/model/ModelCache.java
2766	com.bumptech.glide.load.model.ModelCache	ModelCache(long)	0	[false]		public	false	/home/nima/Developer/nullness-benchmarks/glide/library/src/main/java/com/bumptech/glide/load/model/ModelCache.java
2767	com.bumptech.glide.load.model.ModelCache$1	onItemEvicted(com.bumptech.glide.load.model.ModelCache.ModelKey,B)	1365	[false, true]	java.lang.Override	protected	false	/home/nima/Developer/nullness-benchmarks/glide/library/src/main/java/com/bumptech/glide/load/model/ModelCache.java
2768	com.bumptech.glide.load.model.ModelCache	get(A,int,int)	0	[false, false, false]	androidx.annotation.Nullable	public	true	/home/nima/Developer/nullness-benchmarks/glide/library/src/main/java/com/bumptech/glide/load/model/ModelCache.java
2769	com.bumptech.glide.load.model.ModelCache	put(A,int,int,B)	0	[false, false, false, false]		public	false	/home/nima/Developer/nullness-benchmarks/glide/library/src/main/java/com/bumptech/glide/load/model/ModelCache.java
2770	com.bumptech.glide.load.model.ModelCache	clear()	0	[]		public	false	/home/nima/Developer/nullness-benchmarks/glide/library/src/main/java/com/bumptech/glide/load/model/ModelCache.java
2771	com.bumptech.glide.load.model.ModelCache$ModelKey	get(A,int,int)	0	[false, false, false]	java.lang.SuppressWarnings	package	true	/home/nima/Developer/nullness-benchmarks/glide/library/src/main/java/com/bumptech/glide/load/model/ModelCache.java
2772	com.bumptech.glide.load.model.ModelCache$ModelKey	ModelKey()	0	[]		private	false	/home/nima/Developer/nullness-benchmarks/glide/library/src/main/java/com/bumptech/glide/load/model/ModelCache.java
2773	com.bumptech.glide.load.model.ModelCache$ModelKey	init(A,int,int)	0	[false, false, false]		private	false	/home/nima/Developer/nullness-benchmarks/glide/library/src/main/java/com/bumptech/glide/load/model/ModelCache.java
2774	com.bumptech.glide.load.model.ModelCache$ModelKey	release()	0	[]		public	false	/home/nima/Developer/nullness-benchmarks/glide/library/src/main/java/com/bumptech/glide/load/model/ModelCache.java
2775	com.bumptech.glide.load.model.ModelCache$ModelKey	equals(java.lang.Object)	200	[false]	java.lang.Override	public	false	/home/nima/Developer/nullness-benchmarks/glide/library/src/main/java/com/bumptech/glide/load/model/ModelCache.java
2776	com.bumptech.glide.load.model.ModelCache$ModelKey	hashCode()	201	[]	java.lang.Override	public	false	/home/nima/Developer/nullness-benchmarks/glide/library/src/main/java/com/bumptech/glide/load/model/ModelCache.java
2777	com.bumptech.glide.load.model.stream.UrlLoader	UrlLoader(com.bumptech.glide.load.model.ModelLoader)	0	[false]	java.lang.SuppressWarnings	public	false	/home/nima/Developer/nullness-benchmarks/glide/library/src/main/java/com/bumptech/glide/load/model/stream/UrlLoader.java
2778	com.bumptech.glide.load.model.stream.UrlLoader	buildLoadData(java.net.URL,int,int,com.bumptech.glide.load.Options)	797	[false, false, false, false]	java.lang.Override	public	true	/home/nima/Developer/nullness-benchmarks/glide/library/src/main/java/com/bumptech/glide/load/model/stream/UrlLoader.java
2779	com.bumptech.glide.load.model.stream.UrlLoader	handles(java.net.URL)	798	[false]	java.lang.Override	public	false	/home/nima/Developer/nullness-benchmarks/glide/library/src/main/java/com/bumptech/glide/load/model/stream/UrlLoader.java
2780	com.bumptech.glide.load.model.stream.UrlLoader$StreamFactory	build(com.bumptech.glide.load.model.MultiModelLoaderFactory)	782	[false]	androidx.annotation.NonNull,java.lang.Override	public	true	/home/nima/Developer/nullness-benchmarks/glide/library/src/main/java/com/bumptech/glide/load/model/stream/UrlLoader.java
2781	com.bumptech.glide.load.model.stream.UrlLoader$StreamFactory	teardown()	783	[]	java.lang.Override	public	false	/home/nima/Developer/nullness-benchmarks/glide/library/src/main/java/com/bumptech/glide/load/model/stream/UrlLoader.java
2782	com.bumptech.glide.load.model.stream.MediaStoreImageThumbLoader	MediaStoreImageThumbLoader(android.content.Context)	0	[false]	java.lang.SuppressWarnings	public	false	/home/nima/Developer/nullness-benchmarks/glide/library/src/main/java/com/bumptech/glide/load/model/stream/MediaStoreImageThumbLoader.java
2783	com.bumptech.glide.load.model.stream.MediaStoreImageThumbLoader	buildLoadData(android.net.Uri,int,int,com.bumptech.glide.load.Options)	797	[false, false, false, false]	java.lang.Override	public	true	/home/nima/Developer/nullness-benchmarks/glide/library/src/main/java/com/bumptech/glide/load/model/stream/MediaStoreImageThumbLoader.java
2784	com.bumptech.glide.load.model.stream.MediaStoreImageThumbLoader	handles(android.net.Uri)	798	[false]	java.lang.Override	public	false	/home/nima/Developer/nullness-benchmarks/glide/library/src/main/java/com/bumptech/glide/load/model/stream/MediaStoreImageThumbLoader.java
2785	com.bumptech.glide.load.model.stream.MediaStoreImageThumbLoader$Factory	Factory(android.content.Context)	0	[false]		public	false	/home/nima/Developer/nullness-benchmarks/glide/library/src/main/java/com/bumptech/glide/load/model/stream/MediaStoreImageThumbLoader.java
2786	com.bumptech.glide.load.model.stream.MediaStoreImageThumbLoader$Factory	build(com.bumptech.glide.load.model.MultiModelLoaderFactory)	782	[false]	androidx.annotation.NonNull,java.lang.Override	public	true	/home/nima/Developer/nullness-benchmarks/glide/library/src/main/java/com/bumptech/glide/load/model/stream/MediaStoreImageThumbLoader.java
2787	com.bumptech.glide.load.model.stream.MediaStoreImageThumbLoader$Factory	teardown()	783	[]	java.lang.Override	public	false	/home/nima/Developer/nullness-benchmarks/glide/library/src/main/java/com/bumptech/glide/load/model/stream/MediaStoreImageThumbLoader.java
2788	com.bumptech.glide.load.model.stream.BaseGlideUrlLoader	BaseGlideUrlLoader(com.bumptech.glide.load.model.ModelLoader)	0	[false]		protected	false	/home/nima/Developer/nullness-benchmarks/glide/library/src/main/java/com/bumptech/glide/load/model/stream/BaseGlideUrlLoader.java
2789	com.bumptech.glide.load.model.stream.BaseGlideUrlLoader	BaseGlideUrlLoader(com.bumptech.glide.load.model.ModelLoader,com.bumptech.glide.load.model.ModelCache)	0	[false, true]		protected	false	/home/nima/Developer/nullness-benchmarks/glide/library/src/main/java/com/bumptech/glide/load/model/stream/BaseGlideUrlLoader.java
2790	com.bumptech.glide.load.model.stream.BaseGlideUrlLoader	buildLoadData(Model,int,int,com.bumptech.glide.load.Options)	797	[false, false, false, false]	java.lang.Override,androidx.annotation.Nullable	public	true	/home/nima/Developer/nullness-benchmarks/glide/library/src/main/java/com/bumptech/glide/load/model/stream/BaseGlideUrlLoader.java
2791	com.bumptech.glide.load.model.stream.BaseGlideUrlLoader	getAlternateKeys(java.util.Collection)	0	[false]	java.lang.SuppressWarnings	private	true	/home/nima/Developer/nullness-benchmarks/glide/library/src/main/java/com/bumptech/glide/load/model/stream/BaseGlideUrlLoader.java
2792	com.bumptech.glide.load.model.stream.BaseGlideUrlLoader	getUrl(Model,int,int,com.bumptech.glide.load.Options)	0	[false, false, false, false]		protected	true	/home/nima/Developer/nullness-benchmarks/glide/library/src/main/java/com/bumptech/glide/load/model/stream/BaseGlideUrlLoader.java
2793	com.bumptech.glide.load.model.stream.BaseGlideUrlLoader	getAlternateUrls(Model,int,int,com.bumptech.glide.load.Options)	0	[false, false, false, false]		protected	true	/home/nima/Developer/nullness-benchmarks/glide/library/src/main/java/com/bumptech/glide/load/model/stream/BaseGlideUrlLoader.java
2794	com.bumptech.glide.load.model.stream.BaseGlideUrlLoader	getHeaders(Model,int,int,com.bumptech.glide.load.Options)	0	[false, false, false, false]	java.lang.SuppressWarnings,androidx.annotation.Nullable	protected	true	/home/nima/Developer/nullness-benchmarks/glide/library/src/main/java/com/bumptech/glide/load/model/stream/BaseGlideUrlLoader.java
2795	com.bumptech.glide.load.model.stream.HttpUriLoader	HttpUriLoader(com.bumptech.glide.load.model.ModelLoader)	0	[false]	java.lang.SuppressWarnings	public	false	/home/nima/Developer/nullness-benchmarks/glide/library/src/main/java/com/bumptech/glide/load/model/stream/HttpUriLoader.java
2796	com.bumptech.glide.load.model.UrlUriLoader	UrlUriLoader(com.bumptech.glide.load.model.ModelLoader)	0	[false]	java.lang.SuppressWarnings	public	false	/home/nima/Developer/nullness-benchmarks/glide/library/src/main/java/com/bumptech/glide/load/model/UrlUriLoader.java
2797	com.bumptech.glide.load.model.UrlUriLoader	buildLoadData(android.net.Uri,int,int,com.bumptech.glide.load.Options)	797	[false, false, false, false]	java.lang.Override	public	true	/home/nima/Developer/nullness-benchmarks/glide/library/src/main/java/com/bumptech/glide/load/model/UrlUriLoader.java
2798	com.bumptech.glide.load.model.UrlUriLoader	handles(android.net.Uri)	798	[false]	java.lang.Override	public	false	/home/nima/Developer/nullness-benchmarks/glide/library/src/main/java/com/bumptech/glide/load/model/UrlUriLoader.java
2799	com.bumptech.glide.load.model.UrlUriLoader$StreamFactory	build(com.bumptech.glide.load.model.MultiModelLoaderFactory)	782	[false]	androidx.annotation.NonNull,java.lang.Override	public	true	/home/nima/Developer/nullness-benchmarks/glide/library/src/main/java/com/bumptech/glide/load/model/UrlUriLoader.java
2800	com.bumptech.glide.load.model.UrlUriLoader$StreamFactory	teardown()	783	[]	java.lang.Override	public	false	/home/nima/Developer/nullness-benchmarks/glide/library/src/main/java/com/bumptech/glide/load/model/UrlUriLoader.java
2801	com.bumptech.glide.load.model.stream.MediaStoreVideoThumbLoader	MediaStoreVideoThumbLoader(android.content.Context)	0	[false]	java.lang.SuppressWarnings	public	false	/home/nima/Developer/nullness-benchmarks/glide/library/src/main/java/com/bumptech/glide/load/model/stream/MediaStoreVideoThumbLoader.java
2802	com.bumptech.glide.load.model.stream.MediaStoreVideoThumbLoader	buildLoadData(android.net.Uri,int,int,com.bumptech.glide.load.Options)	797	[false, false, false, false]	java.lang.Override,androidx.annotation.Nullable	public	true	/home/nima/Developer/nullness-benchmarks/glide/library/src/main/java/com/bumptech/glide/load/model/stream/MediaStoreVideoThumbLoader.java
2803	com.bumptech.glide.load.model.stream.MediaStoreVideoThumbLoader	isRequestingDefaultFrame(com.bumptech.glide.load.Options)	0	[false]		private	false	/home/nima/Developer/nullness-benchmarks/glide/library/src/main/java/com/bumptech/glide/load/model/stream/MediaStoreVideoThumbLoader.java
2804	com.bumptech.glide.load.model.stream.MediaStoreVideoThumbLoader	handles(android.net.Uri)	798	[false]	java.lang.Override	public	false	/home/nima/Developer/nullness-benchmarks/glide/library/src/main/java/com/bumptech/glide/load/model/stream/MediaStoreVideoThumbLoader.java
2805	com.bumptech.glide.load.model.stream.MediaStoreVideoThumbLoader$Factory	Factory(android.content.Context)	0	[false]		public	false	/home/nima/Developer/nullness-benchmarks/glide/library/src/main/java/com/bumptech/glide/load/model/stream/MediaStoreVideoThumbLoader.java
2806	com.bumptech.glide.load.model.stream.MediaStoreVideoThumbLoader$Factory	build(com.bumptech.glide.load.model.MultiModelLoaderFactory)	782	[false]	androidx.annotation.NonNull,java.lang.Override	public	true	/home/nima/Developer/nullness-benchmarks/glide/library/src/main/java/com/bumptech/glide/load/model/stream/MediaStoreVideoThumbLoader.java
2807	com.bumptech.glide.load.model.stream.MediaStoreVideoThumbLoader$Factory	teardown()	783	[]	java.lang.Override	public	false	/home/nima/Developer/nullness-benchmarks/glide/library/src/main/java/com/bumptech/glide/load/model/stream/MediaStoreVideoThumbLoader.java
2808	com.bumptech.glide.load.model.stream.QMediaStoreUriLoader	QMediaStoreUriLoader(android.content.Context,com.bumptech.glide.load.model.ModelLoader,com.bumptech.glide.load.model.ModelLoader,java.lang.Class)	0	[false, false, false, false]	java.lang.SuppressWarnings,com.bumptech.glide.util.Synthetic	package	false	/home/nima/Developer/nullness-benchmarks/glide/library/src/main/java/com/bumptech/glide/load/model/stream/QMediaStoreUriLoader.java
2809	com.bumptech.glide.load.model.stream.QMediaStoreUriLoader	buildLoadData(android.net.Uri,int,int,com.bumptech.glide.load.Options)	797	[false, false, false, false]	java.lang.Override	public	true	/home/nima/Developer/nullness-benchmarks/glide/library/src/main/java/com/bumptech/glide/load/model/stream/QMediaStoreUriLoader.java
2810	com.bumptech.glide.load.model.stream.QMediaStoreUriLoader	handles(android.net.Uri)	798	[false]	java.lang.Override	public	false	/home/nima/Developer/nullness-benchmarks/glide/library/src/main/java/com/bumptech/glide/load/model/stream/QMediaStoreUriLoader.java
2811	com.bumptech.glide.load.model.stream.QMediaStoreUriLoader$QMediaStoreUriFetcher	QMediaStoreUriFetcher(android.content.Context,com.bumptech.glide.load.model.ModelLoader,com.bumptech.glide.load.model.ModelLoader,android.net.Uri,int,int,com.bumptech.glide.load.Options,java.lang.Class)	0	[false, false, false, false, false, false, false, false]		package	false	/home/nima/Developer/nullness-benchmarks/glide/library/src/main/java/com/bumptech/glide/load/model/stream/QMediaStoreUriLoader.java
2812	com.bumptech.glide.load.model.stream.QMediaStoreUriLoader$QMediaStoreUriFetcher	loadData(com.bumptech.glide.Priority,com.bumptech.glide.load.data.DataFetcher.DataCallback)	810	[false, false]	java.lang.Override	public	false	/home/nima/Developer/nullness-benchmarks/glide/library/src/main/java/com/bumptech/glide/load/model/stream/QMediaStoreUriLoader.java
2813	com.bumptech.glide.load.model.stream.QMediaStoreUriLoader$QMediaStoreUriFetcher	buildDelegateFetcher()	0	[]	androidx.annotation.Nullable	private	true	/home/nima/Developer/nullness-benchmarks/glide/library/src/main/java/com/bumptech/glide/load/model/stream/QMediaStoreUriLoader.java
2814	com.bumptech.glide.load.model.stream.QMediaStoreUriLoader$QMediaStoreUriFetcher	buildDelegateData()	0	[]	androidx.annotation.Nullable	private	true	/home/nima/Developer/nullness-benchmarks/glide/library/src/main/java/com/bumptech/glide/load/model/stream/QMediaStoreUriLoader.java
2815	com.bumptech.glide.load.model.stream.QMediaStoreUriLoader$QMediaStoreUriFetcher	cleanup()	811	[]	java.lang.Override	public	false	/home/nima/Developer/nullness-benchmarks/glide/library/src/main/java/com/bumptech/glide/load/model/stream/QMediaStoreUriLoader.java
2816	com.bumptech.glide.load.model.stream.QMediaStoreUriLoader$QMediaStoreUriFetcher	cancel()	812	[]	java.lang.Override	public	false	/home/nima/Developer/nullness-benchmarks/glide/library/src/main/java/com/bumptech/glide/load/model/stream/QMediaStoreUriLoader.java
2817	com.bumptech.glide.load.model.stream.QMediaStoreUriLoader$QMediaStoreUriFetcher	getDataClass()	813	[]	androidx.annotation.NonNull,java.lang.Override	public	true	/home/nima/Developer/nullness-benchmarks/glide/library/src/main/java/com/bumptech/glide/load/model/stream/QMediaStoreUriLoader.java
2818	com.bumptech.glide.load.model.stream.QMediaStoreUriLoader$QMediaStoreUriFetcher	getDataSource()	814	[]	androidx.annotation.NonNull,java.lang.Override	public	true	/home/nima/Developer/nullness-benchmarks/glide/library/src/main/java/com/bumptech/glide/load/model/stream/QMediaStoreUriLoader.java
2819	com.bumptech.glide.load.model.stream.QMediaStoreUriLoader$QMediaStoreUriFetcher	queryForFilePath(android.net.Uri)	0	[false]	androidx.annotation.NonNull	private	true	/home/nima/Developer/nullness-benchmarks/glide/library/src/main/java/com/bumptech/glide/load/model/stream/QMediaStoreUriLoader.java
2820	com.bumptech.glide.load.model.stream.QMediaStoreUriLoader$QMediaStoreUriFetcher	isAccessMediaLocationGranted()	0	[]		private	false	/home/nima/Developer/nullness-benchmarks/glide/library/src/main/java/com/bumptech/glide/load/model/stream/QMediaStoreUriLoader.java
2821	com.bumptech.glide.load.model.stream.QMediaStoreUriLoader$InputStreamFactory	InputStreamFactory(android.content.Context)	0	[false]		public	false	/home/nima/Developer/nullness-benchmarks/glide/library/src/main/java/com/bumptech/glide/load/model/stream/QMediaStoreUriLoader.java
2822	com.bumptech.glide.load.model.stream.QMediaStoreUriLoader$FileDescriptorFactory	FileDescriptorFactory(android.content.Context)	0	[false]		public	false	/home/nima/Developer/nullness-benchmarks/glide/library/src/main/java/com/bumptech/glide/load/model/stream/QMediaStoreUriLoader.java
2823	com.bumptech.glide.load.model.stream.QMediaStoreUriLoader$Factory	Factory(android.content.Context,java.lang.Class)	0	[false, false]		package	false	/home/nima/Developer/nullness-benchmarks/glide/library/src/main/java/com/bumptech/glide/load/model/stream/QMediaStoreUriLoader.java
2824	com.bumptech.glide.load.model.stream.QMediaStoreUriLoader$Factory	build(com.bumptech.glide.load.model.MultiModelLoaderFactory)	782	[false]	androidx.annotation.NonNull,java.lang.Override	public	true	/home/nima/Developer/nullness-benchmarks/glide/library/src/main/java/com/bumptech/glide/load/model/stream/QMediaStoreUriLoader.java
2825	com.bumptech.glide.load.model.stream.QMediaStoreUriLoader$Factory	teardown()	783	[]	java.lang.Override	public	false	/home/nima/Developer/nullness-benchmarks/glide/library/src/main/java/com/bumptech/glide/load/model/stream/QMediaStoreUriLoader.java
2826	com.bumptech.glide.load.model.ByteArrayLoader	ByteArrayLoader(com.bumptech.glide.load.model.ByteArrayLoader.Converter)	0	[false]	java.lang.SuppressWarnings	public	false	/home/nima/Developer/nullness-benchmarks/glide/library/src/main/java/com/bumptech/glide/load/model/ByteArrayLoader.java
2827	com.bumptech.glide.load.model.ByteArrayLoader	buildLoadData(byte[],int,int,com.bumptech.glide.load.Options)	797	[false, false, false, false]	java.lang.Override	public	true	/home/nima/Developer/nullness-benchmarks/glide/library/src/main/java/com/bumptech/glide/load/model/ByteArrayLoader.java
2828	com.bumptech.glide.load.model.ByteArrayLoader	handles(byte[])	798	[false]	java.lang.Override	public	false	/home/nima/Developer/nullness-benchmarks/glide/library/src/main/java/com/bumptech/glide/load/model/ByteArrayLoader.java
2829	com.bumptech.glide.load.model.ByteArrayLoader$Converter	convert(byte[])	0	[false]		public	true	/home/nima/Developer/nullness-benchmarks/glide/library/src/main/java/com/bumptech/glide/load/model/ByteArrayLoader.java
2830	com.bumptech.glide.load.model.ByteArrayLoader$Converter	getDataClass()	0	[]		public	true	/home/nima/Developer/nullness-benchmarks/glide/library/src/main/java/com/bumptech/glide/load/model/ByteArrayLoader.java
2831	com.bumptech.glide.load.model.ByteArrayLoader$Fetcher	Fetcher(byte[],com.bumptech.glide.load.model.ByteArrayLoader.Converter)	0	[false, false]	java.lang.SuppressWarnings	package	false	/home/nima/Developer/nullness-benchmarks/glide/library/src/main/java/com/bumptech/glide/load/model/ByteArrayLoader.java
2832	com.bumptech.glide.load.model.ByteArrayLoader$Fetcher	loadData(com.bumptech.glide.Priority,com.bumptech.glide.load.data.DataFetcher.DataCallback)	810	[false, false]	java.lang.Override	public	false	/home/nima/Developer/nullness-benchmarks/glide/library/src/main/java/com/bumptech/glide/load/model/ByteArrayLoader.java
2833	com.bumptech.glide.load.model.ByteArrayLoader$Fetcher	cleanup()	811	[]	java.lang.Override	public	false	/home/nima/Developer/nullness-benchmarks/glide/library/src/main/java/com/bumptech/glide/load/model/ByteArrayLoader.java
2834	com.bumptech.glide.load.model.ByteArrayLoader$Fetcher	cancel()	812	[]	java.lang.Override	public	false	/home/nima/Developer/nullness-benchmarks/glide/library/src/main/java/com/bumptech/glide/load/model/ByteArrayLoader.java
2835	com.bumptech.glide.load.model.ByteArrayLoader$Fetcher	getDataClass()	813	[]	androidx.annotation.NonNull,java.lang.Override	public	true	/home/nima/Developer/nullness-benchmarks/glide/library/src/main/java/com/bumptech/glide/load/model/ByteArrayLoader.java
2836	com.bumptech.glide.load.model.ByteArrayLoader$Fetcher	getDataSource()	814	[]	androidx.annotation.NonNull,java.lang.Override	public	true	/home/nima/Developer/nullness-benchmarks/glide/library/src/main/java/com/bumptech/glide/load/model/ByteArrayLoader.java
2837	com.bumptech.glide.load.model.ByteArrayLoader$ByteBufferFactory	build(com.bumptech.glide.load.model.MultiModelLoaderFactory)	782	[false]	androidx.annotation.NonNull,java.lang.Override	public	true	/home/nima/Developer/nullness-benchmarks/glide/library/src/main/java/com/bumptech/glide/load/model/ByteArrayLoader.java
2838	com.bumptech.glide.load.model.ByteArrayLoader$ByteBufferFactory$1	convert(byte[])	2829	[false]	java.lang.Override	public	true	/home/nima/Developer/nullness-benchmarks/glide/library/src/main/java/com/bumptech/glide/load/model/ByteArrayLoader.java
2839	com.bumptech.glide.load.model.ByteArrayLoader$ByteBufferFactory$1	getDataClass()	2830	[]	java.lang.Override	public	true	/home/nima/Developer/nullness-benchmarks/glide/library/src/main/java/com/bumptech/glide/load/model/ByteArrayLoader.java
2840	com.bumptech.glide.load.model.ByteArrayLoader$ByteBufferFactory	teardown()	783	[]	java.lang.Override	public	false	/home/nima/Developer/nullness-benchmarks/glide/library/src/main/java/com/bumptech/glide/load/model/ByteArrayLoader.java
2841	com.bumptech.glide.load.model.ByteArrayLoader$StreamFactory	build(com.bumptech.glide.load.model.MultiModelLoaderFactory)	782	[false]	androidx.annotation.NonNull,java.lang.Override	public	true	/home/nima/Developer/nullness-benchmarks/glide/library/src/main/java/com/bumptech/glide/load/model/ByteArrayLoader.java
2842	com.bumptech.glide.load.model.ByteArrayLoader$StreamFactory$1	convert(byte[])	2829	[false]	java.lang.Override	public	true	/home/nima/Developer/nullness-benchmarks/glide/library/src/main/java/com/bumptech/glide/load/model/ByteArrayLoader.java
2843	com.bumptech.glide.load.model.ByteArrayLoader$StreamFactory$1	getDataClass()	2830	[]	java.lang.Override	public	true	/home/nima/Developer/nullness-benchmarks/glide/library/src/main/java/com/bumptech/glide/load/model/ByteArrayLoader.java
2844	com.bumptech.glide.load.model.ByteArrayLoader$StreamFactory	teardown()	783	[]	java.lang.Override	public	false	/home/nima/Developer/nullness-benchmarks/glide/library/src/main/java/com/bumptech/glide/load/model/ByteArrayLoader.java
2845	com.bumptech.glide.request.ThumbnailRequestCoordinator	ThumbnailRequestCoordinator(java.lang.Object,com.bumptech.glide.request.RequestCoordinator)	0	[false, true]		public	false	/home/nima/Developer/nullness-benchmarks/glide/library/src/main/java/com/bumptech/glide/request/ThumbnailRequestCoordinator.java
2846	com.bumptech.glide.request.ThumbnailRequestCoordinator	setRequests(com.bumptech.glide.request.Request,com.bumptech.glide.request.Request)	0	[false, false]		public	false	/home/nima/Developer/nullness-benchmarks/glide/library/src/main/java/com/bumptech/glide/request/ThumbnailRequestCoordinator.java
2847	com.bumptech.glide.request.ThumbnailRequestCoordinator	canSetImage(com.bumptech.glide.request.Request)	1247	[false]	java.lang.Override	public	false	/home/nima/Developer/nullness-benchmarks/glide/library/src/main/java/com/bumptech/glide/request/ThumbnailRequestCoordinator.java
2848	com.bumptech.glide.request.ThumbnailRequestCoordinator	parentCanSetImage()	0	[]	androidx.annotation.GuardedBy	private	false	/home/nima/Developer/nullness-benchmarks/glide/library/src/main/java/com/bumptech/glide/request/ThumbnailRequestCoordinator.java
2849	com.bumptech.glide.request.ThumbnailRequestCoordinator	canNotifyStatusChanged(com.bumptech.glide.request.Request)	1248	[false]	java.lang.Override	public	false	/home/nima/Developer/nullness-benchmarks/glide/library/src/main/java/com/bumptech/glide/request/ThumbnailRequestCoordinator.java
2850	com.bumptech.glide.request.ThumbnailRequestCoordinator	canNotifyCleared(com.bumptech.glide.request.Request)	1249	[false]	java.lang.Override	public	false	/home/nima/Developer/nullness-benchmarks/glide/library/src/main/java/com/bumptech/glide/request/ThumbnailRequestCoordinator.java
2851	com.bumptech.glide.request.ThumbnailRequestCoordinator	parentCanNotifyCleared()	0	[]	androidx.annotation.GuardedBy	private	false	/home/nima/Developer/nullness-benchmarks/glide/library/src/main/java/com/bumptech/glide/request/ThumbnailRequestCoordinator.java
2852	com.bumptech.glide.request.ThumbnailRequestCoordinator	parentCanNotifyStatusChanged()	0	[]	androidx.annotation.GuardedBy	private	false	/home/nima/Developer/nullness-benchmarks/glide/library/src/main/java/com/bumptech/glide/request/ThumbnailRequestCoordinator.java
2853	com.bumptech.glide.request.ThumbnailRequestCoordinator	isAnyResourceSet()	465	[]	java.lang.Override	public	false	/home/nima/Developer/nullness-benchmarks/glide/library/src/main/java/com/bumptech/glide/request/ThumbnailRequestCoordinator.java
2854	com.bumptech.glide.request.ThumbnailRequestCoordinator	onRequestSuccess(com.bumptech.glide.request.Request)	1251	[false]	java.lang.Override	public	false	/home/nima/Developer/nullness-benchmarks/glide/library/src/main/java/com/bumptech/glide/request/ThumbnailRequestCoordinator.java
2855	com.bumptech.glide.request.ThumbnailRequestCoordinator	onRequestFailed(com.bumptech.glide.request.Request)	1252	[false]	java.lang.Override	public	false	/home/nima/Developer/nullness-benchmarks/glide/library/src/main/java/com/bumptech/glide/request/ThumbnailRequestCoordinator.java
2856	com.bumptech.glide.request.ThumbnailRequestCoordinator	getRoot()	1253	[]	java.lang.Override	public	true	/home/nima/Developer/nullness-benchmarks/glide/library/src/main/java/com/bumptech/glide/request/ThumbnailRequestCoordinator.java
2857	com.bumptech.glide.request.ThumbnailRequestCoordinator	begin()	459	[]	java.lang.Override	public	false	/home/nima/Developer/nullness-benchmarks/glide/library/src/main/java/com/bumptech/glide/request/ThumbnailRequestCoordinator.java
2858	com.bumptech.glide.request.ThumbnailRequestCoordinator	clear()	460	[]	java.lang.Override	public	false	/home/nima/Developer/nullness-benchmarks/glide/library/src/main/java/com/bumptech/glide/request/ThumbnailRequestCoordinator.java
2859	com.bumptech.glide.request.ThumbnailRequestCoordinator	pause()	461	[]	java.lang.Override	public	false	/home/nima/Developer/nullness-benchmarks/glide/library/src/main/java/com/bumptech/glide/request/ThumbnailRequestCoordinator.java
2860	com.bumptech.glide.request.ThumbnailRequestCoordinator	isRunning()	462	[]	java.lang.Override	public	false	/home/nima/Developer/nullness-benchmarks/glide/library/src/main/java/com/bumptech/glide/request/ThumbnailRequestCoordinator.java
2861	com.bumptech.glide.request.ThumbnailRequestCoordinator	isComplete()	463	[]	java.lang.Override	public	false	/home/nima/Developer/nullness-benchmarks/glide/library/src/main/java/com/bumptech/glide/request/ThumbnailRequestCoordinator.java
2862	com.bumptech.glide.request.ThumbnailRequestCoordinator	isCleared()	464	[]	java.lang.Override	public	false	/home/nima/Developer/nullness-benchmarks/glide/library/src/main/java/com/bumptech/glide/request/ThumbnailRequestCoordinator.java
2863	com.bumptech.glide.request.ThumbnailRequestCoordinator	isEquivalentTo(com.bumptech.glide.request.Request)	466	[false]	java.lang.Override	public	false	/home/nima/Developer/nullness-benchmarks/glide/library/src/main/java/com/bumptech/glide/request/ThumbnailRequestCoordinator.java
2864	com.bumptech.glide.request.ExperimentalRequestListener	onRequestStarted(java.lang.Object)	0	[false]		public	false	/home/nima/Developer/nullness-benchmarks/glide/library/src/main/java/com/bumptech/glide/request/ExperimentalRequestListener.java
2865	com.bumptech.glide.request.ExperimentalRequestListener	onResourceReady(ResourceT,java.lang.Object,com.bumptech.glide.request.target.Target,com.bumptech.glide.load.DataSource,boolean,boolean)	0	[false, false, false, false, false, false]		public	false	/home/nima/Developer/nullness-benchmarks/glide/library/src/main/java/com/bumptech/glide/request/ExperimentalRequestListener.java
2866	com.bumptech.glide.request.transition.NoTransition$NoAnimationFactory	build(com.bumptech.glide.load.DataSource,boolean)	476	[false, false]	java.lang.SuppressWarnings,java.lang.Override	public	true	/home/nima/Developer/nullness-benchmarks/glide/library/src/main/java/com/bumptech/glide/request/transition/NoTransition.java
2867	com.bumptech.glide.request.transition.NoTransition	getFactory()	0	[]	java.lang.SuppressWarnings	public	true	/home/nima/Developer/nullness-benchmarks/glide/library/src/main/java/com/bumptech/glide/request/transition/NoTransition.java
2868	com.bumptech.glide.request.transition.NoTransition	get()	0	[]	java.lang.SuppressWarnings	public	true	/home/nima/Developer/nullness-benchmarks/glide/library/src/main/java/com/bumptech/glide/request/transition/NoTransition.java
2869	com.bumptech.glide.request.transition.NoTransition	transition(java.lang.Object,com.bumptech.glide.request.transition.Transition.ViewAdapter)	479	[false, false]	java.lang.Override	public	false	/home/nima/Developer/nullness-benchmarks/glide/library/src/main/java/com/bumptech/glide/request/transition/NoTransition.java
2870	com.bumptech.glide.request.transition.ViewAnimationFactory	ViewAnimationFactory(android.view.animation.Animation)	0	[false]	java.lang.SuppressWarnings	public	false	/home/nima/Developer/nullness-benchmarks/glide/library/src/main/java/com/bumptech/glide/request/transition/ViewAnimationFactory.java
2871	com.bumptech.glide.request.transition.ViewAnimationFactory	ViewAnimationFactory(int)	0	[false]		public	false	/home/nima/Developer/nullness-benchmarks/glide/library/src/main/java/com/bumptech/glide/request/transition/ViewAnimationFactory.java
2872	com.bumptech.glide.request.transition.ViewAnimationFactory	ViewAnimationFactory(com.bumptech.glide.request.transition.ViewTransition.ViewTransitionAnimationFactory)	0	[false]		package	false	/home/nima/Developer/nullness-benchmarks/glide/library/src/main/java/com/bumptech/glide/request/transition/ViewAnimationFactory.java
2873	com.bumptech.glide.request.transition.ViewAnimationFactory	build(com.bumptech.glide.load.DataSource,boolean)	476	[false, false]	java.lang.Override	public	true	/home/nima/Developer/nullness-benchmarks/glide/library/src/main/java/com/bumptech/glide/request/transition/ViewAnimationFactory.java
2874	com.bumptech.glide.request.transition.ViewAnimationFactory$ConcreteViewTransitionAnimationFactory	ConcreteViewTransitionAnimationFactory(android.view.animation.Animation)	0	[false]		package	false	/home/nima/Developer/nullness-benchmarks/glide/library/src/main/java/com/bumptech/glide/request/transition/ViewAnimationFactory.java
2875	com.bumptech.glide.request.transition.ViewAnimationFactory$ConcreteViewTransitionAnimationFactory	build(android.content.Context)	2876	[false]	java.lang.Override	public	true	/home/nima/Developer/nullness-benchmarks/glide/library/src/main/java/com/bumptech/glide/request/transition/ViewAnimationFactory.java
2877	com.bumptech.glide.request.transition.ViewAnimationFactory$ResourceViewTransitionAnimationFactory	ResourceViewTransitionAnimationFactory(int)	0	[false]		package	false	/home/nima/Developer/nullness-benchmarks/glide/library/src/main/java/com/bumptech/glide/request/transition/ViewAnimationFactory.java
2878	com.bumptech.glide.request.transition.ViewAnimationFactory$ResourceViewTransitionAnimationFactory	build(android.content.Context)	2876	[false]	java.lang.Override	public	true	/home/nima/Developer/nullness-benchmarks/glide/library/src/main/java/com/bumptech/glide/request/transition/ViewAnimationFactory.java
2879	com.bumptech.glide.request.transition.ViewTransition	ViewTransition(com.bumptech.glide.request.transition.ViewTransition.ViewTransitionAnimationFactory)	0	[false]		package	false	/home/nima/Developer/nullness-benchmarks/glide/library/src/main/java/com/bumptech/glide/request/transition/ViewTransition.java
2880	com.bumptech.glide.request.transition.ViewTransition	transition(R,com.bumptech.glide.request.transition.Transition.ViewAdapter)	479	[false, false]	java.lang.Override	public	false	/home/nima/Developer/nullness-benchmarks/glide/library/src/main/java/com/bumptech/glide/request/transition/ViewTransition.java
2876	com.bumptech.glide.request.transition.ViewTransition$ViewTransitionAnimationFactory	build(android.content.Context)	0	[false]		public	true	/home/nima/Developer/nullness-benchmarks/glide/library/src/main/java/com/bumptech/glide/request/transition/ViewTransition.java
2881	com.bumptech.glide.request.transition.BitmapTransitionFactory	BitmapTransitionFactory(com.bumptech.glide.request.transition.TransitionFactory)	0	[false]		public	false	/home/nima/Developer/nullness-benchmarks/glide/library/src/main/java/com/bumptech/glide/request/transition/BitmapTransitionFactory.java
2882	com.bumptech.glide.request.transition.BitmapTransitionFactory	getBitmap(android.graphics.Bitmap)	2883	[false]	java.lang.Override,androidx.annotation.NonNull	protected	true	/home/nima/Developer/nullness-benchmarks/glide/library/src/main/java/com/bumptech/glide/request/transition/BitmapTransitionFactory.java
2884	com.bumptech.glide.request.transition.BitmapContainerTransitionFactory	BitmapContainerTransitionFactory(com.bumptech.glide.request.transition.TransitionFactory)	0	[false]	java.lang.SuppressWarnings	public	false	/home/nima/Developer/nullness-benchmarks/glide/library/src/main/java/com/bumptech/glide/request/transition/BitmapContainerTransitionFactory.java
2885	com.bumptech.glide.request.transition.BitmapContainerTransitionFactory	build(com.bumptech.glide.load.DataSource,boolean)	476	[false, false]	java.lang.Override	public	true	/home/nima/Developer/nullness-benchmarks/glide/library/src/main/java/com/bumptech/glide/request/transition/BitmapContainerTransitionFactory.java
2883	com.bumptech.glide.request.transition.BitmapContainerTransitionFactory	getBitmap(R)	0	[false]		protected	true	/home/nima/Developer/nullness-benchmarks/glide/library/src/main/java/com/bumptech/glide/request/transition/BitmapContainerTransitionFactory.java
2886	com.bumptech.glide.request.transition.BitmapContainerTransitionFactory$BitmapGlideAnimation	BitmapGlideAnimation(com.bumptech.glide.request.transition.Transition)	0	[false]		package	false	/home/nima/Developer/nullness-benchmarks/glide/library/src/main/java/com/bumptech/glide/request/transition/BitmapContainerTransitionFactory.java
2887	com.bumptech.glide.request.transition.BitmapContainerTransitionFactory$BitmapGlideAnimation	transition(R,com.bumptech.glide.request.transition.Transition.ViewAdapter)	479	[false, false]	java.lang.Override	public	false	/home/nima/Developer/nullness-benchmarks/glide/library/src/main/java/com/bumptech/glide/request/transition/BitmapContainerTransitionFactory.java
2888	com.bumptech.glide.request.transition.ViewPropertyAnimationFactory	ViewPropertyAnimationFactory(com.bumptech.glide.request.transition.ViewPropertyTransition.Animator)	0	[false]		public	false	/home/nima/Developer/nullness-benchmarks/glide/library/src/main/java/com/bumptech/glide/request/transition/ViewPropertyAnimationFactory.java
2889	com.bumptech.glide.request.transition.ViewPropertyAnimationFactory	build(com.bumptech.glide.load.DataSource,boolean)	476	[false, false]	java.lang.Override	public	true	/home/nima/Developer/nullness-benchmarks/glide/library/src/main/java/com/bumptech/glide/request/transition/ViewPropertyAnimationFactory.java
2890	com.bumptech.glide.request.target.ThumbnailImageViewTarget	ThumbnailImageViewTarget(android.widget.ImageView)	0	[false]		public	false	/home/nima/Developer/nullness-benchmarks/glide/library/src/main/java/com/bumptech/glide/request/target/ThumbnailImageViewTarget.java
2891	com.bumptech.glide.request.target.ThumbnailImageViewTarget	ThumbnailImageViewTarget(android.widget.ImageView,boolean)	0	[false, false]	java.lang.Deprecated,java.lang.SuppressWarnings	public	false	/home/nima/Developer/nullness-benchmarks/glide/library/src/main/java/com/bumptech/glide/request/target/ThumbnailImageViewTarget.java
2892	com.bumptech.glide.request.target.ThumbnailImageViewTarget	setResource(T)	2893	[true]	java.lang.Override	protected	false	/home/nima/Developer/nullness-benchmarks/glide/library/src/main/java/com/bumptech/glide/request/target/ThumbnailImageViewTarget.java
2894	com.bumptech.glide.request.target.ThumbnailImageViewTarget	getDrawable(T)	0	[false]		protected	true	/home/nima/Developer/nullness-benchmarks/glide/library/src/main/java/com/bumptech/glide/request/target/ThumbnailImageViewTarget.java
2895	com.bumptech.glide.request.target.ImageViewTarget	ImageViewTarget(android.widget.ImageView)	0	[false]		public	false	/home/nima/Developer/nullness-benchmarks/glide/library/src/main/java/com/bumptech/glide/request/target/ImageViewTarget.java
2896	com.bumptech.glide.request.target.ImageViewTarget	ImageViewTarget(android.widget.ImageView,boolean)	0	[false, false]	java.lang.SuppressWarnings,java.lang.Deprecated	public	false	/home/nima/Developer/nullness-benchmarks/glide/library/src/main/java/com/bumptech/glide/request/target/ImageViewTarget.java
2897	com.bumptech.glide.request.target.ImageViewTarget	getCurrentDrawable()	482	[]	java.lang.Override,androidx.annotation.Nullable	public	true	/home/nima/Developer/nullness-benchmarks/glide/library/src/main/java/com/bumptech/glide/request/target/ImageViewTarget.java
2898	com.bumptech.glide.request.target.ImageViewTarget	setDrawable(android.graphics.drawable.Drawable)	483	[false]	java.lang.Override	public	false	/home/nima/Developer/nullness-benchmarks/glide/library/src/main/java/com/bumptech/glide/request/target/ImageViewTarget.java
2899	com.bumptech.glide.request.target.ImageViewTarget	onLoadStarted(android.graphics.drawable.Drawable)	993	[true]	java.lang.Override	public	false	/home/nima/Developer/nullness-benchmarks/glide/library/src/main/java/com/bumptech/glide/request/target/ImageViewTarget.java
2900	com.bumptech.glide.request.target.ImageViewTarget	onLoadFailed(android.graphics.drawable.Drawable)	1025	[true]	java.lang.Override	public	false	/home/nima/Developer/nullness-benchmarks/glide/library/src/main/java/com/bumptech/glide/request/target/ImageViewTarget.java
2901	com.bumptech.glide.request.target.ImageViewTarget	onLoadCleared(android.graphics.drawable.Drawable)	1000	[true]	java.lang.Override	public	false	/home/nima/Developer/nullness-benchmarks/glide/library/src/main/java/com/bumptech/glide/request/target/ImageViewTarget.java
2902	com.bumptech.glide.request.target.ImageViewTarget	onResourceReady(Z,com.bumptech.glide.request.transition.Transition)	33	[false, true]	java.lang.Override	public	false	/home/nima/Developer/nullness-benchmarks/glide/library/src/main/java/com/bumptech/glide/request/target/ImageViewTarget.java
2903	com.bumptech.glide.request.target.ImageViewTarget	onStart()	1026	[]	java.lang.Override	public	false	/home/nima/Developer/nullness-benchmarks/glide/library/src/main/java/com/bumptech/glide/request/target/ImageViewTarget.java
2904	com.bumptech.glide.request.target.ImageViewTarget	onStop()	1027	[]	java.lang.Override	public	false	/home/nima/Developer/nullness-benchmarks/glide/library/src/main/java/com/bumptech/glide/request/target/ImageViewTarget.java
2905	com.bumptech.glide.request.target.ImageViewTarget	setResourceInternal(Z)	0	[true]		private	false	/home/nima/Developer/nullness-benchmarks/glide/library/src/main/java/com/bumptech/glide/request/target/ImageViewTarget.java
2906	com.bumptech.glide.request.target.ImageViewTarget	maybeUpdateAnimatable(Z)	0	[true]		private	false	/home/nima/Developer/nullness-benchmarks/glide/library/src/main/java/com/bumptech/glide/request/target/ImageViewTarget.java
2893	com.bumptech.glide.request.target.ImageViewTarget	setResource(Z)	0	[true]		protected	false	/home/nima/Developer/nullness-benchmarks/glide/library/src/main/java/com/bumptech/glide/request/target/ImageViewTarget.java
2907	com.bumptech.glide.request.target.SimpleTarget	SimpleTarget()	0	[]	java.lang.SuppressWarnings	public	false	/home/nima/Developer/nullness-benchmarks/glide/library/src/main/java/com/bumptech/glide/request/target/SimpleTarget.java
2908	com.bumptech.glide.request.target.SimpleTarget	SimpleTarget(int,int)	0	[false, false]	java.lang.SuppressWarnings	public	false	/home/nima/Developer/nullness-benchmarks/glide/library/src/main/java/com/bumptech/glide/request/target/SimpleTarget.java
2909	com.bumptech.glide.request.target.SimpleTarget	getSize(com.bumptech.glide.request.target.SizeReadyCallback)	37	[false]	java.lang.Override	public	false	/home/nima/Developer/nullness-benchmarks/glide/library/src/main/java/com/bumptech/glide/request/target/SimpleTarget.java
2910	com.bumptech.glide.request.target.SimpleTarget	removeCallback(com.bumptech.glide.request.target.SizeReadyCallback)	39	[false]	java.lang.Override	public	false	/home/nima/Developer/nullness-benchmarks/glide/library/src/main/java/com/bumptech/glide/request/target/SimpleTarget.java
2911	com.bumptech.glide.request.target.BitmapImageViewTarget	BitmapImageViewTarget(android.widget.ImageView)	0	[false]	java.lang.SuppressWarnings	public	false	/home/nima/Developer/nullness-benchmarks/glide/library/src/main/java/com/bumptech/glide/request/target/BitmapImageViewTarget.java
2912	com.bumptech.glide.request.target.BitmapImageViewTarget	BitmapImageViewTarget(android.widget.ImageView,boolean)	0	[false, false]	java.lang.SuppressWarnings,java.lang.Deprecated	public	false	/home/nima/Developer/nullness-benchmarks/glide/library/src/main/java/com/bumptech/glide/request/target/BitmapImageViewTarget.java
2913	com.bumptech.glide.request.target.BitmapImageViewTarget	setResource(android.graphics.Bitmap)	2893	[false]	java.lang.Override	protected	false	/home/nima/Developer/nullness-benchmarks/glide/library/src/main/java/com/bumptech/glide/request/target/BitmapImageViewTarget.java
2914	com.bumptech.glide.request.target.BitmapThumbnailImageViewTarget	BitmapThumbnailImageViewTarget(android.widget.ImageView)	0	[false]		public	false	/home/nima/Developer/nullness-benchmarks/glide/library/src/main/java/com/bumptech/glide/request/target/BitmapThumbnailImageViewTarget.java
2915	com.bumptech.glide.request.target.BitmapThumbnailImageViewTarget	BitmapThumbnailImageViewTarget(android.widget.ImageView,boolean)	0	[false, false]	java.lang.SuppressWarnings,java.lang.Deprecated	public	false	/home/nima/Developer/nullness-benchmarks/glide/library/src/main/java/com/bumptech/glide/request/target/BitmapThumbnailImageViewTarget.java
2916	com.bumptech.glide.request.target.BitmapThumbnailImageViewTarget	getDrawable(android.graphics.Bitmap)	2894	[false]	java.lang.Override	protected	true	/home/nima/Developer/nullness-benchmarks/glide/library/src/main/java/com/bumptech/glide/request/target/BitmapThumbnailImageViewTarget.java
2917	com.bumptech.glide.request.target.DrawableImageViewTarget	DrawableImageViewTarget(android.widget.ImageView)	0	[false]		public	false	/home/nima/Developer/nullness-benchmarks/glide/library/src/main/java/com/bumptech/glide/request/target/DrawableImageViewTarget.java
2918	com.bumptech.glide.request.target.DrawableImageViewTarget	DrawableImageViewTarget(android.widget.ImageView,boolean)	0	[false, false]	java.lang.SuppressWarnings,java.lang.Deprecated	public	false	/home/nima/Developer/nullness-benchmarks/glide/library/src/main/java/com/bumptech/glide/request/target/DrawableImageViewTarget.java
2919	com.bumptech.glide.request.target.DrawableImageViewTarget	setResource(android.graphics.drawable.Drawable)	2893	[true]	java.lang.Override	protected	false	/home/nima/Developer/nullness-benchmarks/glide/library/src/main/java/com/bumptech/glide/request/target/DrawableImageViewTarget.java
2920	com.bumptech.glide.request.target.AppWidgetTarget	AppWidgetTarget(android.content.Context,int,int,int,android.widget.RemoteViews,int[])	0	[false, false, false, false, false, false]		public	false	/home/nima/Developer/nullness-benchmarks/glide/library/src/main/java/com/bumptech/glide/request/target/AppWidgetTarget.java
2921	com.bumptech.glide.request.target.AppWidgetTarget	AppWidgetTarget(android.content.Context,int,android.widget.RemoteViews,int[])	0	[false, false, false, false]		public	false	/home/nima/Developer/nullness-benchmarks/glide/library/src/main/java/com/bumptech/glide/request/target/AppWidgetTarget.java
2922	com.bumptech.glide.request.target.AppWidgetTarget	AppWidgetTarget(android.content.Context,int,int,int,android.widget.RemoteViews,android.content.ComponentName)	0	[false, false, false, false, false, false]		public	false	/home/nima/Developer/nullness-benchmarks/glide/library/src/main/java/com/bumptech/glide/request/target/AppWidgetTarget.java
2923	com.bumptech.glide.request.target.AppWidgetTarget	AppWidgetTarget(android.content.Context,int,android.widget.RemoteViews,android.content.ComponentName)	0	[false, false, false, false]		public	false	/home/nima/Developer/nullness-benchmarks/glide/library/src/main/java/com/bumptech/glide/request/target/AppWidgetTarget.java
2924	com.bumptech.glide.request.target.AppWidgetTarget	update()	0	[]		private	false	/home/nima/Developer/nullness-benchmarks/glide/library/src/main/java/com/bumptech/glide/request/target/AppWidgetTarget.java
2925	com.bumptech.glide.request.target.AppWidgetTarget	onResourceReady(android.graphics.Bitmap,com.bumptech.glide.request.transition.Transition)	33	[false, true]	java.lang.Override	public	false	/home/nima/Developer/nullness-benchmarks/glide/library/src/main/java/com/bumptech/glide/request/target/AppWidgetTarget.java
2926	com.bumptech.glide.request.target.AppWidgetTarget	onLoadCleared(android.graphics.drawable.Drawable)	35	[true]	java.lang.Override	public	false	/home/nima/Developer/nullness-benchmarks/glide/library/src/main/java/com/bumptech/glide/request/target/AppWidgetTarget.java
2927	com.bumptech.glide.request.target.AppWidgetTarget	setBitmap(android.graphics.Bitmap)	0	[true]		private	false	/home/nima/Developer/nullness-benchmarks/glide/library/src/main/java/com/bumptech/glide/request/target/AppWidgetTarget.java
2928	com.bumptech.glide.request.target.NotificationTarget	NotificationTarget(android.content.Context,int,android.widget.RemoteViews,android.app.Notification,int)	0	[false, false, false, false, false]	android.annotation.SuppressLint,androidx.annotation.RequiresPermission	public	false	/home/nima/Developer/nullness-benchmarks/glide/library/src/main/java/com/bumptech/glide/request/target/NotificationTarget.java
2929	com.bumptech.glide.request.target.NotificationTarget	NotificationTarget(android.content.Context,int,android.widget.RemoteViews,android.app.Notification,int,java.lang.String)	0	[false, false, false, false, false, false]	android.annotation.SuppressLint,androidx.annotation.RequiresPermission	public	false	/home/nima/Developer/nullness-benchmarks/glide/library/src/main/java/com/bumptech/glide/request/target/NotificationTarget.java
2930	com.bumptech.glide.request.target.NotificationTarget	NotificationTarget(android.content.Context,int,int,int,android.widget.RemoteViews,android.app.Notification,int,java.lang.String)	0	[false, false, false, false, false, false, false, false]	android.annotation.SuppressLint,androidx.annotation.RequiresPermission	public	false	/home/nima/Developer/nullness-benchmarks/glide/library/src/main/java/com/bumptech/glide/request/target/NotificationTarget.java
2931	com.bumptech.glide.request.target.NotificationTarget	update()	0	[]	android.annotation.SuppressLint,androidx.annotation.RequiresPermission	private	false	/home/nima/Developer/nullness-benchmarks/glide/library/src/main/java/com/bumptech/glide/request/target/NotificationTarget.java
2932	com.bumptech.glide.request.target.NotificationTarget	onResourceReady(android.graphics.Bitmap,com.bumptech.glide.request.transition.Transition)	33	[false, true]	android.annotation.SuppressLint,androidx.annotation.RequiresPermission,java.lang.Override	public	false	/home/nima/Developer/nullness-benchmarks/glide/library/src/main/java/com/bumptech/glide/request/target/NotificationTarget.java
2933	com.bumptech.glide.request.target.NotificationTarget	onLoadCleared(android.graphics.drawable.Drawable)	35	[true]	android.annotation.SuppressLint,androidx.annotation.RequiresPermission,java.lang.Override	public	false	/home/nima/Developer/nullness-benchmarks/glide/library/src/main/java/com/bumptech/glide/request/target/NotificationTarget.java
2934	com.bumptech.glide.request.target.NotificationTarget	setBitmap(android.graphics.Bitmap)	0	[true]	android.annotation.SuppressLint,androidx.annotation.RequiresPermission	private	false	/home/nima/Developer/nullness-benchmarks/glide/library/src/main/java/com/bumptech/glide/request/target/NotificationTarget.java
2935	com.bumptech.glide.request.target.FixedSizeDrawable	FixedSizeDrawable(android.graphics.drawable.Drawable,int,int)	0	[false, false, false]	java.lang.SuppressWarnings	public	false	/home/nima/Developer/nullness-benchmarks/glide/library/src/main/java/com/bumptech/glide/request/target/FixedSizeDrawable.java
2936	com.bumptech.glide.request.target.FixedSizeDrawable	FixedSizeDrawable(com.bumptech.glide.request.target.FixedSizeDrawable.State,android.graphics.drawable.Drawable)	0	[false, false]		package	false	/home/nima/Developer/nullness-benchmarks/glide/library/src/main/java/com/bumptech/glide/request/target/FixedSizeDrawable.java
2937	com.bumptech.glide.request.target.FixedSizeDrawable	setBounds(int,int,int,int)	2938	[false, false, false, false]	java.lang.Override	public	false	/home/nima/Developer/nullness-benchmarks/glide/library/src/main/java/com/bumptech/glide/request/target/FixedSizeDrawable.java
2939	com.bumptech.glide.request.target.FixedSizeDrawable	setBounds(android.graphics.Rect)	2940	[false]	java.lang.Override	public	false	/home/nima/Developer/nullness-benchmarks/glide/library/src/main/java/com/bumptech/glide/request/target/FixedSizeDrawable.java
2941	com.bumptech.glide.request.target.FixedSizeDrawable	updateMatrix()	0	[]		private	false	/home/nima/Developer/nullness-benchmarks/glide/library/src/main/java/com/bumptech/glide/request/target/FixedSizeDrawable.java
2942	com.bumptech.glide.request.target.FixedSizeDrawable	setChangingConfigurations(int)	2943	[false]	java.lang.Override	public	false	/home/nima/Developer/nullness-benchmarks/glide/library/src/main/java/com/bumptech/glide/request/target/FixedSizeDrawable.java
2944	com.bumptech.glide.request.target.FixedSizeDrawable	getChangingConfigurations()	2945	[]	java.lang.Override	public	false	/home/nima/Developer/nullness-benchmarks/glide/library/src/main/java/com/bumptech/glide/request/target/FixedSizeDrawable.java
2946	com.bumptech.glide.request.target.FixedSizeDrawable	setDither(boolean)	2947	[false]	java.lang.Deprecated,java.lang.Override	public	false	/home/nima/Developer/nullness-benchmarks/glide/library/src/main/java/com/bumptech/glide/request/target/FixedSizeDrawable.java
2948	com.bumptech.glide.request.target.FixedSizeDrawable	setFilterBitmap(boolean)	2949	[false]	java.lang.Override	public	false	/home/nima/Developer/nullness-benchmarks/glide/library/src/main/java/com/bumptech/glide/request/target/FixedSizeDrawable.java
2950	com.bumptech.glide.request.target.FixedSizeDrawable	getCallback()	2951	[]	java.lang.Override	public	true	/home/nima/Developer/nullness-benchmarks/glide/library/src/main/java/com/bumptech/glide/request/target/FixedSizeDrawable.java
2952	com.bumptech.glide.request.target.FixedSizeDrawable	getAlpha()	2953	[]	androidx.annotation.RequiresApi,java.lang.Override	public	false	/home/nima/Developer/nullness-benchmarks/glide/library/src/main/java/com/bumptech/glide/request/target/FixedSizeDrawable.java
2954	com.bumptech.glide.request.target.FixedSizeDrawable	setColorFilter(int,android.graphics.PorterDuff.Mode)	2955	[false, false]	java.lang.Override	public	false	/home/nima/Developer/nullness-benchmarks/glide/library/src/main/java/com/bumptech/glide/request/target/FixedSizeDrawable.java
2956	com.bumptech.glide.request.target.FixedSizeDrawable	clearColorFilter()	2957	[]	java.lang.Override	public	false	/home/nima/Developer/nullness-benchmarks/glide/library/src/main/java/com/bumptech/glide/request/target/FixedSizeDrawable.java
2958	com.bumptech.glide.request.target.FixedSizeDrawable	getCurrent()	2959	[]	androidx.annotation.NonNull,java.lang.Override	public	true	/home/nima/Developer/nullness-benchmarks/glide/library/src/main/java/com/bumptech/glide/request/target/FixedSizeDrawable.java
2960	com.bumptech.glide.request.target.FixedSizeDrawable	setVisible(boolean,boolean)	384	[false, false]	java.lang.Override	public	false	/home/nima/Developer/nullness-benchmarks/glide/library/src/main/java/com/bumptech/glide/request/target/FixedSizeDrawable.java
2961	com.bumptech.glide.request.target.FixedSizeDrawable	getIntrinsicWidth()	386	[]	java.lang.Override	public	false	/home/nima/Developer/nullness-benchmarks/glide/library/src/main/java/com/bumptech/glide/request/target/FixedSizeDrawable.java
2962	com.bumptech.glide.request.target.FixedSizeDrawable	getIntrinsicHeight()	388	[]	java.lang.Override	public	false	/home/nima/Developer/nullness-benchmarks/glide/library/src/main/java/com/bumptech/glide/request/target/FixedSizeDrawable.java
2963	com.bumptech.glide.request.target.FixedSizeDrawable	getMinimumWidth()	2964	[]	java.lang.Override	public	false	/home/nima/Developer/nullness-benchmarks/glide/library/src/main/java/com/bumptech/glide/request/target/FixedSizeDrawable.java
2965	com.bumptech.glide.request.target.FixedSizeDrawable	getMinimumHeight()	2966	[]	java.lang.Override	public	false	/home/nima/Developer/nullness-benchmarks/glide/library/src/main/java/com/bumptech/glide/request/target/FixedSizeDrawable.java
2967	com.bumptech.glide.request.target.FixedSizeDrawable	getPadding(android.graphics.Rect)	2968	[false]	java.lang.Override	public	false	/home/nima/Developer/nullness-benchmarks/glide/library/src/main/java/com/bumptech/glide/request/target/FixedSizeDrawable.java
2969	com.bumptech.glide.request.target.FixedSizeDrawable	invalidateSelf()	2970	[]	java.lang.Override	public	false	/home/nima/Developer/nullness-benchmarks/glide/library/src/main/java/com/bumptech/glide/request/target/FixedSizeDrawable.java
2971	com.bumptech.glide.request.target.FixedSizeDrawable	unscheduleSelf(java.lang.Runnable)	2972	[false]	java.lang.Override	public	false	/home/nima/Developer/nullness-benchmarks/glide/library/src/main/java/com/bumptech/glide/request/target/FixedSizeDrawable.java
2973	com.bumptech.glide.request.target.FixedSizeDrawable	scheduleSelf(java.lang.Runnable,long)	2974	[false, false]	java.lang.Override	public	false	/home/nima/Developer/nullness-benchmarks/glide/library/src/main/java/com/bumptech/glide/request/target/FixedSizeDrawable.java
2975	com.bumptech.glide.request.target.FixedSizeDrawable	draw(android.graphics.Canvas)	395	[false]	java.lang.Override	public	false	/home/nima/Developer/nullness-benchmarks/glide/library/src/main/java/com/bumptech/glide/request/target/FixedSizeDrawable.java
2976	com.bumptech.glide.request.target.FixedSizeDrawable	setAlpha(int)	397	[false]	java.lang.Override	public	false	/home/nima/Developer/nullness-benchmarks/glide/library/src/main/java/com/bumptech/glide/request/target/FixedSizeDrawable.java
2977	com.bumptech.glide.request.target.FixedSizeDrawable	setColorFilter(android.graphics.ColorFilter)	399	[false]	java.lang.Override	public	false	/home/nima/Developer/nullness-benchmarks/glide/library/src/main/java/com/bumptech/glide/request/target/FixedSizeDrawable.java
2978	com.bumptech.glide.request.target.FixedSizeDrawable	getOpacity()	403	[]	java.lang.Override	public	false	/home/nima/Developer/nullness-benchmarks/glide/library/src/main/java/com/bumptech/glide/request/target/FixedSizeDrawable.java
2979	com.bumptech.glide.request.target.FixedSizeDrawable	mutate()	2980	[]	androidx.annotation.NonNull,java.lang.Override	public	true	/home/nima/Developer/nullness-benchmarks/glide/library/src/main/java/com/bumptech/glide/request/target/FixedSizeDrawable.java
2981	com.bumptech.glide.request.target.FixedSizeDrawable	getConstantState()	409	[]	java.lang.Override	public	true	/home/nima/Developer/nullness-benchmarks/glide/library/src/main/java/com/bumptech/glide/request/target/FixedSizeDrawable.java
2982	com.bumptech.glide.request.target.FixedSizeDrawable$State	State(com.bumptech.glide.request.target.FixedSizeDrawable.State)	0	[false]		package	false	/home/nima/Developer/nullness-benchmarks/glide/library/src/main/java/com/bumptech/glide/request/target/FixedSizeDrawable.java
2983	com.bumptech.glide.request.target.FixedSizeDrawable$State	State(android.graphics.drawable.Drawable.ConstantState,int,int)	0	[false, false, false]		package	false	/home/nima/Developer/nullness-benchmarks/glide/library/src/main/java/com/bumptech/glide/request/target/FixedSizeDrawable.java
2984	com.bumptech.glide.request.target.FixedSizeDrawable$State	newDrawable()	423	[]	androidx.annotation.NonNull,java.lang.Override	public	true	/home/nima/Developer/nullness-benchmarks/glide/library/src/main/java/com/bumptech/glide/request/target/FixedSizeDrawable.java
2985	com.bumptech.glide.request.target.FixedSizeDrawable$State	newDrawable(android.content.res.Resources)	421	[false]	androidx.annotation.NonNull,java.lang.Override	public	true	/home/nima/Developer/nullness-benchmarks/glide/library/src/main/java/com/bumptech/glide/request/target/FixedSizeDrawable.java
2986	com.bumptech.glide.request.target.FixedSizeDrawable$State	getChangingConfigurations()	425	[]	java.lang.Override	public	false	/home/nima/Developer/nullness-benchmarks/glide/library/src/main/java/com/bumptech/glide/request/target/FixedSizeDrawable.java
2987	com.bumptech.glide.request.target.DrawableThumbnailImageViewTarget	DrawableThumbnailImageViewTarget(android.widget.ImageView)	0	[false]		public	false	/home/nima/Developer/nullness-benchmarks/glide/library/src/main/java/com/bumptech/glide/request/target/DrawableThumbnailImageViewTarget.java
2988	com.bumptech.glide.request.target.DrawableThumbnailImageViewTarget	DrawableThumbnailImageViewTarget(android.widget.ImageView,boolean)	0	[false, false]	java.lang.Deprecated,java.lang.SuppressWarnings	public	false	/home/nima/Developer/nullness-benchmarks/glide/library/src/main/java/com/bumptech/glide/request/target/DrawableThumbnailImageViewTarget.java
2989	com.bumptech.glide.request.target.DrawableThumbnailImageViewTarget	getDrawable(android.graphics.drawable.Drawable)	2894	[false]	java.lang.Override	protected	true	/home/nima/Developer/nullness-benchmarks/glide/library/src/main/java/com/bumptech/glide/request/target/DrawableThumbnailImageViewTarget.java
2990	com.bumptech.glide.request.target.PreloadTarget$1	handleMessage(android.os.Message)	451	[false]	java.lang.Override	public	false	/home/nima/Developer/nullness-benchmarks/glide/library/src/main/java/com/bumptech/glide/request/target/PreloadTarget.java
2991	com.bumptech.glide.request.target.PreloadTarget	obtain(com.bumptech.glide.RequestManager,int,int)	0	[false, false, false]		public	true	/home/nima/Developer/nullness-benchmarks/glide/library/src/main/java/com/bumptech/glide/request/target/PreloadTarget.java
2992	com.bumptech.glide.request.target.PreloadTarget	PreloadTarget(com.bumptech.glide.RequestManager,int,int)	0	[false, false, false]		private	false	/home/nima/Developer/nullness-benchmarks/glide/library/src/main/java/com/bumptech/glide/request/target/PreloadTarget.java
2993	com.bumptech.glide.request.target.PreloadTarget	onResourceReady(Z,com.bumptech.glide.request.transition.Transition)	33	[false, true]	java.lang.Override	public	false	/home/nima/Developer/nullness-benchmarks/glide/library/src/main/java/com/bumptech/glide/request/target/PreloadTarget.java
2994	com.bumptech.glide.request.target.PreloadTarget	onLoadCleared(android.graphics.drawable.Drawable)	35	[true]	java.lang.Override	public	false	/home/nima/Developer/nullness-benchmarks/glide/library/src/main/java/com/bumptech/glide/request/target/PreloadTarget.java
2995	com.bumptech.glide.request.target.PreloadTarget	clear()	0	[]	java.lang.SuppressWarnings,com.bumptech.glide.util.Synthetic	package	false	/home/nima/Developer/nullness-benchmarks/glide/library/src/main/java/com/bumptech/glide/request/target/PreloadTarget.java
2996	com.bumptech.glide.request.SingleRequest	obtain(android.content.Context,com.bumptech.glide.GlideContext,java.lang.Object,java.lang.Object,java.lang.Class,com.bumptech.glide.request.BaseRequestOptions,int,int,com.bumptech.glide.Priority,com.bumptech.glide.request.target.Target,com.bumptech.glide.request.RequestListener,java.util.List,com.bumptech.glide.request.RequestCoordinator,com.bumptech.glide.load.engine.Engine,com.bumptech.glide.request.transition.TransitionFactory,java.util.concurrent.Executor)	0	[false, false, false, false, false, false, false, false, false, false, false, true, false, false, false, false]		public	true	/home/nima/Developer/nullness-benchmarks/glide/library/src/main/java/com/bumptech/glide/request/SingleRequest.java
2997	com.bumptech.glide.request.SingleRequest	SingleRequest(android.content.Context,com.bumptech.glide.GlideContext,java.lang.Object,java.lang.Object,java.lang.Class,com.bumptech.glide.request.BaseRequestOptions,int,int,com.bumptech.glide.Priority,com.bumptech.glide.request.target.Target,com.bumptech.glide.request.RequestListener,java.util.List,com.bumptech.glide.request.RequestCoordinator,com.bumptech.glide.load.engine.Engine,com.bumptech.glide.request.transition.TransitionFactory,java.util.concurrent.Executor)	0	[false, false, false, true, false, false, false, false, false, false, true, true, false, false, false, false]	java.lang.SuppressWarnings	private	false	/home/nima/Developer/nullness-benchmarks/glide/library/src/main/java/com/bumptech/glide/request/SingleRequest.java
2998	com.bumptech.glide.request.SingleRequest	begin()	459	[]	java.lang.Override	public	false	/home/nima/Developer/nullness-benchmarks/glide/library/src/main/java/com/bumptech/glide/request/SingleRequest.java
2999	com.bumptech.glide.request.SingleRequest	experimentalNotifyRequestStarted(java.lang.Object)	0	[false]		private	false	/home/nima/Developer/nullness-benchmarks/glide/library/src/main/java/com/bumptech/glide/request/SingleRequest.java
3000	com.bumptech.glide.request.SingleRequest	cancel()	0	[]	androidx.annotation.GuardedBy	private	false	/home/nima/Developer/nullness-benchmarks/glide/library/src/main/java/com/bumptech/glide/request/SingleRequest.java
3001	com.bumptech.glide.request.SingleRequest	assertNotCallingCallbacks()	0	[]	androidx.annotation.GuardedBy	private	false	/home/nima/Developer/nullness-benchmarks/glide/library/src/main/java/com/bumptech/glide/request/SingleRequest.java
3002	com.bumptech.glide.request.SingleRequest	clear()	460	[]	java.lang.Override	public	false	/home/nima/Developer/nullness-benchmarks/glide/library/src/main/java/com/bumptech/glide/request/SingleRequest.java
3003	com.bumptech.glide.request.SingleRequest	pause()	461	[]	java.lang.Override	public	false	/home/nima/Developer/nullness-benchmarks/glide/library/src/main/java/com/bumptech/glide/request/SingleRequest.java
3004	com.bumptech.glide.request.SingleRequest	isRunning()	462	[]	java.lang.Override	public	false	/home/nima/Developer/nullness-benchmarks/glide/library/src/main/java/com/bumptech/glide/request/SingleRequest.java
3005	com.bumptech.glide.request.SingleRequest	isComplete()	463	[]	java.lang.Override	public	false	/home/nima/Developer/nullness-benchmarks/glide/library/src/main/java/com/bumptech/glide/request/SingleRequest.java
3006	com.bumptech.glide.request.SingleRequest	isCleared()	464	[]	java.lang.Override	public	false	/home/nima/Developer/nullness-benchmarks/glide/library/src/main/java/com/bumptech/glide/request/SingleRequest.java
3007	com.bumptech.glide.request.SingleRequest	isAnyResourceSet()	465	[]	java.lang.Override	public	false	/home/nima/Developer/nullness-benchmarks/glide/library/src/main/java/com/bumptech/glide/request/SingleRequest.java
3008	com.bumptech.glide.request.SingleRequest	getErrorDrawable()	0	[]	androidx.annotation.GuardedBy	private	true	/home/nima/Developer/nullness-benchmarks/glide/library/src/main/java/com/bumptech/glide/request/SingleRequest.java
3009	com.bumptech.glide.request.SingleRequest	getPlaceholderDrawable()	0	[]	androidx.annotation.GuardedBy	private	true	/home/nima/Developer/nullness-benchmarks/glide/library/src/main/java/com/bumptech/glide/request/SingleRequest.java
3010	com.bumptech.glide.request.SingleRequest	getFallbackDrawable()	0	[]	androidx.annotation.GuardedBy	private	true	/home/nima/Developer/nullness-benchmarks/glide/library/src/main/java/com/bumptech/glide/request/SingleRequest.java
3011	com.bumptech.glide.request.SingleRequest	loadDrawable(int)	0	[false]	androidx.annotation.GuardedBy	private	true	/home/nima/Developer/nullness-benchmarks/glide/library/src/main/java/com/bumptech/glide/request/SingleRequest.java
3012	com.bumptech.glide.request.SingleRequest	setErrorPlaceholder()	0	[]	androidx.annotation.GuardedBy	private	false	/home/nima/Developer/nullness-benchmarks/glide/library/src/main/java/com/bumptech/glide/request/SingleRequest.java
3013	com.bumptech.glide.request.SingleRequest	onSizeReady(int,int)	484	[false, false]	java.lang.Override	public	false	/home/nima/Developer/nullness-benchmarks/glide/library/src/main/java/com/bumptech/glide/request/SingleRequest.java
3014	com.bumptech.glide.request.SingleRequest	maybeApplySizeMultiplier(int,float)	0	[false, false]		private	false	/home/nima/Developer/nullness-benchmarks/glide/library/src/main/java/com/bumptech/glide/request/SingleRequest.java
3015	com.bumptech.glide.request.SingleRequest	canSetResource()	0	[]	androidx.annotation.GuardedBy	private	false	/home/nima/Developer/nullness-benchmarks/glide/library/src/main/java/com/bumptech/glide/request/SingleRequest.java
3016	com.bumptech.glide.request.SingleRequest	canNotifyCleared()	0	[]	androidx.annotation.GuardedBy	private	false	/home/nima/Developer/nullness-benchmarks/glide/library/src/main/java/com/bumptech/glide/request/SingleRequest.java
3017	com.bumptech.glide.request.SingleRequest	canNotifyStatusChanged()	0	[]	androidx.annotation.GuardedBy	private	false	/home/nima/Developer/nullness-benchmarks/glide/library/src/main/java/com/bumptech/glide/request/SingleRequest.java
3018	com.bumptech.glide.request.SingleRequest	isFirstReadyResource()	0	[]	androidx.annotation.GuardedBy	private	false	/home/nima/Developer/nullness-benchmarks/glide/library/src/main/java/com/bumptech/glide/request/SingleRequest.java
3019	com.bumptech.glide.request.SingleRequest	notifyRequestCoordinatorLoadSucceeded()	0	[]	androidx.annotation.GuardedBy	private	false	/home/nima/Developer/nullness-benchmarks/glide/library/src/main/java/com/bumptech/glide/request/SingleRequest.java
3020	com.bumptech.glide.request.SingleRequest	notifyRequestCoordinatorLoadFailed()	0	[]	androidx.annotation.GuardedBy	private	false	/home/nima/Developer/nullness-benchmarks/glide/library/src/main/java/com/bumptech/glide/request/SingleRequest.java
3021	com.bumptech.glide.request.SingleRequest	onResourceReady(com.bumptech.glide.load.engine.Resource,com.bumptech.glide.load.DataSource,boolean)	1151	[false, false, false]	java.lang.SuppressWarnings,java.lang.Override	public	false	/home/nima/Developer/nullness-benchmarks/glide/library/src/main/java/com/bumptech/glide/request/SingleRequest.java
3022	com.bumptech.glide.request.SingleRequest	onResourceReady(com.bumptech.glide.load.engine.Resource,R,com.bumptech.glide.load.DataSource,boolean)	0	[false, false, false, false]	java.lang.SuppressWarnings,androidx.annotation.GuardedBy	private	false	/home/nima/Developer/nullness-benchmarks/glide/library/src/main/java/com/bumptech/glide/request/SingleRequest.java
3023	com.bumptech.glide.request.SingleRequest	onLoadFailed(com.bumptech.glide.load.engine.GlideException)	1152	[false]	java.lang.Override	public	false	/home/nima/Developer/nullness-benchmarks/glide/library/src/main/java/com/bumptech/glide/request/SingleRequest.java
3024	com.bumptech.glide.request.SingleRequest	getLock()	1153	[]	java.lang.Override	public	true	/home/nima/Developer/nullness-benchmarks/glide/library/src/main/java/com/bumptech/glide/request/SingleRequest.java
3025	com.bumptech.glide.request.SingleRequest	onLoadFailed(com.bumptech.glide.load.engine.GlideException,int)	0	[false, false]		private	false	/home/nima/Developer/nullness-benchmarks/glide/library/src/main/java/com/bumptech/glide/request/SingleRequest.java
3026	com.bumptech.glide.request.SingleRequest	isEquivalentTo(com.bumptech.glide.request.Request)	466	[false]	java.lang.Override	public	false	/home/nima/Developer/nullness-benchmarks/glide/library/src/main/java/com/bumptech/glide/request/SingleRequest.java
3027	com.bumptech.glide.request.SingleRequest	logV(java.lang.String)	0	[false]		private	false	/home/nima/Developer/nullness-benchmarks/glide/library/src/main/java/com/bumptech/glide/request/SingleRequest.java
3028	com.bumptech.glide.request.SingleRequest	toString()	126	[]	java.lang.Override	public	true	/home/nima/Developer/nullness-benchmarks/glide/library/src/main/java/com/bumptech/glide/request/SingleRequest.java
3029	com.bumptech.glide.request.RequestFutureTarget	RequestFutureTarget(int,int)	0	[false, false]		public	false	/home/nima/Developer/nullness-benchmarks/glide/library/src/main/java/com/bumptech/glide/request/RequestFutureTarget.java
3030	com.bumptech.glide.request.RequestFutureTarget	RequestFutureTarget(int,int,boolean,com.bumptech.glide.request.RequestFutureTarget.Waiter)	0	[false, false, false, false]		package	false	/home/nima/Developer/nullness-benchmarks/glide/library/src/main/java/com/bumptech/glide/request/RequestFutureTarget.java
3031	com.bumptech.glide.request.RequestFutureTarget	cancel(boolean)	3032	[false]	java.lang.Override	public	false	/home/nima/Developer/nullness-benchmarks/glide/library/src/main/java/com/bumptech/glide/request/RequestFutureTarget.java
3033	com.bumptech.glide.request.RequestFutureTarget	isCancelled()	3034	[]	java.lang.Override	public	false	/home/nima/Developer/nullness-benchmarks/glide/library/src/main/java/com/bumptech/glide/request/RequestFutureTarget.java
3035	com.bumptech.glide.request.RequestFutureTarget	isDone()	3036	[]	java.lang.Override	public	false	/home/nima/Developer/nullness-benchmarks/glide/library/src/main/java/com/bumptech/glide/request/RequestFutureTarget.java
3037	com.bumptech.glide.request.RequestFutureTarget	get()	3038	[]	java.lang.Override	public	true	/home/nima/Developer/nullness-benchmarks/glide/library/src/main/java/com/bumptech/glide/request/RequestFutureTarget.java
3039	com.bumptech.glide.request.RequestFutureTarget	get(long,java.util.concurrent.TimeUnit)	3040	[false, false]	java.lang.Override	public	true	/home/nima/Developer/nullness-benchmarks/glide/library/src/main/java/com/bumptech/glide/request/RequestFutureTarget.java
3041	com.bumptech.glide.request.RequestFutureTarget	getSize(com.bumptech.glide.request.target.SizeReadyCallback)	37	[false]	java.lang.Override	public	false	/home/nima/Developer/nullness-benchmarks/glide/library/src/main/java/com/bumptech/glide/request/RequestFutureTarget.java
3042	com.bumptech.glide.request.RequestFutureTarget	removeCallback(com.bumptech.glide.request.target.SizeReadyCallback)	39	[false]	java.lang.Override	public	false	/home/nima/Developer/nullness-benchmarks/glide/library/src/main/java/com/bumptech/glide/request/RequestFutureTarget.java
3043	com.bumptech.glide.request.RequestFutureTarget	setRequest(com.bumptech.glide.request.Request)	41	[true]	java.lang.Override	public	false	/home/nima/Developer/nullness-benchmarks/glide/library/src/main/java/com/bumptech/glide/request/RequestFutureTarget.java
3044	com.bumptech.glide.request.RequestFutureTarget	getRequest()	43	[]	java.lang.Override,androidx.annotation.Nullable	public	true	/home/nima/Developer/nullness-benchmarks/glide/library/src/main/java/com/bumptech/glide/request/RequestFutureTarget.java
3045	com.bumptech.glide.request.RequestFutureTarget	onLoadCleared(android.graphics.drawable.Drawable)	35	[true]	java.lang.Override	public	false	/home/nima/Developer/nullness-benchmarks/glide/library/src/main/java/com/bumptech/glide/request/RequestFutureTarget.java
3046	com.bumptech.glide.request.RequestFutureTarget	onLoadStarted(android.graphics.drawable.Drawable)	29	[true]	java.lang.Override	public	false	/home/nima/Developer/nullness-benchmarks/glide/library/src/main/java/com/bumptech/glide/request/RequestFutureTarget.java
3047	com.bumptech.glide.request.RequestFutureTarget	onLoadFailed(android.graphics.drawable.Drawable)	31	[true]	java.lang.Override	public	false	/home/nima/Developer/nullness-benchmarks/glide/library/src/main/java/com/bumptech/glide/request/RequestFutureTarget.java
3048	com.bumptech.glide.request.RequestFutureTarget	onResourceReady(R,com.bumptech.glide.request.transition.Transition)	33	[false, true]	java.lang.Override	public	false	/home/nima/Developer/nullness-benchmarks/glide/library/src/main/java/com/bumptech/glide/request/RequestFutureTarget.java
3049	com.bumptech.glide.request.RequestFutureTarget	doGet(java.lang.Long)	0	[false]		private	true	/home/nima/Developer/nullness-benchmarks/glide/library/src/main/java/com/bumptech/glide/request/RequestFutureTarget.java
3050	com.bumptech.glide.request.RequestFutureTarget	onStart()	45	[]	java.lang.Override	public	false	/home/nima/Developer/nullness-benchmarks/glide/library/src/main/java/com/bumptech/glide/request/RequestFutureTarget.java
3051	com.bumptech.glide.request.RequestFutureTarget	onStop()	47	[]	java.lang.Override	public	false	/home/nima/Developer/nullness-benchmarks/glide/library/src/main/java/com/bumptech/glide/request/RequestFutureTarget.java
3052	com.bumptech.glide.request.RequestFutureTarget	onDestroy()	49	[]	java.lang.Override	public	false	/home/nima/Developer/nullness-benchmarks/glide/library/src/main/java/com/bumptech/glide/request/RequestFutureTarget.java
3053	com.bumptech.glide.request.RequestFutureTarget	onLoadFailed(com.bumptech.glide.load.engine.GlideException,java.lang.Object,com.bumptech.glide.request.target.Target,boolean)	361	[true, false, false, false]	java.lang.Override	public	false	/home/nima/Developer/nullness-benchmarks/glide/library/src/main/java/com/bumptech/glide/request/RequestFutureTarget.java
3054	com.bumptech.glide.request.RequestFutureTarget	onResourceReady(R,java.lang.Object,com.bumptech.glide.request.target.Target,com.bumptech.glide.load.DataSource,boolean)	362	[false, false, false, false, false]	java.lang.Override	public	false	/home/nima/Developer/nullness-benchmarks/glide/library/src/main/java/com/bumptech/glide/request/RequestFutureTarget.java
3055	com.bumptech.glide.request.RequestFutureTarget	toString()	126	[]	java.lang.Override	public	true	/home/nima/Developer/nullness-benchmarks/glide/library/src/main/java/com/bumptech/glide/request/RequestFutureTarget.java
3056	com.bumptech.glide.request.RequestFutureTarget$Waiter	waitForTimeout(java.lang.Object,long)	0	[false, false]	java.lang.SuppressWarnings	package	false	/home/nima/Developer/nullness-benchmarks/glide/library/src/main/java/com/bumptech/glide/request/RequestFutureTarget.java
3057	com.bumptech.glide.request.RequestFutureTarget$Waiter	notifyAll(java.lang.Object)	0	[false]		package	false	/home/nima/Developer/nullness-benchmarks/glide/library/src/main/java/com/bumptech/glide/request/RequestFutureTarget.java
3058	com.bumptech.glide.request.ErrorRequestCoordinator	ErrorRequestCoordinator(java.lang.Object,com.bumptech.glide.request.RequestCoordinator)	0	[false, true]		public	false	/home/nima/Developer/nullness-benchmarks/glide/library/src/main/java/com/bumptech/glide/request/ErrorRequestCoordinator.java
3059	com.bumptech.glide.request.ErrorRequestCoordinator	setRequests(com.bumptech.glide.request.Request,com.bumptech.glide.request.Request)	0	[false, false]		public	false	/home/nima/Developer/nullness-benchmarks/glide/library/src/main/java/com/bumptech/glide/request/ErrorRequestCoordinator.java
3060	com.bumptech.glide.request.ErrorRequestCoordinator	begin()	459	[]	java.lang.Override	public	false	/home/nima/Developer/nullness-benchmarks/glide/library/src/main/java/com/bumptech/glide/request/ErrorRequestCoordinator.java
3061	com.bumptech.glide.request.ErrorRequestCoordinator	clear()	460	[]	java.lang.Override	public	false	/home/nima/Developer/nullness-benchmarks/glide/library/src/main/java/com/bumptech/glide/request/ErrorRequestCoordinator.java
3062	com.bumptech.glide.request.ErrorRequestCoordinator	pause()	461	[]	java.lang.Override	public	false	/home/nima/Developer/nullness-benchmarks/glide/library/src/main/java/com/bumptech/glide/request/ErrorRequestCoordinator.java
3063	com.bumptech.glide.request.ErrorRequestCoordinator	isRunning()	462	[]	java.lang.Override	public	false	/home/nima/Developer/nullness-benchmarks/glide/library/src/main/java/com/bumptech/glide/request/ErrorRequestCoordinator.java
3064	com.bumptech.glide.request.ErrorRequestCoordinator	isComplete()	463	[]	java.lang.Override	public	false	/home/nima/Developer/nullness-benchmarks/glide/library/src/main/java/com/bumptech/glide/request/ErrorRequestCoordinator.java
3065	com.bumptech.glide.request.ErrorRequestCoordinator	isCleared()	464	[]	java.lang.Override	public	false	/home/nima/Developer/nullness-benchmarks/glide/library/src/main/java/com/bumptech/glide/request/ErrorRequestCoordinator.java
3066	com.bumptech.glide.request.ErrorRequestCoordinator	isEquivalentTo(com.bumptech.glide.request.Request)	466	[false]	java.lang.Override	public	false	/home/nima/Developer/nullness-benchmarks/glide/library/src/main/java/com/bumptech/glide/request/ErrorRequestCoordinator.java
3067	com.bumptech.glide.request.ErrorRequestCoordinator	canSetImage(com.bumptech.glide.request.Request)	1247	[false]	java.lang.Override	public	false	/home/nima/Developer/nullness-benchmarks/glide/library/src/main/java/com/bumptech/glide/request/ErrorRequestCoordinator.java
3068	com.bumptech.glide.request.ErrorRequestCoordinator	parentCanSetImage()	0	[]	androidx.annotation.GuardedBy	private	false	/home/nima/Developer/nullness-benchmarks/glide/library/src/main/java/com/bumptech/glide/request/ErrorRequestCoordinator.java
3069	com.bumptech.glide.request.ErrorRequestCoordinator	canNotifyStatusChanged(com.bumptech.glide.request.Request)	1248	[false]	java.lang.Override	public	false	/home/nima/Developer/nullness-benchmarks/glide/library/src/main/java/com/bumptech/glide/request/ErrorRequestCoordinator.java
3070	com.bumptech.glide.request.ErrorRequestCoordinator	canNotifyCleared(com.bumptech.glide.request.Request)	1249	[false]	java.lang.Override	public	false	/home/nima/Developer/nullness-benchmarks/glide/library/src/main/java/com/bumptech/glide/request/ErrorRequestCoordinator.java
3071	com.bumptech.glide.request.ErrorRequestCoordinator	parentCanNotifyCleared()	0	[]	androidx.annotation.GuardedBy	private	false	/home/nima/Developer/nullness-benchmarks/glide/library/src/main/java/com/bumptech/glide/request/ErrorRequestCoordinator.java
3072	com.bumptech.glide.request.ErrorRequestCoordinator	parentCanNotifyStatusChanged()	0	[]	androidx.annotation.GuardedBy	private	false	/home/nima/Developer/nullness-benchmarks/glide/library/src/main/java/com/bumptech/glide/request/ErrorRequestCoordinator.java
3073	com.bumptech.glide.request.ErrorRequestCoordinator	isValidRequestForStatusChanged(com.bumptech.glide.request.Request)	0	[false]	androidx.annotation.GuardedBy	private	false	/home/nima/Developer/nullness-benchmarks/glide/library/src/main/java/com/bumptech/glide/request/ErrorRequestCoordinator.java
3074	com.bumptech.glide.request.ErrorRequestCoordinator	isAnyResourceSet()	465	[]	java.lang.Override	public	false	/home/nima/Developer/nullness-benchmarks/glide/library/src/main/java/com/bumptech/glide/request/ErrorRequestCoordinator.java
3075	com.bumptech.glide.request.ErrorRequestCoordinator	onRequestSuccess(com.bumptech.glide.request.Request)	1251	[false]	java.lang.Override	public	false	/home/nima/Developer/nullness-benchmarks/glide/library/src/main/java/com/bumptech/glide/request/ErrorRequestCoordinator.java
3076	com.bumptech.glide.request.ErrorRequestCoordinator	onRequestFailed(com.bumptech.glide.request.Request)	1252	[false]	java.lang.Override	public	false	/home/nima/Developer/nullness-benchmarks/glide/library/src/main/java/com/bumptech/glide/request/ErrorRequestCoordinator.java
3077	com.bumptech.glide.request.ErrorRequestCoordinator	getRoot()	1253	[]	java.lang.Override	public	true	/home/nima/Developer/nullness-benchmarks/glide/library/src/main/java/com/bumptech/glide/request/ErrorRequestCoordinator.java
