kind	class	method	param	index	uri
METHOD	com.bumptech.glide.ModelTypes	load(android.graphics.Bitmap)	null	null	/home/nima/Developer/nullness-benchmarks/glide/library/src/main/java/com/bumptech/glide/ModelTypes.java
METHOD	com.bumptech.glide.ModelTypes	load(android.graphics.drawable.Drawable)	null	null	/home/nima/Developer/nullness-benchmarks/glide/library/src/main/java/com/bumptech/glide/ModelTypes.java
METHOD	com.bumptech.glide.ModelTypes	load(java.lang.String)	null	null	/home/nima/Developer/nullness-benchmarks/glide/library/src/main/java/com/bumptech/glide/ModelTypes.java
METHOD	com.bumptech.glide.ModelTypes	load(android.net.Uri)	null	null	/home/nima/Developer/nullness-benchmarks/glide/library/src/main/java/com/bumptech/glide/ModelTypes.java
METHOD	com.bumptech.glide.ModelTypes	load(java.io.File)	null	null	/home/nima/Developer/nullness-benchmarks/glide/library/src/main/java/com/bumptech/glide/ModelTypes.java
METHOD	com.bumptech.glide.ModelTypes	load(java.lang.Integer)	null	null	/home/nima/Developer/nullness-benchmarks/glide/library/src/main/java/com/bumptech/glide/ModelTypes.java
METHOD	com.bumptech.glide.ModelTypes	load(byte[])	null	null	/home/nima/Developer/nullness-benchmarks/glide/library/src/main/java/com/bumptech/glide/ModelTypes.java
METHOD	com.bumptech.glide.ModelTypes	load(java.lang.Object)	null	null	/home/nima/Developer/nullness-benchmarks/glide/library/src/main/java/com/bumptech/glide/ModelTypes.java
METHOD	com.bumptech.glide.ListPreloader$PreloadModelProvider	getPreloadItems(int)	null	null	/home/nima/Developer/nullness-benchmarks/glide/library/src/main/java/com/bumptech/glide/ListPreloader.java
PARAMETER	com.bumptech.glide.ListPreloader$PreloadModelProvider	getPreloadRequestBuilder(U)	item	0	/home/nima/Developer/nullness-benchmarks/glide/library/src/main/java/com/bumptech/glide/ListPreloader.java
PARAMETER	com.bumptech.glide.ListPreloader$PreloadSizeProvider	getPreloadSize(T,int,int)	item	0	/home/nima/Developer/nullness-benchmarks/glide/library/src/main/java/com/bumptech/glide/ListPreloader.java
PARAMETER	com.bumptech.glide.ListPreloader	ListPreloader(com.bumptech.glide.RequestManager,com.bumptech.glide.ListPreloader.PreloadModelProvider,com.bumptech.glide.ListPreloader.PreloadSizeProvider,int)	requestManager	0	/home/nima/Developer/nullness-benchmarks/glide/library/src/main/java/com/bumptech/glide/ListPreloader.java
PARAMETER	com.bumptech.glide.ListPreloader	ListPreloader(com.bumptech.glide.RequestManager,com.bumptech.glide.ListPreloader.PreloadModelProvider,com.bumptech.glide.ListPreloader.PreloadSizeProvider,int)	preloadModelProvider	1	/home/nima/Developer/nullness-benchmarks/glide/library/src/main/java/com/bumptech/glide/ListPreloader.java
PARAMETER	com.bumptech.glide.ListPreloader	ListPreloader(com.bumptech.glide.RequestManager,com.bumptech.glide.ListPreloader.PreloadModelProvider,com.bumptech.glide.ListPreloader.PreloadSizeProvider,int)	preloadDimensionProvider	2	/home/nima/Developer/nullness-benchmarks/glide/library/src/main/java/com/bumptech/glide/ListPreloader.java
PARAMETER	com.bumptech.glide.ListPreloader$PreloadTarget	onResourceReady(java.lang.Object,com.bumptech.glide.request.transition.Transition)	resource	0	/home/nima/Developer/nullness-benchmarks/glide/library/src/main/java/com/bumptech/glide/ListPreloader.java
PARAMETER	com.bumptech.glide.ListPreloader$PreloadTarget	getSize(com.bumptech.glide.request.target.SizeReadyCallback)	cb	0	/home/nima/Developer/nullness-benchmarks/glide/library/src/main/java/com/bumptech/glide/ListPreloader.java
PARAMETER	com.bumptech.glide.ListPreloader$PreloadTarget	removeCallback(com.bumptech.glide.request.target.SizeReadyCallback)	cb	0	/home/nima/Developer/nullness-benchmarks/glide/library/src/main/java/com/bumptech/glide/ListPreloader.java
METHOD	com.bumptech.glide.request.RequestOptions	sizeMultiplierOf(float)	null	null	/home/nima/Developer/nullness-benchmarks/glide/library/src/main/java/com/bumptech/glide/request/RequestOptions.java
PARAMETER	com.bumptech.glide.request.RequestOptions	diskCacheStrategyOf(com.bumptech.glide.load.engine.DiskCacheStrategy)	diskCacheStrategy	0	/home/nima/Developer/nullness-benchmarks/glide/library/src/main/java/com/bumptech/glide/request/RequestOptions.java
METHOD	com.bumptech.glide.request.RequestOptions	diskCacheStrategyOf(com.bumptech.glide.load.engine.DiskCacheStrategy)	null	null	/home/nima/Developer/nullness-benchmarks/glide/library/src/main/java/com/bumptech/glide/request/RequestOptions.java
PARAMETER	com.bumptech.glide.request.RequestOptions	priorityOf(com.bumptech.glide.Priority)	priority	0	/home/nima/Developer/nullness-benchmarks/glide/library/src/main/java/com/bumptech/glide/request/RequestOptions.java
METHOD	com.bumptech.glide.request.RequestOptions	priorityOf(com.bumptech.glide.Priority)	null	null	/home/nima/Developer/nullness-benchmarks/glide/library/src/main/java/com/bumptech/glide/request/RequestOptions.java
METHOD	com.bumptech.glide.request.RequestOptions	placeholderOf(android.graphics.drawable.Drawable)	null	null	/home/nima/Developer/nullness-benchmarks/glide/library/src/main/java/com/bumptech/glide/request/RequestOptions.java
METHOD	com.bumptech.glide.request.RequestOptions	placeholderOf(int)	null	null	/home/nima/Developer/nullness-benchmarks/glide/library/src/main/java/com/bumptech/glide/request/RequestOptions.java
METHOD	com.bumptech.glide.request.RequestOptions	errorOf(android.graphics.drawable.Drawable)	null	null	/home/nima/Developer/nullness-benchmarks/glide/library/src/main/java/com/bumptech/glide/request/RequestOptions.java
METHOD	com.bumptech.glide.request.RequestOptions	errorOf(int)	null	null	/home/nima/Developer/nullness-benchmarks/glide/library/src/main/java/com/bumptech/glide/request/RequestOptions.java
METHOD	com.bumptech.glide.request.RequestOptions	skipMemoryCacheOf(boolean)	null	null	/home/nima/Developer/nullness-benchmarks/glide/library/src/main/java/com/bumptech/glide/request/RequestOptions.java
METHOD	com.bumptech.glide.request.RequestOptions	overrideOf(int,int)	null	null	/home/nima/Developer/nullness-benchmarks/glide/library/src/main/java/com/bumptech/glide/request/RequestOptions.java
METHOD	com.bumptech.glide.request.RequestOptions	overrideOf(int)	null	null	/home/nima/Developer/nullness-benchmarks/glide/library/src/main/java/com/bumptech/glide/request/RequestOptions.java
PARAMETER	com.bumptech.glide.request.RequestOptions	signatureOf(com.bumptech.glide.load.Key)	signature	0	/home/nima/Developer/nullness-benchmarks/glide/library/src/main/java/com/bumptech/glide/request/RequestOptions.java
METHOD	com.bumptech.glide.request.RequestOptions	signatureOf(com.bumptech.glide.load.Key)	null	null	/home/nima/Developer/nullness-benchmarks/glide/library/src/main/java/com/bumptech/glide/request/RequestOptions.java
METHOD	com.bumptech.glide.request.RequestOptions	fitCenterTransform()	null	null	/home/nima/Developer/nullness-benchmarks/glide/library/src/main/java/com/bumptech/glide/request/RequestOptions.java
METHOD	com.bumptech.glide.request.RequestOptions	centerInsideTransform()	null	null	/home/nima/Developer/nullness-benchmarks/glide/library/src/main/java/com/bumptech/glide/request/RequestOptions.java
METHOD	com.bumptech.glide.request.RequestOptions	centerCropTransform()	null	null	/home/nima/Developer/nullness-benchmarks/glide/library/src/main/java/com/bumptech/glide/request/RequestOptions.java
METHOD	com.bumptech.glide.request.RequestOptions	circleCropTransform()	null	null	/home/nima/Developer/nullness-benchmarks/glide/library/src/main/java/com/bumptech/glide/request/RequestOptions.java
PARAMETER	com.bumptech.glide.request.RequestOptions	bitmapTransform(com.bumptech.glide.load.Transformation)	transformation	0	/home/nima/Developer/nullness-benchmarks/glide/library/src/main/java/com/bumptech/glide/request/RequestOptions.java
METHOD	com.bumptech.glide.request.RequestOptions	bitmapTransform(com.bumptech.glide.load.Transformation)	null	null	/home/nima/Developer/nullness-benchmarks/glide/library/src/main/java/com/bumptech/glide/request/RequestOptions.java
METHOD	com.bumptech.glide.request.RequestOptions	noTransformation()	null	null	/home/nima/Developer/nullness-benchmarks/glide/library/src/main/java/com/bumptech/glide/request/RequestOptions.java
PARAMETER	com.bumptech.glide.request.RequestOptions	option(com.bumptech.glide.load.Option,T)	option	0	/home/nima/Developer/nullness-benchmarks/glide/library/src/main/java/com/bumptech/glide/request/RequestOptions.java
PARAMETER	com.bumptech.glide.request.RequestOptions	option(com.bumptech.glide.load.Option,T)	value	1	/home/nima/Developer/nullness-benchmarks/glide/library/src/main/java/com/bumptech/glide/request/RequestOptions.java
METHOD	com.bumptech.glide.request.RequestOptions	option(com.bumptech.glide.load.Option,T)	null	null	/home/nima/Developer/nullness-benchmarks/glide/library/src/main/java/com/bumptech/glide/request/RequestOptions.java
PARAMETER	com.bumptech.glide.request.RequestOptions	decodeTypeOf(java.lang.Class)	resourceClass	0	/home/nima/Developer/nullness-benchmarks/glide/library/src/main/java/com/bumptech/glide/request/RequestOptions.java
METHOD	com.bumptech.glide.request.RequestOptions	decodeTypeOf(java.lang.Class)	null	null	/home/nima/Developer/nullness-benchmarks/glide/library/src/main/java/com/bumptech/glide/request/RequestOptions.java
PARAMETER	com.bumptech.glide.request.RequestOptions	formatOf(com.bumptech.glide.load.DecodeFormat)	format	0	/home/nima/Developer/nullness-benchmarks/glide/library/src/main/java/com/bumptech/glide/request/RequestOptions.java
METHOD	com.bumptech.glide.request.RequestOptions	formatOf(com.bumptech.glide.load.DecodeFormat)	null	null	/home/nima/Developer/nullness-benchmarks/glide/library/src/main/java/com/bumptech/glide/request/RequestOptions.java
METHOD	com.bumptech.glide.request.RequestOptions	frameOf(long)	null	null	/home/nima/Developer/nullness-benchmarks/glide/library/src/main/java/com/bumptech/glide/request/RequestOptions.java
PARAMETER	com.bumptech.glide.request.RequestOptions	downsampleOf(com.bumptech.glide.load.resource.bitmap.DownsampleStrategy)	strategy	0	/home/nima/Developer/nullness-benchmarks/glide/library/src/main/java/com/bumptech/glide/request/RequestOptions.java
METHOD	com.bumptech.glide.request.RequestOptions	downsampleOf(com.bumptech.glide.load.resource.bitmap.DownsampleStrategy)	null	null	/home/nima/Developer/nullness-benchmarks/glide/library/src/main/java/com/bumptech/glide/request/RequestOptions.java
METHOD	com.bumptech.glide.request.RequestOptions	timeoutOf(int)	null	null	/home/nima/Developer/nullness-benchmarks/glide/library/src/main/java/com/bumptech/glide/request/RequestOptions.java
METHOD	com.bumptech.glide.request.RequestOptions	encodeQualityOf(int)	null	null	/home/nima/Developer/nullness-benchmarks/glide/library/src/main/java/com/bumptech/glide/request/RequestOptions.java
PARAMETER	com.bumptech.glide.request.RequestOptions	encodeFormatOf(android.graphics.Bitmap.CompressFormat)	format	0	/home/nima/Developer/nullness-benchmarks/glide/library/src/main/java/com/bumptech/glide/request/RequestOptions.java
METHOD	com.bumptech.glide.request.RequestOptions	encodeFormatOf(android.graphics.Bitmap.CompressFormat)	null	null	/home/nima/Developer/nullness-benchmarks/glide/library/src/main/java/com/bumptech/glide/request/RequestOptions.java
METHOD	com.bumptech.glide.request.RequestOptions	noAnimation()	null	null	/home/nima/Developer/nullness-benchmarks/glide/library/src/main/java/com/bumptech/glide/request/RequestOptions.java
PARAMETER	com.bumptech.glide.RequestManager	RequestManager(com.bumptech.glide.Glide,com.bumptech.glide.manager.Lifecycle,com.bumptech.glide.manager.RequestManagerTreeNode,android.content.Context)	glide	0	/home/nima/Developer/nullness-benchmarks/glide/library/src/main/java/com/bumptech/glide/RequestManager.java
PARAMETER	com.bumptech.glide.RequestManager	RequestManager(com.bumptech.glide.Glide,com.bumptech.glide.manager.Lifecycle,com.bumptech.glide.manager.RequestManagerTreeNode,android.content.Context)	lifecycle	1	/home/nima/Developer/nullness-benchmarks/glide/library/src/main/java/com/bumptech/glide/RequestManager.java
PARAMETER	com.bumptech.glide.RequestManager	RequestManager(com.bumptech.glide.Glide,com.bumptech.glide.manager.Lifecycle,com.bumptech.glide.manager.RequestManagerTreeNode,android.content.Context)	treeNode	2	/home/nima/Developer/nullness-benchmarks/glide/library/src/main/java/com/bumptech/glide/RequestManager.java
PARAMETER	com.bumptech.glide.RequestManager	RequestManager(com.bumptech.glide.Glide,com.bumptech.glide.manager.Lifecycle,com.bumptech.glide.manager.RequestManagerTreeNode,android.content.Context)	context	3	/home/nima/Developer/nullness-benchmarks/glide/library/src/main/java/com/bumptech/glide/RequestManager.java
PARAMETER	com.bumptech.glide.RequestManager	setRequestOptions(com.bumptech.glide.request.RequestOptions)	toSet	0	/home/nima/Developer/nullness-benchmarks/glide/library/src/main/java/com/bumptech/glide/RequestManager.java
PARAMETER	com.bumptech.glide.RequestManager	updateRequestOptions(com.bumptech.glide.request.RequestOptions)	toUpdate	0	/home/nima/Developer/nullness-benchmarks/glide/library/src/main/java/com/bumptech/glide/RequestManager.java
PARAMETER	com.bumptech.glide.RequestManager	applyDefaultRequestOptions(com.bumptech.glide.request.RequestOptions)	requestOptions	0	/home/nima/Developer/nullness-benchmarks/glide/library/src/main/java/com/bumptech/glide/RequestManager.java
METHOD	com.bumptech.glide.RequestManager	applyDefaultRequestOptions(com.bumptech.glide.request.RequestOptions)	null	null	/home/nima/Developer/nullness-benchmarks/glide/library/src/main/java/com/bumptech/glide/RequestManager.java
PARAMETER	com.bumptech.glide.RequestManager	setDefaultRequestOptions(com.bumptech.glide.request.RequestOptions)	requestOptions	0	/home/nima/Developer/nullness-benchmarks/glide/library/src/main/java/com/bumptech/glide/RequestManager.java
METHOD	com.bumptech.glide.RequestManager	setDefaultRequestOptions(com.bumptech.glide.request.RequestOptions)	null	null	/home/nima/Developer/nullness-benchmarks/glide/library/src/main/java/com/bumptech/glide/RequestManager.java
METHOD	com.bumptech.glide.RequestManager	clearOnStop()	null	null	/home/nima/Developer/nullness-benchmarks/glide/library/src/main/java/com/bumptech/glide/RequestManager.java
METHOD	com.bumptech.glide.RequestManager	asBitmap()	null	null	/home/nima/Developer/nullness-benchmarks/glide/library/src/main/java/com/bumptech/glide/RequestManager.java
METHOD	com.bumptech.glide.RequestManager	asGif()	null	null	/home/nima/Developer/nullness-benchmarks/glide/library/src/main/java/com/bumptech/glide/RequestManager.java
METHOD	com.bumptech.glide.RequestManager	asDrawable()	null	null	/home/nima/Developer/nullness-benchmarks/glide/library/src/main/java/com/bumptech/glide/RequestManager.java
METHOD	com.bumptech.glide.RequestManager	load(android.graphics.Bitmap)	null	null	/home/nima/Developer/nullness-benchmarks/glide/library/src/main/java/com/bumptech/glide/RequestManager.java
METHOD	com.bumptech.glide.RequestManager	load(android.graphics.drawable.Drawable)	null	null	/home/nima/Developer/nullness-benchmarks/glide/library/src/main/java/com/bumptech/glide/RequestManager.java
METHOD	com.bumptech.glide.RequestManager	load(java.lang.String)	null	null	/home/nima/Developer/nullness-benchmarks/glide/library/src/main/java/com/bumptech/glide/RequestManager.java
METHOD	com.bumptech.glide.RequestManager	load(android.net.Uri)	null	null	/home/nima/Developer/nullness-benchmarks/glide/library/src/main/java/com/bumptech/glide/RequestManager.java
METHOD	com.bumptech.glide.RequestManager	load(java.io.File)	null	null	/home/nima/Developer/nullness-benchmarks/glide/library/src/main/java/com/bumptech/glide/RequestManager.java
METHOD	com.bumptech.glide.RequestManager	load(java.lang.Integer)	null	null	/home/nima/Developer/nullness-benchmarks/glide/library/src/main/java/com/bumptech/glide/RequestManager.java
METHOD	com.bumptech.glide.RequestManager	load(byte[])	null	null	/home/nima/Developer/nullness-benchmarks/glide/library/src/main/java/com/bumptech/glide/RequestManager.java
METHOD	com.bumptech.glide.RequestManager	load(java.lang.Object)	null	null	/home/nima/Developer/nullness-benchmarks/glide/library/src/main/java/com/bumptech/glide/RequestManager.java
METHOD	com.bumptech.glide.RequestManager	downloadOnly()	null	null	/home/nima/Developer/nullness-benchmarks/glide/library/src/main/java/com/bumptech/glide/RequestManager.java
METHOD	com.bumptech.glide.RequestManager	download(java.lang.Object)	null	null	/home/nima/Developer/nullness-benchmarks/glide/library/src/main/java/com/bumptech/glide/RequestManager.java
METHOD	com.bumptech.glide.RequestManager	asFile()	null	null	/home/nima/Developer/nullness-benchmarks/glide/library/src/main/java/com/bumptech/glide/RequestManager.java
PARAMETER	com.bumptech.glide.RequestManager	as(java.lang.Class)	resourceClass	0	/home/nima/Developer/nullness-benchmarks/glide/library/src/main/java/com/bumptech/glide/RequestManager.java
METHOD	com.bumptech.glide.RequestManager	as(java.lang.Class)	null	null	/home/nima/Developer/nullness-benchmarks/glide/library/src/main/java/com/bumptech/glide/RequestManager.java
PARAMETER	com.bumptech.glide.RequestManager	clear(android.view.View)	view	0	/home/nima/Developer/nullness-benchmarks/glide/library/src/main/java/com/bumptech/glide/RequestManager.java
PARAMETER	com.bumptech.glide.RequestManager	untrackOrDelegate(com.bumptech.glide.request.target.Target)	target	0	/home/nima/Developer/nullness-benchmarks/glide/library/src/main/java/com/bumptech/glide/RequestManager.java
PARAMETER	com.bumptech.glide.RequestManager	untrack(com.bumptech.glide.request.target.Target)	target	0	/home/nima/Developer/nullness-benchmarks/glide/library/src/main/java/com/bumptech/glide/RequestManager.java
PARAMETER	com.bumptech.glide.RequestManager	track(com.bumptech.glide.request.target.Target,com.bumptech.glide.request.Request)	target	0	/home/nima/Developer/nullness-benchmarks/glide/library/src/main/java/com/bumptech/glide/RequestManager.java
PARAMETER	com.bumptech.glide.RequestManager	track(com.bumptech.glide.request.target.Target,com.bumptech.glide.request.Request)	request	1	/home/nima/Developer/nullness-benchmarks/glide/library/src/main/java/com/bumptech/glide/RequestManager.java
METHOD	com.bumptech.glide.RequestManager	getDefaultTransitionOptions(java.lang.Class)	null	null	/home/nima/Developer/nullness-benchmarks/glide/library/src/main/java/com/bumptech/glide/RequestManager.java
PARAMETER	com.bumptech.glide.RequestManager$RequestManagerConnectivityListener	RequestManagerConnectivityListener(com.bumptech.glide.manager.RequestTracker)	requestTracker	0	/home/nima/Developer/nullness-benchmarks/glide/library/src/main/java/com/bumptech/glide/RequestManager.java
PARAMETER	com.bumptech.glide.RequestManager$ClearTarget	ClearTarget(android.view.View)	view	0	/home/nima/Developer/nullness-benchmarks/glide/library/src/main/java/com/bumptech/glide/RequestManager.java
PARAMETER	com.bumptech.glide.RequestManager$ClearTarget	onResourceReady(java.lang.Object,com.bumptech.glide.request.transition.Transition)	resource	0	/home/nima/Developer/nullness-benchmarks/glide/library/src/main/java/com/bumptech/glide/RequestManager.java
FIELD	com.bumptech.glide.request.BaseRequestOptions	null	diskCacheStrategy	null	/home/nima/Developer/nullness-benchmarks/glide/library/src/main/java/com/bumptech/glide/request/BaseRequestOptions.java
FIELD	com.bumptech.glide.request.BaseRequestOptions	null	priority	null	/home/nima/Developer/nullness-benchmarks/glide/library/src/main/java/com/bumptech/glide/request/BaseRequestOptions.java
FIELD	com.bumptech.glide.request.BaseRequestOptions	null	signature	null	/home/nima/Developer/nullness-benchmarks/glide/library/src/main/java/com/bumptech/glide/request/BaseRequestOptions.java
FIELD	com.bumptech.glide.request.BaseRequestOptions	null	options	null	/home/nima/Developer/nullness-benchmarks/glide/library/src/main/java/com/bumptech/glide/request/BaseRequestOptions.java
FIELD	com.bumptech.glide.request.BaseRequestOptions	null	transformations	null	/home/nima/Developer/nullness-benchmarks/glide/library/src/main/java/com/bumptech/glide/request/BaseRequestOptions.java
FIELD	com.bumptech.glide.request.BaseRequestOptions	null	resourceClass	null	/home/nima/Developer/nullness-benchmarks/glide/library/src/main/java/com/bumptech/glide/request/BaseRequestOptions.java
METHOD	com.bumptech.glide.request.BaseRequestOptions	sizeMultiplier(float)	null	null	/home/nima/Developer/nullness-benchmarks/glide/library/src/main/java/com/bumptech/glide/request/BaseRequestOptions.java
METHOD	com.bumptech.glide.request.BaseRequestOptions	useUnlimitedSourceGeneratorsPool(boolean)	null	null	/home/nima/Developer/nullness-benchmarks/glide/library/src/main/java/com/bumptech/glide/request/BaseRequestOptions.java
METHOD	com.bumptech.glide.request.BaseRequestOptions	useAnimationPool(boolean)	null	null	/home/nima/Developer/nullness-benchmarks/glide/library/src/main/java/com/bumptech/glide/request/BaseRequestOptions.java
METHOD	com.bumptech.glide.request.BaseRequestOptions	onlyRetrieveFromCache(boolean)	null	null	/home/nima/Developer/nullness-benchmarks/glide/library/src/main/java/com/bumptech/glide/request/BaseRequestOptions.java
PARAMETER	com.bumptech.glide.request.BaseRequestOptions	diskCacheStrategy(com.bumptech.glide.load.engine.DiskCacheStrategy)	strategy	0	/home/nima/Developer/nullness-benchmarks/glide/library/src/main/java/com/bumptech/glide/request/BaseRequestOptions.java
METHOD	com.bumptech.glide.request.BaseRequestOptions	diskCacheStrategy(com.bumptech.glide.load.engine.DiskCacheStrategy)	null	null	/home/nima/Developer/nullness-benchmarks/glide/library/src/main/java/com/bumptech/glide/request/BaseRequestOptions.java
PARAMETER	com.bumptech.glide.request.BaseRequestOptions	priority(com.bumptech.glide.Priority)	priority	0	/home/nima/Developer/nullness-benchmarks/glide/library/src/main/java/com/bumptech/glide/request/BaseRequestOptions.java
METHOD	com.bumptech.glide.request.BaseRequestOptions	priority(com.bumptech.glide.Priority)	null	null	/home/nima/Developer/nullness-benchmarks/glide/library/src/main/java/com/bumptech/glide/request/BaseRequestOptions.java
METHOD	com.bumptech.glide.request.BaseRequestOptions	placeholder(android.graphics.drawable.Drawable)	null	null	/home/nima/Developer/nullness-benchmarks/glide/library/src/main/java/com/bumptech/glide/request/BaseRequestOptions.java
METHOD	com.bumptech.glide.request.BaseRequestOptions	placeholder(int)	null	null	/home/nima/Developer/nullness-benchmarks/glide/library/src/main/java/com/bumptech/glide/request/BaseRequestOptions.java
METHOD	com.bumptech.glide.request.BaseRequestOptions	fallback(android.graphics.drawable.Drawable)	null	null	/home/nima/Developer/nullness-benchmarks/glide/library/src/main/java/com/bumptech/glide/request/BaseRequestOptions.java
METHOD	com.bumptech.glide.request.BaseRequestOptions	fallback(int)	null	null	/home/nima/Developer/nullness-benchmarks/glide/library/src/main/java/com/bumptech/glide/request/BaseRequestOptions.java
METHOD	com.bumptech.glide.request.BaseRequestOptions	error(android.graphics.drawable.Drawable)	null	null	/home/nima/Developer/nullness-benchmarks/glide/library/src/main/java/com/bumptech/glide/request/BaseRequestOptions.java
METHOD	com.bumptech.glide.request.BaseRequestOptions	error(int)	null	null	/home/nima/Developer/nullness-benchmarks/glide/library/src/main/java/com/bumptech/glide/request/BaseRequestOptions.java
METHOD	com.bumptech.glide.request.BaseRequestOptions	theme(android.content.res.Resources.Theme)	null	null	/home/nima/Developer/nullness-benchmarks/glide/library/src/main/java/com/bumptech/glide/request/BaseRequestOptions.java
METHOD	com.bumptech.glide.request.BaseRequestOptions	skipMemoryCache(boolean)	null	null	/home/nima/Developer/nullness-benchmarks/glide/library/src/main/java/com/bumptech/glide/request/BaseRequestOptions.java
METHOD	com.bumptech.glide.request.BaseRequestOptions	override(int,int)	null	null	/home/nima/Developer/nullness-benchmarks/glide/library/src/main/java/com/bumptech/glide/request/BaseRequestOptions.java
METHOD	com.bumptech.glide.request.BaseRequestOptions	override(int)	null	null	/home/nima/Developer/nullness-benchmarks/glide/library/src/main/java/com/bumptech/glide/request/BaseRequestOptions.java
PARAMETER	com.bumptech.glide.request.BaseRequestOptions	signature(com.bumptech.glide.load.Key)	signature	0	/home/nima/Developer/nullness-benchmarks/glide/library/src/main/java/com/bumptech/glide/request/BaseRequestOptions.java
METHOD	com.bumptech.glide.request.BaseRequestOptions	signature(com.bumptech.glide.load.Key)	null	null	/home/nima/Developer/nullness-benchmarks/glide/library/src/main/java/com/bumptech/glide/request/BaseRequestOptions.java
PARAMETER	com.bumptech.glide.request.BaseRequestOptions	set(com.bumptech.glide.load.Option,Y)	option	0	/home/nima/Developer/nullness-benchmarks/glide/library/src/main/java/com/bumptech/glide/request/BaseRequestOptions.java
PARAMETER	com.bumptech.glide.request.BaseRequestOptions	set(com.bumptech.glide.load.Option,Y)	value	1	/home/nima/Developer/nullness-benchmarks/glide/library/src/main/java/com/bumptech/glide/request/BaseRequestOptions.java
METHOD	com.bumptech.glide.request.BaseRequestOptions	set(com.bumptech.glide.load.Option,Y)	null	null	/home/nima/Developer/nullness-benchmarks/glide/library/src/main/java/com/bumptech/glide/request/BaseRequestOptions.java
PARAMETER	com.bumptech.glide.request.BaseRequestOptions	removeOption(com.bumptech.glide.load.Option)	option	0	/home/nima/Developer/nullness-benchmarks/glide/library/src/main/java/com/bumptech/glide/request/BaseRequestOptions.java
PARAMETER	com.bumptech.glide.request.BaseRequestOptions	decode(java.lang.Class)	resourceClass	0	/home/nima/Developer/nullness-benchmarks/glide/library/src/main/java/com/bumptech/glide/request/BaseRequestOptions.java
METHOD	com.bumptech.glide.request.BaseRequestOptions	decode(java.lang.Class)	null	null	/home/nima/Developer/nullness-benchmarks/glide/library/src/main/java/com/bumptech/glide/request/BaseRequestOptions.java
PARAMETER	com.bumptech.glide.request.BaseRequestOptions	encodeFormat(android.graphics.Bitmap.CompressFormat)	format	0	/home/nima/Developer/nullness-benchmarks/glide/library/src/main/java/com/bumptech/glide/request/BaseRequestOptions.java
METHOD	com.bumptech.glide.request.BaseRequestOptions	encodeFormat(android.graphics.Bitmap.CompressFormat)	null	null	/home/nima/Developer/nullness-benchmarks/glide/library/src/main/java/com/bumptech/glide/request/BaseRequestOptions.java
METHOD	com.bumptech.glide.request.BaseRequestOptions	encodeQuality(int)	null	null	/home/nima/Developer/nullness-benchmarks/glide/library/src/main/java/com/bumptech/glide/request/BaseRequestOptions.java
METHOD	com.bumptech.glide.request.BaseRequestOptions	frame(long)	null	null	/home/nima/Developer/nullness-benchmarks/glide/library/src/main/java/com/bumptech/glide/request/BaseRequestOptions.java
PARAMETER	com.bumptech.glide.request.BaseRequestOptions	format(com.bumptech.glide.load.DecodeFormat)	format	0	/home/nima/Developer/nullness-benchmarks/glide/library/src/main/java/com/bumptech/glide/request/BaseRequestOptions.java
METHOD	com.bumptech.glide.request.BaseRequestOptions	format(com.bumptech.glide.load.DecodeFormat)	null	null	/home/nima/Developer/nullness-benchmarks/glide/library/src/main/java/com/bumptech/glide/request/BaseRequestOptions.java
METHOD	com.bumptech.glide.request.BaseRequestOptions	disallowHardwareConfig()	null	null	/home/nima/Developer/nullness-benchmarks/glide/library/src/main/java/com/bumptech/glide/request/BaseRequestOptions.java
PARAMETER	com.bumptech.glide.request.BaseRequestOptions	downsample(com.bumptech.glide.load.resource.bitmap.DownsampleStrategy)	strategy	0	/home/nima/Developer/nullness-benchmarks/glide/library/src/main/java/com/bumptech/glide/request/BaseRequestOptions.java
METHOD	com.bumptech.glide.request.BaseRequestOptions	downsample(com.bumptech.glide.load.resource.bitmap.DownsampleStrategy)	null	null	/home/nima/Developer/nullness-benchmarks/glide/library/src/main/java/com/bumptech/glide/request/BaseRequestOptions.java
METHOD	com.bumptech.glide.request.BaseRequestOptions	timeout(int)	null	null	/home/nima/Developer/nullness-benchmarks/glide/library/src/main/java/com/bumptech/glide/request/BaseRequestOptions.java
METHOD	com.bumptech.glide.request.BaseRequestOptions	optionalCenterCrop()	null	null	/home/nima/Developer/nullness-benchmarks/glide/library/src/main/java/com/bumptech/glide/request/BaseRequestOptions.java
METHOD	com.bumptech.glide.request.BaseRequestOptions	centerCrop()	null	null	/home/nima/Developer/nullness-benchmarks/glide/library/src/main/java/com/bumptech/glide/request/BaseRequestOptions.java
METHOD	com.bumptech.glide.request.BaseRequestOptions	optionalFitCenter()	null	null	/home/nima/Developer/nullness-benchmarks/glide/library/src/main/java/com/bumptech/glide/request/BaseRequestOptions.java
METHOD	com.bumptech.glide.request.BaseRequestOptions	fitCenter()	null	null	/home/nima/Developer/nullness-benchmarks/glide/library/src/main/java/com/bumptech/glide/request/BaseRequestOptions.java
METHOD	com.bumptech.glide.request.BaseRequestOptions	optionalCenterInside()	null	null	/home/nima/Developer/nullness-benchmarks/glide/library/src/main/java/com/bumptech/glide/request/BaseRequestOptions.java
METHOD	com.bumptech.glide.request.BaseRequestOptions	centerInside()	null	null	/home/nima/Developer/nullness-benchmarks/glide/library/src/main/java/com/bumptech/glide/request/BaseRequestOptions.java
METHOD	com.bumptech.glide.request.BaseRequestOptions	optionalCircleCrop()	null	null	/home/nima/Developer/nullness-benchmarks/glide/library/src/main/java/com/bumptech/glide/request/BaseRequestOptions.java
METHOD	com.bumptech.glide.request.BaseRequestOptions	circleCrop()	null	null	/home/nima/Developer/nullness-benchmarks/glide/library/src/main/java/com/bumptech/glide/request/BaseRequestOptions.java
PARAMETER	com.bumptech.glide.request.BaseRequestOptions	optionalTransform(com.bumptech.glide.load.resource.bitmap.DownsampleStrategy,com.bumptech.glide.load.Transformation)	downsampleStrategy	0	/home/nima/Developer/nullness-benchmarks/glide/library/src/main/java/com/bumptech/glide/request/BaseRequestOptions.java
PARAMETER	com.bumptech.glide.request.BaseRequestOptions	optionalTransform(com.bumptech.glide.load.resource.bitmap.DownsampleStrategy,com.bumptech.glide.load.Transformation)	transformation	1	/home/nima/Developer/nullness-benchmarks/glide/library/src/main/java/com/bumptech/glide/request/BaseRequestOptions.java
METHOD	com.bumptech.glide.request.BaseRequestOptions	optionalTransform(com.bumptech.glide.load.resource.bitmap.DownsampleStrategy,com.bumptech.glide.load.Transformation)	null	null	/home/nima/Developer/nullness-benchmarks/glide/library/src/main/java/com/bumptech/glide/request/BaseRequestOptions.java
PARAMETER	com.bumptech.glide.request.BaseRequestOptions	transform(com.bumptech.glide.load.resource.bitmap.DownsampleStrategy,com.bumptech.glide.load.Transformation)	downsampleStrategy	0	/home/nima/Developer/nullness-benchmarks/glide/library/src/main/java/com/bumptech/glide/request/BaseRequestOptions.java
PARAMETER	com.bumptech.glide.request.BaseRequestOptions	transform(com.bumptech.glide.load.resource.bitmap.DownsampleStrategy,com.bumptech.glide.load.Transformation)	transformation	1	/home/nima/Developer/nullness-benchmarks/glide/library/src/main/java/com/bumptech/glide/request/BaseRequestOptions.java
METHOD	com.bumptech.glide.request.BaseRequestOptions	transform(com.bumptech.glide.load.resource.bitmap.DownsampleStrategy,com.bumptech.glide.load.Transformation)	null	null	/home/nima/Developer/nullness-benchmarks/glide/library/src/main/java/com/bumptech/glide/request/BaseRequestOptions.java
PARAMETER	com.bumptech.glide.request.BaseRequestOptions	scaleOnlyTransform(com.bumptech.glide.load.resource.bitmap.DownsampleStrategy,com.bumptech.glide.load.Transformation)	strategy	0	/home/nima/Developer/nullness-benchmarks/glide/library/src/main/java/com/bumptech/glide/request/BaseRequestOptions.java
PARAMETER	com.bumptech.glide.request.BaseRequestOptions	scaleOnlyTransform(com.bumptech.glide.load.resource.bitmap.DownsampleStrategy,com.bumptech.glide.load.Transformation)	transformation	1	/home/nima/Developer/nullness-benchmarks/glide/library/src/main/java/com/bumptech/glide/request/BaseRequestOptions.java
METHOD	com.bumptech.glide.request.BaseRequestOptions	scaleOnlyTransform(com.bumptech.glide.load.resource.bitmap.DownsampleStrategy,com.bumptech.glide.load.Transformation)	null	null	/home/nima/Developer/nullness-benchmarks/glide/library/src/main/java/com/bumptech/glide/request/BaseRequestOptions.java
PARAMETER	com.bumptech.glide.request.BaseRequestOptions	optionalScaleOnlyTransform(com.bumptech.glide.load.resource.bitmap.DownsampleStrategy,com.bumptech.glide.load.Transformation)	strategy	0	/home/nima/Developer/nullness-benchmarks/glide/library/src/main/java/com/bumptech/glide/request/BaseRequestOptions.java
PARAMETER	com.bumptech.glide.request.BaseRequestOptions	optionalScaleOnlyTransform(com.bumptech.glide.load.resource.bitmap.DownsampleStrategy,com.bumptech.glide.load.Transformation)	transformation	1	/home/nima/Developer/nullness-benchmarks/glide/library/src/main/java/com/bumptech/glide/request/BaseRequestOptions.java
METHOD	com.bumptech.glide.request.BaseRequestOptions	optionalScaleOnlyTransform(com.bumptech.glide.load.resource.bitmap.DownsampleStrategy,com.bumptech.glide.load.Transformation)	null	null	/home/nima/Developer/nullness-benchmarks/glide/library/src/main/java/com/bumptech/glide/request/BaseRequestOptions.java
PARAMETER	com.bumptech.glide.request.BaseRequestOptions	scaleOnlyTransform(com.bumptech.glide.load.resource.bitmap.DownsampleStrategy,com.bumptech.glide.load.Transformation,boolean)	strategy	0	/home/nima/Developer/nullness-benchmarks/glide/library/src/main/java/com/bumptech/glide/request/BaseRequestOptions.java
PARAMETER	com.bumptech.glide.request.BaseRequestOptions	scaleOnlyTransform(com.bumptech.glide.load.resource.bitmap.DownsampleStrategy,com.bumptech.glide.load.Transformation,boolean)	transformation	1	/home/nima/Developer/nullness-benchmarks/glide/library/src/main/java/com/bumptech/glide/request/BaseRequestOptions.java
METHOD	com.bumptech.glide.request.BaseRequestOptions	scaleOnlyTransform(com.bumptech.glide.load.resource.bitmap.DownsampleStrategy,com.bumptech.glide.load.Transformation,boolean)	null	null	/home/nima/Developer/nullness-benchmarks/glide/library/src/main/java/com/bumptech/glide/request/BaseRequestOptions.java
PARAMETER	com.bumptech.glide.request.BaseRequestOptions	transform(com.bumptech.glide.load.Transformation)	transformation	0	/home/nima/Developer/nullness-benchmarks/glide/library/src/main/java/com/bumptech/glide/request/BaseRequestOptions.java
METHOD	com.bumptech.glide.request.BaseRequestOptions	transform(com.bumptech.glide.load.Transformation)	null	null	/home/nima/Developer/nullness-benchmarks/glide/library/src/main/java/com/bumptech/glide/request/BaseRequestOptions.java
PARAMETER	com.bumptech.glide.request.BaseRequestOptions	transform(com.bumptech.glide.load.Transformation[])	transformations	0	/home/nima/Developer/nullness-benchmarks/glide/library/src/main/java/com/bumptech/glide/request/BaseRequestOptions.java
METHOD	com.bumptech.glide.request.BaseRequestOptions	transform(com.bumptech.glide.load.Transformation[])	null	null	/home/nima/Developer/nullness-benchmarks/glide/library/src/main/java/com/bumptech/glide/request/BaseRequestOptions.java
PARAMETER	com.bumptech.glide.request.BaseRequestOptions	transforms(com.bumptech.glide.load.Transformation[])	transformations	0	/home/nima/Developer/nullness-benchmarks/glide/library/src/main/java/com/bumptech/glide/request/BaseRequestOptions.java
METHOD	com.bumptech.glide.request.BaseRequestOptions	transforms(com.bumptech.glide.load.Transformation[])	null	null	/home/nima/Developer/nullness-benchmarks/glide/library/src/main/java/com/bumptech/glide/request/BaseRequestOptions.java
PARAMETER	com.bumptech.glide.request.BaseRequestOptions	optionalTransform(com.bumptech.glide.load.Transformation)	transformation	0	/home/nima/Developer/nullness-benchmarks/glide/library/src/main/java/com/bumptech/glide/request/BaseRequestOptions.java
METHOD	com.bumptech.glide.request.BaseRequestOptions	optionalTransform(com.bumptech.glide.load.Transformation)	null	null	/home/nima/Developer/nullness-benchmarks/glide/library/src/main/java/com/bumptech/glide/request/BaseRequestOptions.java
PARAMETER	com.bumptech.glide.request.BaseRequestOptions	transform(com.bumptech.glide.load.Transformation,boolean)	transformation	0	/home/nima/Developer/nullness-benchmarks/glide/library/src/main/java/com/bumptech/glide/request/BaseRequestOptions.java
METHOD	com.bumptech.glide.request.BaseRequestOptions	transform(com.bumptech.glide.load.Transformation,boolean)	null	null	/home/nima/Developer/nullness-benchmarks/glide/library/src/main/java/com/bumptech/glide/request/BaseRequestOptions.java
PARAMETER	com.bumptech.glide.request.BaseRequestOptions	optionalTransform(java.lang.Class,com.bumptech.glide.load.Transformation)	resourceClass	0	/home/nima/Developer/nullness-benchmarks/glide/library/src/main/java/com/bumptech/glide/request/BaseRequestOptions.java
PARAMETER	com.bumptech.glide.request.BaseRequestOptions	optionalTransform(java.lang.Class,com.bumptech.glide.load.Transformation)	transformation	1	/home/nima/Developer/nullness-benchmarks/glide/library/src/main/java/com/bumptech/glide/request/BaseRequestOptions.java
METHOD	com.bumptech.glide.request.BaseRequestOptions	optionalTransform(java.lang.Class,com.bumptech.glide.load.Transformation)	null	null	/home/nima/Developer/nullness-benchmarks/glide/library/src/main/java/com/bumptech/glide/request/BaseRequestOptions.java
PARAMETER	com.bumptech.glide.request.BaseRequestOptions	transform(java.lang.Class,com.bumptech.glide.load.Transformation,boolean)	resourceClass	0	/home/nima/Developer/nullness-benchmarks/glide/library/src/main/java/com/bumptech/glide/request/BaseRequestOptions.java
PARAMETER	com.bumptech.glide.request.BaseRequestOptions	transform(java.lang.Class,com.bumptech.glide.load.Transformation,boolean)	transformation	1	/home/nima/Developer/nullness-benchmarks/glide/library/src/main/java/com/bumptech/glide/request/BaseRequestOptions.java
METHOD	com.bumptech.glide.request.BaseRequestOptions	transform(java.lang.Class,com.bumptech.glide.load.Transformation,boolean)	null	null	/home/nima/Developer/nullness-benchmarks/glide/library/src/main/java/com/bumptech/glide/request/BaseRequestOptions.java
PARAMETER	com.bumptech.glide.request.BaseRequestOptions	transform(java.lang.Class,com.bumptech.glide.load.Transformation)	resourceClass	0	/home/nima/Developer/nullness-benchmarks/glide/library/src/main/java/com/bumptech/glide/request/BaseRequestOptions.java
PARAMETER	com.bumptech.glide.request.BaseRequestOptions	transform(java.lang.Class,com.bumptech.glide.load.Transformation)	transformation	1	/home/nima/Developer/nullness-benchmarks/glide/library/src/main/java/com/bumptech/glide/request/BaseRequestOptions.java
METHOD	com.bumptech.glide.request.BaseRequestOptions	transform(java.lang.Class,com.bumptech.glide.load.Transformation)	null	null	/home/nima/Developer/nullness-benchmarks/glide/library/src/main/java/com/bumptech/glide/request/BaseRequestOptions.java
METHOD	com.bumptech.glide.request.BaseRequestOptions	dontTransform()	null	null	/home/nima/Developer/nullness-benchmarks/glide/library/src/main/java/com/bumptech/glide/request/BaseRequestOptions.java
METHOD	com.bumptech.glide.request.BaseRequestOptions	dontAnimate()	null	null	/home/nima/Developer/nullness-benchmarks/glide/library/src/main/java/com/bumptech/glide/request/BaseRequestOptions.java
PARAMETER	com.bumptech.glide.request.BaseRequestOptions	apply(com.bumptech.glide.request.BaseRequestOptions)	o	0	/home/nima/Developer/nullness-benchmarks/glide/library/src/main/java/com/bumptech/glide/request/BaseRequestOptions.java
METHOD	com.bumptech.glide.request.BaseRequestOptions	apply(com.bumptech.glide.request.BaseRequestOptions)	null	null	/home/nima/Developer/nullness-benchmarks/glide/library/src/main/java/com/bumptech/glide/request/BaseRequestOptions.java
METHOD	com.bumptech.glide.request.BaseRequestOptions	lock()	null	null	/home/nima/Developer/nullness-benchmarks/glide/library/src/main/java/com/bumptech/glide/request/BaseRequestOptions.java
METHOD	com.bumptech.glide.request.BaseRequestOptions	autoClone()	null	null	/home/nima/Developer/nullness-benchmarks/glide/library/src/main/java/com/bumptech/glide/request/BaseRequestOptions.java
METHOD	com.bumptech.glide.request.BaseRequestOptions	selfOrThrowIfLocked()	null	null	/home/nima/Developer/nullness-benchmarks/glide/library/src/main/java/com/bumptech/glide/request/BaseRequestOptions.java
METHOD	com.bumptech.glide.request.BaseRequestOptions	getTransformations()	null	null	/home/nima/Developer/nullness-benchmarks/glide/library/src/main/java/com/bumptech/glide/request/BaseRequestOptions.java
METHOD	com.bumptech.glide.request.BaseRequestOptions	getOptions()	null	null	/home/nima/Developer/nullness-benchmarks/glide/library/src/main/java/com/bumptech/glide/request/BaseRequestOptions.java
METHOD	com.bumptech.glide.request.BaseRequestOptions	getResourceClass()	null	null	/home/nima/Developer/nullness-benchmarks/glide/library/src/main/java/com/bumptech/glide/request/BaseRequestOptions.java
METHOD	com.bumptech.glide.request.BaseRequestOptions	getDiskCacheStrategy()	null	null	/home/nima/Developer/nullness-benchmarks/glide/library/src/main/java/com/bumptech/glide/request/BaseRequestOptions.java
METHOD	com.bumptech.glide.request.BaseRequestOptions	getSignature()	null	null	/home/nima/Developer/nullness-benchmarks/glide/library/src/main/java/com/bumptech/glide/request/BaseRequestOptions.java
METHOD	com.bumptech.glide.request.BaseRequestOptions	getPriority()	null	null	/home/nima/Developer/nullness-benchmarks/glide/library/src/main/java/com/bumptech/glide/request/BaseRequestOptions.java
FIELD	com.bumptech.glide.RequestBuilder	null	transitionOptions	null	/home/nima/Developer/nullness-benchmarks/glide/library/src/main/java/com/bumptech/glide/RequestBuilder.java
PARAMETER	com.bumptech.glide.RequestBuilder	RequestBuilder(com.bumptech.glide.Glide,com.bumptech.glide.RequestManager,java.lang.Class,android.content.Context)	glide	0	/home/nima/Developer/nullness-benchmarks/glide/library/src/main/java/com/bumptech/glide/RequestBuilder.java
PARAMETER	com.bumptech.glide.RequestBuilder	apply(com.bumptech.glide.request.BaseRequestOptions)	requestOptions	0	/home/nima/Developer/nullness-benchmarks/glide/library/src/main/java/com/bumptech/glide/RequestBuilder.java
METHOD	com.bumptech.glide.RequestBuilder	apply(com.bumptech.glide.request.BaseRequestOptions)	null	null	/home/nima/Developer/nullness-benchmarks/glide/library/src/main/java/com/bumptech/glide/RequestBuilder.java
PARAMETER	com.bumptech.glide.RequestBuilder	transition(com.bumptech.glide.TransitionOptions)	transitionOptions	0	/home/nima/Developer/nullness-benchmarks/glide/library/src/main/java/com/bumptech/glide/RequestBuilder.java
METHOD	com.bumptech.glide.RequestBuilder	transition(com.bumptech.glide.TransitionOptions)	null	null	/home/nima/Developer/nullness-benchmarks/glide/library/src/main/java/com/bumptech/glide/RequestBuilder.java
METHOD	com.bumptech.glide.RequestBuilder	listener(com.bumptech.glide.request.RequestListener)	null	null	/home/nima/Developer/nullness-benchmarks/glide/library/src/main/java/com/bumptech/glide/RequestBuilder.java
METHOD	com.bumptech.glide.RequestBuilder	addListener(com.bumptech.glide.request.RequestListener)	null	null	/home/nima/Developer/nullness-benchmarks/glide/library/src/main/java/com/bumptech/glide/RequestBuilder.java
METHOD	com.bumptech.glide.RequestBuilder	error(com.bumptech.glide.RequestBuilder)	null	null	/home/nima/Developer/nullness-benchmarks/glide/library/src/main/java/com/bumptech/glide/RequestBuilder.java
METHOD	com.bumptech.glide.RequestBuilder	error(java.lang.Object)	null	null	/home/nima/Developer/nullness-benchmarks/glide/library/src/main/java/com/bumptech/glide/RequestBuilder.java
METHOD	com.bumptech.glide.RequestBuilder	thumbnail(com.bumptech.glide.RequestBuilder)	null	null	/home/nima/Developer/nullness-benchmarks/glide/library/src/main/java/com/bumptech/glide/RequestBuilder.java
METHOD	com.bumptech.glide.RequestBuilder	thumbnail(com.bumptech.glide.RequestBuilder[])	null	null	/home/nima/Developer/nullness-benchmarks/glide/library/src/main/java/com/bumptech/glide/RequestBuilder.java
METHOD	com.bumptech.glide.RequestBuilder	thumbnail(java.util.List)	null	null	/home/nima/Developer/nullness-benchmarks/glide/library/src/main/java/com/bumptech/glide/RequestBuilder.java
METHOD	com.bumptech.glide.RequestBuilder	thumbnail(float)	null	null	/home/nima/Developer/nullness-benchmarks/glide/library/src/main/java/com/bumptech/glide/RequestBuilder.java
METHOD	com.bumptech.glide.RequestBuilder	load(java.lang.Object)	null	null	/home/nima/Developer/nullness-benchmarks/glide/library/src/main/java/com/bumptech/glide/RequestBuilder.java
METHOD	com.bumptech.glide.RequestBuilder	loadGeneric(java.lang.Object)	null	null	/home/nima/Developer/nullness-benchmarks/glide/library/src/main/java/com/bumptech/glide/RequestBuilder.java
METHOD	com.bumptech.glide.RequestBuilder	load(android.graphics.Bitmap)	null	null	/home/nima/Developer/nullness-benchmarks/glide/library/src/main/java/com/bumptech/glide/RequestBuilder.java
METHOD	com.bumptech.glide.RequestBuilder	load(android.graphics.drawable.Drawable)	null	null	/home/nima/Developer/nullness-benchmarks/glide/library/src/main/java/com/bumptech/glide/RequestBuilder.java
METHOD	com.bumptech.glide.RequestBuilder	load(java.lang.String)	null	null	/home/nima/Developer/nullness-benchmarks/glide/library/src/main/java/com/bumptech/glide/RequestBuilder.java
METHOD	com.bumptech.glide.RequestBuilder	load(android.net.Uri)	null	null	/home/nima/Developer/nullness-benchmarks/glide/library/src/main/java/com/bumptech/glide/RequestBuilder.java
METHOD	com.bumptech.glide.RequestBuilder	load(java.io.File)	null	null	/home/nima/Developer/nullness-benchmarks/glide/library/src/main/java/com/bumptech/glide/RequestBuilder.java
METHOD	com.bumptech.glide.RequestBuilder	load(java.lang.Integer)	null	null	/home/nima/Developer/nullness-benchmarks/glide/library/src/main/java/com/bumptech/glide/RequestBuilder.java
METHOD	com.bumptech.glide.RequestBuilder	load(byte[])	null	null	/home/nima/Developer/nullness-benchmarks/glide/library/src/main/java/com/bumptech/glide/RequestBuilder.java
PARAMETER	com.bumptech.glide.RequestBuilder	into(Y)	target	0	/home/nima/Developer/nullness-benchmarks/glide/library/src/main/java/com/bumptech/glide/RequestBuilder.java
METHOD	com.bumptech.glide.RequestBuilder	into(Y)	null	null	/home/nima/Developer/nullness-benchmarks/glide/library/src/main/java/com/bumptech/glide/RequestBuilder.java
PARAMETER	com.bumptech.glide.RequestBuilder	into(Y,com.bumptech.glide.request.RequestListener,java.util.concurrent.Executor)	target	0	/home/nima/Developer/nullness-benchmarks/glide/library/src/main/java/com/bumptech/glide/RequestBuilder.java
METHOD	com.bumptech.glide.RequestBuilder	into(Y,com.bumptech.glide.request.RequestListener,java.util.concurrent.Executor)	null	null	/home/nima/Developer/nullness-benchmarks/glide/library/src/main/java/com/bumptech/glide/RequestBuilder.java
PARAMETER	com.bumptech.glide.RequestBuilder	into(Y,com.bumptech.glide.request.RequestListener,com.bumptech.glide.request.BaseRequestOptions,java.util.concurrent.Executor)	target	0	/home/nima/Developer/nullness-benchmarks/glide/library/src/main/java/com/bumptech/glide/RequestBuilder.java
PARAMETER	com.bumptech.glide.RequestBuilder	into(android.widget.ImageView)	view	0	/home/nima/Developer/nullness-benchmarks/glide/library/src/main/java/com/bumptech/glide/RequestBuilder.java
METHOD	com.bumptech.glide.RequestBuilder	into(android.widget.ImageView)	null	null	/home/nima/Developer/nullness-benchmarks/glide/library/src/main/java/com/bumptech/glide/RequestBuilder.java
METHOD	com.bumptech.glide.RequestBuilder	submit()	null	null	/home/nima/Developer/nullness-benchmarks/glide/library/src/main/java/com/bumptech/glide/RequestBuilder.java
METHOD	com.bumptech.glide.RequestBuilder	submit(int,int)	null	null	/home/nima/Developer/nullness-benchmarks/glide/library/src/main/java/com/bumptech/glide/RequestBuilder.java
METHOD	com.bumptech.glide.RequestBuilder	preload(int,int)	null	null	/home/nima/Developer/nullness-benchmarks/glide/library/src/main/java/com/bumptech/glide/RequestBuilder.java
METHOD	com.bumptech.glide.RequestBuilder	preload()	null	null	/home/nima/Developer/nullness-benchmarks/glide/library/src/main/java/com/bumptech/glide/RequestBuilder.java
PARAMETER	com.bumptech.glide.RequestBuilder	downloadOnly(Y)	target	0	/home/nima/Developer/nullness-benchmarks/glide/library/src/main/java/com/bumptech/glide/RequestBuilder.java
METHOD	com.bumptech.glide.RequestBuilder	getDownloadOnlyRequest()	null	null	/home/nima/Developer/nullness-benchmarks/glide/library/src/main/java/com/bumptech/glide/RequestBuilder.java
PARAMETER	com.bumptech.glide.RequestBuilder	getThumbnailPriority(com.bumptech.glide.Priority)	current	0	/home/nima/Developer/nullness-benchmarks/glide/library/src/main/java/com/bumptech/glide/RequestBuilder.java
METHOD	com.bumptech.glide.RequestBuilder	getThumbnailPriority(com.bumptech.glide.Priority)	null	null	/home/nima/Developer/nullness-benchmarks/glide/library/src/main/java/com/bumptech/glide/RequestBuilder.java
PARAMETER	com.bumptech.glide.Glide	getPhotoCacheDir(android.content.Context)	context	0	/home/nima/Developer/nullness-benchmarks/glide/library/src/main/java/com/bumptech/glide/Glide.java
PARAMETER	com.bumptech.glide.Glide	getPhotoCacheDir(android.content.Context,java.lang.String)	context	0	/home/nima/Developer/nullness-benchmarks/glide/library/src/main/java/com/bumptech/glide/Glide.java
PARAMETER	com.bumptech.glide.Glide	getPhotoCacheDir(android.content.Context,java.lang.String)	cacheName	1	/home/nima/Developer/nullness-benchmarks/glide/library/src/main/java/com/bumptech/glide/Glide.java
PARAMETER	com.bumptech.glide.Glide	get(android.content.Context)	context	0	/home/nima/Developer/nullness-benchmarks/glide/library/src/main/java/com/bumptech/glide/Glide.java
METHOD	com.bumptech.glide.Glide	get(android.content.Context)	null	null	/home/nima/Developer/nullness-benchmarks/glide/library/src/main/java/com/bumptech/glide/Glide.java
PARAMETER	com.bumptech.glide.Glide	checkAndInitializeGlide(android.content.Context,com.bumptech.glide.GeneratedAppGlideModule)	context	0	/home/nima/Developer/nullness-benchmarks/glide/library/src/main/java/com/bumptech/glide/Glide.java
PARAMETER	com.bumptech.glide.Glide	init(android.content.Context,com.bumptech.glide.GlideBuilder)	context	0	/home/nima/Developer/nullness-benchmarks/glide/library/src/main/java/com/bumptech/glide/Glide.java
PARAMETER	com.bumptech.glide.Glide	init(android.content.Context,com.bumptech.glide.GlideBuilder)	builder	1	/home/nima/Developer/nullness-benchmarks/glide/library/src/main/java/com/bumptech/glide/Glide.java
PARAMETER	com.bumptech.glide.Glide	initializeGlide(android.content.Context,com.bumptech.glide.GeneratedAppGlideModule)	context	0	/home/nima/Developer/nullness-benchmarks/glide/library/src/main/java/com/bumptech/glide/Glide.java
PARAMETER	com.bumptech.glide.Glide	initializeGlide(android.content.Context,com.bumptech.glide.GlideBuilder,com.bumptech.glide.GeneratedAppGlideModule)	context	0	/home/nima/Developer/nullness-benchmarks/glide/library/src/main/java/com/bumptech/glide/Glide.java
PARAMETER	com.bumptech.glide.Glide	initializeGlide(android.content.Context,com.bumptech.glide.GlideBuilder,com.bumptech.glide.GeneratedAppGlideModule)	builder	1	/home/nima/Developer/nullness-benchmarks/glide/library/src/main/java/com/bumptech/glide/Glide.java
PARAMETER	com.bumptech.glide.Glide	Glide(android.content.Context,com.bumptech.glide.load.engine.Engine,com.bumptech.glide.load.engine.cache.MemoryCache,com.bumptech.glide.load.engine.bitmap_recycle.BitmapPool,com.bumptech.glide.load.engine.bitmap_recycle.ArrayPool,com.bumptech.glide.manager.RequestManagerRetriever,com.bumptech.glide.manager.ConnectivityMonitorFactory,int,com.bumptech.glide.Glide.RequestOptionsFactory,java.util.Map,java.util.List,java.util.List,com.bumptech.glide.module.AppGlideModule,com.bumptech.glide.GlideExperiments)	context	0	/home/nima/Developer/nullness-benchmarks/glide/library/src/main/java/com/bumptech/glide/Glide.java
PARAMETER	com.bumptech.glide.Glide	Glide(android.content.Context,com.bumptech.glide.load.engine.Engine,com.bumptech.glide.load.engine.cache.MemoryCache,com.bumptech.glide.load.engine.bitmap_recycle.BitmapPool,com.bumptech.glide.load.engine.bitmap_recycle.ArrayPool,com.bumptech.glide.manager.RequestManagerRetriever,com.bumptech.glide.manager.ConnectivityMonitorFactory,int,com.bumptech.glide.Glide.RequestOptionsFactory,java.util.Map,java.util.List,java.util.List,com.bumptech.glide.module.AppGlideModule,com.bumptech.glide.GlideExperiments)	engine	1	/home/nima/Developer/nullness-benchmarks/glide/library/src/main/java/com/bumptech/glide/Glide.java
PARAMETER	com.bumptech.glide.Glide	Glide(android.content.Context,com.bumptech.glide.load.engine.Engine,com.bumptech.glide.load.engine.cache.MemoryCache,com.bumptech.glide.load.engine.bitmap_recycle.BitmapPool,com.bumptech.glide.load.engine.bitmap_recycle.ArrayPool,com.bumptech.glide.manager.RequestManagerRetriever,com.bumptech.glide.manager.ConnectivityMonitorFactory,int,com.bumptech.glide.Glide.RequestOptionsFactory,java.util.Map,java.util.List,java.util.List,com.bumptech.glide.module.AppGlideModule,com.bumptech.glide.GlideExperiments)	memoryCache	2	/home/nima/Developer/nullness-benchmarks/glide/library/src/main/java/com/bumptech/glide/Glide.java
PARAMETER	com.bumptech.glide.Glide	Glide(android.content.Context,com.bumptech.glide.load.engine.Engine,com.bumptech.glide.load.engine.cache.MemoryCache,com.bumptech.glide.load.engine.bitmap_recycle.BitmapPool,com.bumptech.glide.load.engine.bitmap_recycle.ArrayPool,com.bumptech.glide.manager.RequestManagerRetriever,com.bumptech.glide.manager.ConnectivityMonitorFactory,int,com.bumptech.glide.Glide.RequestOptionsFactory,java.util.Map,java.util.List,java.util.List,com.bumptech.glide.module.AppGlideModule,com.bumptech.glide.GlideExperiments)	bitmapPool	3	/home/nima/Developer/nullness-benchmarks/glide/library/src/main/java/com/bumptech/glide/Glide.java
PARAMETER	com.bumptech.glide.Glide	Glide(android.content.Context,com.bumptech.glide.load.engine.Engine,com.bumptech.glide.load.engine.cache.MemoryCache,com.bumptech.glide.load.engine.bitmap_recycle.BitmapPool,com.bumptech.glide.load.engine.bitmap_recycle.ArrayPool,com.bumptech.glide.manager.RequestManagerRetriever,com.bumptech.glide.manager.ConnectivityMonitorFactory,int,com.bumptech.glide.Glide.RequestOptionsFactory,java.util.Map,java.util.List,java.util.List,com.bumptech.glide.module.AppGlideModule,com.bumptech.glide.GlideExperiments)	arrayPool	4	/home/nima/Developer/nullness-benchmarks/glide/library/src/main/java/com/bumptech/glide/Glide.java
PARAMETER	com.bumptech.glide.Glide	Glide(android.content.Context,com.bumptech.glide.load.engine.Engine,com.bumptech.glide.load.engine.cache.MemoryCache,com.bumptech.glide.load.engine.bitmap_recycle.BitmapPool,com.bumptech.glide.load.engine.bitmap_recycle.ArrayPool,com.bumptech.glide.manager.RequestManagerRetriever,com.bumptech.glide.manager.ConnectivityMonitorFactory,int,com.bumptech.glide.Glide.RequestOptionsFactory,java.util.Map,java.util.List,java.util.List,com.bumptech.glide.module.AppGlideModule,com.bumptech.glide.GlideExperiments)	requestManagerRetriever	5	/home/nima/Developer/nullness-benchmarks/glide/library/src/main/java/com/bumptech/glide/Glide.java
PARAMETER	com.bumptech.glide.Glide	Glide(android.content.Context,com.bumptech.glide.load.engine.Engine,com.bumptech.glide.load.engine.cache.MemoryCache,com.bumptech.glide.load.engine.bitmap_recycle.BitmapPool,com.bumptech.glide.load.engine.bitmap_recycle.ArrayPool,com.bumptech.glide.manager.RequestManagerRetriever,com.bumptech.glide.manager.ConnectivityMonitorFactory,int,com.bumptech.glide.Glide.RequestOptionsFactory,java.util.Map,java.util.List,java.util.List,com.bumptech.glide.module.AppGlideModule,com.bumptech.glide.GlideExperiments)	connectivityMonitorFactory	6	/home/nima/Developer/nullness-benchmarks/glide/library/src/main/java/com/bumptech/glide/Glide.java
PARAMETER	com.bumptech.glide.Glide	Glide(android.content.Context,com.bumptech.glide.load.engine.Engine,com.bumptech.glide.load.engine.cache.MemoryCache,com.bumptech.glide.load.engine.bitmap_recycle.BitmapPool,com.bumptech.glide.load.engine.bitmap_recycle.ArrayPool,com.bumptech.glide.manager.RequestManagerRetriever,com.bumptech.glide.manager.ConnectivityMonitorFactory,int,com.bumptech.glide.Glide.RequestOptionsFactory,java.util.Map,java.util.List,java.util.List,com.bumptech.glide.module.AppGlideModule,com.bumptech.glide.GlideExperiments)	defaultRequestOptionsFactory	8	/home/nima/Developer/nullness-benchmarks/glide/library/src/main/java/com/bumptech/glide/Glide.java
PARAMETER	com.bumptech.glide.Glide	Glide(android.content.Context,com.bumptech.glide.load.engine.Engine,com.bumptech.glide.load.engine.cache.MemoryCache,com.bumptech.glide.load.engine.bitmap_recycle.BitmapPool,com.bumptech.glide.load.engine.bitmap_recycle.ArrayPool,com.bumptech.glide.manager.RequestManagerRetriever,com.bumptech.glide.manager.ConnectivityMonitorFactory,int,com.bumptech.glide.Glide.RequestOptionsFactory,java.util.Map,java.util.List,java.util.List,com.bumptech.glide.module.AppGlideModule,com.bumptech.glide.GlideExperiments)	defaultTransitionOptions	9	/home/nima/Developer/nullness-benchmarks/glide/library/src/main/java/com/bumptech/glide/Glide.java
PARAMETER	com.bumptech.glide.Glide	Glide(android.content.Context,com.bumptech.glide.load.engine.Engine,com.bumptech.glide.load.engine.cache.MemoryCache,com.bumptech.glide.load.engine.bitmap_recycle.BitmapPool,com.bumptech.glide.load.engine.bitmap_recycle.ArrayPool,com.bumptech.glide.manager.RequestManagerRetriever,com.bumptech.glide.manager.ConnectivityMonitorFactory,int,com.bumptech.glide.Glide.RequestOptionsFactory,java.util.Map,java.util.List,java.util.List,com.bumptech.glide.module.AppGlideModule,com.bumptech.glide.GlideExperiments)	defaultRequestListeners	10	/home/nima/Developer/nullness-benchmarks/glide/library/src/main/java/com/bumptech/glide/Glide.java
PARAMETER	com.bumptech.glide.Glide	Glide(android.content.Context,com.bumptech.glide.load.engine.Engine,com.bumptech.glide.load.engine.cache.MemoryCache,com.bumptech.glide.load.engine.bitmap_recycle.BitmapPool,com.bumptech.glide.load.engine.bitmap_recycle.ArrayPool,com.bumptech.glide.manager.RequestManagerRetriever,com.bumptech.glide.manager.ConnectivityMonitorFactory,int,com.bumptech.glide.Glide.RequestOptionsFactory,java.util.Map,java.util.List,java.util.List,com.bumptech.glide.module.AppGlideModule,com.bumptech.glide.GlideExperiments)	manifestModules	11	/home/nima/Developer/nullness-benchmarks/glide/library/src/main/java/com/bumptech/glide/Glide.java
PARAMETER	com.bumptech.glide.Glide	Glide(android.content.Context,com.bumptech.glide.load.engine.Engine,com.bumptech.glide.load.engine.cache.MemoryCache,com.bumptech.glide.load.engine.bitmap_recycle.BitmapPool,com.bumptech.glide.load.engine.bitmap_recycle.ArrayPool,com.bumptech.glide.manager.RequestManagerRetriever,com.bumptech.glide.manager.ConnectivityMonitorFactory,int,com.bumptech.glide.Glide.RequestOptionsFactory,java.util.Map,java.util.List,java.util.List,com.bumptech.glide.module.AppGlideModule,com.bumptech.glide.GlideExperiments)	experiments	13	/home/nima/Developer/nullness-benchmarks/glide/library/src/main/java/com/bumptech/glide/Glide.java
METHOD	com.bumptech.glide.Glide	getBitmapPool()	null	null	/home/nima/Developer/nullness-benchmarks/glide/library/src/main/java/com/bumptech/glide/Glide.java
METHOD	com.bumptech.glide.Glide	getArrayPool()	null	null	/home/nima/Developer/nullness-benchmarks/glide/library/src/main/java/com/bumptech/glide/Glide.java
METHOD	com.bumptech.glide.Glide	getContext()	null	null	/home/nima/Developer/nullness-benchmarks/glide/library/src/main/java/com/bumptech/glide/Glide.java
METHOD	com.bumptech.glide.Glide	getGlideContext()	null	null	/home/nima/Developer/nullness-benchmarks/glide/library/src/main/java/com/bumptech/glide/Glide.java
PARAMETER	com.bumptech.glide.Glide	preFillBitmapPool(com.bumptech.glide.load.engine.prefill.PreFillType.Builder[])	bitmapAttributeBuilders	0	/home/nima/Developer/nullness-benchmarks/glide/library/src/main/java/com/bumptech/glide/Glide.java
METHOD	com.bumptech.glide.Glide	getRequestManagerRetriever()	null	null	/home/nima/Developer/nullness-benchmarks/glide/library/src/main/java/com/bumptech/glide/Glide.java
PARAMETER	com.bumptech.glide.Glide	setMemoryCategory(com.bumptech.glide.MemoryCategory)	memoryCategory	0	/home/nima/Developer/nullness-benchmarks/glide/library/src/main/java/com/bumptech/glide/Glide.java
METHOD	com.bumptech.glide.Glide	setMemoryCategory(com.bumptech.glide.MemoryCategory)	null	null	/home/nima/Developer/nullness-benchmarks/glide/library/src/main/java/com/bumptech/glide/Glide.java
METHOD	com.bumptech.glide.Glide	getRetriever(android.content.Context)	null	null	/home/nima/Developer/nullness-benchmarks/glide/library/src/main/java/com/bumptech/glide/Glide.java
PARAMETER	com.bumptech.glide.Glide	with(android.content.Context)	context	0	/home/nima/Developer/nullness-benchmarks/glide/library/src/main/java/com/bumptech/glide/Glide.java
METHOD	com.bumptech.glide.Glide	with(android.content.Context)	null	null	/home/nima/Developer/nullness-benchmarks/glide/library/src/main/java/com/bumptech/glide/Glide.java
PARAMETER	com.bumptech.glide.Glide	with(android.app.Activity)	activity	0	/home/nima/Developer/nullness-benchmarks/glide/library/src/main/java/com/bumptech/glide/Glide.java
METHOD	com.bumptech.glide.Glide	with(android.app.Activity)	null	null	/home/nima/Developer/nullness-benchmarks/glide/library/src/main/java/com/bumptech/glide/Glide.java
PARAMETER	com.bumptech.glide.Glide	with(androidx.fragment.app.FragmentActivity)	activity	0	/home/nima/Developer/nullness-benchmarks/glide/library/src/main/java/com/bumptech/glide/Glide.java
METHOD	com.bumptech.glide.Glide	with(androidx.fragment.app.FragmentActivity)	null	null	/home/nima/Developer/nullness-benchmarks/glide/library/src/main/java/com/bumptech/glide/Glide.java
PARAMETER	com.bumptech.glide.Glide	with(androidx.fragment.app.Fragment)	fragment	0	/home/nima/Developer/nullness-benchmarks/glide/library/src/main/java/com/bumptech/glide/Glide.java
METHOD	com.bumptech.glide.Glide	with(androidx.fragment.app.Fragment)	null	null	/home/nima/Developer/nullness-benchmarks/glide/library/src/main/java/com/bumptech/glide/Glide.java
PARAMETER	com.bumptech.glide.Glide	with(android.app.Fragment)	fragment	0	/home/nima/Developer/nullness-benchmarks/glide/library/src/main/java/com/bumptech/glide/Glide.java
METHOD	com.bumptech.glide.Glide	with(android.app.Fragment)	null	null	/home/nima/Developer/nullness-benchmarks/glide/library/src/main/java/com/bumptech/glide/Glide.java
PARAMETER	com.bumptech.glide.Glide	with(android.view.View)	view	0	/home/nima/Developer/nullness-benchmarks/glide/library/src/main/java/com/bumptech/glide/Glide.java
METHOD	com.bumptech.glide.Glide	with(android.view.View)	null	null	/home/nima/Developer/nullness-benchmarks/glide/library/src/main/java/com/bumptech/glide/Glide.java
METHOD	com.bumptech.glide.Glide	getRegistry()	null	null	/home/nima/Developer/nullness-benchmarks/glide/library/src/main/java/com/bumptech/glide/Glide.java
PARAMETER	com.bumptech.glide.Glide	removeFromManagers(com.bumptech.glide.request.target.Target)	target	0	/home/nima/Developer/nullness-benchmarks/glide/library/src/main/java/com/bumptech/glide/Glide.java
METHOD	com.bumptech.glide.Glide$RequestOptionsFactory	build()	null	null	/home/nima/Developer/nullness-benchmarks/glide/library/src/main/java/com/bumptech/glide/Glide.java
PARAMETER	com.bumptech.glide.manager.Lifecycle	addListener(com.bumptech.glide.manager.LifecycleListener)	listener	0	/home/nima/Developer/nullness-benchmarks/glide/library/src/main/java/com/bumptech/glide/manager/Lifecycle.java
PARAMETER	com.bumptech.glide.manager.Lifecycle	removeListener(com.bumptech.glide.manager.LifecycleListener)	listener	0	/home/nima/Developer/nullness-benchmarks/glide/library/src/main/java/com/bumptech/glide/manager/Lifecycle.java
PARAMETER	com.bumptech.glide.manager.RequestTracker	runRequest(com.bumptech.glide.request.Request)	request	0	/home/nima/Developer/nullness-benchmarks/glide/library/src/main/java/com/bumptech/glide/manager/RequestTracker.java
METHOD	com.bumptech.glide.manager.RequestManagerTreeNode	getDescendants()	null	null	/home/nima/Developer/nullness-benchmarks/glide/library/src/main/java/com/bumptech/glide/manager/RequestManagerTreeNode.java
PARAMETER	com.bumptech.glide.manager.TargetTracker	track(com.bumptech.glide.request.target.Target)	target	0	/home/nima/Developer/nullness-benchmarks/glide/library/src/main/java/com/bumptech/glide/manager/TargetTracker.java
PARAMETER	com.bumptech.glide.manager.TargetTracker	untrack(com.bumptech.glide.request.target.Target)	target	0	/home/nima/Developer/nullness-benchmarks/glide/library/src/main/java/com/bumptech/glide/manager/TargetTracker.java
METHOD	com.bumptech.glide.manager.TargetTracker	getAll()	null	null	/home/nima/Developer/nullness-benchmarks/glide/library/src/main/java/com/bumptech/glide/manager/TargetTracker.java
PARAMETER	com.bumptech.glide.manager.ConnectivityMonitorFactory	build(android.content.Context,com.bumptech.glide.manager.ConnectivityMonitor.ConnectivityListener)	context	0	/home/nima/Developer/nullness-benchmarks/glide/library/src/main/java/com/bumptech/glide/manager/ConnectivityMonitorFactory.java
PARAMETER	com.bumptech.glide.manager.ConnectivityMonitorFactory	build(android.content.Context,com.bumptech.glide.manager.ConnectivityMonitor.ConnectivityListener)	listener	1	/home/nima/Developer/nullness-benchmarks/glide/library/src/main/java/com/bumptech/glide/manager/ConnectivityMonitorFactory.java
METHOD	com.bumptech.glide.manager.ConnectivityMonitorFactory	build(android.content.Context,com.bumptech.glide.manager.ConnectivityMonitor.ConnectivityListener)	null	null	/home/nima/Developer/nullness-benchmarks/glide/library/src/main/java/com/bumptech/glide/manager/ConnectivityMonitorFactory.java
PARAMETER	com.bumptech.glide.load.resource.gif.GifDrawable	draw(android.graphics.Canvas)	canvas	0	/home/nima/Developer/nullness-benchmarks/glide/library/src/main/java/com/bumptech/glide/load/resource/gif/GifDrawable.java
PARAMETER	com.bumptech.glide.load.resource.gif.GifDrawable	registerAnimationCallback(androidx.vectordrawable.graphics.drawable.Animatable2Compat.AnimationCallback)	animationCallback	0	/home/nima/Developer/nullness-benchmarks/glide/library/src/main/java/com/bumptech/glide/load/resource/gif/GifDrawable.java
PARAMETER	com.bumptech.glide.load.resource.gif.GifDrawable	unregisterAnimationCallback(androidx.vectordrawable.graphics.drawable.Animatable2Compat.AnimationCallback)	animationCallback	0	/home/nima/Developer/nullness-benchmarks/glide/library/src/main/java/com/bumptech/glide/load/resource/gif/GifDrawable.java
METHOD	com.bumptech.glide.load.resource.gif.GifDrawable$GifState	newDrawable(android.content.res.Resources)	null	null	/home/nima/Developer/nullness-benchmarks/glide/library/src/main/java/com/bumptech/glide/load/resource/gif/GifDrawable.java
METHOD	com.bumptech.glide.load.resource.gif.GifDrawable$GifState	newDrawable()	null	null	/home/nima/Developer/nullness-benchmarks/glide/library/src/main/java/com/bumptech/glide/load/resource/gif/GifDrawable.java
PARAMETER	com.bumptech.glide.load.resource.gif.GifFrameLoader$DelayTarget	onResourceReady(android.graphics.Bitmap,com.bumptech.glide.request.transition.Transition)	resource	0	/home/nima/Developer/nullness-benchmarks/glide/library/src/main/java/com/bumptech/glide/load/resource/gif/GifFrameLoader.java
PARAMETER	com.bumptech.glide.request.target.Target	onResourceReady(R,com.bumptech.glide.request.transition.Transition)	resource	0	/home/nima/Developer/nullness-benchmarks/glide/library/src/main/java/com/bumptech/glide/request/target/Target.java
PARAMETER	com.bumptech.glide.request.target.Target	getSize(com.bumptech.glide.request.target.SizeReadyCallback)	cb	0	/home/nima/Developer/nullness-benchmarks/glide/library/src/main/java/com/bumptech/glide/request/target/Target.java
PARAMETER	com.bumptech.glide.request.target.Target	removeCallback(com.bumptech.glide.request.target.SizeReadyCallback)	cb	0	/home/nima/Developer/nullness-benchmarks/glide/library/src/main/java/com/bumptech/glide/request/target/Target.java
METHOD	com.bumptech.glide.TransitionOptions	dontTransition()	null	null	/home/nima/Developer/nullness-benchmarks/glide/library/src/main/java/com/bumptech/glide/TransitionOptions.java
METHOD	com.bumptech.glide.TransitionOptions	transition(int)	null	null	/home/nima/Developer/nullness-benchmarks/glide/library/src/main/java/com/bumptech/glide/TransitionOptions.java
PARAMETER	com.bumptech.glide.TransitionOptions	transition(com.bumptech.glide.request.transition.ViewPropertyTransition.Animator)	animator	0	/home/nima/Developer/nullness-benchmarks/glide/library/src/main/java/com/bumptech/glide/TransitionOptions.java
METHOD	com.bumptech.glide.TransitionOptions	transition(com.bumptech.glide.request.transition.ViewPropertyTransition.Animator)	null	null	/home/nima/Developer/nullness-benchmarks/glide/library/src/main/java/com/bumptech/glide/TransitionOptions.java
PARAMETER	com.bumptech.glide.TransitionOptions	transition(com.bumptech.glide.request.transition.TransitionFactory)	transitionFactory	0	/home/nima/Developer/nullness-benchmarks/glide/library/src/main/java/com/bumptech/glide/TransitionOptions.java
METHOD	com.bumptech.glide.TransitionOptions	transition(com.bumptech.glide.request.transition.TransitionFactory)	null	null	/home/nima/Developer/nullness-benchmarks/glide/library/src/main/java/com/bumptech/glide/TransitionOptions.java
METHOD	com.bumptech.glide.load.engine.bitmap_recycle.BitmapPool	get(int,int,android.graphics.Bitmap.Config)	null	null	/home/nima/Developer/nullness-benchmarks/glide/library/src/main/java/com/bumptech/glide/load/engine/bitmap_recycle/BitmapPool.java
METHOD	com.bumptech.glide.load.engine.bitmap_recycle.BitmapPool	getDirty(int,int,android.graphics.Bitmap.Config)	null	null	/home/nima/Developer/nullness-benchmarks/glide/library/src/main/java/com/bumptech/glide/load/engine/bitmap_recycle/BitmapPool.java
PARAMETER	com.bumptech.glide.load.Transformation	transform(android.content.Context,com.bumptech.glide.load.engine.Resource,int,int)	context	0	/home/nima/Developer/nullness-benchmarks/glide/library/src/main/java/com/bumptech/glide/load/Transformation.java
PARAMETER	com.bumptech.glide.load.Transformation	transform(android.content.Context,com.bumptech.glide.load.engine.Resource,int,int)	resource	1	/home/nima/Developer/nullness-benchmarks/glide/library/src/main/java/com/bumptech/glide/load/Transformation.java
METHOD	com.bumptech.glide.load.Transformation	transform(android.content.Context,com.bumptech.glide.load.engine.Resource,int,int)	null	null	/home/nima/Developer/nullness-benchmarks/glide/library/src/main/java/com/bumptech/glide/load/Transformation.java
PARAMETER	com.bumptech.glide.load.Key	updateDiskCacheKey(java.security.MessageDigest)	messageDigest	0	/home/nima/Developer/nullness-benchmarks/glide/library/src/main/java/com/bumptech/glide/load/Key.java
METHOD	com.bumptech.glide.load.engine.Resource	getResourceClass()	null	null	/home/nima/Developer/nullness-benchmarks/glide/library/src/main/java/com/bumptech/glide/load/engine/Resource.java
METHOD	com.bumptech.glide.load.engine.Resource	get()	null	null	/home/nima/Developer/nullness-benchmarks/glide/library/src/main/java/com/bumptech/glide/load/engine/Resource.java
PARAMETER	com.bumptech.glide.request.target.CustomTarget	getSize(com.bumptech.glide.request.target.SizeReadyCallback)	cb	0	/home/nima/Developer/nullness-benchmarks/glide/library/src/main/java/com/bumptech/glide/request/target/CustomTarget.java
PARAMETER	com.bumptech.glide.request.target.CustomTarget	removeCallback(com.bumptech.glide.request.target.SizeReadyCallback)	cb	0	/home/nima/Developer/nullness-benchmarks/glide/library/src/main/java/com/bumptech/glide/request/target/CustomTarget.java
METHOD	com.bumptech.glide.load.engine.GlideException$IndentedAppendable	safeSequence(java.lang.CharSequence)	null	null	/home/nima/Developer/nullness-benchmarks/glide/library/src/main/java/com/bumptech/glide/load/engine/GlideException.java
METHOD	com.bumptech.glide.load.engine.EngineResource	getResourceClass()	null	null	/home/nima/Developer/nullness-benchmarks/glide/library/src/main/java/com/bumptech/glide/load/engine/EngineResource.java
METHOD	com.bumptech.glide.load.engine.EngineResource	get()	null	null	/home/nima/Developer/nullness-benchmarks/glide/library/src/main/java/com/bumptech/glide/load/engine/EngineResource.java
PARAMETER	com.bumptech.glide.load.engine.Engine	onResourceRemoved(com.bumptech.glide.load.engine.Resource)	resource	0	/home/nima/Developer/nullness-benchmarks/glide/library/src/main/java/com/bumptech/glide/load/engine/Engine.java
PARAMETER	com.bumptech.glide.load.engine.cache.MemoryCache$ResourceRemovedListener	onResourceRemoved(com.bumptech.glide.load.engine.Resource)	removed	0	/home/nima/Developer/nullness-benchmarks/glide/library/src/main/java/com/bumptech/glide/load/engine/cache/MemoryCache.java
PARAMETER	com.bumptech.glide.load.engine.cache.MemoryCache	remove(com.bumptech.glide.load.Key)	key	0	/home/nima/Developer/nullness-benchmarks/glide/library/src/main/java/com/bumptech/glide/load/engine/cache/MemoryCache.java
PARAMETER	com.bumptech.glide.load.engine.cache.MemoryCache	put(com.bumptech.glide.load.Key,com.bumptech.glide.load.engine.Resource)	key	0	/home/nima/Developer/nullness-benchmarks/glide/library/src/main/java/com/bumptech/glide/load/engine/cache/MemoryCache.java
PARAMETER	com.bumptech.glide.load.engine.cache.MemoryCache	setResourceRemovedListener(com.bumptech.glide.load.engine.cache.MemoryCache.ResourceRemovedListener)	listener	0	/home/nima/Developer/nullness-benchmarks/glide/library/src/main/java/com/bumptech/glide/load/engine/cache/MemoryCache.java
PARAMETER	com.bumptech.glide.GlideContext	GlideContext(android.content.Context,com.bumptech.glide.load.engine.bitmap_recycle.ArrayPool,com.bumptech.glide.util.GlideSuppliers.GlideSupplier,com.bumptech.glide.request.target.ImageViewTargetFactory,com.bumptech.glide.Glide.RequestOptionsFactory,java.util.Map,java.util.List,com.bumptech.glide.load.engine.Engine,com.bumptech.glide.GlideExperiments,int)	context	0	/home/nima/Developer/nullness-benchmarks/glide/library/src/main/java/com/bumptech/glide/GlideContext.java
PARAMETER	com.bumptech.glide.GlideContext	GlideContext(android.content.Context,com.bumptech.glide.load.engine.bitmap_recycle.ArrayPool,com.bumptech.glide.util.GlideSuppliers.GlideSupplier,com.bumptech.glide.request.target.ImageViewTargetFactory,com.bumptech.glide.Glide.RequestOptionsFactory,java.util.Map,java.util.List,com.bumptech.glide.load.engine.Engine,com.bumptech.glide.GlideExperiments,int)	arrayPool	1	/home/nima/Developer/nullness-benchmarks/glide/library/src/main/java/com/bumptech/glide/GlideContext.java
PARAMETER	com.bumptech.glide.GlideContext	GlideContext(android.content.Context,com.bumptech.glide.load.engine.bitmap_recycle.ArrayPool,com.bumptech.glide.util.GlideSuppliers.GlideSupplier,com.bumptech.glide.request.target.ImageViewTargetFactory,com.bumptech.glide.Glide.RequestOptionsFactory,java.util.Map,java.util.List,com.bumptech.glide.load.engine.Engine,com.bumptech.glide.GlideExperiments,int)	registry	2	/home/nima/Developer/nullness-benchmarks/glide/library/src/main/java/com/bumptech/glide/GlideContext.java
PARAMETER	com.bumptech.glide.GlideContext	GlideContext(android.content.Context,com.bumptech.glide.load.engine.bitmap_recycle.ArrayPool,com.bumptech.glide.util.GlideSuppliers.GlideSupplier,com.bumptech.glide.request.target.ImageViewTargetFactory,com.bumptech.glide.Glide.RequestOptionsFactory,java.util.Map,java.util.List,com.bumptech.glide.load.engine.Engine,com.bumptech.glide.GlideExperiments,int)	imageViewTargetFactory	3	/home/nima/Developer/nullness-benchmarks/glide/library/src/main/java/com/bumptech/glide/GlideContext.java
PARAMETER	com.bumptech.glide.GlideContext	GlideContext(android.content.Context,com.bumptech.glide.load.engine.bitmap_recycle.ArrayPool,com.bumptech.glide.util.GlideSuppliers.GlideSupplier,com.bumptech.glide.request.target.ImageViewTargetFactory,com.bumptech.glide.Glide.RequestOptionsFactory,java.util.Map,java.util.List,com.bumptech.glide.load.engine.Engine,com.bumptech.glide.GlideExperiments,int)	defaultRequestOptionsFactory	4	/home/nima/Developer/nullness-benchmarks/glide/library/src/main/java/com/bumptech/glide/GlideContext.java
PARAMETER	com.bumptech.glide.GlideContext	GlideContext(android.content.Context,com.bumptech.glide.load.engine.bitmap_recycle.ArrayPool,com.bumptech.glide.util.GlideSuppliers.GlideSupplier,com.bumptech.glide.request.target.ImageViewTargetFactory,com.bumptech.glide.Glide.RequestOptionsFactory,java.util.Map,java.util.List,com.bumptech.glide.load.engine.Engine,com.bumptech.glide.GlideExperiments,int)	defaultTransitionOptions	5	/home/nima/Developer/nullness-benchmarks/glide/library/src/main/java/com/bumptech/glide/GlideContext.java
PARAMETER	com.bumptech.glide.GlideContext	GlideContext(android.content.Context,com.bumptech.glide.load.engine.bitmap_recycle.ArrayPool,com.bumptech.glide.util.GlideSuppliers.GlideSupplier,com.bumptech.glide.request.target.ImageViewTargetFactory,com.bumptech.glide.Glide.RequestOptionsFactory,java.util.Map,java.util.List,com.bumptech.glide.load.engine.Engine,com.bumptech.glide.GlideExperiments,int)	defaultRequestListeners	6	/home/nima/Developer/nullness-benchmarks/glide/library/src/main/java/com/bumptech/glide/GlideContext.java
PARAMETER	com.bumptech.glide.GlideContext	GlideContext(android.content.Context,com.bumptech.glide.load.engine.bitmap_recycle.ArrayPool,com.bumptech.glide.util.GlideSuppliers.GlideSupplier,com.bumptech.glide.request.target.ImageViewTargetFactory,com.bumptech.glide.Glide.RequestOptionsFactory,java.util.Map,java.util.List,com.bumptech.glide.load.engine.Engine,com.bumptech.glide.GlideExperiments,int)	engine	7	/home/nima/Developer/nullness-benchmarks/glide/library/src/main/java/com/bumptech/glide/GlideContext.java
PARAMETER	com.bumptech.glide.GlideContext	GlideContext(android.content.Context,com.bumptech.glide.load.engine.bitmap_recycle.ArrayPool,com.bumptech.glide.util.GlideSuppliers.GlideSupplier,com.bumptech.glide.request.target.ImageViewTargetFactory,com.bumptech.glide.Glide.RequestOptionsFactory,java.util.Map,java.util.List,com.bumptech.glide.load.engine.Engine,com.bumptech.glide.GlideExperiments,int)	experiments	8	/home/nima/Developer/nullness-benchmarks/glide/library/src/main/java/com/bumptech/glide/GlideContext.java
PARAMETER	com.bumptech.glide.GlideContext	getDefaultTransitionOptions(java.lang.Class)	transcodeClass	0	/home/nima/Developer/nullness-benchmarks/glide/library/src/main/java/com/bumptech/glide/GlideContext.java
METHOD	com.bumptech.glide.GlideContext	getDefaultTransitionOptions(java.lang.Class)	null	null	/home/nima/Developer/nullness-benchmarks/glide/library/src/main/java/com/bumptech/glide/GlideContext.java
PARAMETER	com.bumptech.glide.GlideContext	buildImageViewTarget(android.widget.ImageView,java.lang.Class)	imageView	0	/home/nima/Developer/nullness-benchmarks/glide/library/src/main/java/com/bumptech/glide/GlideContext.java
PARAMETER	com.bumptech.glide.GlideContext	buildImageViewTarget(android.widget.ImageView,java.lang.Class)	transcodeClass	1	/home/nima/Developer/nullness-benchmarks/glide/library/src/main/java/com/bumptech/glide/GlideContext.java
METHOD	com.bumptech.glide.GlideContext	buildImageViewTarget(android.widget.ImageView,java.lang.Class)	null	null	/home/nima/Developer/nullness-benchmarks/glide/library/src/main/java/com/bumptech/glide/GlideContext.java
METHOD	com.bumptech.glide.GlideContext	getEngine()	null	null	/home/nima/Developer/nullness-benchmarks/glide/library/src/main/java/com/bumptech/glide/GlideContext.java
METHOD	com.bumptech.glide.GlideContext	getRegistry()	null	null	/home/nima/Developer/nullness-benchmarks/glide/library/src/main/java/com/bumptech/glide/GlideContext.java
METHOD	com.bumptech.glide.GlideContext	getArrayPool()	null	null	/home/nima/Developer/nullness-benchmarks/glide/library/src/main/java/com/bumptech/glide/GlideContext.java
PARAMETER	com.bumptech.glide.manager.RequestManagerRetriever	getApplicationManager(android.content.Context)	context	0	/home/nima/Developer/nullness-benchmarks/glide/library/src/main/java/com/bumptech/glide/manager/RequestManagerRetriever.java
METHOD	com.bumptech.glide.manager.RequestManagerRetriever	getApplicationManager(android.content.Context)	null	null	/home/nima/Developer/nullness-benchmarks/glide/library/src/main/java/com/bumptech/glide/manager/RequestManagerRetriever.java
PARAMETER	com.bumptech.glide.manager.RequestManagerRetriever	get(android.content.Context)	context	0	/home/nima/Developer/nullness-benchmarks/glide/library/src/main/java/com/bumptech/glide/manager/RequestManagerRetriever.java
METHOD	com.bumptech.glide.manager.RequestManagerRetriever	get(android.content.Context)	null	null	/home/nima/Developer/nullness-benchmarks/glide/library/src/main/java/com/bumptech/glide/manager/RequestManagerRetriever.java
PARAMETER	com.bumptech.glide.manager.RequestManagerRetriever	get(androidx.fragment.app.FragmentActivity)	activity	0	/home/nima/Developer/nullness-benchmarks/glide/library/src/main/java/com/bumptech/glide/manager/RequestManagerRetriever.java
METHOD	com.bumptech.glide.manager.RequestManagerRetriever	get(androidx.fragment.app.FragmentActivity)	null	null	/home/nima/Developer/nullness-benchmarks/glide/library/src/main/java/com/bumptech/glide/manager/RequestManagerRetriever.java
PARAMETER	com.bumptech.glide.manager.RequestManagerRetriever	get(androidx.fragment.app.Fragment)	fragment	0	/home/nima/Developer/nullness-benchmarks/glide/library/src/main/java/com/bumptech/glide/manager/RequestManagerRetriever.java
METHOD	com.bumptech.glide.manager.RequestManagerRetriever	get(androidx.fragment.app.Fragment)	null	null	/home/nima/Developer/nullness-benchmarks/glide/library/src/main/java/com/bumptech/glide/manager/RequestManagerRetriever.java
PARAMETER	com.bumptech.glide.manager.RequestManagerRetriever	get(android.app.Activity)	activity	0	/home/nima/Developer/nullness-benchmarks/glide/library/src/main/java/com/bumptech/glide/manager/RequestManagerRetriever.java
METHOD	com.bumptech.glide.manager.RequestManagerRetriever	get(android.app.Activity)	null	null	/home/nima/Developer/nullness-benchmarks/glide/library/src/main/java/com/bumptech/glide/manager/RequestManagerRetriever.java
PARAMETER	com.bumptech.glide.manager.RequestManagerRetriever	get(android.view.View)	view	0	/home/nima/Developer/nullness-benchmarks/glide/library/src/main/java/com/bumptech/glide/manager/RequestManagerRetriever.java
METHOD	com.bumptech.glide.manager.RequestManagerRetriever	get(android.view.View)	null	null	/home/nima/Developer/nullness-benchmarks/glide/library/src/main/java/com/bumptech/glide/manager/RequestManagerRetriever.java
PARAMETER	com.bumptech.glide.manager.RequestManagerRetriever	findAllSupportFragmentsWithViews(java.util.Collection,java.util.Map)	result	1	/home/nima/Developer/nullness-benchmarks/glide/library/src/main/java/com/bumptech/glide/manager/RequestManagerRetriever.java
PARAMETER	com.bumptech.glide.manager.RequestManagerRetriever	findSupportFragment(android.view.View,androidx.fragment.app.FragmentActivity)	target	0	/home/nima/Developer/nullness-benchmarks/glide/library/src/main/java/com/bumptech/glide/manager/RequestManagerRetriever.java
PARAMETER	com.bumptech.glide.manager.RequestManagerRetriever	findSupportFragment(android.view.View,androidx.fragment.app.FragmentActivity)	activity	1	/home/nima/Developer/nullness-benchmarks/glide/library/src/main/java/com/bumptech/glide/manager/RequestManagerRetriever.java
PARAMETER	com.bumptech.glide.manager.RequestManagerRetriever	findActivity(android.content.Context)	context	0	/home/nima/Developer/nullness-benchmarks/glide/library/src/main/java/com/bumptech/glide/manager/RequestManagerRetriever.java
PARAMETER	com.bumptech.glide.manager.RequestManagerRetriever	assertNotDestroyed(android.app.Activity)	activity	0	/home/nima/Developer/nullness-benchmarks/glide/library/src/main/java/com/bumptech/glide/manager/RequestManagerRetriever.java
PARAMETER	com.bumptech.glide.manager.RequestManagerRetriever	get(android.app.Fragment)	fragment	0	/home/nima/Developer/nullness-benchmarks/glide/library/src/main/java/com/bumptech/glide/manager/RequestManagerRetriever.java
METHOD	com.bumptech.glide.manager.RequestManagerRetriever	get(android.app.Fragment)	null	null	/home/nima/Developer/nullness-benchmarks/glide/library/src/main/java/com/bumptech/glide/manager/RequestManagerRetriever.java
PARAMETER	com.bumptech.glide.manager.RequestManagerRetriever$RequestManagerFactory	build(com.bumptech.glide.Glide,com.bumptech.glide.manager.Lifecycle,com.bumptech.glide.manager.RequestManagerTreeNode,android.content.Context)	glide	0	/home/nima/Developer/nullness-benchmarks/glide/library/src/main/java/com/bumptech/glide/manager/RequestManagerRetriever.java
PARAMETER	com.bumptech.glide.manager.RequestManagerRetriever$RequestManagerFactory	build(com.bumptech.glide.Glide,com.bumptech.glide.manager.Lifecycle,com.bumptech.glide.manager.RequestManagerTreeNode,android.content.Context)	lifecycle	1	/home/nima/Developer/nullness-benchmarks/glide/library/src/main/java/com/bumptech/glide/manager/RequestManagerRetriever.java
PARAMETER	com.bumptech.glide.manager.RequestManagerRetriever$RequestManagerFactory	build(com.bumptech.glide.Glide,com.bumptech.glide.manager.Lifecycle,com.bumptech.glide.manager.RequestManagerTreeNode,android.content.Context)	requestManagerTreeNode	2	/home/nima/Developer/nullness-benchmarks/glide/library/src/main/java/com/bumptech/glide/manager/RequestManagerRetriever.java
PARAMETER	com.bumptech.glide.manager.RequestManagerRetriever$RequestManagerFactory	build(com.bumptech.glide.Glide,com.bumptech.glide.manager.Lifecycle,com.bumptech.glide.manager.RequestManagerTreeNode,android.content.Context)	context	3	/home/nima/Developer/nullness-benchmarks/glide/library/src/main/java/com/bumptech/glide/manager/RequestManagerRetriever.java
METHOD	com.bumptech.glide.manager.RequestManagerRetriever$RequestManagerFactory	build(com.bumptech.glide.Glide,com.bumptech.glide.manager.Lifecycle,com.bumptech.glide.manager.RequestManagerTreeNode,android.content.Context)	null	null	/home/nima/Developer/nullness-benchmarks/glide/library/src/main/java/com/bumptech/glide/manager/RequestManagerRetriever.java
PARAMETER	com.bumptech.glide.manager.RequestManagerRetriever$1	build(com.bumptech.glide.Glide,com.bumptech.glide.manager.Lifecycle,com.bumptech.glide.manager.RequestManagerTreeNode,android.content.Context)	glide	0	/home/nima/Developer/nullness-benchmarks/glide/library/src/main/java/com/bumptech/glide/manager/RequestManagerRetriever.java
PARAMETER	com.bumptech.glide.manager.RequestManagerRetriever$1	build(com.bumptech.glide.Glide,com.bumptech.glide.manager.Lifecycle,com.bumptech.glide.manager.RequestManagerTreeNode,android.content.Context)	lifecycle	1	/home/nima/Developer/nullness-benchmarks/glide/library/src/main/java/com/bumptech/glide/manager/RequestManagerRetriever.java
PARAMETER	com.bumptech.glide.manager.RequestManagerRetriever$1	build(com.bumptech.glide.Glide,com.bumptech.glide.manager.Lifecycle,com.bumptech.glide.manager.RequestManagerTreeNode,android.content.Context)	requestManagerTreeNode	2	/home/nima/Developer/nullness-benchmarks/glide/library/src/main/java/com/bumptech/glide/manager/RequestManagerRetriever.java
PARAMETER	com.bumptech.glide.manager.RequestManagerRetriever$1	build(com.bumptech.glide.Glide,com.bumptech.glide.manager.Lifecycle,com.bumptech.glide.manager.RequestManagerTreeNode,android.content.Context)	context	3	/home/nima/Developer/nullness-benchmarks/glide/library/src/main/java/com/bumptech/glide/manager/RequestManagerRetriever.java
METHOD	com.bumptech.glide.manager.RequestManagerRetriever$1	build(com.bumptech.glide.Glide,com.bumptech.glide.manager.Lifecycle,com.bumptech.glide.manager.RequestManagerTreeNode,android.content.Context)	null	null	/home/nima/Developer/nullness-benchmarks/glide/library/src/main/java/com/bumptech/glide/manager/RequestManagerRetriever.java
METHOD	com.bumptech.glide.GeneratedAppGlideModule	getExcludedModuleClasses()	null	null	/home/nima/Developer/nullness-benchmarks/glide/library/src/main/java/com/bumptech/glide/GeneratedAppGlideModule.java
PARAMETER	com.bumptech.glide.module.AppGlideModule	applyOptions(android.content.Context,com.bumptech.glide.GlideBuilder)	context	0	/home/nima/Developer/nullness-benchmarks/glide/library/src/main/java/com/bumptech/glide/module/AppGlideModule.java
PARAMETER	com.bumptech.glide.module.AppGlideModule	applyOptions(android.content.Context,com.bumptech.glide.GlideBuilder)	builder	1	/home/nima/Developer/nullness-benchmarks/glide/library/src/main/java/com/bumptech/glide/module/AppGlideModule.java
PARAMETER	com.bumptech.glide.module.LibraryGlideModule	registerComponents(android.content.Context,com.bumptech.glide.Glide,com.bumptech.glide.Registry)	context	0	/home/nima/Developer/nullness-benchmarks/glide/library/src/main/java/com/bumptech/glide/module/LibraryGlideModule.java
PARAMETER	com.bumptech.glide.module.LibraryGlideModule	registerComponents(android.content.Context,com.bumptech.glide.Glide,com.bumptech.glide.Registry)	glide	1	/home/nima/Developer/nullness-benchmarks/glide/library/src/main/java/com/bumptech/glide/module/LibraryGlideModule.java
PARAMETER	com.bumptech.glide.module.LibraryGlideModule	registerComponents(android.content.Context,com.bumptech.glide.Glide,com.bumptech.glide.Registry)	registry	2	/home/nima/Developer/nullness-benchmarks/glide/library/src/main/java/com/bumptech/glide/module/LibraryGlideModule.java
PARAMETER	com.bumptech.glide.module.RegistersComponents	registerComponents(android.content.Context,com.bumptech.glide.Glide,com.bumptech.glide.Registry)	context	0	/home/nima/Developer/nullness-benchmarks/glide/library/src/main/java/com/bumptech/glide/module/RegistersComponents.java
PARAMETER	com.bumptech.glide.module.RegistersComponents	registerComponents(android.content.Context,com.bumptech.glide.Glide,com.bumptech.glide.Registry)	glide	1	/home/nima/Developer/nullness-benchmarks/glide/library/src/main/java/com/bumptech/glide/module/RegistersComponents.java
PARAMETER	com.bumptech.glide.module.RegistersComponents	registerComponents(android.content.Context,com.bumptech.glide.Glide,com.bumptech.glide.Registry)	registry	2	/home/nima/Developer/nullness-benchmarks/glide/library/src/main/java/com/bumptech/glide/module/RegistersComponents.java
PARAMETER	com.bumptech.glide.module.AppliesOptions	applyOptions(android.content.Context,com.bumptech.glide.GlideBuilder)	context	0	/home/nima/Developer/nullness-benchmarks/glide/library/src/main/java/com/bumptech/glide/module/AppliesOptions.java
PARAMETER	com.bumptech.glide.module.AppliesOptions	applyOptions(android.content.Context,com.bumptech.glide.GlideBuilder)	builder	1	/home/nima/Developer/nullness-benchmarks/glide/library/src/main/java/com/bumptech/glide/module/AppliesOptions.java
METHOD	com.bumptech.glide.GlideBuilder$1	build()	null	null	/home/nima/Developer/nullness-benchmarks/glide/library/src/main/java/com/bumptech/glide/GlideBuilder.java
METHOD	com.bumptech.glide.GlideBuilder	setBitmapPool(com.bumptech.glide.load.engine.bitmap_recycle.BitmapPool)	null	null	/home/nima/Developer/nullness-benchmarks/glide/library/src/main/java/com/bumptech/glide/GlideBuilder.java
METHOD	com.bumptech.glide.GlideBuilder	setArrayPool(com.bumptech.glide.load.engine.bitmap_recycle.ArrayPool)	null	null	/home/nima/Developer/nullness-benchmarks/glide/library/src/main/java/com/bumptech/glide/GlideBuilder.java
METHOD	com.bumptech.glide.GlideBuilder	setMemoryCache(com.bumptech.glide.load.engine.cache.MemoryCache)	null	null	/home/nima/Developer/nullness-benchmarks/glide/library/src/main/java/com/bumptech/glide/GlideBuilder.java
METHOD	com.bumptech.glide.GlideBuilder	setDiskCache(com.bumptech.glide.load.engine.cache.DiskCache.Factory)	null	null	/home/nima/Developer/nullness-benchmarks/glide/library/src/main/java/com/bumptech/glide/GlideBuilder.java
METHOD	com.bumptech.glide.GlideBuilder	setSourceExecutor(com.bumptech.glide.load.engine.executor.GlideExecutor)	null	null	/home/nima/Developer/nullness-benchmarks/glide/library/src/main/java/com/bumptech/glide/GlideBuilder.java
METHOD	com.bumptech.glide.GlideBuilder	setDiskCacheExecutor(com.bumptech.glide.load.engine.executor.GlideExecutor)	null	null	/home/nima/Developer/nullness-benchmarks/glide/library/src/main/java/com/bumptech/glide/GlideBuilder.java
METHOD	com.bumptech.glide.GlideBuilder	setAnimationExecutor(com.bumptech.glide.load.engine.executor.GlideExecutor)	null	null	/home/nima/Developer/nullness-benchmarks/glide/library/src/main/java/com/bumptech/glide/GlideBuilder.java
METHOD	com.bumptech.glide.GlideBuilder	setDefaultRequestOptions(com.bumptech.glide.request.RequestOptions)	null	null	/home/nima/Developer/nullness-benchmarks/glide/library/src/main/java/com/bumptech/glide/GlideBuilder.java
METHOD	com.bumptech.glide.GlideBuilder$2	build()	null	null	/home/nima/Developer/nullness-benchmarks/glide/library/src/main/java/com/bumptech/glide/GlideBuilder.java
PARAMETER	com.bumptech.glide.GlideBuilder	setDefaultRequestOptions(com.bumptech.glide.Glide.RequestOptionsFactory)	factory	0	/home/nima/Developer/nullness-benchmarks/glide/library/src/main/java/com/bumptech/glide/GlideBuilder.java
METHOD	com.bumptech.glide.GlideBuilder	setDefaultRequestOptions(com.bumptech.glide.Glide.RequestOptionsFactory)	null	null	/home/nima/Developer/nullness-benchmarks/glide/library/src/main/java/com/bumptech/glide/GlideBuilder.java
PARAMETER	com.bumptech.glide.GlideBuilder	setDefaultTransitionOptions(java.lang.Class,com.bumptech.glide.TransitionOptions)	clazz	0	/home/nima/Developer/nullness-benchmarks/glide/library/src/main/java/com/bumptech/glide/GlideBuilder.java
METHOD	com.bumptech.glide.GlideBuilder	setDefaultTransitionOptions(java.lang.Class,com.bumptech.glide.TransitionOptions)	null	null	/home/nima/Developer/nullness-benchmarks/glide/library/src/main/java/com/bumptech/glide/GlideBuilder.java
PARAMETER	com.bumptech.glide.GlideBuilder	setMemorySizeCalculator(com.bumptech.glide.load.engine.cache.MemorySizeCalculator.Builder)	builder	0	/home/nima/Developer/nullness-benchmarks/glide/library/src/main/java/com/bumptech/glide/GlideBuilder.java
METHOD	com.bumptech.glide.GlideBuilder	setMemorySizeCalculator(com.bumptech.glide.load.engine.cache.MemorySizeCalculator.Builder)	null	null	/home/nima/Developer/nullness-benchmarks/glide/library/src/main/java/com/bumptech/glide/GlideBuilder.java
METHOD	com.bumptech.glide.GlideBuilder	setMemorySizeCalculator(com.bumptech.glide.load.engine.cache.MemorySizeCalculator)	null	null	/home/nima/Developer/nullness-benchmarks/glide/library/src/main/java/com/bumptech/glide/GlideBuilder.java
METHOD	com.bumptech.glide.GlideBuilder	setConnectivityMonitorFactory(com.bumptech.glide.manager.ConnectivityMonitorFactory)	null	null	/home/nima/Developer/nullness-benchmarks/glide/library/src/main/java/com/bumptech/glide/GlideBuilder.java
METHOD	com.bumptech.glide.GlideBuilder	setLogLevel(int)	null	null	/home/nima/Developer/nullness-benchmarks/glide/library/src/main/java/com/bumptech/glide/GlideBuilder.java
METHOD	com.bumptech.glide.GlideBuilder	setIsActiveResourceRetentionAllowed(boolean)	null	null	/home/nima/Developer/nullness-benchmarks/glide/library/src/main/java/com/bumptech/glide/GlideBuilder.java
PARAMETER	com.bumptech.glide.GlideBuilder	addGlobalRequestListener(com.bumptech.glide.request.RequestListener)	listener	0	/home/nima/Developer/nullness-benchmarks/glide/library/src/main/java/com/bumptech/glide/GlideBuilder.java
METHOD	com.bumptech.glide.GlideBuilder	addGlobalRequestListener(com.bumptech.glide.request.RequestListener)	null	null	/home/nima/Developer/nullness-benchmarks/glide/library/src/main/java/com/bumptech/glide/GlideBuilder.java
PARAMETER	com.bumptech.glide.GlideBuilder	build(android.content.Context,java.util.List,com.bumptech.glide.module.AppGlideModule)	context	0	/home/nima/Developer/nullness-benchmarks/glide/library/src/main/java/com/bumptech/glide/GlideBuilder.java
METHOD	com.bumptech.glide.GlideBuilder	build(android.content.Context,java.util.List,com.bumptech.glide.module.AppGlideModule)	null	null	/home/nima/Developer/nullness-benchmarks/glide/library/src/main/java/com/bumptech/glide/GlideBuilder.java
PARAMETER	com.bumptech.glide.Registry	register(java.lang.Class,com.bumptech.glide.load.Encoder)	dataClass	0	/home/nima/Developer/nullness-benchmarks/glide/library/src/main/java/com/bumptech/glide/Registry.java
PARAMETER	com.bumptech.glide.Registry	register(java.lang.Class,com.bumptech.glide.load.Encoder)	encoder	1	/home/nima/Developer/nullness-benchmarks/glide/library/src/main/java/com/bumptech/glide/Registry.java
METHOD	com.bumptech.glide.Registry	register(java.lang.Class,com.bumptech.glide.load.Encoder)	null	null	/home/nima/Developer/nullness-benchmarks/glide/library/src/main/java/com/bumptech/glide/Registry.java
PARAMETER	com.bumptech.glide.Registry	append(java.lang.Class,com.bumptech.glide.load.Encoder)	dataClass	0	/home/nima/Developer/nullness-benchmarks/glide/library/src/main/java/com/bumptech/glide/Registry.java
PARAMETER	com.bumptech.glide.Registry	append(java.lang.Class,com.bumptech.glide.load.Encoder)	encoder	1	/home/nima/Developer/nullness-benchmarks/glide/library/src/main/java/com/bumptech/glide/Registry.java
METHOD	com.bumptech.glide.Registry	append(java.lang.Class,com.bumptech.glide.load.Encoder)	null	null	/home/nima/Developer/nullness-benchmarks/glide/library/src/main/java/com/bumptech/glide/Registry.java
PARAMETER	com.bumptech.glide.Registry	prepend(java.lang.Class,com.bumptech.glide.load.Encoder)	dataClass	0	/home/nima/Developer/nullness-benchmarks/glide/library/src/main/java/com/bumptech/glide/Registry.java
PARAMETER	com.bumptech.glide.Registry	prepend(java.lang.Class,com.bumptech.glide.load.Encoder)	encoder	1	/home/nima/Developer/nullness-benchmarks/glide/library/src/main/java/com/bumptech/glide/Registry.java
METHOD	com.bumptech.glide.Registry	prepend(java.lang.Class,com.bumptech.glide.load.Encoder)	null	null	/home/nima/Developer/nullness-benchmarks/glide/library/src/main/java/com/bumptech/glide/Registry.java
PARAMETER	com.bumptech.glide.Registry	append(java.lang.Class,java.lang.Class,com.bumptech.glide.load.ResourceDecoder)	dataClass	0	/home/nima/Developer/nullness-benchmarks/glide/library/src/main/java/com/bumptech/glide/Registry.java
PARAMETER	com.bumptech.glide.Registry	append(java.lang.Class,java.lang.Class,com.bumptech.glide.load.ResourceDecoder)	resourceClass	1	/home/nima/Developer/nullness-benchmarks/glide/library/src/main/java/com/bumptech/glide/Registry.java
PARAMETER	com.bumptech.glide.Registry	append(java.lang.Class,java.lang.Class,com.bumptech.glide.load.ResourceDecoder)	decoder	2	/home/nima/Developer/nullness-benchmarks/glide/library/src/main/java/com/bumptech/glide/Registry.java
METHOD	com.bumptech.glide.Registry	append(java.lang.Class,java.lang.Class,com.bumptech.glide.load.ResourceDecoder)	null	null	/home/nima/Developer/nullness-benchmarks/glide/library/src/main/java/com/bumptech/glide/Registry.java
PARAMETER	com.bumptech.glide.Registry	append(java.lang.String,java.lang.Class,java.lang.Class,com.bumptech.glide.load.ResourceDecoder)	bucket	0	/home/nima/Developer/nullness-benchmarks/glide/library/src/main/java/com/bumptech/glide/Registry.java
PARAMETER	com.bumptech.glide.Registry	append(java.lang.String,java.lang.Class,java.lang.Class,com.bumptech.glide.load.ResourceDecoder)	dataClass	1	/home/nima/Developer/nullness-benchmarks/glide/library/src/main/java/com/bumptech/glide/Registry.java
PARAMETER	com.bumptech.glide.Registry	append(java.lang.String,java.lang.Class,java.lang.Class,com.bumptech.glide.load.ResourceDecoder)	resourceClass	2	/home/nima/Developer/nullness-benchmarks/glide/library/src/main/java/com/bumptech/glide/Registry.java
PARAMETER	com.bumptech.glide.Registry	append(java.lang.String,java.lang.Class,java.lang.Class,com.bumptech.glide.load.ResourceDecoder)	decoder	3	/home/nima/Developer/nullness-benchmarks/glide/library/src/main/java/com/bumptech/glide/Registry.java
METHOD	com.bumptech.glide.Registry	append(java.lang.String,java.lang.Class,java.lang.Class,com.bumptech.glide.load.ResourceDecoder)	null	null	/home/nima/Developer/nullness-benchmarks/glide/library/src/main/java/com/bumptech/glide/Registry.java
PARAMETER	com.bumptech.glide.Registry	prepend(java.lang.Class,java.lang.Class,com.bumptech.glide.load.ResourceDecoder)	dataClass	0	/home/nima/Developer/nullness-benchmarks/glide/library/src/main/java/com/bumptech/glide/Registry.java
PARAMETER	com.bumptech.glide.Registry	prepend(java.lang.Class,java.lang.Class,com.bumptech.glide.load.ResourceDecoder)	resourceClass	1	/home/nima/Developer/nullness-benchmarks/glide/library/src/main/java/com/bumptech/glide/Registry.java
PARAMETER	com.bumptech.glide.Registry	prepend(java.lang.Class,java.lang.Class,com.bumptech.glide.load.ResourceDecoder)	decoder	2	/home/nima/Developer/nullness-benchmarks/glide/library/src/main/java/com/bumptech/glide/Registry.java
METHOD	com.bumptech.glide.Registry	prepend(java.lang.Class,java.lang.Class,com.bumptech.glide.load.ResourceDecoder)	null	null	/home/nima/Developer/nullness-benchmarks/glide/library/src/main/java/com/bumptech/glide/Registry.java
PARAMETER	com.bumptech.glide.Registry	prepend(java.lang.String,java.lang.Class,java.lang.Class,com.bumptech.glide.load.ResourceDecoder)	bucket	0	/home/nima/Developer/nullness-benchmarks/glide/library/src/main/java/com/bumptech/glide/Registry.java
PARAMETER	com.bumptech.glide.Registry	prepend(java.lang.String,java.lang.Class,java.lang.Class,com.bumptech.glide.load.ResourceDecoder)	dataClass	1	/home/nima/Developer/nullness-benchmarks/glide/library/src/main/java/com/bumptech/glide/Registry.java
PARAMETER	com.bumptech.glide.Registry	prepend(java.lang.String,java.lang.Class,java.lang.Class,com.bumptech.glide.load.ResourceDecoder)	resourceClass	2	/home/nima/Developer/nullness-benchmarks/glide/library/src/main/java/com/bumptech/glide/Registry.java
PARAMETER	com.bumptech.glide.Registry	prepend(java.lang.String,java.lang.Class,java.lang.Class,com.bumptech.glide.load.ResourceDecoder)	decoder	3	/home/nima/Developer/nullness-benchmarks/glide/library/src/main/java/com/bumptech/glide/Registry.java
METHOD	com.bumptech.glide.Registry	prepend(java.lang.String,java.lang.Class,java.lang.Class,com.bumptech.glide.load.ResourceDecoder)	null	null	/home/nima/Developer/nullness-benchmarks/glide/library/src/main/java/com/bumptech/glide/Registry.java
PARAMETER	com.bumptech.glide.Registry	setResourceDecoderBucketPriorityList(java.util.List)	buckets	0	/home/nima/Developer/nullness-benchmarks/glide/library/src/main/java/com/bumptech/glide/Registry.java
METHOD	com.bumptech.glide.Registry	setResourceDecoderBucketPriorityList(java.util.List)	null	null	/home/nima/Developer/nullness-benchmarks/glide/library/src/main/java/com/bumptech/glide/Registry.java
PARAMETER	com.bumptech.glide.Registry	register(java.lang.Class,com.bumptech.glide.load.ResourceEncoder)	resourceClass	0	/home/nima/Developer/nullness-benchmarks/glide/library/src/main/java/com/bumptech/glide/Registry.java
PARAMETER	com.bumptech.glide.Registry	register(java.lang.Class,com.bumptech.glide.load.ResourceEncoder)	encoder	1	/home/nima/Developer/nullness-benchmarks/glide/library/src/main/java/com/bumptech/glide/Registry.java
METHOD	com.bumptech.glide.Registry	register(java.lang.Class,com.bumptech.glide.load.ResourceEncoder)	null	null	/home/nima/Developer/nullness-benchmarks/glide/library/src/main/java/com/bumptech/glide/Registry.java
PARAMETER	com.bumptech.glide.Registry	append(java.lang.Class,com.bumptech.glide.load.ResourceEncoder)	resourceClass	0	/home/nima/Developer/nullness-benchmarks/glide/library/src/main/java/com/bumptech/glide/Registry.java
PARAMETER	com.bumptech.glide.Registry	append(java.lang.Class,com.bumptech.glide.load.ResourceEncoder)	encoder	1	/home/nima/Developer/nullness-benchmarks/glide/library/src/main/java/com/bumptech/glide/Registry.java
METHOD	com.bumptech.glide.Registry	append(java.lang.Class,com.bumptech.glide.load.ResourceEncoder)	null	null	/home/nima/Developer/nullness-benchmarks/glide/library/src/main/java/com/bumptech/glide/Registry.java
PARAMETER	com.bumptech.glide.Registry	prepend(java.lang.Class,com.bumptech.glide.load.ResourceEncoder)	resourceClass	0	/home/nima/Developer/nullness-benchmarks/glide/library/src/main/java/com/bumptech/glide/Registry.java
PARAMETER	com.bumptech.glide.Registry	prepend(java.lang.Class,com.bumptech.glide.load.ResourceEncoder)	encoder	1	/home/nima/Developer/nullness-benchmarks/glide/library/src/main/java/com/bumptech/glide/Registry.java
METHOD	com.bumptech.glide.Registry	prepend(java.lang.Class,com.bumptech.glide.load.ResourceEncoder)	null	null	/home/nima/Developer/nullness-benchmarks/glide/library/src/main/java/com/bumptech/glide/Registry.java
PARAMETER	com.bumptech.glide.Registry	register(com.bumptech.glide.load.data.DataRewinder.Factory)	factory	0	/home/nima/Developer/nullness-benchmarks/glide/library/src/main/java/com/bumptech/glide/Registry.java
METHOD	com.bumptech.glide.Registry	register(com.bumptech.glide.load.data.DataRewinder.Factory)	null	null	/home/nima/Developer/nullness-benchmarks/glide/library/src/main/java/com/bumptech/glide/Registry.java
PARAMETER	com.bumptech.glide.Registry	register(java.lang.Class,java.lang.Class,com.bumptech.glide.load.resource.transcode.ResourceTranscoder)	resourceClass	0	/home/nima/Developer/nullness-benchmarks/glide/library/src/main/java/com/bumptech/glide/Registry.java
PARAMETER	com.bumptech.glide.Registry	register(java.lang.Class,java.lang.Class,com.bumptech.glide.load.resource.transcode.ResourceTranscoder)	transcodeClass	1	/home/nima/Developer/nullness-benchmarks/glide/library/src/main/java/com/bumptech/glide/Registry.java
PARAMETER	com.bumptech.glide.Registry	register(java.lang.Class,java.lang.Class,com.bumptech.glide.load.resource.transcode.ResourceTranscoder)	transcoder	2	/home/nima/Developer/nullness-benchmarks/glide/library/src/main/java/com/bumptech/glide/Registry.java
METHOD	com.bumptech.glide.Registry	register(java.lang.Class,java.lang.Class,com.bumptech.glide.load.resource.transcode.ResourceTranscoder)	null	null	/home/nima/Developer/nullness-benchmarks/glide/library/src/main/java/com/bumptech/glide/Registry.java
PARAMETER	com.bumptech.glide.Registry	register(com.bumptech.glide.load.ImageHeaderParser)	parser	0	/home/nima/Developer/nullness-benchmarks/glide/library/src/main/java/com/bumptech/glide/Registry.java
METHOD	com.bumptech.glide.Registry	register(com.bumptech.glide.load.ImageHeaderParser)	null	null	/home/nima/Developer/nullness-benchmarks/glide/library/src/main/java/com/bumptech/glide/Registry.java
PARAMETER	com.bumptech.glide.Registry	append(java.lang.Class,java.lang.Class,com.bumptech.glide.load.model.ModelLoaderFactory)	modelClass	0	/home/nima/Developer/nullness-benchmarks/glide/library/src/main/java/com/bumptech/glide/Registry.java
PARAMETER	com.bumptech.glide.Registry	append(java.lang.Class,java.lang.Class,com.bumptech.glide.load.model.ModelLoaderFactory)	dataClass	1	/home/nima/Developer/nullness-benchmarks/glide/library/src/main/java/com/bumptech/glide/Registry.java
PARAMETER	com.bumptech.glide.Registry	append(java.lang.Class,java.lang.Class,com.bumptech.glide.load.model.ModelLoaderFactory)	factory	2	/home/nima/Developer/nullness-benchmarks/glide/library/src/main/java/com/bumptech/glide/Registry.java
METHOD	com.bumptech.glide.Registry	append(java.lang.Class,java.lang.Class,com.bumptech.glide.load.model.ModelLoaderFactory)	null	null	/home/nima/Developer/nullness-benchmarks/glide/library/src/main/java/com/bumptech/glide/Registry.java
PARAMETER	com.bumptech.glide.Registry	prepend(java.lang.Class,java.lang.Class,com.bumptech.glide.load.model.ModelLoaderFactory)	modelClass	0	/home/nima/Developer/nullness-benchmarks/glide/library/src/main/java/com/bumptech/glide/Registry.java
PARAMETER	com.bumptech.glide.Registry	prepend(java.lang.Class,java.lang.Class,com.bumptech.glide.load.model.ModelLoaderFactory)	dataClass	1	/home/nima/Developer/nullness-benchmarks/glide/library/src/main/java/com/bumptech/glide/Registry.java
PARAMETER	com.bumptech.glide.Registry	prepend(java.lang.Class,java.lang.Class,com.bumptech.glide.load.model.ModelLoaderFactory)	factory	2	/home/nima/Developer/nullness-benchmarks/glide/library/src/main/java/com/bumptech/glide/Registry.java
METHOD	com.bumptech.glide.Registry	prepend(java.lang.Class,java.lang.Class,com.bumptech.glide.load.model.ModelLoaderFactory)	null	null	/home/nima/Developer/nullness-benchmarks/glide/library/src/main/java/com/bumptech/glide/Registry.java
PARAMETER	com.bumptech.glide.Registry	replace(java.lang.Class,java.lang.Class,com.bumptech.glide.load.model.ModelLoaderFactory)	modelClass	0	/home/nima/Developer/nullness-benchmarks/glide/library/src/main/java/com/bumptech/glide/Registry.java
PARAMETER	com.bumptech.glide.Registry	replace(java.lang.Class,java.lang.Class,com.bumptech.glide.load.model.ModelLoaderFactory)	dataClass	1	/home/nima/Developer/nullness-benchmarks/glide/library/src/main/java/com/bumptech/glide/Registry.java
PARAMETER	com.bumptech.glide.Registry	replace(java.lang.Class,java.lang.Class,com.bumptech.glide.load.model.ModelLoaderFactory)	factory	2	/home/nima/Developer/nullness-benchmarks/glide/library/src/main/java/com/bumptech/glide/Registry.java
METHOD	com.bumptech.glide.Registry	replace(java.lang.Class,java.lang.Class,com.bumptech.glide.load.model.ModelLoaderFactory)	null	null	/home/nima/Developer/nullness-benchmarks/glide/library/src/main/java/com/bumptech/glide/Registry.java
PARAMETER	com.bumptech.glide.Registry	getLoadPath(java.lang.Class,java.lang.Class,java.lang.Class)	dataClass	0	/home/nima/Developer/nullness-benchmarks/glide/library/src/main/java/com/bumptech/glide/Registry.java
PARAMETER	com.bumptech.glide.Registry	getLoadPath(java.lang.Class,java.lang.Class,java.lang.Class)	resourceClass	1	/home/nima/Developer/nullness-benchmarks/glide/library/src/main/java/com/bumptech/glide/Registry.java
PARAMETER	com.bumptech.glide.Registry	getLoadPath(java.lang.Class,java.lang.Class,java.lang.Class)	transcodeClass	2	/home/nima/Developer/nullness-benchmarks/glide/library/src/main/java/com/bumptech/glide/Registry.java
PARAMETER	com.bumptech.glide.Registry	getDecodePaths(java.lang.Class,java.lang.Class,java.lang.Class)	dataClass	0	/home/nima/Developer/nullness-benchmarks/glide/library/src/main/java/com/bumptech/glide/Registry.java
PARAMETER	com.bumptech.glide.Registry	getDecodePaths(java.lang.Class,java.lang.Class,java.lang.Class)	resourceClass	1	/home/nima/Developer/nullness-benchmarks/glide/library/src/main/java/com/bumptech/glide/Registry.java
PARAMETER	com.bumptech.glide.Registry	getDecodePaths(java.lang.Class,java.lang.Class,java.lang.Class)	transcodeClass	2	/home/nima/Developer/nullness-benchmarks/glide/library/src/main/java/com/bumptech/glide/Registry.java
METHOD	com.bumptech.glide.Registry	getDecodePaths(java.lang.Class,java.lang.Class,java.lang.Class)	null	null	/home/nima/Developer/nullness-benchmarks/glide/library/src/main/java/com/bumptech/glide/Registry.java
PARAMETER	com.bumptech.glide.Registry	getRegisteredResourceClasses(java.lang.Class,java.lang.Class,java.lang.Class)	modelClass	0	/home/nima/Developer/nullness-benchmarks/glide/library/src/main/java/com/bumptech/glide/Registry.java
PARAMETER	com.bumptech.glide.Registry	getRegisteredResourceClasses(java.lang.Class,java.lang.Class,java.lang.Class)	resourceClass	1	/home/nima/Developer/nullness-benchmarks/glide/library/src/main/java/com/bumptech/glide/Registry.java
PARAMETER	com.bumptech.glide.Registry	getRegisteredResourceClasses(java.lang.Class,java.lang.Class,java.lang.Class)	transcodeClass	2	/home/nima/Developer/nullness-benchmarks/glide/library/src/main/java/com/bumptech/glide/Registry.java
METHOD	com.bumptech.glide.Registry	getRegisteredResourceClasses(java.lang.Class,java.lang.Class,java.lang.Class)	null	null	/home/nima/Developer/nullness-benchmarks/glide/library/src/main/java/com/bumptech/glide/Registry.java
PARAMETER	com.bumptech.glide.Registry	isResourceEncoderAvailable(com.bumptech.glide.load.engine.Resource)	resource	0	/home/nima/Developer/nullness-benchmarks/glide/library/src/main/java/com/bumptech/glide/Registry.java
PARAMETER	com.bumptech.glide.Registry	getResultEncoder(com.bumptech.glide.load.engine.Resource)	resource	0	/home/nima/Developer/nullness-benchmarks/glide/library/src/main/java/com/bumptech/glide/Registry.java
METHOD	com.bumptech.glide.Registry	getResultEncoder(com.bumptech.glide.load.engine.Resource)	null	null	/home/nima/Developer/nullness-benchmarks/glide/library/src/main/java/com/bumptech/glide/Registry.java
PARAMETER	com.bumptech.glide.Registry	getSourceEncoder(X)	data	0	/home/nima/Developer/nullness-benchmarks/glide/library/src/main/java/com/bumptech/glide/Registry.java
METHOD	com.bumptech.glide.Registry	getSourceEncoder(X)	null	null	/home/nima/Developer/nullness-benchmarks/glide/library/src/main/java/com/bumptech/glide/Registry.java
PARAMETER	com.bumptech.glide.Registry	getRewinder(X)	data	0	/home/nima/Developer/nullness-benchmarks/glide/library/src/main/java/com/bumptech/glide/Registry.java
METHOD	com.bumptech.glide.Registry	getRewinder(X)	null	null	/home/nima/Developer/nullness-benchmarks/glide/library/src/main/java/com/bumptech/glide/Registry.java
PARAMETER	com.bumptech.glide.Registry	getModelLoaders(Model)	model	0	/home/nima/Developer/nullness-benchmarks/glide/library/src/main/java/com/bumptech/glide/Registry.java
METHOD	com.bumptech.glide.Registry	getModelLoaders(Model)	null	null	/home/nima/Developer/nullness-benchmarks/glide/library/src/main/java/com/bumptech/glide/Registry.java
METHOD	com.bumptech.glide.Registry	getImageHeaderParsers()	null	null	/home/nima/Developer/nullness-benchmarks/glide/library/src/main/java/com/bumptech/glide/Registry.java
PARAMETER	com.bumptech.glide.Registry$NoModelLoaderAvailableException	NoModelLoaderAvailableException(java.lang.Object)	model	0	/home/nima/Developer/nullness-benchmarks/glide/library/src/main/java/com/bumptech/glide/Registry.java
PARAMETER	com.bumptech.glide.Registry$NoModelLoaderAvailableException	NoModelLoaderAvailableException(M,java.util.List)	model	0	/home/nima/Developer/nullness-benchmarks/glide/library/src/main/java/com/bumptech/glide/Registry.java
PARAMETER	com.bumptech.glide.Registry$NoModelLoaderAvailableException	NoModelLoaderAvailableException(M,java.util.List)	matchingButNotHandlingModelLoaders	1	/home/nima/Developer/nullness-benchmarks/glide/library/src/main/java/com/bumptech/glide/Registry.java
PARAMETER	com.bumptech.glide.Registry$NoModelLoaderAvailableException	NoModelLoaderAvailableException(java.lang.Class,java.lang.Class)	modelClass	0	/home/nima/Developer/nullness-benchmarks/glide/library/src/main/java/com/bumptech/glide/Registry.java
PARAMETER	com.bumptech.glide.Registry$NoModelLoaderAvailableException	NoModelLoaderAvailableException(java.lang.Class,java.lang.Class)	dataClass	1	/home/nima/Developer/nullness-benchmarks/glide/library/src/main/java/com/bumptech/glide/Registry.java
PARAMETER	com.bumptech.glide.Registry$NoResultEncoderAvailableException	NoResultEncoderAvailableException(java.lang.Class)	resourceClass	0	/home/nima/Developer/nullness-benchmarks/glide/library/src/main/java/com/bumptech/glide/Registry.java
PARAMETER	com.bumptech.glide.Registry$NoSourceEncoderAvailableException	NoSourceEncoderAvailableException(java.lang.Class)	dataClass	0	/home/nima/Developer/nullness-benchmarks/glide/library/src/main/java/com/bumptech/glide/Registry.java
PARAMETER	com.bumptech.glide.Registry$MissingComponentException	MissingComponentException(java.lang.String)	message	0	/home/nima/Developer/nullness-benchmarks/glide/library/src/main/java/com/bumptech/glide/Registry.java
PARAMETER	com.bumptech.glide.load.model.ModelLoaderRegistry	ModelLoaderRegistry(androidx.core.util.Pools.Pool)	throwableListPool	0	/home/nima/Developer/nullness-benchmarks/glide/library/src/main/java/com/bumptech/glide/load/model/ModelLoaderRegistry.java
PARAMETER	com.bumptech.glide.load.model.ModelLoaderRegistry	ModelLoaderRegistry(com.bumptech.glide.load.model.MultiModelLoaderFactory)	multiModelLoaderFactory	0	/home/nima/Developer/nullness-benchmarks/glide/library/src/main/java/com/bumptech/glide/load/model/ModelLoaderRegistry.java
PARAMETER	com.bumptech.glide.load.model.ModelLoaderRegistry	append(java.lang.Class,java.lang.Class,com.bumptech.glide.load.model.ModelLoaderFactory)	modelClass	0	/home/nima/Developer/nullness-benchmarks/glide/library/src/main/java/com/bumptech/glide/load/model/ModelLoaderRegistry.java
PARAMETER	com.bumptech.glide.load.model.ModelLoaderRegistry	append(java.lang.Class,java.lang.Class,com.bumptech.glide.load.model.ModelLoaderFactory)	dataClass	1	/home/nima/Developer/nullness-benchmarks/glide/library/src/main/java/com/bumptech/glide/load/model/ModelLoaderRegistry.java
PARAMETER	com.bumptech.glide.load.model.ModelLoaderRegistry	append(java.lang.Class,java.lang.Class,com.bumptech.glide.load.model.ModelLoaderFactory)	factory	2	/home/nima/Developer/nullness-benchmarks/glide/library/src/main/java/com/bumptech/glide/load/model/ModelLoaderRegistry.java
PARAMETER	com.bumptech.glide.load.model.ModelLoaderRegistry	prepend(java.lang.Class,java.lang.Class,com.bumptech.glide.load.model.ModelLoaderFactory)	modelClass	0	/home/nima/Developer/nullness-benchmarks/glide/library/src/main/java/com/bumptech/glide/load/model/ModelLoaderRegistry.java
PARAMETER	com.bumptech.glide.load.model.ModelLoaderRegistry	prepend(java.lang.Class,java.lang.Class,com.bumptech.glide.load.model.ModelLoaderFactory)	dataClass	1	/home/nima/Developer/nullness-benchmarks/glide/library/src/main/java/com/bumptech/glide/load/model/ModelLoaderRegistry.java
PARAMETER	com.bumptech.glide.load.model.ModelLoaderRegistry	prepend(java.lang.Class,java.lang.Class,com.bumptech.glide.load.model.ModelLoaderFactory)	factory	2	/home/nima/Developer/nullness-benchmarks/glide/library/src/main/java/com/bumptech/glide/load/model/ModelLoaderRegistry.java
PARAMETER	com.bumptech.glide.load.model.ModelLoaderRegistry	remove(java.lang.Class,java.lang.Class)	modelClass	0	/home/nima/Developer/nullness-benchmarks/glide/library/src/main/java/com/bumptech/glide/load/model/ModelLoaderRegistry.java
PARAMETER	com.bumptech.glide.load.model.ModelLoaderRegistry	remove(java.lang.Class,java.lang.Class)	dataClass	1	/home/nima/Developer/nullness-benchmarks/glide/library/src/main/java/com/bumptech/glide/load/model/ModelLoaderRegistry.java
PARAMETER	com.bumptech.glide.load.model.ModelLoaderRegistry	replace(java.lang.Class,java.lang.Class,com.bumptech.glide.load.model.ModelLoaderFactory)	modelClass	0	/home/nima/Developer/nullness-benchmarks/glide/library/src/main/java/com/bumptech/glide/load/model/ModelLoaderRegistry.java
PARAMETER	com.bumptech.glide.load.model.ModelLoaderRegistry	replace(java.lang.Class,java.lang.Class,com.bumptech.glide.load.model.ModelLoaderFactory)	dataClass	1	/home/nima/Developer/nullness-benchmarks/glide/library/src/main/java/com/bumptech/glide/load/model/ModelLoaderRegistry.java
PARAMETER	com.bumptech.glide.load.model.ModelLoaderRegistry	replace(java.lang.Class,java.lang.Class,com.bumptech.glide.load.model.ModelLoaderFactory)	factory	2	/home/nima/Developer/nullness-benchmarks/glide/library/src/main/java/com/bumptech/glide/load/model/ModelLoaderRegistry.java
PARAMETER	com.bumptech.glide.load.model.ModelLoaderRegistry	tearDown(java.util.List)	factories	0	/home/nima/Developer/nullness-benchmarks/glide/library/src/main/java/com/bumptech/glide/load/model/ModelLoaderRegistry.java
PARAMETER	com.bumptech.glide.load.model.ModelLoaderRegistry	getModelLoaders(A)	model	0	/home/nima/Developer/nullness-benchmarks/glide/library/src/main/java/com/bumptech/glide/load/model/ModelLoaderRegistry.java
METHOD	com.bumptech.glide.load.model.ModelLoaderRegistry	getModelLoaders(A)	null	null	/home/nima/Developer/nullness-benchmarks/glide/library/src/main/java/com/bumptech/glide/load/model/ModelLoaderRegistry.java
PARAMETER	com.bumptech.glide.load.model.ModelLoaderRegistry	build(java.lang.Class,java.lang.Class)	modelClass	0	/home/nima/Developer/nullness-benchmarks/glide/library/src/main/java/com/bumptech/glide/load/model/ModelLoaderRegistry.java
PARAMETER	com.bumptech.glide.load.model.ModelLoaderRegistry	build(java.lang.Class,java.lang.Class)	dataClass	1	/home/nima/Developer/nullness-benchmarks/glide/library/src/main/java/com/bumptech/glide/load/model/ModelLoaderRegistry.java
PARAMETER	com.bumptech.glide.load.model.ModelLoaderRegistry	getDataClasses(java.lang.Class)	modelClass	0	/home/nima/Developer/nullness-benchmarks/glide/library/src/main/java/com/bumptech/glide/load/model/ModelLoaderRegistry.java
METHOD	com.bumptech.glide.load.model.ModelLoaderRegistry	getDataClasses(java.lang.Class)	null	null	/home/nima/Developer/nullness-benchmarks/glide/library/src/main/java/com/bumptech/glide/load/model/ModelLoaderRegistry.java
PARAMETER	com.bumptech.glide.load.model.ModelLoaderRegistry	getModelLoadersForClass(java.lang.Class)	modelClass	0	/home/nima/Developer/nullness-benchmarks/glide/library/src/main/java/com/bumptech/glide/load/model/ModelLoaderRegistry.java
METHOD	com.bumptech.glide.load.model.ModelLoaderRegistry	getModelLoadersForClass(java.lang.Class)	null	null	/home/nima/Developer/nullness-benchmarks/glide/library/src/main/java/com/bumptech/glide/load/model/ModelLoaderRegistry.java
PARAMETER	com.bumptech.glide.load.model.ModelLoaderRegistry	getClass(A)	model	0	/home/nima/Developer/nullness-benchmarks/glide/library/src/main/java/com/bumptech/glide/load/model/ModelLoaderRegistry.java
METHOD	com.bumptech.glide.load.model.ModelLoaderRegistry	getClass(A)	null	null	/home/nima/Developer/nullness-benchmarks/glide/library/src/main/java/com/bumptech/glide/load/model/ModelLoaderRegistry.java
PARAMETER	com.bumptech.glide.provider.EncoderRegistry	getEncoder(java.lang.Class)	dataClass	0	/home/nima/Developer/nullness-benchmarks/glide/library/src/main/java/com/bumptech/glide/provider/EncoderRegistry.java
PARAMETER	com.bumptech.glide.provider.EncoderRegistry	append(java.lang.Class,com.bumptech.glide.load.Encoder)	dataClass	0	/home/nima/Developer/nullness-benchmarks/glide/library/src/main/java/com/bumptech/glide/provider/EncoderRegistry.java
PARAMETER	com.bumptech.glide.provider.EncoderRegistry	append(java.lang.Class,com.bumptech.glide.load.Encoder)	encoder	1	/home/nima/Developer/nullness-benchmarks/glide/library/src/main/java/com/bumptech/glide/provider/EncoderRegistry.java
PARAMETER	com.bumptech.glide.provider.EncoderRegistry	prepend(java.lang.Class,com.bumptech.glide.load.Encoder)	dataClass	0	/home/nima/Developer/nullness-benchmarks/glide/library/src/main/java/com/bumptech/glide/provider/EncoderRegistry.java
PARAMETER	com.bumptech.glide.provider.EncoderRegistry	prepend(java.lang.Class,com.bumptech.glide.load.Encoder)	encoder	1	/home/nima/Developer/nullness-benchmarks/glide/library/src/main/java/com/bumptech/glide/provider/EncoderRegistry.java
PARAMETER	com.bumptech.glide.provider.EncoderRegistry$Entry	Entry(java.lang.Class,com.bumptech.glide.load.Encoder)	dataClass	0	/home/nima/Developer/nullness-benchmarks/glide/library/src/main/java/com/bumptech/glide/provider/EncoderRegistry.java
PARAMETER	com.bumptech.glide.provider.EncoderRegistry$Entry	Entry(java.lang.Class,com.bumptech.glide.load.Encoder)	encoder	1	/home/nima/Developer/nullness-benchmarks/glide/library/src/main/java/com/bumptech/glide/provider/EncoderRegistry.java
PARAMETER	com.bumptech.glide.provider.EncoderRegistry$Entry	handles(java.lang.Class)	dataClass	0	/home/nima/Developer/nullness-benchmarks/glide/library/src/main/java/com/bumptech/glide/provider/EncoderRegistry.java
PARAMETER	com.bumptech.glide.provider.ResourceDecoderRegistry	setBucketPriorityList(java.util.List)	buckets	0	/home/nima/Developer/nullness-benchmarks/glide/library/src/main/java/com/bumptech/glide/provider/ResourceDecoderRegistry.java
PARAMETER	com.bumptech.glide.provider.ResourceDecoderRegistry	getDecoders(java.lang.Class,java.lang.Class)	dataClass	0	/home/nima/Developer/nullness-benchmarks/glide/library/src/main/java/com/bumptech/glide/provider/ResourceDecoderRegistry.java
PARAMETER	com.bumptech.glide.provider.ResourceDecoderRegistry	getDecoders(java.lang.Class,java.lang.Class)	resourceClass	1	/home/nima/Developer/nullness-benchmarks/glide/library/src/main/java/com/bumptech/glide/provider/ResourceDecoderRegistry.java
METHOD	com.bumptech.glide.provider.ResourceDecoderRegistry	getDecoders(java.lang.Class,java.lang.Class)	null	null	/home/nima/Developer/nullness-benchmarks/glide/library/src/main/java/com/bumptech/glide/provider/ResourceDecoderRegistry.java
PARAMETER	com.bumptech.glide.provider.ResourceDecoderRegistry	getResourceClasses(java.lang.Class,java.lang.Class)	dataClass	0	/home/nima/Developer/nullness-benchmarks/glide/library/src/main/java/com/bumptech/glide/provider/ResourceDecoderRegistry.java
PARAMETER	com.bumptech.glide.provider.ResourceDecoderRegistry	getResourceClasses(java.lang.Class,java.lang.Class)	resourceClass	1	/home/nima/Developer/nullness-benchmarks/glide/library/src/main/java/com/bumptech/glide/provider/ResourceDecoderRegistry.java
METHOD	com.bumptech.glide.provider.ResourceDecoderRegistry	getResourceClasses(java.lang.Class,java.lang.Class)	null	null	/home/nima/Developer/nullness-benchmarks/glide/library/src/main/java/com/bumptech/glide/provider/ResourceDecoderRegistry.java
PARAMETER	com.bumptech.glide.provider.ResourceDecoderRegistry	append(java.lang.String,com.bumptech.glide.load.ResourceDecoder,java.lang.Class,java.lang.Class)	bucket	0	/home/nima/Developer/nullness-benchmarks/glide/library/src/main/java/com/bumptech/glide/provider/ResourceDecoderRegistry.java
PARAMETER	com.bumptech.glide.provider.ResourceDecoderRegistry	append(java.lang.String,com.bumptech.glide.load.ResourceDecoder,java.lang.Class,java.lang.Class)	decoder	1	/home/nima/Developer/nullness-benchmarks/glide/library/src/main/java/com/bumptech/glide/provider/ResourceDecoderRegistry.java
PARAMETER	com.bumptech.glide.provider.ResourceDecoderRegistry	append(java.lang.String,com.bumptech.glide.load.ResourceDecoder,java.lang.Class,java.lang.Class)	dataClass	2	/home/nima/Developer/nullness-benchmarks/glide/library/src/main/java/com/bumptech/glide/provider/ResourceDecoderRegistry.java
PARAMETER	com.bumptech.glide.provider.ResourceDecoderRegistry	append(java.lang.String,com.bumptech.glide.load.ResourceDecoder,java.lang.Class,java.lang.Class)	resourceClass	3	/home/nima/Developer/nullness-benchmarks/glide/library/src/main/java/com/bumptech/glide/provider/ResourceDecoderRegistry.java
PARAMETER	com.bumptech.glide.provider.ResourceDecoderRegistry	prepend(java.lang.String,com.bumptech.glide.load.ResourceDecoder,java.lang.Class,java.lang.Class)	bucket	0	/home/nima/Developer/nullness-benchmarks/glide/library/src/main/java/com/bumptech/glide/provider/ResourceDecoderRegistry.java
PARAMETER	com.bumptech.glide.provider.ResourceDecoderRegistry	prepend(java.lang.String,com.bumptech.glide.load.ResourceDecoder,java.lang.Class,java.lang.Class)	decoder	1	/home/nima/Developer/nullness-benchmarks/glide/library/src/main/java/com/bumptech/glide/provider/ResourceDecoderRegistry.java
PARAMETER	com.bumptech.glide.provider.ResourceDecoderRegistry	prepend(java.lang.String,com.bumptech.glide.load.ResourceDecoder,java.lang.Class,java.lang.Class)	dataClass	2	/home/nima/Developer/nullness-benchmarks/glide/library/src/main/java/com/bumptech/glide/provider/ResourceDecoderRegistry.java
PARAMETER	com.bumptech.glide.provider.ResourceDecoderRegistry	prepend(java.lang.String,com.bumptech.glide.load.ResourceDecoder,java.lang.Class,java.lang.Class)	resourceClass	3	/home/nima/Developer/nullness-benchmarks/glide/library/src/main/java/com/bumptech/glide/provider/ResourceDecoderRegistry.java
PARAMETER	com.bumptech.glide.provider.ResourceDecoderRegistry	getOrAddEntryList(java.lang.String)	bucket	0	/home/nima/Developer/nullness-benchmarks/glide/library/src/main/java/com/bumptech/glide/provider/ResourceDecoderRegistry.java
METHOD	com.bumptech.glide.provider.ResourceDecoderRegistry	getOrAddEntryList(java.lang.String)	null	null	/home/nima/Developer/nullness-benchmarks/glide/library/src/main/java/com/bumptech/glide/provider/ResourceDecoderRegistry.java
PARAMETER	com.bumptech.glide.provider.ResourceDecoderRegistry$Entry	Entry(java.lang.Class,java.lang.Class,com.bumptech.glide.load.ResourceDecoder)	dataClass	0	/home/nima/Developer/nullness-benchmarks/glide/library/src/main/java/com/bumptech/glide/provider/ResourceDecoderRegistry.java
PARAMETER	com.bumptech.glide.provider.ResourceDecoderRegistry$Entry	Entry(java.lang.Class,java.lang.Class,com.bumptech.glide.load.ResourceDecoder)	resourceClass	1	/home/nima/Developer/nullness-benchmarks/glide/library/src/main/java/com/bumptech/glide/provider/ResourceDecoderRegistry.java
PARAMETER	com.bumptech.glide.provider.ResourceDecoderRegistry$Entry	handles(java.lang.Class,java.lang.Class)	dataClass	0	/home/nima/Developer/nullness-benchmarks/glide/library/src/main/java/com/bumptech/glide/provider/ResourceDecoderRegistry.java
PARAMETER	com.bumptech.glide.provider.ResourceDecoderRegistry$Entry	handles(java.lang.Class,java.lang.Class)	resourceClass	1	/home/nima/Developer/nullness-benchmarks/glide/library/src/main/java/com/bumptech/glide/provider/ResourceDecoderRegistry.java
PARAMETER	com.bumptech.glide.provider.ResourceEncoderRegistry	append(java.lang.Class,com.bumptech.glide.load.ResourceEncoder)	resourceClass	0	/home/nima/Developer/nullness-benchmarks/glide/library/src/main/java/com/bumptech/glide/provider/ResourceEncoderRegistry.java
PARAMETER	com.bumptech.glide.provider.ResourceEncoderRegistry	append(java.lang.Class,com.bumptech.glide.load.ResourceEncoder)	encoder	1	/home/nima/Developer/nullness-benchmarks/glide/library/src/main/java/com/bumptech/glide/provider/ResourceEncoderRegistry.java
PARAMETER	com.bumptech.glide.provider.ResourceEncoderRegistry	prepend(java.lang.Class,com.bumptech.glide.load.ResourceEncoder)	resourceClass	0	/home/nima/Developer/nullness-benchmarks/glide/library/src/main/java/com/bumptech/glide/provider/ResourceEncoderRegistry.java
PARAMETER	com.bumptech.glide.provider.ResourceEncoderRegistry	prepend(java.lang.Class,com.bumptech.glide.load.ResourceEncoder)	encoder	1	/home/nima/Developer/nullness-benchmarks/glide/library/src/main/java/com/bumptech/glide/provider/ResourceEncoderRegistry.java
PARAMETER	com.bumptech.glide.provider.ResourceEncoderRegistry	get(java.lang.Class)	resourceClass	0	/home/nima/Developer/nullness-benchmarks/glide/library/src/main/java/com/bumptech/glide/provider/ResourceEncoderRegistry.java
PARAMETER	com.bumptech.glide.provider.ResourceEncoderRegistry$Entry	Entry(java.lang.Class,com.bumptech.glide.load.ResourceEncoder)	resourceClass	0	/home/nima/Developer/nullness-benchmarks/glide/library/src/main/java/com/bumptech/glide/provider/ResourceEncoderRegistry.java
PARAMETER	com.bumptech.glide.provider.ResourceEncoderRegistry$Entry	Entry(java.lang.Class,com.bumptech.glide.load.ResourceEncoder)	encoder	1	/home/nima/Developer/nullness-benchmarks/glide/library/src/main/java/com/bumptech/glide/provider/ResourceEncoderRegistry.java
PARAMETER	com.bumptech.glide.provider.ResourceEncoderRegistry$Entry	handles(java.lang.Class)	resourceClass	0	/home/nima/Developer/nullness-benchmarks/glide/library/src/main/java/com/bumptech/glide/provider/ResourceEncoderRegistry.java
PARAMETER	com.bumptech.glide.load.data.DataRewinderRegistry$1	build(java.lang.Object)	data	0	/home/nima/Developer/nullness-benchmarks/glide/library/src/main/java/com/bumptech/glide/load/data/DataRewinderRegistry.java
METHOD	com.bumptech.glide.load.data.DataRewinderRegistry$1	build(java.lang.Object)	null	null	/home/nima/Developer/nullness-benchmarks/glide/library/src/main/java/com/bumptech/glide/load/data/DataRewinderRegistry.java
METHOD	com.bumptech.glide.load.data.DataRewinderRegistry$1	getDataClass()	null	null	/home/nima/Developer/nullness-benchmarks/glide/library/src/main/java/com/bumptech/glide/load/data/DataRewinderRegistry.java
PARAMETER	com.bumptech.glide.load.data.DataRewinderRegistry	register(com.bumptech.glide.load.data.DataRewinder.Factory)	factory	0	/home/nima/Developer/nullness-benchmarks/glide/library/src/main/java/com/bumptech/glide/load/data/DataRewinderRegistry.java
PARAMETER	com.bumptech.glide.load.data.DataRewinderRegistry	build(T)	data	0	/home/nima/Developer/nullness-benchmarks/glide/library/src/main/java/com/bumptech/glide/load/data/DataRewinderRegistry.java
METHOD	com.bumptech.glide.load.data.DataRewinderRegistry	build(T)	null	null	/home/nima/Developer/nullness-benchmarks/glide/library/src/main/java/com/bumptech/glide/load/data/DataRewinderRegistry.java
PARAMETER	com.bumptech.glide.load.data.DataRewinderRegistry$DefaultRewinder	DefaultRewinder(java.lang.Object)	data	0	/home/nima/Developer/nullness-benchmarks/glide/library/src/main/java/com/bumptech/glide/load/data/DataRewinderRegistry.java
METHOD	com.bumptech.glide.load.data.DataRewinderRegistry$DefaultRewinder	rewindAndGet()	null	null	/home/nima/Developer/nullness-benchmarks/glide/library/src/main/java/com/bumptech/glide/load/data/DataRewinderRegistry.java
PARAMETER	com.bumptech.glide.load.resource.transcode.TranscoderRegistry	register(java.lang.Class,java.lang.Class,com.bumptech.glide.load.resource.transcode.ResourceTranscoder)	decodedClass	0	/home/nima/Developer/nullness-benchmarks/glide/library/src/main/java/com/bumptech/glide/load/resource/transcode/TranscoderRegistry.java
PARAMETER	com.bumptech.glide.load.resource.transcode.TranscoderRegistry	register(java.lang.Class,java.lang.Class,com.bumptech.glide.load.resource.transcode.ResourceTranscoder)	transcodedClass	1	/home/nima/Developer/nullness-benchmarks/glide/library/src/main/java/com/bumptech/glide/load/resource/transcode/TranscoderRegistry.java
PARAMETER	com.bumptech.glide.load.resource.transcode.TranscoderRegistry	register(java.lang.Class,java.lang.Class,com.bumptech.glide.load.resource.transcode.ResourceTranscoder)	transcoder	2	/home/nima/Developer/nullness-benchmarks/glide/library/src/main/java/com/bumptech/glide/load/resource/transcode/TranscoderRegistry.java
PARAMETER	com.bumptech.glide.load.resource.transcode.TranscoderRegistry	get(java.lang.Class,java.lang.Class)	resourceClass	0	/home/nima/Developer/nullness-benchmarks/glide/library/src/main/java/com/bumptech/glide/load/resource/transcode/TranscoderRegistry.java
PARAMETER	com.bumptech.glide.load.resource.transcode.TranscoderRegistry	get(java.lang.Class,java.lang.Class)	transcodedClass	1	/home/nima/Developer/nullness-benchmarks/glide/library/src/main/java/com/bumptech/glide/load/resource/transcode/TranscoderRegistry.java
METHOD	com.bumptech.glide.load.resource.transcode.TranscoderRegistry	get(java.lang.Class,java.lang.Class)	null	null	/home/nima/Developer/nullness-benchmarks/glide/library/src/main/java/com/bumptech/glide/load/resource/transcode/TranscoderRegistry.java
PARAMETER	com.bumptech.glide.load.resource.transcode.TranscoderRegistry	getTranscodeClasses(java.lang.Class,java.lang.Class)	resourceClass	0	/home/nima/Developer/nullness-benchmarks/glide/library/src/main/java/com/bumptech/glide/load/resource/transcode/TranscoderRegistry.java
PARAMETER	com.bumptech.glide.load.resource.transcode.TranscoderRegistry	getTranscodeClasses(java.lang.Class,java.lang.Class)	transcodeClass	1	/home/nima/Developer/nullness-benchmarks/glide/library/src/main/java/com/bumptech/glide/load/resource/transcode/TranscoderRegistry.java
METHOD	com.bumptech.glide.load.resource.transcode.TranscoderRegistry	getTranscodeClasses(java.lang.Class,java.lang.Class)	null	null	/home/nima/Developer/nullness-benchmarks/glide/library/src/main/java/com/bumptech/glide/load/resource/transcode/TranscoderRegistry.java
PARAMETER	com.bumptech.glide.load.resource.transcode.TranscoderRegistry$Entry	Entry(java.lang.Class,java.lang.Class,com.bumptech.glide.load.resource.transcode.ResourceTranscoder)	fromClass	0	/home/nima/Developer/nullness-benchmarks/glide/library/src/main/java/com/bumptech/glide/load/resource/transcode/TranscoderRegistry.java
PARAMETER	com.bumptech.glide.load.resource.transcode.TranscoderRegistry$Entry	Entry(java.lang.Class,java.lang.Class,com.bumptech.glide.load.resource.transcode.ResourceTranscoder)	toClass	1	/home/nima/Developer/nullness-benchmarks/glide/library/src/main/java/com/bumptech/glide/load/resource/transcode/TranscoderRegistry.java
PARAMETER	com.bumptech.glide.load.resource.transcode.TranscoderRegistry$Entry	Entry(java.lang.Class,java.lang.Class,com.bumptech.glide.load.resource.transcode.ResourceTranscoder)	transcoder	2	/home/nima/Developer/nullness-benchmarks/glide/library/src/main/java/com/bumptech/glide/load/resource/transcode/TranscoderRegistry.java
PARAMETER	com.bumptech.glide.load.resource.transcode.TranscoderRegistry$Entry	handles(java.lang.Class,java.lang.Class)	fromClass	0	/home/nima/Developer/nullness-benchmarks/glide/library/src/main/java/com/bumptech/glide/load/resource/transcode/TranscoderRegistry.java
PARAMETER	com.bumptech.glide.load.resource.transcode.TranscoderRegistry$Entry	handles(java.lang.Class,java.lang.Class)	toClass	1	/home/nima/Developer/nullness-benchmarks/glide/library/src/main/java/com/bumptech/glide/load/resource/transcode/TranscoderRegistry.java
METHOD	com.bumptech.glide.provider.ImageHeaderParserRegistry	getParsers()	null	null	/home/nima/Developer/nullness-benchmarks/glide/library/src/main/java/com/bumptech/glide/provider/ImageHeaderParserRegistry.java
PARAMETER	com.bumptech.glide.provider.ImageHeaderParserRegistry	add(com.bumptech.glide.load.ImageHeaderParser)	parser	0	/home/nima/Developer/nullness-benchmarks/glide/library/src/main/java/com/bumptech/glide/provider/ImageHeaderParserRegistry.java
PARAMETER	com.bumptech.glide.provider.ModelToResourceClassCache	get(java.lang.Class,java.lang.Class,java.lang.Class)	modelClass	0	/home/nima/Developer/nullness-benchmarks/glide/library/src/main/java/com/bumptech/glide/provider/ModelToResourceClassCache.java
PARAMETER	com.bumptech.glide.provider.ModelToResourceClassCache	get(java.lang.Class,java.lang.Class,java.lang.Class)	resourceClass	1	/home/nima/Developer/nullness-benchmarks/glide/library/src/main/java/com/bumptech/glide/provider/ModelToResourceClassCache.java
PARAMETER	com.bumptech.glide.provider.ModelToResourceClassCache	get(java.lang.Class,java.lang.Class,java.lang.Class)	transcodeClass	2	/home/nima/Developer/nullness-benchmarks/glide/library/src/main/java/com/bumptech/glide/provider/ModelToResourceClassCache.java
PARAMETER	com.bumptech.glide.provider.ModelToResourceClassCache	put(java.lang.Class,java.lang.Class,java.lang.Class,java.util.List)	modelClass	0	/home/nima/Developer/nullness-benchmarks/glide/library/src/main/java/com/bumptech/glide/provider/ModelToResourceClassCache.java
PARAMETER	com.bumptech.glide.provider.ModelToResourceClassCache	put(java.lang.Class,java.lang.Class,java.lang.Class,java.util.List)	resourceClass	1	/home/nima/Developer/nullness-benchmarks/glide/library/src/main/java/com/bumptech/glide/provider/ModelToResourceClassCache.java
PARAMETER	com.bumptech.glide.provider.ModelToResourceClassCache	put(java.lang.Class,java.lang.Class,java.lang.Class,java.util.List)	transcodeClass	2	/home/nima/Developer/nullness-benchmarks/glide/library/src/main/java/com/bumptech/glide/provider/ModelToResourceClassCache.java
PARAMETER	com.bumptech.glide.provider.ModelToResourceClassCache	put(java.lang.Class,java.lang.Class,java.lang.Class,java.util.List)	resourceClasses	3	/home/nima/Developer/nullness-benchmarks/glide/library/src/main/java/com/bumptech/glide/provider/ModelToResourceClassCache.java
PARAMETER	com.bumptech.glide.load.Encoder	encode(T,java.io.File,com.bumptech.glide.load.Options)	data	0	/home/nima/Developer/nullness-benchmarks/glide/library/src/main/java/com/bumptech/glide/load/Encoder.java
PARAMETER	com.bumptech.glide.load.Encoder	encode(T,java.io.File,com.bumptech.glide.load.Options)	file	1	/home/nima/Developer/nullness-benchmarks/glide/library/src/main/java/com/bumptech/glide/load/Encoder.java
PARAMETER	com.bumptech.glide.load.Encoder	encode(T,java.io.File,com.bumptech.glide.load.Options)	options	2	/home/nima/Developer/nullness-benchmarks/glide/library/src/main/java/com/bumptech/glide/load/Encoder.java
PARAMETER	com.bumptech.glide.load.ResourceDecoder	handles(T,com.bumptech.glide.load.Options)	source	0	/home/nima/Developer/nullness-benchmarks/glide/library/src/main/java/com/bumptech/glide/load/ResourceDecoder.java
PARAMETER	com.bumptech.glide.load.ResourceDecoder	handles(T,com.bumptech.glide.load.Options)	options	1	/home/nima/Developer/nullness-benchmarks/glide/library/src/main/java/com/bumptech/glide/load/ResourceDecoder.java
PARAMETER	com.bumptech.glide.load.ResourceDecoder	decode(T,int,int,com.bumptech.glide.load.Options)	source	0	/home/nima/Developer/nullness-benchmarks/glide/library/src/main/java/com/bumptech/glide/load/ResourceDecoder.java
PARAMETER	com.bumptech.glide.load.ResourceDecoder	decode(T,int,int,com.bumptech.glide.load.Options)	options	3	/home/nima/Developer/nullness-benchmarks/glide/library/src/main/java/com/bumptech/glide/load/ResourceDecoder.java
PARAMETER	com.bumptech.glide.load.ResourceEncoder	getEncodeStrategy(com.bumptech.glide.load.Options)	options	0	/home/nima/Developer/nullness-benchmarks/glide/library/src/main/java/com/bumptech/glide/load/ResourceEncoder.java
METHOD	com.bumptech.glide.load.ResourceEncoder	getEncodeStrategy(com.bumptech.glide.load.Options)	null	null	/home/nima/Developer/nullness-benchmarks/glide/library/src/main/java/com/bumptech/glide/load/ResourceEncoder.java
PARAMETER	com.bumptech.glide.load.data.DataRewinder$Factory	build(T)	data	0	/home/nima/Developer/nullness-benchmarks/glide/library/src/main/java/com/bumptech/glide/load/data/DataRewinder.java
METHOD	com.bumptech.glide.load.data.DataRewinder$Factory	build(T)	null	null	/home/nima/Developer/nullness-benchmarks/glide/library/src/main/java/com/bumptech/glide/load/data/DataRewinder.java
METHOD	com.bumptech.glide.load.data.DataRewinder$Factory	getDataClass()	null	null	/home/nima/Developer/nullness-benchmarks/glide/library/src/main/java/com/bumptech/glide/load/data/DataRewinder.java
METHOD	com.bumptech.glide.load.data.DataRewinder	rewindAndGet()	null	null	/home/nima/Developer/nullness-benchmarks/glide/library/src/main/java/com/bumptech/glide/load/data/DataRewinder.java
PARAMETER	com.bumptech.glide.load.resource.transcode.ResourceTranscoder	transcode(com.bumptech.glide.load.engine.Resource,com.bumptech.glide.load.Options)	toTranscode	0	/home/nima/Developer/nullness-benchmarks/glide/library/src/main/java/com/bumptech/glide/load/resource/transcode/ResourceTranscoder.java
PARAMETER	com.bumptech.glide.load.resource.transcode.ResourceTranscoder	transcode(com.bumptech.glide.load.engine.Resource,com.bumptech.glide.load.Options)	options	1	/home/nima/Developer/nullness-benchmarks/glide/library/src/main/java/com/bumptech/glide/load/resource/transcode/ResourceTranscoder.java
PARAMETER	com.bumptech.glide.load.ImageHeaderParser	getType(java.io.InputStream)	is	0	/home/nima/Developer/nullness-benchmarks/glide/library/src/main/java/com/bumptech/glide/load/ImageHeaderParser.java
METHOD	com.bumptech.glide.load.ImageHeaderParser	getType(java.io.InputStream)	null	null	/home/nima/Developer/nullness-benchmarks/glide/library/src/main/java/com/bumptech/glide/load/ImageHeaderParser.java
PARAMETER	com.bumptech.glide.load.ImageHeaderParser	getType(java.nio.ByteBuffer)	byteBuffer	0	/home/nima/Developer/nullness-benchmarks/glide/library/src/main/java/com/bumptech/glide/load/ImageHeaderParser.java
METHOD	com.bumptech.glide.load.ImageHeaderParser	getType(java.nio.ByteBuffer)	null	null	/home/nima/Developer/nullness-benchmarks/glide/library/src/main/java/com/bumptech/glide/load/ImageHeaderParser.java
PARAMETER	com.bumptech.glide.load.ImageHeaderParser	getOrientation(java.io.InputStream,com.bumptech.glide.load.engine.bitmap_recycle.ArrayPool)	is	0	/home/nima/Developer/nullness-benchmarks/glide/library/src/main/java/com/bumptech/glide/load/ImageHeaderParser.java
PARAMETER	com.bumptech.glide.load.ImageHeaderParser	getOrientation(java.io.InputStream,com.bumptech.glide.load.engine.bitmap_recycle.ArrayPool)	byteArrayPool	1	/home/nima/Developer/nullness-benchmarks/glide/library/src/main/java/com/bumptech/glide/load/ImageHeaderParser.java
PARAMETER	com.bumptech.glide.load.ImageHeaderParser	getOrientation(java.nio.ByteBuffer,com.bumptech.glide.load.engine.bitmap_recycle.ArrayPool)	byteBuffer	0	/home/nima/Developer/nullness-benchmarks/glide/library/src/main/java/com/bumptech/glide/load/ImageHeaderParser.java
PARAMETER	com.bumptech.glide.load.ImageHeaderParser	getOrientation(java.nio.ByteBuffer,com.bumptech.glide.load.engine.bitmap_recycle.ArrayPool)	byteArrayPool	1	/home/nima/Developer/nullness-benchmarks/glide/library/src/main/java/com/bumptech/glide/load/ImageHeaderParser.java
PARAMETER	com.bumptech.glide.load.ImageHeaderParser	hasJpegMpf(java.io.InputStream,com.bumptech.glide.load.engine.bitmap_recycle.ArrayPool)	is	0	/home/nima/Developer/nullness-benchmarks/glide/library/src/main/java/com/bumptech/glide/load/ImageHeaderParser.java
PARAMETER	com.bumptech.glide.load.ImageHeaderParser	hasJpegMpf(java.io.InputStream,com.bumptech.glide.load.engine.bitmap_recycle.ArrayPool)	byteArrayPool	1	/home/nima/Developer/nullness-benchmarks/glide/library/src/main/java/com/bumptech/glide/load/ImageHeaderParser.java
PARAMETER	com.bumptech.glide.load.ImageHeaderParser	hasJpegMpf(java.nio.ByteBuffer,com.bumptech.glide.load.engine.bitmap_recycle.ArrayPool)	byteBuffer	0	/home/nima/Developer/nullness-benchmarks/glide/library/src/main/java/com/bumptech/glide/load/ImageHeaderParser.java
PARAMETER	com.bumptech.glide.load.ImageHeaderParser	hasJpegMpf(java.nio.ByteBuffer,com.bumptech.glide.load.engine.bitmap_recycle.ArrayPool)	byteArrayPool	1	/home/nima/Developer/nullness-benchmarks/glide/library/src/main/java/com/bumptech/glide/load/ImageHeaderParser.java
PARAMETER	com.bumptech.glide.load.model.ModelLoaderFactory	build(com.bumptech.glide.load.model.MultiModelLoaderFactory)	multiFactory	0	/home/nima/Developer/nullness-benchmarks/glide/library/src/main/java/com/bumptech/glide/load/model/ModelLoaderFactory.java
METHOD	com.bumptech.glide.load.model.ModelLoaderFactory	build(com.bumptech.glide.load.model.MultiModelLoaderFactory)	null	null	/home/nima/Developer/nullness-benchmarks/glide/library/src/main/java/com/bumptech/glide/load/model/ModelLoaderFactory.java
PARAMETER	com.bumptech.glide.load.engine.LoadPath	load(com.bumptech.glide.load.data.DataRewinder,com.bumptech.glide.load.Options,int,int,com.bumptech.glide.load.engine.DecodePath.DecodeCallback)	options	1	/home/nima/Developer/nullness-benchmarks/glide/library/src/main/java/com/bumptech/glide/load/engine/LoadPath.java
PARAMETER	com.bumptech.glide.load.engine.LoadPath	loadWithExceptionList(com.bumptech.glide.load.data.DataRewinder,com.bumptech.glide.load.Options,int,int,com.bumptech.glide.load.engine.DecodePath.DecodeCallback,java.util.List)	options	1	/home/nima/Developer/nullness-benchmarks/glide/library/src/main/java/com/bumptech/glide/load/engine/LoadPath.java
PARAMETER	com.bumptech.glide.load.engine.DecodePath	decode(com.bumptech.glide.load.data.DataRewinder,int,int,com.bumptech.glide.load.Options,com.bumptech.glide.load.engine.DecodePath.DecodeCallback)	options	3	/home/nima/Developer/nullness-benchmarks/glide/library/src/main/java/com/bumptech/glide/load/engine/DecodePath.java
PARAMETER	com.bumptech.glide.load.engine.DecodePath	decodeResource(com.bumptech.glide.load.data.DataRewinder,int,int,com.bumptech.glide.load.Options)	options	3	/home/nima/Developer/nullness-benchmarks/glide/library/src/main/java/com/bumptech/glide/load/engine/DecodePath.java
METHOD	com.bumptech.glide.load.engine.DecodePath	decodeResource(com.bumptech.glide.load.data.DataRewinder,int,int,com.bumptech.glide.load.Options)	null	null	/home/nima/Developer/nullness-benchmarks/glide/library/src/main/java/com/bumptech/glide/load/engine/DecodePath.java
PARAMETER	com.bumptech.glide.load.engine.DecodePath	decodeResourceWithList(com.bumptech.glide.load.data.DataRewinder,int,int,com.bumptech.glide.load.Options,java.util.List)	options	3	/home/nima/Developer/nullness-benchmarks/glide/library/src/main/java/com/bumptech/glide/load/engine/DecodePath.java
METHOD	com.bumptech.glide.load.engine.DecodePath	decodeResourceWithList(com.bumptech.glide.load.data.DataRewinder,int,int,com.bumptech.glide.load.Options,java.util.List)	null	null	/home/nima/Developer/nullness-benchmarks/glide/library/src/main/java/com/bumptech/glide/load/engine/DecodePath.java
PARAMETER	com.bumptech.glide.load.engine.DecodePath$DecodeCallback	onResourceDecoded(com.bumptech.glide.load.engine.Resource)	resource	0	/home/nima/Developer/nullness-benchmarks/glide/library/src/main/java/com/bumptech/glide/load/engine/DecodePath.java
METHOD	com.bumptech.glide.load.engine.DecodePath$DecodeCallback	onResourceDecoded(com.bumptech.glide.load.engine.Resource)	null	null	/home/nima/Developer/nullness-benchmarks/glide/library/src/main/java/com/bumptech/glide/load/engine/DecodePath.java
PARAMETER	com.bumptech.glide.load.model.ModelLoader$LoadData	LoadData(com.bumptech.glide.load.Key,com.bumptech.glide.load.data.DataFetcher)	sourceKey	0	/home/nima/Developer/nullness-benchmarks/glide/library/src/main/java/com/bumptech/glide/load/model/ModelLoader.java
PARAMETER	com.bumptech.glide.load.model.ModelLoader$LoadData	LoadData(com.bumptech.glide.load.Key,com.bumptech.glide.load.data.DataFetcher)	fetcher	1	/home/nima/Developer/nullness-benchmarks/glide/library/src/main/java/com/bumptech/glide/load/model/ModelLoader.java
PARAMETER	com.bumptech.glide.load.model.ModelLoader$LoadData	LoadData(com.bumptech.glide.load.Key,java.util.List,com.bumptech.glide.load.data.DataFetcher)	sourceKey	0	/home/nima/Developer/nullness-benchmarks/glide/library/src/main/java/com/bumptech/glide/load/model/ModelLoader.java
PARAMETER	com.bumptech.glide.load.model.ModelLoader$LoadData	LoadData(com.bumptech.glide.load.Key,java.util.List,com.bumptech.glide.load.data.DataFetcher)	alternateKeys	1	/home/nima/Developer/nullness-benchmarks/glide/library/src/main/java/com/bumptech/glide/load/model/ModelLoader.java
PARAMETER	com.bumptech.glide.load.model.ModelLoader$LoadData	LoadData(com.bumptech.glide.load.Key,java.util.List,com.bumptech.glide.load.data.DataFetcher)	fetcher	2	/home/nima/Developer/nullness-benchmarks/glide/library/src/main/java/com/bumptech/glide/load/model/ModelLoader.java
PARAMETER	com.bumptech.glide.load.model.ModelLoader	buildLoadData(Model,int,int,com.bumptech.glide.load.Options)	model	0	/home/nima/Developer/nullness-benchmarks/glide/library/src/main/java/com/bumptech/glide/load/model/ModelLoader.java
PARAMETER	com.bumptech.glide.load.model.ModelLoader	buildLoadData(Model,int,int,com.bumptech.glide.load.Options)	options	3	/home/nima/Developer/nullness-benchmarks/glide/library/src/main/java/com/bumptech/glide/load/model/ModelLoader.java
PARAMETER	com.bumptech.glide.load.model.ModelLoader	handles(Model)	model	0	/home/nima/Developer/nullness-benchmarks/glide/library/src/main/java/com/bumptech/glide/load/model/ModelLoader.java
PARAMETER	com.bumptech.glide.load.Options	putAll(com.bumptech.glide.load.Options)	other	0	/home/nima/Developer/nullness-benchmarks/glide/library/src/main/java/com/bumptech/glide/load/Options.java
PARAMETER	com.bumptech.glide.load.Options	set(com.bumptech.glide.load.Option,T)	option	0	/home/nima/Developer/nullness-benchmarks/glide/library/src/main/java/com/bumptech/glide/load/Options.java
PARAMETER	com.bumptech.glide.load.Options	set(com.bumptech.glide.load.Option,T)	value	1	/home/nima/Developer/nullness-benchmarks/glide/library/src/main/java/com/bumptech/glide/load/Options.java
METHOD	com.bumptech.glide.load.Options	set(com.bumptech.glide.load.Option,T)	null	null	/home/nima/Developer/nullness-benchmarks/glide/library/src/main/java/com/bumptech/glide/load/Options.java
PARAMETER	com.bumptech.glide.load.Options	remove(com.bumptech.glide.load.Option)	option	0	/home/nima/Developer/nullness-benchmarks/glide/library/src/main/java/com/bumptech/glide/load/Options.java
PARAMETER	com.bumptech.glide.load.Options	get(com.bumptech.glide.load.Option)	option	0	/home/nima/Developer/nullness-benchmarks/glide/library/src/main/java/com/bumptech/glide/load/Options.java
PARAMETER	com.bumptech.glide.load.Options	updateDiskCacheKey(java.security.MessageDigest)	messageDigest	0	/home/nima/Developer/nullness-benchmarks/glide/library/src/main/java/com/bumptech/glide/load/Options.java
PARAMETER	com.bumptech.glide.load.Options	updateDiskCacheKey(com.bumptech.glide.load.Option,java.lang.Object,java.security.MessageDigest)	option	0	/home/nima/Developer/nullness-benchmarks/glide/library/src/main/java/com/bumptech/glide/load/Options.java
PARAMETER	com.bumptech.glide.load.Options	updateDiskCacheKey(com.bumptech.glide.load.Option,java.lang.Object,java.security.MessageDigest)	value	1	/home/nima/Developer/nullness-benchmarks/glide/library/src/main/java/com/bumptech/glide/load/Options.java
PARAMETER	com.bumptech.glide.load.Options	updateDiskCacheKey(com.bumptech.glide.load.Option,java.lang.Object,java.security.MessageDigest)	md	2	/home/nima/Developer/nullness-benchmarks/glide/library/src/main/java/com/bumptech/glide/load/Options.java
PARAMETER	com.bumptech.glide.load.data.DataFetcher$DataCallback	onLoadFailed(java.lang.Exception)	e	0	/home/nima/Developer/nullness-benchmarks/glide/library/src/main/java/com/bumptech/glide/load/data/DataFetcher.java
PARAMETER	com.bumptech.glide.load.data.DataFetcher	loadData(com.bumptech.glide.Priority,com.bumptech.glide.load.data.DataFetcher.DataCallback)	priority	0	/home/nima/Developer/nullness-benchmarks/glide/library/src/main/java/com/bumptech/glide/load/data/DataFetcher.java
PARAMETER	com.bumptech.glide.load.data.DataFetcher	loadData(com.bumptech.glide.Priority,com.bumptech.glide.load.data.DataFetcher.DataCallback)	callback	1	/home/nima/Developer/nullness-benchmarks/glide/library/src/main/java/com/bumptech/glide/load/data/DataFetcher.java
METHOD	com.bumptech.glide.load.data.DataFetcher	getDataClass()	null	null	/home/nima/Developer/nullness-benchmarks/glide/library/src/main/java/com/bumptech/glide/load/data/DataFetcher.java
METHOD	com.bumptech.glide.load.data.DataFetcher	getDataSource()	null	null	/home/nima/Developer/nullness-benchmarks/glide/library/src/main/java/com/bumptech/glide/load/data/DataFetcher.java
PARAMETER	com.bumptech.glide.load.Option$1	update(byte[],java.lang.Object,java.security.MessageDigest)	keyBytes	0	/home/nima/Developer/nullness-benchmarks/glide/library/src/main/java/com/bumptech/glide/load/Option.java
PARAMETER	com.bumptech.glide.load.Option$1	update(byte[],java.lang.Object,java.security.MessageDigest)	value	1	/home/nima/Developer/nullness-benchmarks/glide/library/src/main/java/com/bumptech/glide/load/Option.java
PARAMETER	com.bumptech.glide.load.Option$1	update(byte[],java.lang.Object,java.security.MessageDigest)	messageDigest	2	/home/nima/Developer/nullness-benchmarks/glide/library/src/main/java/com/bumptech/glide/load/Option.java
PARAMETER	com.bumptech.glide.load.Option	memory(java.lang.String)	key	0	/home/nima/Developer/nullness-benchmarks/glide/library/src/main/java/com/bumptech/glide/load/Option.java
METHOD	com.bumptech.glide.load.Option	memory(java.lang.String)	null	null	/home/nima/Developer/nullness-benchmarks/glide/library/src/main/java/com/bumptech/glide/load/Option.java
PARAMETER	com.bumptech.glide.load.Option	memory(java.lang.String,T)	key	0	/home/nima/Developer/nullness-benchmarks/glide/library/src/main/java/com/bumptech/glide/load/Option.java
PARAMETER	com.bumptech.glide.load.Option	memory(java.lang.String,T)	defaultValue	1	/home/nima/Developer/nullness-benchmarks/glide/library/src/main/java/com/bumptech/glide/load/Option.java
METHOD	com.bumptech.glide.load.Option	memory(java.lang.String,T)	null	null	/home/nima/Developer/nullness-benchmarks/glide/library/src/main/java/com/bumptech/glide/load/Option.java
PARAMETER	com.bumptech.glide.load.Option	disk(java.lang.String,com.bumptech.glide.load.Option.CacheKeyUpdater)	key	0	/home/nima/Developer/nullness-benchmarks/glide/library/src/main/java/com/bumptech/glide/load/Option.java
PARAMETER	com.bumptech.glide.load.Option	disk(java.lang.String,com.bumptech.glide.load.Option.CacheKeyUpdater)	cacheKeyUpdater	1	/home/nima/Developer/nullness-benchmarks/glide/library/src/main/java/com/bumptech/glide/load/Option.java
METHOD	com.bumptech.glide.load.Option	disk(java.lang.String,com.bumptech.glide.load.Option.CacheKeyUpdater)	null	null	/home/nima/Developer/nullness-benchmarks/glide/library/src/main/java/com/bumptech/glide/load/Option.java
PARAMETER	com.bumptech.glide.load.Option	disk(java.lang.String,T,com.bumptech.glide.load.Option.CacheKeyUpdater)	key	0	/home/nima/Developer/nullness-benchmarks/glide/library/src/main/java/com/bumptech/glide/load/Option.java
PARAMETER	com.bumptech.glide.load.Option	disk(java.lang.String,T,com.bumptech.glide.load.Option.CacheKeyUpdater)	cacheKeyUpdater	2	/home/nima/Developer/nullness-benchmarks/glide/library/src/main/java/com/bumptech/glide/load/Option.java
METHOD	com.bumptech.glide.load.Option	disk(java.lang.String,T,com.bumptech.glide.load.Option.CacheKeyUpdater)	null	null	/home/nima/Developer/nullness-benchmarks/glide/library/src/main/java/com/bumptech/glide/load/Option.java
PARAMETER	com.bumptech.glide.load.Option	Option(java.lang.String,T,com.bumptech.glide.load.Option.CacheKeyUpdater)	key	0	/home/nima/Developer/nullness-benchmarks/glide/library/src/main/java/com/bumptech/glide/load/Option.java
PARAMETER	com.bumptech.glide.load.Option	Option(java.lang.String,T,com.bumptech.glide.load.Option.CacheKeyUpdater)	cacheKeyUpdater	2	/home/nima/Developer/nullness-benchmarks/glide/library/src/main/java/com/bumptech/glide/load/Option.java
PARAMETER	com.bumptech.glide.load.Option	update(T,java.security.MessageDigest)	value	0	/home/nima/Developer/nullness-benchmarks/glide/library/src/main/java/com/bumptech/glide/load/Option.java
PARAMETER	com.bumptech.glide.load.Option	update(T,java.security.MessageDigest)	messageDigest	1	/home/nima/Developer/nullness-benchmarks/glide/library/src/main/java/com/bumptech/glide/load/Option.java
METHOD	com.bumptech.glide.load.Option	getKeyBytes()	null	null	/home/nima/Developer/nullness-benchmarks/glide/library/src/main/java/com/bumptech/glide/load/Option.java
METHOD	com.bumptech.glide.load.Option	emptyUpdater()	null	null	/home/nima/Developer/nullness-benchmarks/glide/library/src/main/java/com/bumptech/glide/load/Option.java
PARAMETER	com.bumptech.glide.load.Option$CacheKeyUpdater	update(byte[],T,java.security.MessageDigest)	keyBytes	0	/home/nima/Developer/nullness-benchmarks/glide/library/src/main/java/com/bumptech/glide/load/Option.java
PARAMETER	com.bumptech.glide.load.Option$CacheKeyUpdater	update(byte[],T,java.security.MessageDigest)	value	1	/home/nima/Developer/nullness-benchmarks/glide/library/src/main/java/com/bumptech/glide/load/Option.java
PARAMETER	com.bumptech.glide.load.Option$CacheKeyUpdater	update(byte[],T,java.security.MessageDigest)	messageDigest	2	/home/nima/Developer/nullness-benchmarks/glide/library/src/main/java/com/bumptech/glide/load/Option.java
PARAMETER	com.bumptech.glide.load.model.MultiModelLoaderFactory	MultiModelLoaderFactory(androidx.core.util.Pools.Pool)	throwableListPool	0	/home/nima/Developer/nullness-benchmarks/glide/library/src/main/java/com/bumptech/glide/load/model/MultiModelLoaderFactory.java
PARAMETER	com.bumptech.glide.load.model.MultiModelLoaderFactory	MultiModelLoaderFactory(androidx.core.util.Pools.Pool,com.bumptech.glide.load.model.MultiModelLoaderFactory.Factory)	throwableListPool	0	/home/nima/Developer/nullness-benchmarks/glide/library/src/main/java/com/bumptech/glide/load/model/MultiModelLoaderFactory.java
PARAMETER	com.bumptech.glide.load.model.MultiModelLoaderFactory	MultiModelLoaderFactory(androidx.core.util.Pools.Pool,com.bumptech.glide.load.model.MultiModelLoaderFactory.Factory)	factory	1	/home/nima/Developer/nullness-benchmarks/glide/library/src/main/java/com/bumptech/glide/load/model/MultiModelLoaderFactory.java
PARAMETER	com.bumptech.glide.load.model.MultiModelLoaderFactory	append(java.lang.Class,java.lang.Class,com.bumptech.glide.load.model.ModelLoaderFactory)	modelClass	0	/home/nima/Developer/nullness-benchmarks/glide/library/src/main/java/com/bumptech/glide/load/model/MultiModelLoaderFactory.java
PARAMETER	com.bumptech.glide.load.model.MultiModelLoaderFactory	append(java.lang.Class,java.lang.Class,com.bumptech.glide.load.model.ModelLoaderFactory)	dataClass	1	/home/nima/Developer/nullness-benchmarks/glide/library/src/main/java/com/bumptech/glide/load/model/MultiModelLoaderFactory.java
PARAMETER	com.bumptech.glide.load.model.MultiModelLoaderFactory	append(java.lang.Class,java.lang.Class,com.bumptech.glide.load.model.ModelLoaderFactory)	factory	2	/home/nima/Developer/nullness-benchmarks/glide/library/src/main/java/com/bumptech/glide/load/model/MultiModelLoaderFactory.java
PARAMETER	com.bumptech.glide.load.model.MultiModelLoaderFactory	prepend(java.lang.Class,java.lang.Class,com.bumptech.glide.load.model.ModelLoaderFactory)	modelClass	0	/home/nima/Developer/nullness-benchmarks/glide/library/src/main/java/com/bumptech/glide/load/model/MultiModelLoaderFactory.java
PARAMETER	com.bumptech.glide.load.model.MultiModelLoaderFactory	prepend(java.lang.Class,java.lang.Class,com.bumptech.glide.load.model.ModelLoaderFactory)	dataClass	1	/home/nima/Developer/nullness-benchmarks/glide/library/src/main/java/com/bumptech/glide/load/model/MultiModelLoaderFactory.java
PARAMETER	com.bumptech.glide.load.model.MultiModelLoaderFactory	prepend(java.lang.Class,java.lang.Class,com.bumptech.glide.load.model.ModelLoaderFactory)	factory	2	/home/nima/Developer/nullness-benchmarks/glide/library/src/main/java/com/bumptech/glide/load/model/MultiModelLoaderFactory.java
PARAMETER	com.bumptech.glide.load.model.MultiModelLoaderFactory	add(java.lang.Class,java.lang.Class,com.bumptech.glide.load.model.ModelLoaderFactory,boolean)	modelClass	0	/home/nima/Developer/nullness-benchmarks/glide/library/src/main/java/com/bumptech/glide/load/model/MultiModelLoaderFactory.java
PARAMETER	com.bumptech.glide.load.model.MultiModelLoaderFactory	add(java.lang.Class,java.lang.Class,com.bumptech.glide.load.model.ModelLoaderFactory,boolean)	dataClass	1	/home/nima/Developer/nullness-benchmarks/glide/library/src/main/java/com/bumptech/glide/load/model/MultiModelLoaderFactory.java
PARAMETER	com.bumptech.glide.load.model.MultiModelLoaderFactory	add(java.lang.Class,java.lang.Class,com.bumptech.glide.load.model.ModelLoaderFactory,boolean)	factory	2	/home/nima/Developer/nullness-benchmarks/glide/library/src/main/java/com/bumptech/glide/load/model/MultiModelLoaderFactory.java
PARAMETER	com.bumptech.glide.load.model.MultiModelLoaderFactory	replace(java.lang.Class,java.lang.Class,com.bumptech.glide.load.model.ModelLoaderFactory)	modelClass	0	/home/nima/Developer/nullness-benchmarks/glide/library/src/main/java/com/bumptech/glide/load/model/MultiModelLoaderFactory.java
PARAMETER	com.bumptech.glide.load.model.MultiModelLoaderFactory	replace(java.lang.Class,java.lang.Class,com.bumptech.glide.load.model.ModelLoaderFactory)	dataClass	1	/home/nima/Developer/nullness-benchmarks/glide/library/src/main/java/com/bumptech/glide/load/model/MultiModelLoaderFactory.java
PARAMETER	com.bumptech.glide.load.model.MultiModelLoaderFactory	replace(java.lang.Class,java.lang.Class,com.bumptech.glide.load.model.ModelLoaderFactory)	factory	2	/home/nima/Developer/nullness-benchmarks/glide/library/src/main/java/com/bumptech/glide/load/model/MultiModelLoaderFactory.java
METHOD	com.bumptech.glide.load.model.MultiModelLoaderFactory	replace(java.lang.Class,java.lang.Class,com.bumptech.glide.load.model.ModelLoaderFactory)	null	null	/home/nima/Developer/nullness-benchmarks/glide/library/src/main/java/com/bumptech/glide/load/model/MultiModelLoaderFactory.java
PARAMETER	com.bumptech.glide.load.model.MultiModelLoaderFactory	remove(java.lang.Class,java.lang.Class)	modelClass	0	/home/nima/Developer/nullness-benchmarks/glide/library/src/main/java/com/bumptech/glide/load/model/MultiModelLoaderFactory.java
PARAMETER	com.bumptech.glide.load.model.MultiModelLoaderFactory	remove(java.lang.Class,java.lang.Class)	dataClass	1	/home/nima/Developer/nullness-benchmarks/glide/library/src/main/java/com/bumptech/glide/load/model/MultiModelLoaderFactory.java
METHOD	com.bumptech.glide.load.model.MultiModelLoaderFactory	remove(java.lang.Class,java.lang.Class)	null	null	/home/nima/Developer/nullness-benchmarks/glide/library/src/main/java/com/bumptech/glide/load/model/MultiModelLoaderFactory.java
PARAMETER	com.bumptech.glide.load.model.MultiModelLoaderFactory	build(java.lang.Class)	modelClass	0	/home/nima/Developer/nullness-benchmarks/glide/library/src/main/java/com/bumptech/glide/load/model/MultiModelLoaderFactory.java
METHOD	com.bumptech.glide.load.model.MultiModelLoaderFactory	build(java.lang.Class)	null	null	/home/nima/Developer/nullness-benchmarks/glide/library/src/main/java/com/bumptech/glide/load/model/MultiModelLoaderFactory.java
PARAMETER	com.bumptech.glide.load.model.MultiModelLoaderFactory	getDataClasses(java.lang.Class)	modelClass	0	/home/nima/Developer/nullness-benchmarks/glide/library/src/main/java/com/bumptech/glide/load/model/MultiModelLoaderFactory.java
METHOD	com.bumptech.glide.load.model.MultiModelLoaderFactory	getDataClasses(java.lang.Class)	null	null	/home/nima/Developer/nullness-benchmarks/glide/library/src/main/java/com/bumptech/glide/load/model/MultiModelLoaderFactory.java
PARAMETER	com.bumptech.glide.load.model.MultiModelLoaderFactory	build(java.lang.Class,java.lang.Class)	modelClass	0	/home/nima/Developer/nullness-benchmarks/glide/library/src/main/java/com/bumptech/glide/load/model/MultiModelLoaderFactory.java
PARAMETER	com.bumptech.glide.load.model.MultiModelLoaderFactory	build(java.lang.Class,java.lang.Class)	dataClass	1	/home/nima/Developer/nullness-benchmarks/glide/library/src/main/java/com/bumptech/glide/load/model/MultiModelLoaderFactory.java
METHOD	com.bumptech.glide.load.model.MultiModelLoaderFactory	build(java.lang.Class,java.lang.Class)	null	null	/home/nima/Developer/nullness-benchmarks/glide/library/src/main/java/com/bumptech/glide/load/model/MultiModelLoaderFactory.java
PARAMETER	com.bumptech.glide.load.model.MultiModelLoaderFactory	getFactory(com.bumptech.glide.load.model.MultiModelLoaderFactory.Entry)	entry	0	/home/nima/Developer/nullness-benchmarks/glide/library/src/main/java/com/bumptech/glide/load/model/MultiModelLoaderFactory.java
METHOD	com.bumptech.glide.load.model.MultiModelLoaderFactory	getFactory(com.bumptech.glide.load.model.MultiModelLoaderFactory.Entry)	null	null	/home/nima/Developer/nullness-benchmarks/glide/library/src/main/java/com/bumptech/glide/load/model/MultiModelLoaderFactory.java
PARAMETER	com.bumptech.glide.load.model.MultiModelLoaderFactory	build(com.bumptech.glide.load.model.MultiModelLoaderFactory.Entry)	entry	0	/home/nima/Developer/nullness-benchmarks/glide/library/src/main/java/com/bumptech/glide/load/model/MultiModelLoaderFactory.java
METHOD	com.bumptech.glide.load.model.MultiModelLoaderFactory	build(com.bumptech.glide.load.model.MultiModelLoaderFactory.Entry)	null	null	/home/nima/Developer/nullness-benchmarks/glide/library/src/main/java/com/bumptech/glide/load/model/MultiModelLoaderFactory.java
METHOD	com.bumptech.glide.load.model.MultiModelLoaderFactory	emptyModelLoader()	null	null	/home/nima/Developer/nullness-benchmarks/glide/library/src/main/java/com/bumptech/glide/load/model/MultiModelLoaderFactory.java
PARAMETER	com.bumptech.glide.load.model.MultiModelLoaderFactory$Entry	Entry(java.lang.Class,java.lang.Class,com.bumptech.glide.load.model.ModelLoaderFactory)	modelClass	0	/home/nima/Developer/nullness-benchmarks/glide/library/src/main/java/com/bumptech/glide/load/model/MultiModelLoaderFactory.java
PARAMETER	com.bumptech.glide.load.model.MultiModelLoaderFactory$Entry	Entry(java.lang.Class,java.lang.Class,com.bumptech.glide.load.model.ModelLoaderFactory)	dataClass	1	/home/nima/Developer/nullness-benchmarks/glide/library/src/main/java/com/bumptech/glide/load/model/MultiModelLoaderFactory.java
PARAMETER	com.bumptech.glide.load.model.MultiModelLoaderFactory$Entry	Entry(java.lang.Class,java.lang.Class,com.bumptech.glide.load.model.ModelLoaderFactory)	factory	2	/home/nima/Developer/nullness-benchmarks/glide/library/src/main/java/com/bumptech/glide/load/model/MultiModelLoaderFactory.java
PARAMETER	com.bumptech.glide.load.model.MultiModelLoaderFactory$Entry	handles(java.lang.Class,java.lang.Class)	modelClass	0	/home/nima/Developer/nullness-benchmarks/glide/library/src/main/java/com/bumptech/glide/load/model/MultiModelLoaderFactory.java
PARAMETER	com.bumptech.glide.load.model.MultiModelLoaderFactory$Entry	handles(java.lang.Class,java.lang.Class)	dataClass	1	/home/nima/Developer/nullness-benchmarks/glide/library/src/main/java/com/bumptech/glide/load/model/MultiModelLoaderFactory.java
PARAMETER	com.bumptech.glide.load.model.MultiModelLoaderFactory$Entry	handles(java.lang.Class)	modelClass	0	/home/nima/Developer/nullness-benchmarks/glide/library/src/main/java/com/bumptech/glide/load/model/MultiModelLoaderFactory.java
PARAMETER	com.bumptech.glide.load.model.MultiModelLoaderFactory$Factory	build(java.util.List,androidx.core.util.Pools.Pool)	modelLoaders	0	/home/nima/Developer/nullness-benchmarks/glide/library/src/main/java/com/bumptech/glide/load/model/MultiModelLoaderFactory.java
PARAMETER	com.bumptech.glide.load.model.MultiModelLoaderFactory$Factory	build(java.util.List,androidx.core.util.Pools.Pool)	throwableListPool	1	/home/nima/Developer/nullness-benchmarks/glide/library/src/main/java/com/bumptech/glide/load/model/MultiModelLoaderFactory.java
METHOD	com.bumptech.glide.load.model.MultiModelLoaderFactory$Factory	build(java.util.List,androidx.core.util.Pools.Pool)	null	null	/home/nima/Developer/nullness-benchmarks/glide/library/src/main/java/com/bumptech/glide/load/model/MultiModelLoaderFactory.java
PARAMETER	com.bumptech.glide.load.model.MultiModelLoaderFactory$EmptyModelLoader	buildLoadData(java.lang.Object,int,int,com.bumptech.glide.load.Options)	o	0	/home/nima/Developer/nullness-benchmarks/glide/library/src/main/java/com/bumptech/glide/load/model/MultiModelLoaderFactory.java
PARAMETER	com.bumptech.glide.load.model.MultiModelLoaderFactory$EmptyModelLoader	buildLoadData(java.lang.Object,int,int,com.bumptech.glide.load.Options)	options	3	/home/nima/Developer/nullness-benchmarks/glide/library/src/main/java/com/bumptech/glide/load/model/MultiModelLoaderFactory.java
PARAMETER	com.bumptech.glide.load.model.MultiModelLoaderFactory$EmptyModelLoader	handles(java.lang.Object)	o	0	/home/nima/Developer/nullness-benchmarks/glide/library/src/main/java/com/bumptech/glide/load/model/MultiModelLoaderFactory.java
PARAMETER	com.bumptech.glide.load.model.MultiModelLoader	MultiModelLoader(java.util.List,androidx.core.util.Pools.Pool)	modelLoaders	0	/home/nima/Developer/nullness-benchmarks/glide/library/src/main/java/com/bumptech/glide/load/model/MultiModelLoader.java
PARAMETER	com.bumptech.glide.load.model.MultiModelLoader	MultiModelLoader(java.util.List,androidx.core.util.Pools.Pool)	exceptionListPool	1	/home/nima/Developer/nullness-benchmarks/glide/library/src/main/java/com/bumptech/glide/load/model/MultiModelLoader.java
PARAMETER	com.bumptech.glide.load.model.MultiModelLoader	buildLoadData(Model,int,int,com.bumptech.glide.load.Options)	model	0	/home/nima/Developer/nullness-benchmarks/glide/library/src/main/java/com/bumptech/glide/load/model/MultiModelLoader.java
PARAMETER	com.bumptech.glide.load.model.MultiModelLoader	buildLoadData(Model,int,int,com.bumptech.glide.load.Options)	options	3	/home/nima/Developer/nullness-benchmarks/glide/library/src/main/java/com/bumptech/glide/load/model/MultiModelLoader.java
PARAMETER	com.bumptech.glide.load.model.MultiModelLoader	handles(Model)	model	0	/home/nima/Developer/nullness-benchmarks/glide/library/src/main/java/com/bumptech/glide/load/model/MultiModelLoader.java
PARAMETER	com.bumptech.glide.load.model.MultiModelLoader$MultiFetcher	MultiFetcher(java.util.List,androidx.core.util.Pools.Pool)	fetchers	0	/home/nima/Developer/nullness-benchmarks/glide/library/src/main/java/com/bumptech/glide/load/model/MultiModelLoader.java
PARAMETER	com.bumptech.glide.load.model.MultiModelLoader$MultiFetcher	MultiFetcher(java.util.List,androidx.core.util.Pools.Pool)	throwableListPool	1	/home/nima/Developer/nullness-benchmarks/glide/library/src/main/java/com/bumptech/glide/load/model/MultiModelLoader.java
PARAMETER	com.bumptech.glide.load.model.MultiModelLoader$MultiFetcher	loadData(com.bumptech.glide.Priority,com.bumptech.glide.load.data.DataFetcher.DataCallback)	priority	0	/home/nima/Developer/nullness-benchmarks/glide/library/src/main/java/com/bumptech/glide/load/model/MultiModelLoader.java
PARAMETER	com.bumptech.glide.load.model.MultiModelLoader$MultiFetcher	loadData(com.bumptech.glide.Priority,com.bumptech.glide.load.data.DataFetcher.DataCallback)	callback	1	/home/nima/Developer/nullness-benchmarks/glide/library/src/main/java/com/bumptech/glide/load/model/MultiModelLoader.java
METHOD	com.bumptech.glide.load.model.MultiModelLoader$MultiFetcher	getDataClass()	null	null	/home/nima/Developer/nullness-benchmarks/glide/library/src/main/java/com/bumptech/glide/load/model/MultiModelLoader.java
METHOD	com.bumptech.glide.load.model.MultiModelLoader$MultiFetcher	getDataSource()	null	null	/home/nima/Developer/nullness-benchmarks/glide/library/src/main/java/com/bumptech/glide/load/model/MultiModelLoader.java
PARAMETER	com.bumptech.glide.load.model.MultiModelLoader$MultiFetcher	onLoadFailed(java.lang.Exception)	e	0	/home/nima/Developer/nullness-benchmarks/glide/library/src/main/java/com/bumptech/glide/load/model/MultiModelLoader.java
PARAMETER	com.bumptech.glide.util.MultiClassKey	MultiClassKey(java.lang.Class,java.lang.Class)	first	0	/home/nima/Developer/nullness-benchmarks/glide/library/src/main/java/com/bumptech/glide/util/MultiClassKey.java
PARAMETER	com.bumptech.glide.util.MultiClassKey	MultiClassKey(java.lang.Class,java.lang.Class)	second	1	/home/nima/Developer/nullness-benchmarks/glide/library/src/main/java/com/bumptech/glide/util/MultiClassKey.java
PARAMETER	com.bumptech.glide.util.MultiClassKey	MultiClassKey(java.lang.Class,java.lang.Class,java.lang.Class)	first	0	/home/nima/Developer/nullness-benchmarks/glide/library/src/main/java/com/bumptech/glide/util/MultiClassKey.java
PARAMETER	com.bumptech.glide.util.MultiClassKey	MultiClassKey(java.lang.Class,java.lang.Class,java.lang.Class)	second	1	/home/nima/Developer/nullness-benchmarks/glide/library/src/main/java/com/bumptech/glide/util/MultiClassKey.java
PARAMETER	com.bumptech.glide.util.MultiClassKey	set(java.lang.Class,java.lang.Class)	first	0	/home/nima/Developer/nullness-benchmarks/glide/library/src/main/java/com/bumptech/glide/util/MultiClassKey.java
PARAMETER	com.bumptech.glide.util.MultiClassKey	set(java.lang.Class,java.lang.Class)	second	1	/home/nima/Developer/nullness-benchmarks/glide/library/src/main/java/com/bumptech/glide/util/MultiClassKey.java
PARAMETER	com.bumptech.glide.util.MultiClassKey	set(java.lang.Class,java.lang.Class,java.lang.Class)	first	0	/home/nima/Developer/nullness-benchmarks/glide/library/src/main/java/com/bumptech/glide/util/MultiClassKey.java
PARAMETER	com.bumptech.glide.util.MultiClassKey	set(java.lang.Class,java.lang.Class,java.lang.Class)	second	1	/home/nima/Developer/nullness-benchmarks/glide/library/src/main/java/com/bumptech/glide/util/MultiClassKey.java
PARAMETER	com.bumptech.glide.load.engine.executor.GlideExecutor	execute(java.lang.Runnable)	command	0	/home/nima/Developer/nullness-benchmarks/glide/library/src/main/java/com/bumptech/glide/load/engine/executor/GlideExecutor.java
PARAMETER	com.bumptech.glide.load.engine.executor.GlideExecutor	submit(java.lang.Runnable)	task	0	/home/nima/Developer/nullness-benchmarks/glide/library/src/main/java/com/bumptech/glide/load/engine/executor/GlideExecutor.java
METHOD	com.bumptech.glide.load.engine.executor.GlideExecutor	submit(java.lang.Runnable)	null	null	/home/nima/Developer/nullness-benchmarks/glide/library/src/main/java/com/bumptech/glide/load/engine/executor/GlideExecutor.java
PARAMETER	com.bumptech.glide.load.engine.executor.GlideExecutor	invokeAll(java.util.Collection)	tasks	0	/home/nima/Developer/nullness-benchmarks/glide/library/src/main/java/com/bumptech/glide/load/engine/executor/GlideExecutor.java
METHOD	com.bumptech.glide.load.engine.executor.GlideExecutor	invokeAll(java.util.Collection)	null	null	/home/nima/Developer/nullness-benchmarks/glide/library/src/main/java/com/bumptech/glide/load/engine/executor/GlideExecutor.java
PARAMETER	com.bumptech.glide.load.engine.executor.GlideExecutor	invokeAll(java.util.Collection,long,java.util.concurrent.TimeUnit)	tasks	0	/home/nima/Developer/nullness-benchmarks/glide/library/src/main/java/com/bumptech/glide/load/engine/executor/GlideExecutor.java
PARAMETER	com.bumptech.glide.load.engine.executor.GlideExecutor	invokeAll(java.util.Collection,long,java.util.concurrent.TimeUnit)	unit	2	/home/nima/Developer/nullness-benchmarks/glide/library/src/main/java/com/bumptech/glide/load/engine/executor/GlideExecutor.java
METHOD	com.bumptech.glide.load.engine.executor.GlideExecutor	invokeAll(java.util.Collection,long,java.util.concurrent.TimeUnit)	null	null	/home/nima/Developer/nullness-benchmarks/glide/library/src/main/java/com/bumptech/glide/load/engine/executor/GlideExecutor.java
PARAMETER	com.bumptech.glide.load.engine.executor.GlideExecutor	invokeAny(java.util.Collection)	tasks	0	/home/nima/Developer/nullness-benchmarks/glide/library/src/main/java/com/bumptech/glide/load/engine/executor/GlideExecutor.java
METHOD	com.bumptech.glide.load.engine.executor.GlideExecutor	invokeAny(java.util.Collection)	null	null	/home/nima/Developer/nullness-benchmarks/glide/library/src/main/java/com/bumptech/glide/load/engine/executor/GlideExecutor.java
PARAMETER	com.bumptech.glide.load.engine.executor.GlideExecutor	invokeAny(java.util.Collection,long,java.util.concurrent.TimeUnit)	tasks	0	/home/nima/Developer/nullness-benchmarks/glide/library/src/main/java/com/bumptech/glide/load/engine/executor/GlideExecutor.java
PARAMETER	com.bumptech.glide.load.engine.executor.GlideExecutor	invokeAny(java.util.Collection,long,java.util.concurrent.TimeUnit)	unit	2	/home/nima/Developer/nullness-benchmarks/glide/library/src/main/java/com/bumptech/glide/load/engine/executor/GlideExecutor.java
PARAMETER	com.bumptech.glide.load.engine.executor.GlideExecutor	submit(java.lang.Runnable,T)	task	0	/home/nima/Developer/nullness-benchmarks/glide/library/src/main/java/com/bumptech/glide/load/engine/executor/GlideExecutor.java
METHOD	com.bumptech.glide.load.engine.executor.GlideExecutor	submit(java.lang.Runnable,T)	null	null	/home/nima/Developer/nullness-benchmarks/glide/library/src/main/java/com/bumptech/glide/load/engine/executor/GlideExecutor.java
PARAMETER	com.bumptech.glide.load.engine.executor.GlideExecutor	submit(java.util.concurrent.Callable)	task	0	/home/nima/Developer/nullness-benchmarks/glide/library/src/main/java/com/bumptech/glide/load/engine/executor/GlideExecutor.java
METHOD	com.bumptech.glide.load.engine.executor.GlideExecutor	shutdownNow()	null	null	/home/nima/Developer/nullness-benchmarks/glide/library/src/main/java/com/bumptech/glide/load/engine/executor/GlideExecutor.java
PARAMETER	com.bumptech.glide.load.engine.executor.GlideExecutor	awaitTermination(long,java.util.concurrent.TimeUnit)	unit	1	/home/nima/Developer/nullness-benchmarks/glide/library/src/main/java/com/bumptech/glide/load/engine/executor/GlideExecutor.java
PARAMETER	com.bumptech.glide.load.engine.executor.GlideExecutor$DefaultPriorityThreadFactory	newThread(java.lang.Runnable)	runnable	0	/home/nima/Developer/nullness-benchmarks/glide/library/src/main/java/com/bumptech/glide/load/engine/executor/GlideExecutor.java
PARAMETER	com.bumptech.glide.load.engine.executor.GlideExecutor$DefaultThreadFactory	newThread(java.lang.Runnable)	runnable	0	/home/nima/Developer/nullness-benchmarks/glide/library/src/main/java/com/bumptech/glide/load/engine/executor/GlideExecutor.java
FIELD	com.bumptech.glide.load.engine.executor.GlideExecutor$Builder	null	threadFactory	null	/home/nima/Developer/nullness-benchmarks/glide/library/src/main/java/com/bumptech/glide/load/engine/executor/GlideExecutor.java
FIELD	com.bumptech.glide.load.engine.executor.GlideExecutor$Builder	null	uncaughtThrowableStrategy	null	/home/nima/Developer/nullness-benchmarks/glide/library/src/main/java/com/bumptech/glide/load/engine/executor/GlideExecutor.java
PARAMETER	com.bumptech.glide.load.engine.executor.GlideExecutor$Builder	setThreadFactory(java.util.concurrent.ThreadFactory)	threadFactory	0	/home/nima/Developer/nullness-benchmarks/glide/library/src/main/java/com/bumptech/glide/load/engine/executor/GlideExecutor.java
PARAMETER	com.bumptech.glide.load.engine.executor.GlideExecutor$Builder	setUncaughtThrowableStrategy(com.bumptech.glide.load.engine.executor.GlideExecutor.UncaughtThrowableStrategy)	strategy	0	/home/nima/Developer/nullness-benchmarks/glide/library/src/main/java/com/bumptech/glide/load/engine/executor/GlideExecutor.java
PARAMETER	com.bumptech.glide.load.engine.cache.DiskCache$Writer	write(java.io.File)	file	0	/home/nima/Developer/nullness-benchmarks/glide/library/src/main/java/com/bumptech/glide/load/engine/cache/DiskCache.java
PARAMETER	com.bumptech.glide.load.engine.prefill.BitmapPreFillRunner$UniqueKey	updateDiskCacheKey(java.security.MessageDigest)	messageDigest	0	/home/nima/Developer/nullness-benchmarks/glide/library/src/main/java/com/bumptech/glide/load/engine/prefill/BitmapPreFillRunner.java
FIELD	com.bumptech.glide.manager.LifecycleRequestManagerRetriever	null	factory	null	/home/nima/Developer/nullness-benchmarks/glide/library/src/main/java/com/bumptech/glide/manager/LifecycleRequestManagerRetriever.java
PARAMETER	com.bumptech.glide.manager.LifecycleRequestManagerRetriever	LifecycleRequestManagerRetriever(com.bumptech.glide.manager.RequestManagerRetriever.RequestManagerFactory)	factory	0	/home/nima/Developer/nullness-benchmarks/glide/library/src/main/java/com/bumptech/glide/manager/LifecycleRequestManagerRetriever.java
METHOD	com.bumptech.glide.manager.LifecycleRequestManagerRetriever$SupportRequestManagerTreeNode	getDescendants()	null	null	/home/nima/Developer/nullness-benchmarks/glide/library/src/main/java/com/bumptech/glide/manager/LifecycleRequestManagerRetriever.java
PARAMETER	com.bumptech.glide.request.target.ImageViewTargetFactory	buildTarget(android.widget.ImageView,java.lang.Class)	view	0	/home/nima/Developer/nullness-benchmarks/glide/library/src/main/java/com/bumptech/glide/request/target/ImageViewTargetFactory.java
PARAMETER	com.bumptech.glide.request.target.ImageViewTargetFactory	buildTarget(android.widget.ImageView,java.lang.Class)	clazz	1	/home/nima/Developer/nullness-benchmarks/glide/library/src/main/java/com/bumptech/glide/request/target/ImageViewTargetFactory.java
METHOD	com.bumptech.glide.request.target.ImageViewTargetFactory	buildTarget(android.widget.ImageView,java.lang.Class)	null	null	/home/nima/Developer/nullness-benchmarks/glide/library/src/main/java/com/bumptech/glide/request/target/ImageViewTargetFactory.java
PARAMETER	com.bumptech.glide.request.target.ViewTarget	ViewTarget(T)	view	0	/home/nima/Developer/nullness-benchmarks/glide/library/src/main/java/com/bumptech/glide/request/target/ViewTarget.java
PARAMETER	com.bumptech.glide.request.target.ViewTarget	ViewTarget(T,boolean)	view	0	/home/nima/Developer/nullness-benchmarks/glide/library/src/main/java/com/bumptech/glide/request/target/ViewTarget.java
METHOD	com.bumptech.glide.request.target.ViewTarget	clearOnDetach()	null	null	/home/nima/Developer/nullness-benchmarks/glide/library/src/main/java/com/bumptech/glide/request/target/ViewTarget.java
METHOD	com.bumptech.glide.request.target.ViewTarget	waitForLayout()	null	null	/home/nima/Developer/nullness-benchmarks/glide/library/src/main/java/com/bumptech/glide/request/target/ViewTarget.java
METHOD	com.bumptech.glide.request.target.ViewTarget	getView()	null	null	/home/nima/Developer/nullness-benchmarks/glide/library/src/main/java/com/bumptech/glide/request/target/ViewTarget.java
PARAMETER	com.bumptech.glide.request.target.ViewTarget	getSize(com.bumptech.glide.request.target.SizeReadyCallback)	cb	0	/home/nima/Developer/nullness-benchmarks/glide/library/src/main/java/com/bumptech/glide/request/target/ViewTarget.java
PARAMETER	com.bumptech.glide.request.target.ViewTarget	removeCallback(com.bumptech.glide.request.target.SizeReadyCallback)	cb	0	/home/nima/Developer/nullness-benchmarks/glide/library/src/main/java/com/bumptech/glide/request/target/ViewTarget.java
PARAMETER	com.bumptech.glide.request.target.ViewTarget$SizeDeterminer	SizeDeterminer(android.view.View)	view	0	/home/nima/Developer/nullness-benchmarks/glide/library/src/main/java/com/bumptech/glide/request/target/ViewTarget.java
PARAMETER	com.bumptech.glide.request.target.ViewTarget$SizeDeterminer	getMaxDisplayLength(android.content.Context)	context	0	/home/nima/Developer/nullness-benchmarks/glide/library/src/main/java/com/bumptech/glide/request/target/ViewTarget.java
PARAMETER	com.bumptech.glide.request.target.ViewTarget$SizeDeterminer	getSize(com.bumptech.glide.request.target.SizeReadyCallback)	cb	0	/home/nima/Developer/nullness-benchmarks/glide/library/src/main/java/com/bumptech/glide/request/target/ViewTarget.java
PARAMETER	com.bumptech.glide.request.target.ViewTarget$SizeDeterminer	removeCallback(com.bumptech.glide.request.target.SizeReadyCallback)	cb	0	/home/nima/Developer/nullness-benchmarks/glide/library/src/main/java/com/bumptech/glide/request/target/ViewTarget.java
PARAMETER	com.bumptech.glide.request.target.ViewTarget$SizeDeterminer$SizeDeterminerLayoutListener	SizeDeterminerLayoutListener(com.bumptech.glide.request.target.ViewTarget.SizeDeterminer)	sizeDeterminer	0	/home/nima/Developer/nullness-benchmarks/glide/library/src/main/java/com/bumptech/glide/request/target/ViewTarget.java
PARAMETER	com.bumptech.glide.util.pool.FactoryPools$1	reset(java.lang.Object)	object	0	/home/nima/Developer/nullness-benchmarks/glide/library/src/main/java/com/bumptech/glide/util/pool/FactoryPools.java
PARAMETER	com.bumptech.glide.util.pool.FactoryPools	simple(int,com.bumptech.glide.util.pool.FactoryPools.Factory)	factory	1	/home/nima/Developer/nullness-benchmarks/glide/library/src/main/java/com/bumptech/glide/util/pool/FactoryPools.java
METHOD	com.bumptech.glide.util.pool.FactoryPools	simple(int,com.bumptech.glide.util.pool.FactoryPools.Factory)	null	null	/home/nima/Developer/nullness-benchmarks/glide/library/src/main/java/com/bumptech/glide/util/pool/FactoryPools.java
PARAMETER	com.bumptech.glide.util.pool.FactoryPools	threadSafe(int,com.bumptech.glide.util.pool.FactoryPools.Factory)	factory	1	/home/nima/Developer/nullness-benchmarks/glide/library/src/main/java/com/bumptech/glide/util/pool/FactoryPools.java
METHOD	com.bumptech.glide.util.pool.FactoryPools	threadSafe(int,com.bumptech.glide.util.pool.FactoryPools.Factory)	null	null	/home/nima/Developer/nullness-benchmarks/glide/library/src/main/java/com/bumptech/glide/util/pool/FactoryPools.java
PARAMETER	com.bumptech.glide.util.pool.FactoryPools	threadSafe(int,com.bumptech.glide.util.pool.FactoryPools.Factory,com.bumptech.glide.util.pool.FactoryPools.Resetter)	factory	1	/home/nima/Developer/nullness-benchmarks/glide/library/src/main/java/com/bumptech/glide/util/pool/FactoryPools.java
PARAMETER	com.bumptech.glide.util.pool.FactoryPools	threadSafe(int,com.bumptech.glide.util.pool.FactoryPools.Factory,com.bumptech.glide.util.pool.FactoryPools.Resetter)	resetter	2	/home/nima/Developer/nullness-benchmarks/glide/library/src/main/java/com/bumptech/glide/util/pool/FactoryPools.java
METHOD	com.bumptech.glide.util.pool.FactoryPools	threadSafe(int,com.bumptech.glide.util.pool.FactoryPools.Factory,com.bumptech.glide.util.pool.FactoryPools.Resetter)	null	null	/home/nima/Developer/nullness-benchmarks/glide/library/src/main/java/com/bumptech/glide/util/pool/FactoryPools.java
METHOD	com.bumptech.glide.util.pool.FactoryPools	threadSafeList()	null	null	/home/nima/Developer/nullness-benchmarks/glide/library/src/main/java/com/bumptech/glide/util/pool/FactoryPools.java
METHOD	com.bumptech.glide.util.pool.FactoryPools	threadSafeList(int)	null	null	/home/nima/Developer/nullness-benchmarks/glide/library/src/main/java/com/bumptech/glide/util/pool/FactoryPools.java
METHOD	com.bumptech.glide.util.pool.FactoryPools$2	create()	null	null	/home/nima/Developer/nullness-benchmarks/glide/library/src/main/java/com/bumptech/glide/util/pool/FactoryPools.java
PARAMETER	com.bumptech.glide.util.pool.FactoryPools$3	reset(java.util.List)	object	0	/home/nima/Developer/nullness-benchmarks/glide/library/src/main/java/com/bumptech/glide/util/pool/FactoryPools.java
PARAMETER	com.bumptech.glide.util.pool.FactoryPools	build(androidx.core.util.Pools.Pool,com.bumptech.glide.util.pool.FactoryPools.Factory)	pool	0	/home/nima/Developer/nullness-benchmarks/glide/library/src/main/java/com/bumptech/glide/util/pool/FactoryPools.java
PARAMETER	com.bumptech.glide.util.pool.FactoryPools	build(androidx.core.util.Pools.Pool,com.bumptech.glide.util.pool.FactoryPools.Factory)	factory	1	/home/nima/Developer/nullness-benchmarks/glide/library/src/main/java/com/bumptech/glide/util/pool/FactoryPools.java
METHOD	com.bumptech.glide.util.pool.FactoryPools	build(androidx.core.util.Pools.Pool,com.bumptech.glide.util.pool.FactoryPools.Factory)	null	null	/home/nima/Developer/nullness-benchmarks/glide/library/src/main/java/com/bumptech/glide/util/pool/FactoryPools.java
PARAMETER	com.bumptech.glide.util.pool.FactoryPools	build(androidx.core.util.Pools.Pool,com.bumptech.glide.util.pool.FactoryPools.Factory,com.bumptech.glide.util.pool.FactoryPools.Resetter)	pool	0	/home/nima/Developer/nullness-benchmarks/glide/library/src/main/java/com/bumptech/glide/util/pool/FactoryPools.java
PARAMETER	com.bumptech.glide.util.pool.FactoryPools	build(androidx.core.util.Pools.Pool,com.bumptech.glide.util.pool.FactoryPools.Factory,com.bumptech.glide.util.pool.FactoryPools.Resetter)	factory	1	/home/nima/Developer/nullness-benchmarks/glide/library/src/main/java/com/bumptech/glide/util/pool/FactoryPools.java
PARAMETER	com.bumptech.glide.util.pool.FactoryPools	build(androidx.core.util.Pools.Pool,com.bumptech.glide.util.pool.FactoryPools.Factory,com.bumptech.glide.util.pool.FactoryPools.Resetter)	resetter	2	/home/nima/Developer/nullness-benchmarks/glide/library/src/main/java/com/bumptech/glide/util/pool/FactoryPools.java
METHOD	com.bumptech.glide.util.pool.FactoryPools	build(androidx.core.util.Pools.Pool,com.bumptech.glide.util.pool.FactoryPools.Factory,com.bumptech.glide.util.pool.FactoryPools.Resetter)	null	null	/home/nima/Developer/nullness-benchmarks/glide/library/src/main/java/com/bumptech/glide/util/pool/FactoryPools.java
METHOD	com.bumptech.glide.util.pool.FactoryPools	emptyResetter()	null	null	/home/nima/Developer/nullness-benchmarks/glide/library/src/main/java/com/bumptech/glide/util/pool/FactoryPools.java
PARAMETER	com.bumptech.glide.util.pool.FactoryPools$Resetter	reset(T)	object	0	/home/nima/Developer/nullness-benchmarks/glide/library/src/main/java/com/bumptech/glide/util/pool/FactoryPools.java
METHOD	com.bumptech.glide.util.pool.FactoryPools$Poolable	getVerifier()	null	null	/home/nima/Developer/nullness-benchmarks/glide/library/src/main/java/com/bumptech/glide/util/pool/FactoryPools.java
PARAMETER	com.bumptech.glide.util.pool.FactoryPools$FactoryPool	FactoryPool(androidx.core.util.Pools.Pool,com.bumptech.glide.util.pool.FactoryPools.Factory,com.bumptech.glide.util.pool.FactoryPools.Resetter)	pool	0	/home/nima/Developer/nullness-benchmarks/glide/library/src/main/java/com/bumptech/glide/util/pool/FactoryPools.java
PARAMETER	com.bumptech.glide.util.pool.FactoryPools$FactoryPool	FactoryPool(androidx.core.util.Pools.Pool,com.bumptech.glide.util.pool.FactoryPools.Factory,com.bumptech.glide.util.pool.FactoryPools.Resetter)	factory	1	/home/nima/Developer/nullness-benchmarks/glide/library/src/main/java/com/bumptech/glide/util/pool/FactoryPools.java
PARAMETER	com.bumptech.glide.util.pool.FactoryPools$FactoryPool	FactoryPool(androidx.core.util.Pools.Pool,com.bumptech.glide.util.pool.FactoryPools.Factory,com.bumptech.glide.util.pool.FactoryPools.Resetter)	resetter	2	/home/nima/Developer/nullness-benchmarks/glide/library/src/main/java/com/bumptech/glide/util/pool/FactoryPools.java
PARAMETER	com.bumptech.glide.util.pool.FactoryPools$FactoryPool	release(T)	instance	0	/home/nima/Developer/nullness-benchmarks/glide/library/src/main/java/com/bumptech/glide/util/pool/FactoryPools.java
PARAMETER	com.bumptech.glide.load.engine.DecodeJob	compareTo(com.bumptech.glide.load.engine.DecodeJob)	other	0	/home/nima/Developer/nullness-benchmarks/glide/library/src/main/java/com/bumptech/glide/load/engine/DecodeJob.java
METHOD	com.bumptech.glide.load.engine.DecodeJob	getOptionsWithHardwareConfig(com.bumptech.glide.load.DataSource)	null	null	/home/nima/Developer/nullness-benchmarks/glide/library/src/main/java/com/bumptech/glide/load/engine/DecodeJob.java
METHOD	com.bumptech.glide.load.engine.DecodeJob	getVerifier()	null	null	/home/nima/Developer/nullness-benchmarks/glide/library/src/main/java/com/bumptech/glide/load/engine/DecodeJob.java
PARAMETER	com.bumptech.glide.load.engine.DecodeJob	onResourceDecoded(com.bumptech.glide.load.DataSource,com.bumptech.glide.load.engine.Resource)	decoded	1	/home/nima/Developer/nullness-benchmarks/glide/library/src/main/java/com/bumptech/glide/load/engine/DecodeJob.java
METHOD	com.bumptech.glide.load.engine.DecodeJob	onResourceDecoded(com.bumptech.glide.load.DataSource,com.bumptech.glide.load.engine.Resource)	null	null	/home/nima/Developer/nullness-benchmarks/glide/library/src/main/java/com/bumptech/glide/load/engine/DecodeJob.java
PARAMETER	com.bumptech.glide.load.engine.DecodeJob$DecodeCallback	onResourceDecoded(com.bumptech.glide.load.engine.Resource)	decoded	0	/home/nima/Developer/nullness-benchmarks/glide/library/src/main/java/com/bumptech/glide/load/engine/DecodeJob.java
METHOD	com.bumptech.glide.load.engine.DecodeJob$DecodeCallback	onResourceDecoded(com.bumptech.glide.load.engine.Resource)	null	null	/home/nima/Developer/nullness-benchmarks/glide/library/src/main/java/com/bumptech/glide/load/engine/DecodeJob.java
PARAMETER	com.bumptech.glide.load.engine.ActiveResources$1	newThread(java.lang.Runnable)	r	0	/home/nima/Developer/nullness-benchmarks/glide/library/src/main/java/com/bumptech/glide/load/engine/ActiveResources.java
PARAMETER	com.bumptech.glide.load.engine.ActiveResources	cleanupActiveReference(com.bumptech.glide.load.engine.ActiveResources.ResourceWeakReference)	ref	0	/home/nima/Developer/nullness-benchmarks/glide/library/src/main/java/com/bumptech/glide/load/engine/ActiveResources.java
PARAMETER	com.bumptech.glide.load.engine.ActiveResources$ResourceWeakReference	ResourceWeakReference(com.bumptech.glide.load.Key,com.bumptech.glide.load.engine.EngineResource,java.lang.ref.ReferenceQueue,boolean)	key	0	/home/nima/Developer/nullness-benchmarks/glide/library/src/main/java/com/bumptech/glide/load/engine/ActiveResources.java
PARAMETER	com.bumptech.glide.load.engine.ActiveResources$ResourceWeakReference	ResourceWeakReference(com.bumptech.glide.load.Key,com.bumptech.glide.load.engine.EngineResource,java.lang.ref.ReferenceQueue,boolean)	referent	1	/home/nima/Developer/nullness-benchmarks/glide/library/src/main/java/com/bumptech/glide/load/engine/ActiveResources.java
PARAMETER	com.bumptech.glide.load.engine.ActiveResources$ResourceWeakReference	ResourceWeakReference(com.bumptech.glide.load.Key,com.bumptech.glide.load.engine.EngineResource,java.lang.ref.ReferenceQueue,boolean)	queue	2	/home/nima/Developer/nullness-benchmarks/glide/library/src/main/java/com/bumptech/glide/load/engine/ActiveResources.java
PARAMETER	com.bumptech.glide.load.engine.EngineKey	updateDiskCacheKey(java.security.MessageDigest)	messageDigest	0	/home/nima/Developer/nullness-benchmarks/glide/library/src/main/java/com/bumptech/glide/load/engine/EngineKey.java
METHOD	com.bumptech.glide.load.engine.EngineJob	getVerifier()	null	null	/home/nima/Developer/nullness-benchmarks/glide/library/src/main/java/com/bumptech/glide/load/engine/EngineJob.java
METHOD	com.bumptech.glide.load.engine.EngineJob$ResourceCallbacksAndExecutors	iterator()	null	null	/home/nima/Developer/nullness-benchmarks/glide/library/src/main/java/com/bumptech/glide/load/engine/EngineJob.java
METHOD	com.bumptech.glide.util.pool.StateVerifier	newInstance()	null	null	/home/nima/Developer/nullness-benchmarks/glide/library/src/main/java/com/bumptech/glide/util/pool/StateVerifier.java
METHOD	com.bumptech.glide.load.engine.LockedResource	obtain(com.bumptech.glide.load.engine.Resource)	null	null	/home/nima/Developer/nullness-benchmarks/glide/library/src/main/java/com/bumptech/glide/load/engine/LockedResource.java
METHOD	com.bumptech.glide.load.engine.LockedResource	getResourceClass()	null	null	/home/nima/Developer/nullness-benchmarks/glide/library/src/main/java/com/bumptech/glide/load/engine/LockedResource.java
METHOD	com.bumptech.glide.load.engine.LockedResource	get()	null	null	/home/nima/Developer/nullness-benchmarks/glide/library/src/main/java/com/bumptech/glide/load/engine/LockedResource.java
METHOD	com.bumptech.glide.load.engine.LockedResource	getVerifier()	null	null	/home/nima/Developer/nullness-benchmarks/glide/library/src/main/java/com/bumptech/glide/load/engine/LockedResource.java
PARAMETER	com.bumptech.glide.manager.DefaultConnectivityMonitor	DefaultConnectivityMonitor(android.content.Context,com.bumptech.glide.manager.ConnectivityMonitor.ConnectivityListener)	context	0	/home/nima/Developer/nullness-benchmarks/glide/library/src/main/java/com/bumptech/glide/manager/DefaultConnectivityMonitor.java
PARAMETER	com.bumptech.glide.manager.DefaultConnectivityMonitor	DefaultConnectivityMonitor(android.content.Context,com.bumptech.glide.manager.ConnectivityMonitor.ConnectivityListener)	listener	1	/home/nima/Developer/nullness-benchmarks/glide/library/src/main/java/com/bumptech/glide/manager/DefaultConnectivityMonitor.java
FIELD	com.bumptech.glide.manager.LifecycleLifecycle	null	lifecycleListeners	null	/home/nima/Developer/nullness-benchmarks/glide/library/src/main/java/com/bumptech/glide/manager/LifecycleLifecycle.java
FIELD	com.bumptech.glide.manager.LifecycleLifecycle	null	lifecycle	null	/home/nima/Developer/nullness-benchmarks/glide/library/src/main/java/com/bumptech/glide/manager/LifecycleLifecycle.java
PARAMETER	com.bumptech.glide.manager.LifecycleLifecycle	onStart(androidx.lifecycle.LifecycleOwner)	owner	0	/home/nima/Developer/nullness-benchmarks/glide/library/src/main/java/com/bumptech/glide/manager/LifecycleLifecycle.java
PARAMETER	com.bumptech.glide.manager.LifecycleLifecycle	onStop(androidx.lifecycle.LifecycleOwner)	owner	0	/home/nima/Developer/nullness-benchmarks/glide/library/src/main/java/com/bumptech/glide/manager/LifecycleLifecycle.java
PARAMETER	com.bumptech.glide.manager.LifecycleLifecycle	onDestroy(androidx.lifecycle.LifecycleOwner)	owner	0	/home/nima/Developer/nullness-benchmarks/glide/library/src/main/java/com/bumptech/glide/manager/LifecycleLifecycle.java
PARAMETER	com.bumptech.glide.manager.LifecycleLifecycle	addListener(com.bumptech.glide.manager.LifecycleListener)	listener	0	/home/nima/Developer/nullness-benchmarks/glide/library/src/main/java/com/bumptech/glide/manager/LifecycleLifecycle.java
PARAMETER	com.bumptech.glide.manager.LifecycleLifecycle	removeListener(com.bumptech.glide.manager.LifecycleListener)	listener	0	/home/nima/Developer/nullness-benchmarks/glide/library/src/main/java/com/bumptech/glide/manager/LifecycleLifecycle.java
METHOD	com.bumptech.glide.manager.RequestManagerFragment	getRequestManagerTreeNode()	null	null	/home/nima/Developer/nullness-benchmarks/glide/library/src/main/java/com/bumptech/glide/manager/RequestManagerFragment.java
METHOD	com.bumptech.glide.manager.RequestManagerFragment$1	getDescendants()	null	null	/home/nima/Developer/nullness-benchmarks/glide/library/src/main/java/com/bumptech/glide/manager/RequestManagerFragment.java
PARAMETER	com.bumptech.glide.manager.DefaultConnectivityMonitorFactory	build(android.content.Context,com.bumptech.glide.manager.ConnectivityMonitor.ConnectivityListener)	context	0	/home/nima/Developer/nullness-benchmarks/glide/library/src/main/java/com/bumptech/glide/manager/DefaultConnectivityMonitorFactory.java
PARAMETER	com.bumptech.glide.manager.DefaultConnectivityMonitorFactory	build(android.content.Context,com.bumptech.glide.manager.ConnectivityMonitor.ConnectivityListener)	listener	1	/home/nima/Developer/nullness-benchmarks/glide/library/src/main/java/com/bumptech/glide/manager/DefaultConnectivityMonitorFactory.java
METHOD	com.bumptech.glide.manager.DefaultConnectivityMonitorFactory	build(android.content.Context,com.bumptech.glide.manager.ConnectivityMonitor.ConnectivityListener)	null	null	/home/nima/Developer/nullness-benchmarks/glide/library/src/main/java/com/bumptech/glide/manager/DefaultConnectivityMonitorFactory.java
METHOD	com.bumptech.glide.manager.SupportRequestManagerFragment	getRequestManagerTreeNode()	null	null	/home/nima/Developer/nullness-benchmarks/glide/library/src/main/java/com/bumptech/glide/manager/SupportRequestManagerFragment.java
METHOD	com.bumptech.glide.manager.EmptyRequestManagerTreeNode	getDescendants()	null	null	/home/nima/Developer/nullness-benchmarks/glide/library/src/main/java/com/bumptech/glide/manager/EmptyRequestManagerTreeNode.java
PARAMETER	com.bumptech.glide.manager.SingletonConnectivityReceiver	get(android.content.Context)	context	0	/home/nima/Developer/nullness-benchmarks/glide/library/src/main/java/com/bumptech/glide/manager/SingletonConnectivityReceiver.java
PARAMETER	com.bumptech.glide.manager.SingletonConnectivityReceiver	SingletonConnectivityReceiver(android.content.Context)	context	0	/home/nima/Developer/nullness-benchmarks/glide/library/src/main/java/com/bumptech/glide/manager/SingletonConnectivityReceiver.java
PARAMETER	com.bumptech.glide.manager.SingletonConnectivityReceiver$FrameworkConnectivityMonitorPostApi24$1	onAvailable(android.net.Network)	network	0	/home/nima/Developer/nullness-benchmarks/glide/library/src/main/java/com/bumptech/glide/manager/SingletonConnectivityReceiver.java
PARAMETER	com.bumptech.glide.manager.SingletonConnectivityReceiver$FrameworkConnectivityMonitorPostApi24$1	onLost(android.net.Network)	network	0	/home/nima/Developer/nullness-benchmarks/glide/library/src/main/java/com/bumptech/glide/manager/SingletonConnectivityReceiver.java
PARAMETER	com.bumptech.glide.manager.SingletonConnectivityReceiver$FrameworkConnectivityMonitorPreApi24$1	onReceive(android.content.Context,android.content.Intent)	context	0	/home/nima/Developer/nullness-benchmarks/glide/library/src/main/java/com/bumptech/glide/manager/SingletonConnectivityReceiver.java
PARAMETER	com.bumptech.glide.manager.ApplicationLifecycle	addListener(com.bumptech.glide.manager.LifecycleListener)	listener	0	/home/nima/Developer/nullness-benchmarks/glide/library/src/main/java/com/bumptech/glide/manager/ApplicationLifecycle.java
PARAMETER	com.bumptech.glide.manager.ApplicationLifecycle	removeListener(com.bumptech.glide.manager.LifecycleListener)	listener	0	/home/nima/Developer/nullness-benchmarks/glide/library/src/main/java/com/bumptech/glide/manager/ApplicationLifecycle.java
PARAMETER	com.bumptech.glide.util.LruCache	onItemEvicted(T,Y)	key	0	/home/nima/Developer/nullness-benchmarks/glide/library/src/main/java/com/bumptech/glide/util/LruCache.java
PARAMETER	com.bumptech.glide.util.LruCache	contains(T)	key	0	/home/nima/Developer/nullness-benchmarks/glide/library/src/main/java/com/bumptech/glide/util/LruCache.java
PARAMETER	com.bumptech.glide.util.LruCache	get(T)	key	0	/home/nima/Developer/nullness-benchmarks/glide/library/src/main/java/com/bumptech/glide/util/LruCache.java
PARAMETER	com.bumptech.glide.util.LruCache	put(T,Y)	key	0	/home/nima/Developer/nullness-benchmarks/glide/library/src/main/java/com/bumptech/glide/util/LruCache.java
PARAMETER	com.bumptech.glide.util.LruCache	remove(T)	key	0	/home/nima/Developer/nullness-benchmarks/glide/library/src/main/java/com/bumptech/glide/util/LruCache.java
PARAMETER	com.bumptech.glide.util.Executors$1	execute(java.lang.Runnable)	command	0	/home/nima/Developer/nullness-benchmarks/glide/library/src/main/java/com/bumptech/glide/util/Executors.java
PARAMETER	com.bumptech.glide.util.Executors$2	execute(java.lang.Runnable)	command	0	/home/nima/Developer/nullness-benchmarks/glide/library/src/main/java/com/bumptech/glide/util/Executors.java
PARAMETER	com.bumptech.glide.util.ByteBufferUtil	fromFile(java.io.File)	file	0	/home/nima/Developer/nullness-benchmarks/glide/library/src/main/java/com/bumptech/glide/util/ByteBufferUtil.java
METHOD	com.bumptech.glide.util.ByteBufferUtil	fromFile(java.io.File)	null	null	/home/nima/Developer/nullness-benchmarks/glide/library/src/main/java/com/bumptech/glide/util/ByteBufferUtil.java
PARAMETER	com.bumptech.glide.util.ByteBufferUtil	toFile(java.nio.ByteBuffer,java.io.File)	buffer	0	/home/nima/Developer/nullness-benchmarks/glide/library/src/main/java/com/bumptech/glide/util/ByteBufferUtil.java
PARAMETER	com.bumptech.glide.util.ByteBufferUtil	toFile(java.nio.ByteBuffer,java.io.File)	file	1	/home/nima/Developer/nullness-benchmarks/glide/library/src/main/java/com/bumptech/glide/util/ByteBufferUtil.java
PARAMETER	com.bumptech.glide.util.ByteBufferUtil	toStream(java.nio.ByteBuffer,java.io.OutputStream)	byteBuffer	0	/home/nima/Developer/nullness-benchmarks/glide/library/src/main/java/com/bumptech/glide/util/ByteBufferUtil.java
PARAMETER	com.bumptech.glide.util.ByteBufferUtil	toStream(java.nio.ByteBuffer,java.io.OutputStream)	os	1	/home/nima/Developer/nullness-benchmarks/glide/library/src/main/java/com/bumptech/glide/util/ByteBufferUtil.java
PARAMETER	com.bumptech.glide.util.ByteBufferUtil	toBytes(java.nio.ByteBuffer)	byteBuffer	0	/home/nima/Developer/nullness-benchmarks/glide/library/src/main/java/com/bumptech/glide/util/ByteBufferUtil.java
METHOD	com.bumptech.glide.util.ByteBufferUtil	toBytes(java.nio.ByteBuffer)	null	null	/home/nima/Developer/nullness-benchmarks/glide/library/src/main/java/com/bumptech/glide/util/ByteBufferUtil.java
PARAMETER	com.bumptech.glide.util.ByteBufferUtil	toStream(java.nio.ByteBuffer)	buffer	0	/home/nima/Developer/nullness-benchmarks/glide/library/src/main/java/com/bumptech/glide/util/ByteBufferUtil.java
METHOD	com.bumptech.glide.util.ByteBufferUtil	toStream(java.nio.ByteBuffer)	null	null	/home/nima/Developer/nullness-benchmarks/glide/library/src/main/java/com/bumptech/glide/util/ByteBufferUtil.java
PARAMETER	com.bumptech.glide.util.ByteBufferUtil	fromStream(java.io.InputStream)	stream	0	/home/nima/Developer/nullness-benchmarks/glide/library/src/main/java/com/bumptech/glide/util/ByteBufferUtil.java
METHOD	com.bumptech.glide.util.ByteBufferUtil	fromStream(java.io.InputStream)	null	null	/home/nima/Developer/nullness-benchmarks/glide/library/src/main/java/com/bumptech/glide/util/ByteBufferUtil.java
PARAMETER	com.bumptech.glide.util.ByteBufferUtil	getSafeArray(java.nio.ByteBuffer)	byteBuffer	0	/home/nima/Developer/nullness-benchmarks/glide/library/src/main/java/com/bumptech/glide/util/ByteBufferUtil.java
PARAMETER	com.bumptech.glide.util.ByteBufferUtil$SafeArray	SafeArray(byte[],int,int)	data	0	/home/nima/Developer/nullness-benchmarks/glide/library/src/main/java/com/bumptech/glide/util/ByteBufferUtil.java
FIELD	com.bumptech.glide.util.ByteBufferUtil$ByteBufferStream	null	byteBuffer	null	/home/nima/Developer/nullness-benchmarks/glide/library/src/main/java/com/bumptech/glide/util/ByteBufferUtil.java
PARAMETER	com.bumptech.glide.util.ByteBufferUtil$ByteBufferStream	ByteBufferStream(java.nio.ByteBuffer)	byteBuffer	0	/home/nima/Developer/nullness-benchmarks/glide/library/src/main/java/com/bumptech/glide/util/ByteBufferUtil.java
PARAMETER	com.bumptech.glide.util.ByteBufferUtil$ByteBufferStream	read(byte[],int,int)	buffer	0	/home/nima/Developer/nullness-benchmarks/glide/library/src/main/java/com/bumptech/glide/util/ByteBufferUtil.java
PARAMETER	com.bumptech.glide.util.MarkEnforcingInputStream	MarkEnforcingInputStream(java.io.InputStream)	in	0	/home/nima/Developer/nullness-benchmarks/glide/library/src/main/java/com/bumptech/glide/util/MarkEnforcingInputStream.java
PARAMETER	com.bumptech.glide.util.MarkEnforcingInputStream	read(byte[],int,int)	buffer	0	/home/nima/Developer/nullness-benchmarks/glide/library/src/main/java/com/bumptech/glide/util/MarkEnforcingInputStream.java
PARAMETER	com.bumptech.glide.util.ExceptionPassthroughInputStream	obtain(java.io.InputStream)	toWrap	0	/home/nima/Developer/nullness-benchmarks/glide/library/src/main/java/com/bumptech/glide/util/ExceptionPassthroughInputStream.java
METHOD	com.bumptech.glide.util.ExceptionPassthroughInputStream	obtain(java.io.InputStream)	null	null	/home/nima/Developer/nullness-benchmarks/glide/library/src/main/java/com/bumptech/glide/util/ExceptionPassthroughInputStream.java
PARAMETER	com.bumptech.glide.util.ExceptionPassthroughInputStream	setInputStream(java.io.InputStream)	toWrap	0	/home/nima/Developer/nullness-benchmarks/glide/library/src/main/java/com/bumptech/glide/util/ExceptionPassthroughInputStream.java
PARAMETER	com.bumptech.glide.util.ExceptionCatchingInputStream	obtain(java.io.InputStream)	toWrap	0	/home/nima/Developer/nullness-benchmarks/glide/library/src/main/java/com/bumptech/glide/util/ExceptionCatchingInputStream.java
METHOD	com.bumptech.glide.util.ExceptionCatchingInputStream	obtain(java.io.InputStream)	null	null	/home/nima/Developer/nullness-benchmarks/glide/library/src/main/java/com/bumptech/glide/util/ExceptionCatchingInputStream.java
PARAMETER	com.bumptech.glide.util.ExceptionCatchingInputStream	setInputStream(java.io.InputStream)	toWrap	0	/home/nima/Developer/nullness-benchmarks/glide/library/src/main/java/com/bumptech/glide/util/ExceptionCatchingInputStream.java
PARAMETER	com.bumptech.glide.util.ViewPreloadSizeProvider	ViewPreloadSizeProvider(android.view.View)	view	0	/home/nima/Developer/nullness-benchmarks/glide/library/src/main/java/com/bumptech/glide/util/ViewPreloadSizeProvider.java
PARAMETER	com.bumptech.glide.util.ViewPreloadSizeProvider	getPreloadSize(T,int,int)	item	0	/home/nima/Developer/nullness-benchmarks/glide/library/src/main/java/com/bumptech/glide/util/ViewPreloadSizeProvider.java
PARAMETER	com.bumptech.glide.util.ViewPreloadSizeProvider	setView(android.view.View)	view	0	/home/nima/Developer/nullness-benchmarks/glide/library/src/main/java/com/bumptech/glide/util/ViewPreloadSizeProvider.java
PARAMETER	com.bumptech.glide.util.ViewPreloadSizeProvider$SizeViewTarget	SizeViewTarget(android.view.View)	view	0	/home/nima/Developer/nullness-benchmarks/glide/library/src/main/java/com/bumptech/glide/util/ViewPreloadSizeProvider.java
PARAMETER	com.bumptech.glide.util.ViewPreloadSizeProvider$SizeViewTarget	onResourceReady(java.lang.Object,com.bumptech.glide.request.transition.Transition)	resource	0	/home/nima/Developer/nullness-benchmarks/glide/library/src/main/java/com/bumptech/glide/util/ViewPreloadSizeProvider.java
PARAMETER	com.bumptech.glide.request.target.CustomViewTarget	CustomViewTarget(T)	view	0	/home/nima/Developer/nullness-benchmarks/glide/library/src/main/java/com/bumptech/glide/request/target/CustomViewTarget.java
METHOD	com.bumptech.glide.request.target.CustomViewTarget	waitForLayout()	null	null	/home/nima/Developer/nullness-benchmarks/glide/library/src/main/java/com/bumptech/glide/request/target/CustomViewTarget.java
METHOD	com.bumptech.glide.request.target.CustomViewTarget	clearOnDetach()	null	null	/home/nima/Developer/nullness-benchmarks/glide/library/src/main/java/com/bumptech/glide/request/target/CustomViewTarget.java
METHOD	com.bumptech.glide.request.target.CustomViewTarget	getView()	null	null	/home/nima/Developer/nullness-benchmarks/glide/library/src/main/java/com/bumptech/glide/request/target/CustomViewTarget.java
PARAMETER	com.bumptech.glide.request.target.CustomViewTarget	getSize(com.bumptech.glide.request.target.SizeReadyCallback)	cb	0	/home/nima/Developer/nullness-benchmarks/glide/library/src/main/java/com/bumptech/glide/request/target/CustomViewTarget.java
PARAMETER	com.bumptech.glide.request.target.CustomViewTarget	removeCallback(com.bumptech.glide.request.target.SizeReadyCallback)	cb	0	/home/nima/Developer/nullness-benchmarks/glide/library/src/main/java/com/bumptech/glide/request/target/CustomViewTarget.java
PARAMETER	com.bumptech.glide.request.target.CustomViewTarget$SizeDeterminer	SizeDeterminer(android.view.View)	view	0	/home/nima/Developer/nullness-benchmarks/glide/library/src/main/java/com/bumptech/glide/request/target/CustomViewTarget.java
PARAMETER	com.bumptech.glide.request.target.CustomViewTarget$SizeDeterminer	getMaxDisplayLength(android.content.Context)	context	0	/home/nima/Developer/nullness-benchmarks/glide/library/src/main/java/com/bumptech/glide/request/target/CustomViewTarget.java
PARAMETER	com.bumptech.glide.request.target.CustomViewTarget$SizeDeterminer	getSize(com.bumptech.glide.request.target.SizeReadyCallback)	cb	0	/home/nima/Developer/nullness-benchmarks/glide/library/src/main/java/com/bumptech/glide/request/target/CustomViewTarget.java
PARAMETER	com.bumptech.glide.request.target.CustomViewTarget$SizeDeterminer	removeCallback(com.bumptech.glide.request.target.SizeReadyCallback)	cb	0	/home/nima/Developer/nullness-benchmarks/glide/library/src/main/java/com/bumptech/glide/request/target/CustomViewTarget.java
PARAMETER	com.bumptech.glide.request.target.CustomViewTarget$SizeDeterminer$SizeDeterminerLayoutListener	SizeDeterminerLayoutListener(com.bumptech.glide.request.target.CustomViewTarget.SizeDeterminer)	sizeDeterminer	0	/home/nima/Developer/nullness-benchmarks/glide/library/src/main/java/com/bumptech/glide/request/target/CustomViewTarget.java
PARAMETER	com.bumptech.glide.util.Util	sha256BytesToHex(byte[])	bytes	0	/home/nima/Developer/nullness-benchmarks/glide/library/src/main/java/com/bumptech/glide/util/Util.java
METHOD	com.bumptech.glide.util.Util	sha256BytesToHex(byte[])	null	null	/home/nima/Developer/nullness-benchmarks/glide/library/src/main/java/com/bumptech/glide/util/Util.java
PARAMETER	com.bumptech.glide.util.Util	bytesToHex(byte[],char[])	bytes	0	/home/nima/Developer/nullness-benchmarks/glide/library/src/main/java/com/bumptech/glide/util/Util.java
PARAMETER	com.bumptech.glide.util.Util	bytesToHex(byte[],char[])	hexChars	1	/home/nima/Developer/nullness-benchmarks/glide/library/src/main/java/com/bumptech/glide/util/Util.java
METHOD	com.bumptech.glide.util.Util	bytesToHex(byte[],char[])	null	null	/home/nima/Developer/nullness-benchmarks/glide/library/src/main/java/com/bumptech/glide/util/Util.java
PARAMETER	com.bumptech.glide.util.Util	getSize(android.graphics.Bitmap)	bitmap	0	/home/nima/Developer/nullness-benchmarks/glide/library/src/main/java/com/bumptech/glide/util/Util.java
PARAMETER	com.bumptech.glide.util.Util	getBitmapByteSize(android.graphics.Bitmap)	bitmap	0	/home/nima/Developer/nullness-benchmarks/glide/library/src/main/java/com/bumptech/glide/util/Util.java
METHOD	com.bumptech.glide.util.Util	createQueue(int)	null	null	/home/nima/Developer/nullness-benchmarks/glide/library/src/main/java/com/bumptech/glide/util/Util.java
PARAMETER	com.bumptech.glide.util.Util	getSnapshot(java.util.Collection)	other	0	/home/nima/Developer/nullness-benchmarks/glide/library/src/main/java/com/bumptech/glide/util/Util.java
METHOD	com.bumptech.glide.util.Util	getSnapshot(java.util.Collection)	null	null	/home/nima/Developer/nullness-benchmarks/glide/library/src/main/java/com/bumptech/glide/util/Util.java
PARAMETER	com.bumptech.glide.util.ContentLengthInputStream	obtain(java.io.InputStream,java.lang.String)	other	0	/home/nima/Developer/nullness-benchmarks/glide/library/src/main/java/com/bumptech/glide/util/ContentLengthInputStream.java
METHOD	com.bumptech.glide.util.ContentLengthInputStream	obtain(java.io.InputStream,java.lang.String)	null	null	/home/nima/Developer/nullness-benchmarks/glide/library/src/main/java/com/bumptech/glide/util/ContentLengthInputStream.java
PARAMETER	com.bumptech.glide.util.ContentLengthInputStream	obtain(java.io.InputStream,long)	other	0	/home/nima/Developer/nullness-benchmarks/glide/library/src/main/java/com/bumptech/glide/util/ContentLengthInputStream.java
METHOD	com.bumptech.glide.util.ContentLengthInputStream	obtain(java.io.InputStream,long)	null	null	/home/nima/Developer/nullness-benchmarks/glide/library/src/main/java/com/bumptech/glide/util/ContentLengthInputStream.java
PARAMETER	com.bumptech.glide.util.ContentLengthInputStream	ContentLengthInputStream(java.io.InputStream,long)	in	0	/home/nima/Developer/nullness-benchmarks/glide/library/src/main/java/com/bumptech/glide/util/ContentLengthInputStream.java
PARAMETER	com.bumptech.glide.util.FixedPreloadSizeProvider	getPreloadSize(T,int,int)	item	0	/home/nima/Developer/nullness-benchmarks/glide/library/src/main/java/com/bumptech/glide/util/FixedPreloadSizeProvider.java
PARAMETER	com.bumptech.glide.util.Preconditions	checkArgument(boolean,java.lang.String)	message	1	/home/nima/Developer/nullness-benchmarks/glide/library/src/main/java/com/bumptech/glide/util/Preconditions.java
METHOD	com.bumptech.glide.util.Preconditions	checkNotNull(T)	null	null	/home/nima/Developer/nullness-benchmarks/glide/library/src/main/java/com/bumptech/glide/util/Preconditions.java
PARAMETER	com.bumptech.glide.util.Preconditions	checkNotNull(T,java.lang.String)	message	1	/home/nima/Developer/nullness-benchmarks/glide/library/src/main/java/com/bumptech/glide/util/Preconditions.java
METHOD	com.bumptech.glide.util.Preconditions	checkNotNull(T,java.lang.String)	null	null	/home/nima/Developer/nullness-benchmarks/glide/library/src/main/java/com/bumptech/glide/util/Preconditions.java
METHOD	com.bumptech.glide.util.Preconditions	checkNotEmpty(java.lang.String)	null	null	/home/nima/Developer/nullness-benchmarks/glide/library/src/main/java/com/bumptech/glide/util/Preconditions.java
PARAMETER	com.bumptech.glide.util.Preconditions	checkNotEmpty(T)	collection	0	/home/nima/Developer/nullness-benchmarks/glide/library/src/main/java/com/bumptech/glide/util/Preconditions.java
METHOD	com.bumptech.glide.util.Preconditions	checkNotEmpty(T)	null	null	/home/nima/Developer/nullness-benchmarks/glide/library/src/main/java/com/bumptech/glide/util/Preconditions.java
PARAMETER	com.bumptech.glide.signature.ObjectKey	ObjectKey(java.lang.Object)	object	0	/home/nima/Developer/nullness-benchmarks/glide/library/src/main/java/com/bumptech/glide/signature/ObjectKey.java
PARAMETER	com.bumptech.glide.signature.ObjectKey	updateDiskCacheKey(java.security.MessageDigest)	messageDigest	0	/home/nima/Developer/nullness-benchmarks/glide/library/src/main/java/com/bumptech/glide/signature/ObjectKey.java
METHOD	com.bumptech.glide.signature.EmptySignature	obtain()	null	null	/home/nima/Developer/nullness-benchmarks/glide/library/src/main/java/com/bumptech/glide/signature/EmptySignature.java
PARAMETER	com.bumptech.glide.signature.EmptySignature	updateDiskCacheKey(java.security.MessageDigest)	messageDigest	0	/home/nima/Developer/nullness-benchmarks/glide/library/src/main/java/com/bumptech/glide/signature/EmptySignature.java
PARAMETER	com.bumptech.glide.signature.AndroidResourceSignature	obtain(android.content.Context)	context	0	/home/nima/Developer/nullness-benchmarks/glide/library/src/main/java/com/bumptech/glide/signature/AndroidResourceSignature.java
METHOD	com.bumptech.glide.signature.AndroidResourceSignature	obtain(android.content.Context)	null	null	/home/nima/Developer/nullness-benchmarks/glide/library/src/main/java/com/bumptech/glide/signature/AndroidResourceSignature.java
PARAMETER	com.bumptech.glide.signature.AndroidResourceSignature	updateDiskCacheKey(java.security.MessageDigest)	messageDigest	0	/home/nima/Developer/nullness-benchmarks/glide/library/src/main/java/com/bumptech/glide/signature/AndroidResourceSignature.java
FIELD	com.bumptech.glide.signature.MediaStoreSignature	null	mimeType	null	/home/nima/Developer/nullness-benchmarks/glide/library/src/main/java/com/bumptech/glide/signature/MediaStoreSignature.java
PARAMETER	com.bumptech.glide.signature.MediaStoreSignature	updateDiskCacheKey(java.security.MessageDigest)	messageDigest	0	/home/nima/Developer/nullness-benchmarks/glide/library/src/main/java/com/bumptech/glide/signature/MediaStoreSignature.java
PARAMETER	com.bumptech.glide.signature.ApplicationVersionSignature	obtain(android.content.Context)	context	0	/home/nima/Developer/nullness-benchmarks/glide/library/src/main/java/com/bumptech/glide/signature/ApplicationVersionSignature.java
METHOD	com.bumptech.glide.signature.ApplicationVersionSignature	obtain(android.content.Context)	null	null	/home/nima/Developer/nullness-benchmarks/glide/library/src/main/java/com/bumptech/glide/signature/ApplicationVersionSignature.java
PARAMETER	com.bumptech.glide.signature.ApplicationVersionSignature	obtainVersionSignature(android.content.Context)	context	0	/home/nima/Developer/nullness-benchmarks/glide/library/src/main/java/com/bumptech/glide/signature/ApplicationVersionSignature.java
METHOD	com.bumptech.glide.signature.ApplicationVersionSignature	obtainVersionSignature(android.content.Context)	null	null	/home/nima/Developer/nullness-benchmarks/glide/library/src/main/java/com/bumptech/glide/signature/ApplicationVersionSignature.java
METHOD	com.bumptech.glide.signature.ApplicationVersionSignature	getVersionCode(android.content.pm.PackageInfo)	null	null	/home/nima/Developer/nullness-benchmarks/glide/library/src/main/java/com/bumptech/glide/signature/ApplicationVersionSignature.java
PARAMETER	com.bumptech.glide.signature.ApplicationVersionSignature	getPackageInfo(android.content.Context)	context	0	/home/nima/Developer/nullness-benchmarks/glide/library/src/main/java/com/bumptech/glide/signature/ApplicationVersionSignature.java
METHOD	com.bumptech.glide.GenericTransitionOptions	withNoTransition()	null	null	/home/nima/Developer/nullness-benchmarks/glide/library/src/main/java/com/bumptech/glide/GenericTransitionOptions.java
METHOD	com.bumptech.glide.GenericTransitionOptions	with(int)	null	null	/home/nima/Developer/nullness-benchmarks/glide/library/src/main/java/com/bumptech/glide/GenericTransitionOptions.java
PARAMETER	com.bumptech.glide.GenericTransitionOptions	with(com.bumptech.glide.request.transition.ViewPropertyTransition.Animator)	animator	0	/home/nima/Developer/nullness-benchmarks/glide/library/src/main/java/com/bumptech/glide/GenericTransitionOptions.java
METHOD	com.bumptech.glide.GenericTransitionOptions	with(com.bumptech.glide.request.transition.ViewPropertyTransition.Animator)	null	null	/home/nima/Developer/nullness-benchmarks/glide/library/src/main/java/com/bumptech/glide/GenericTransitionOptions.java
PARAMETER	com.bumptech.glide.GenericTransitionOptions	with(com.bumptech.glide.request.transition.TransitionFactory)	transitionFactory	0	/home/nima/Developer/nullness-benchmarks/glide/library/src/main/java/com/bumptech/glide/GenericTransitionOptions.java
METHOD	com.bumptech.glide.GenericTransitionOptions	with(com.bumptech.glide.request.transition.TransitionFactory)	null	null	/home/nima/Developer/nullness-benchmarks/glide/library/src/main/java/com/bumptech/glide/GenericTransitionOptions.java
METHOD	com.bumptech.glide.load.engine.bitmap_recycle.BitmapPoolAdapter	get(int,int,android.graphics.Bitmap.Config)	null	null	/home/nima/Developer/nullness-benchmarks/glide/library/src/main/java/com/bumptech/glide/load/engine/bitmap_recycle/BitmapPoolAdapter.java
METHOD	com.bumptech.glide.load.engine.bitmap_recycle.BitmapPoolAdapter	getDirty(int,int,android.graphics.Bitmap.Config)	null	null	/home/nima/Developer/nullness-benchmarks/glide/library/src/main/java/com/bumptech/glide/load/engine/bitmap_recycle/BitmapPoolAdapter.java
METHOD	com.bumptech.glide.load.engine.bitmap_recycle.LruBitmapPool	get(int,int,android.graphics.Bitmap.Config)	null	null	/home/nima/Developer/nullness-benchmarks/glide/library/src/main/java/com/bumptech/glide/load/engine/bitmap_recycle/LruBitmapPool.java
METHOD	com.bumptech.glide.load.engine.bitmap_recycle.LruBitmapPool	getDirty(int,int,android.graphics.Bitmap.Config)	null	null	/home/nima/Developer/nullness-benchmarks/glide/library/src/main/java/com/bumptech/glide/load/engine/bitmap_recycle/LruBitmapPool.java
METHOD	com.bumptech.glide.load.engine.bitmap_recycle.LruBitmapPool	createBitmap(int,int,android.graphics.Bitmap.Config)	null	null	/home/nima/Developer/nullness-benchmarks/glide/library/src/main/java/com/bumptech/glide/load/engine/bitmap_recycle/LruBitmapPool.java
PARAMETER	com.bumptech.glide.load.engine.ResourceCacheGenerator	onLoadFailed(java.lang.Exception)	e	0	/home/nima/Developer/nullness-benchmarks/glide/library/src/main/java/com/bumptech/glide/load/engine/ResourceCacheGenerator.java
PARAMETER	com.bumptech.glide.load.engine.ResourceCacheKey	updateDiskCacheKey(java.security.MessageDigest)	messageDigest	0	/home/nima/Developer/nullness-benchmarks/glide/library/src/main/java/com/bumptech/glide/load/engine/ResourceCacheKey.java
PARAMETER	com.bumptech.glide.load.engine.SourceGenerator$1	onLoadFailed(java.lang.Exception)	e	0	/home/nima/Developer/nullness-benchmarks/glide/library/src/main/java/com/bumptech/glide/load/engine/SourceGenerator.java
PARAMETER	com.bumptech.glide.load.engine.SourceGenerator	onLoadFailedInternal(com.bumptech.glide.load.model.ModelLoader.LoadData,java.lang.Exception)	e	1	/home/nima/Developer/nullness-benchmarks/glide/library/src/main/java/com/bumptech/glide/load/engine/SourceGenerator.java
PARAMETER	com.bumptech.glide.load.engine.DataCacheGenerator	onLoadFailed(java.lang.Exception)	e	0	/home/nima/Developer/nullness-benchmarks/glide/library/src/main/java/com/bumptech/glide/load/engine/DataCacheGenerator.java
PARAMETER	com.bumptech.glide.load.engine.DataCacheKey	updateDiskCacheKey(java.security.MessageDigest)	messageDigest	0	/home/nima/Developer/nullness-benchmarks/glide/library/src/main/java/com/bumptech/glide/load/engine/DataCacheKey.java
PARAMETER	com.bumptech.glide.load.engine.cache.LruResourceCache	setResourceRemovedListener(com.bumptech.glide.load.engine.cache.MemoryCache.ResourceRemovedListener)	listener	0	/home/nima/Developer/nullness-benchmarks/glide/library/src/main/java/com/bumptech/glide/load/engine/cache/LruResourceCache.java
PARAMETER	com.bumptech.glide.load.engine.cache.LruResourceCache	onItemEvicted(com.bumptech.glide.load.Key,com.bumptech.glide.load.engine.Resource)	key	0	/home/nima/Developer/nullness-benchmarks/glide/library/src/main/java/com/bumptech/glide/load/engine/cache/LruResourceCache.java
METHOD	com.bumptech.glide.load.engine.cache.SafeKeyGenerator$PoolableDigestContainer	getVerifier()	null	null	/home/nima/Developer/nullness-benchmarks/glide/library/src/main/java/com/bumptech/glide/load/engine/cache/SafeKeyGenerator.java
PARAMETER	com.bumptech.glide.load.engine.cache.MemoryCacheAdapter	remove(com.bumptech.glide.load.Key)	key	0	/home/nima/Developer/nullness-benchmarks/glide/library/src/main/java/com/bumptech/glide/load/engine/cache/MemoryCacheAdapter.java
PARAMETER	com.bumptech.glide.load.engine.cache.MemoryCacheAdapter	put(com.bumptech.glide.load.Key,com.bumptech.glide.load.engine.Resource)	key	0	/home/nima/Developer/nullness-benchmarks/glide/library/src/main/java/com/bumptech/glide/load/engine/cache/MemoryCacheAdapter.java
PARAMETER	com.bumptech.glide.load.engine.cache.MemoryCacheAdapter	setResourceRemovedListener(com.bumptech.glide.load.engine.cache.MemoryCache.ResourceRemovedListener)	listener	0	/home/nima/Developer/nullness-benchmarks/glide/library/src/main/java/com/bumptech/glide/load/engine/cache/MemoryCacheAdapter.java
PARAMETER	com.bumptech.glide.load.engine.DataCacheWriter	write(java.io.File)	file	0	/home/nima/Developer/nullness-benchmarks/glide/library/src/main/java/com/bumptech/glide/load/engine/DataCacheWriter.java
PARAMETER	com.bumptech.glide.load.ImageHeaderParserUtils	getType(java.util.List,java.io.InputStream,com.bumptech.glide.load.engine.bitmap_recycle.ArrayPool)	parsers	0	/home/nima/Developer/nullness-benchmarks/glide/library/src/main/java/com/bumptech/glide/load/ImageHeaderParserUtils.java
PARAMETER	com.bumptech.glide.load.ImageHeaderParserUtils	getType(java.util.List,java.io.InputStream,com.bumptech.glide.load.engine.bitmap_recycle.ArrayPool)	byteArrayPool	2	/home/nima/Developer/nullness-benchmarks/glide/library/src/main/java/com/bumptech/glide/load/ImageHeaderParserUtils.java
METHOD	com.bumptech.glide.load.ImageHeaderParserUtils	getType(java.util.List,java.io.InputStream,com.bumptech.glide.load.engine.bitmap_recycle.ArrayPool)	null	null	/home/nima/Developer/nullness-benchmarks/glide/library/src/main/java/com/bumptech/glide/load/ImageHeaderParserUtils.java
PARAMETER	com.bumptech.glide.load.ImageHeaderParserUtils	getType(java.util.List,java.nio.ByteBuffer)	parsers	0	/home/nima/Developer/nullness-benchmarks/glide/library/src/main/java/com/bumptech/glide/load/ImageHeaderParserUtils.java
METHOD	com.bumptech.glide.load.ImageHeaderParserUtils	getType(java.util.List,java.nio.ByteBuffer)	null	null	/home/nima/Developer/nullness-benchmarks/glide/library/src/main/java/com/bumptech/glide/load/ImageHeaderParserUtils.java
PARAMETER	com.bumptech.glide.load.ImageHeaderParserUtils	getType(java.util.List,com.bumptech.glide.load.data.ParcelFileDescriptorRewinder,com.bumptech.glide.load.engine.bitmap_recycle.ArrayPool)	parsers	0	/home/nima/Developer/nullness-benchmarks/glide/library/src/main/java/com/bumptech/glide/load/ImageHeaderParserUtils.java
PARAMETER	com.bumptech.glide.load.ImageHeaderParserUtils	getType(java.util.List,com.bumptech.glide.load.data.ParcelFileDescriptorRewinder,com.bumptech.glide.load.engine.bitmap_recycle.ArrayPool)	parcelFileDescriptorRewinder	1	/home/nima/Developer/nullness-benchmarks/glide/library/src/main/java/com/bumptech/glide/load/ImageHeaderParserUtils.java
PARAMETER	com.bumptech.glide.load.ImageHeaderParserUtils	getType(java.util.List,com.bumptech.glide.load.data.ParcelFileDescriptorRewinder,com.bumptech.glide.load.engine.bitmap_recycle.ArrayPool)	byteArrayPool	2	/home/nima/Developer/nullness-benchmarks/glide/library/src/main/java/com/bumptech/glide/load/ImageHeaderParserUtils.java
METHOD	com.bumptech.glide.load.ImageHeaderParserUtils	getType(java.util.List,com.bumptech.glide.load.data.ParcelFileDescriptorRewinder,com.bumptech.glide.load.engine.bitmap_recycle.ArrayPool)	null	null	/home/nima/Developer/nullness-benchmarks/glide/library/src/main/java/com/bumptech/glide/load/ImageHeaderParserUtils.java
PARAMETER	com.bumptech.glide.load.ImageHeaderParserUtils	getTypeInternal(java.util.List,com.bumptech.glide.load.ImageHeaderParserUtils.TypeReader)	parsers	0	/home/nima/Developer/nullness-benchmarks/glide/library/src/main/java/com/bumptech/glide/load/ImageHeaderParserUtils.java
METHOD	com.bumptech.glide.load.ImageHeaderParserUtils	getTypeInternal(java.util.List,com.bumptech.glide.load.ImageHeaderParserUtils.TypeReader)	null	null	/home/nima/Developer/nullness-benchmarks/glide/library/src/main/java/com/bumptech/glide/load/ImageHeaderParserUtils.java
PARAMETER	com.bumptech.glide.load.ImageHeaderParserUtils	getOrientation(java.util.List,java.nio.ByteBuffer,com.bumptech.glide.load.engine.bitmap_recycle.ArrayPool)	parsers	0	/home/nima/Developer/nullness-benchmarks/glide/library/src/main/java/com/bumptech/glide/load/ImageHeaderParserUtils.java
PARAMETER	com.bumptech.glide.load.ImageHeaderParserUtils	getOrientation(java.util.List,java.nio.ByteBuffer,com.bumptech.glide.load.engine.bitmap_recycle.ArrayPool)	arrayPool	2	/home/nima/Developer/nullness-benchmarks/glide/library/src/main/java/com/bumptech/glide/load/ImageHeaderParserUtils.java
PARAMETER	com.bumptech.glide.load.ImageHeaderParserUtils	getOrientation(java.util.List,java.io.InputStream,com.bumptech.glide.load.engine.bitmap_recycle.ArrayPool)	parsers	0	/home/nima/Developer/nullness-benchmarks/glide/library/src/main/java/com/bumptech/glide/load/ImageHeaderParserUtils.java
PARAMETER	com.bumptech.glide.load.ImageHeaderParserUtils	getOrientation(java.util.List,java.io.InputStream,com.bumptech.glide.load.engine.bitmap_recycle.ArrayPool)	byteArrayPool	2	/home/nima/Developer/nullness-benchmarks/glide/library/src/main/java/com/bumptech/glide/load/ImageHeaderParserUtils.java
PARAMETER	com.bumptech.glide.load.ImageHeaderParserUtils	getOrientation(java.util.List,com.bumptech.glide.load.data.ParcelFileDescriptorRewinder,com.bumptech.glide.load.engine.bitmap_recycle.ArrayPool)	parsers	0	/home/nima/Developer/nullness-benchmarks/glide/library/src/main/java/com/bumptech/glide/load/ImageHeaderParserUtils.java
PARAMETER	com.bumptech.glide.load.ImageHeaderParserUtils	getOrientation(java.util.List,com.bumptech.glide.load.data.ParcelFileDescriptorRewinder,com.bumptech.glide.load.engine.bitmap_recycle.ArrayPool)	parcelFileDescriptorRewinder	1	/home/nima/Developer/nullness-benchmarks/glide/library/src/main/java/com/bumptech/glide/load/ImageHeaderParserUtils.java
PARAMETER	com.bumptech.glide.load.ImageHeaderParserUtils	getOrientation(java.util.List,com.bumptech.glide.load.data.ParcelFileDescriptorRewinder,com.bumptech.glide.load.engine.bitmap_recycle.ArrayPool)	byteArrayPool	2	/home/nima/Developer/nullness-benchmarks/glide/library/src/main/java/com/bumptech/glide/load/ImageHeaderParserUtils.java
PARAMETER	com.bumptech.glide.load.ImageHeaderParserUtils	getOrientationInternal(java.util.List,com.bumptech.glide.load.ImageHeaderParserUtils.OrientationReader)	parsers	0	/home/nima/Developer/nullness-benchmarks/glide/library/src/main/java/com/bumptech/glide/load/ImageHeaderParserUtils.java
PARAMETER	com.bumptech.glide.load.ImageHeaderParserUtils	hasJpegMpf(java.util.List,java.nio.ByteBuffer,com.bumptech.glide.load.engine.bitmap_recycle.ArrayPool)	parsers	0	/home/nima/Developer/nullness-benchmarks/glide/library/src/main/java/com/bumptech/glide/load/ImageHeaderParserUtils.java
PARAMETER	com.bumptech.glide.load.ImageHeaderParserUtils	hasJpegMpf(java.util.List,java.nio.ByteBuffer,com.bumptech.glide.load.engine.bitmap_recycle.ArrayPool)	byteArrayPool	2	/home/nima/Developer/nullness-benchmarks/glide/library/src/main/java/com/bumptech/glide/load/ImageHeaderParserUtils.java
PARAMETER	com.bumptech.glide.load.ImageHeaderParserUtils	hasJpegMpf(java.util.List,java.io.InputStream,com.bumptech.glide.load.engine.bitmap_recycle.ArrayPool)	parsers	0	/home/nima/Developer/nullness-benchmarks/glide/library/src/main/java/com/bumptech/glide/load/ImageHeaderParserUtils.java
PARAMETER	com.bumptech.glide.load.ImageHeaderParserUtils	hasJpegMpf(java.util.List,java.io.InputStream,com.bumptech.glide.load.engine.bitmap_recycle.ArrayPool)	byteArrayPool	2	/home/nima/Developer/nullness-benchmarks/glide/library/src/main/java/com/bumptech/glide/load/ImageHeaderParserUtils.java
PARAMETER	com.bumptech.glide.load.ImageHeaderParserUtils	hasJpegMpf(java.util.List,com.bumptech.glide.load.data.ParcelFileDescriptorRewinder,com.bumptech.glide.load.engine.bitmap_recycle.ArrayPool)	parsers	0	/home/nima/Developer/nullness-benchmarks/glide/library/src/main/java/com/bumptech/glide/load/ImageHeaderParserUtils.java
PARAMETER	com.bumptech.glide.load.ImageHeaderParserUtils	hasJpegMpf(java.util.List,com.bumptech.glide.load.data.ParcelFileDescriptorRewinder,com.bumptech.glide.load.engine.bitmap_recycle.ArrayPool)	parcelFileDescriptorRewinder	1	/home/nima/Developer/nullness-benchmarks/glide/library/src/main/java/com/bumptech/glide/load/ImageHeaderParserUtils.java
PARAMETER	com.bumptech.glide.load.ImageHeaderParserUtils	hasJpegMpf(java.util.List,com.bumptech.glide.load.data.ParcelFileDescriptorRewinder,com.bumptech.glide.load.engine.bitmap_recycle.ArrayPool)	byteArrayPool	2	/home/nima/Developer/nullness-benchmarks/glide/library/src/main/java/com/bumptech/glide/load/ImageHeaderParserUtils.java
PARAMETER	com.bumptech.glide.load.ImageHeaderParserUtils	hasJpegMpfInternal(java.util.List,com.bumptech.glide.load.ImageHeaderParserUtils.JpegMpfReader)	parsers	0	/home/nima/Developer/nullness-benchmarks/glide/library/src/main/java/com/bumptech/glide/load/ImageHeaderParserUtils.java
METHOD	com.bumptech.glide.load.data.ParcelFileDescriptorRewinder	rewindAndGet()	null	null	/home/nima/Developer/nullness-benchmarks/glide/library/src/main/java/com/bumptech/glide/load/data/ParcelFileDescriptorRewinder.java
PARAMETER	com.bumptech.glide.load.data.ParcelFileDescriptorRewinder$Factory	build(android.os.ParcelFileDescriptor)	parcelFileDescriptor	0	/home/nima/Developer/nullness-benchmarks/glide/library/src/main/java/com/bumptech/glide/load/data/ParcelFileDescriptorRewinder.java
METHOD	com.bumptech.glide.load.data.ParcelFileDescriptorRewinder$Factory	build(android.os.ParcelFileDescriptor)	null	null	/home/nima/Developer/nullness-benchmarks/glide/library/src/main/java/com/bumptech/glide/load/data/ParcelFileDescriptorRewinder.java
METHOD	com.bumptech.glide.load.data.ParcelFileDescriptorRewinder$Factory	getDataClass()	null	null	/home/nima/Developer/nullness-benchmarks/glide/library/src/main/java/com/bumptech/glide/load/data/ParcelFileDescriptorRewinder.java
METHOD	com.bumptech.glide.load.data.FileDescriptorAssetPathFetcher	getDataClass()	null	null	/home/nima/Developer/nullness-benchmarks/glide/library/src/main/java/com/bumptech/glide/load/data/FileDescriptorAssetPathFetcher.java
PARAMETER	com.bumptech.glide.load.data.AssetPathFetcher	loadData(com.bumptech.glide.Priority,com.bumptech.glide.load.data.DataFetcher.DataCallback)	priority	0	/home/nima/Developer/nullness-benchmarks/glide/library/src/main/java/com/bumptech/glide/load/data/AssetPathFetcher.java
PARAMETER	com.bumptech.glide.load.data.AssetPathFetcher	loadData(com.bumptech.glide.Priority,com.bumptech.glide.load.data.DataFetcher.DataCallback)	callback	1	/home/nima/Developer/nullness-benchmarks/glide/library/src/main/java/com/bumptech/glide/load/data/AssetPathFetcher.java
METHOD	com.bumptech.glide.load.data.AssetPathFetcher	getDataSource()	null	null	/home/nima/Developer/nullness-benchmarks/glide/library/src/main/java/com/bumptech/glide/load/data/AssetPathFetcher.java
METHOD	com.bumptech.glide.load.data.AssetFileDescriptorLocalUriFetcher	getDataClass()	null	null	/home/nima/Developer/nullness-benchmarks/glide/library/src/main/java/com/bumptech/glide/load/data/AssetFileDescriptorLocalUriFetcher.java
PARAMETER	com.bumptech.glide.load.data.LocalUriFetcher	loadData(com.bumptech.glide.Priority,com.bumptech.glide.load.data.DataFetcher.DataCallback)	priority	0	/home/nima/Developer/nullness-benchmarks/glide/library/src/main/java/com/bumptech/glide/load/data/LocalUriFetcher.java
PARAMETER	com.bumptech.glide.load.data.LocalUriFetcher	loadData(com.bumptech.glide.Priority,com.bumptech.glide.load.data.DataFetcher.DataCallback)	callback	1	/home/nima/Developer/nullness-benchmarks/glide/library/src/main/java/com/bumptech/glide/load/data/LocalUriFetcher.java
METHOD	com.bumptech.glide.load.data.LocalUriFetcher	getDataSource()	null	null	/home/nima/Developer/nullness-benchmarks/glide/library/src/main/java/com/bumptech/glide/load/data/LocalUriFetcher.java
METHOD	com.bumptech.glide.load.data.StreamAssetPathFetcher	getDataClass()	null	null	/home/nima/Developer/nullness-benchmarks/glide/library/src/main/java/com/bumptech/glide/load/data/StreamAssetPathFetcher.java
METHOD	com.bumptech.glide.load.data.FileDescriptorLocalUriFetcher	getDataClass()	null	null	/home/nima/Developer/nullness-benchmarks/glide/library/src/main/java/com/bumptech/glide/load/data/FileDescriptorLocalUriFetcher.java
FIELD	com.bumptech.glide.load.data.BufferedOutputStream	null	out	null	/home/nima/Developer/nullness-benchmarks/glide/library/src/main/java/com/bumptech/glide/load/data/BufferedOutputStream.java
PARAMETER	com.bumptech.glide.load.data.BufferedOutputStream	BufferedOutputStream(java.io.OutputStream,com.bumptech.glide.load.engine.bitmap_recycle.ArrayPool)	out	0	/home/nima/Developer/nullness-benchmarks/glide/library/src/main/java/com/bumptech/glide/load/data/BufferedOutputStream.java
PARAMETER	com.bumptech.glide.load.data.BufferedOutputStream	BufferedOutputStream(java.io.OutputStream,com.bumptech.glide.load.engine.bitmap_recycle.ArrayPool)	arrayPool	1	/home/nima/Developer/nullness-benchmarks/glide/library/src/main/java/com/bumptech/glide/load/data/BufferedOutputStream.java
PARAMETER	com.bumptech.glide.load.data.BufferedOutputStream	BufferedOutputStream(java.io.OutputStream,com.bumptech.glide.load.engine.bitmap_recycle.ArrayPool,int)	out	0	/home/nima/Developer/nullness-benchmarks/glide/library/src/main/java/com/bumptech/glide/load/data/BufferedOutputStream.java
PARAMETER	com.bumptech.glide.load.data.BufferedOutputStream	write(byte[])	b	0	/home/nima/Developer/nullness-benchmarks/glide/library/src/main/java/com/bumptech/glide/load/data/BufferedOutputStream.java
PARAMETER	com.bumptech.glide.load.data.BufferedOutputStream	write(byte[],int,int)	b	0	/home/nima/Developer/nullness-benchmarks/glide/library/src/main/java/com/bumptech/glide/load/data/BufferedOutputStream.java
PARAMETER	com.bumptech.glide.load.data.HttpUrlFetcher	loadData(com.bumptech.glide.Priority,com.bumptech.glide.load.data.DataFetcher.DataCallback)	priority	0	/home/nima/Developer/nullness-benchmarks/glide/library/src/main/java/com/bumptech/glide/load/data/HttpUrlFetcher.java
PARAMETER	com.bumptech.glide.load.data.HttpUrlFetcher	loadData(com.bumptech.glide.Priority,com.bumptech.glide.load.data.DataFetcher.DataCallback)	callback	1	/home/nima/Developer/nullness-benchmarks/glide/library/src/main/java/com/bumptech/glide/load/data/HttpUrlFetcher.java
METHOD	com.bumptech.glide.load.data.HttpUrlFetcher	getDataClass()	null	null	/home/nima/Developer/nullness-benchmarks/glide/library/src/main/java/com/bumptech/glide/load/data/HttpUrlFetcher.java
METHOD	com.bumptech.glide.load.data.HttpUrlFetcher	getDataSource()	null	null	/home/nima/Developer/nullness-benchmarks/glide/library/src/main/java/com/bumptech/glide/load/data/HttpUrlFetcher.java
PARAMETER	com.bumptech.glide.load.model.GlideUrl	updateDiskCacheKey(java.security.MessageDigest)	messageDigest	0	/home/nima/Developer/nullness-benchmarks/glide/library/src/main/java/com/bumptech/glide/load/model/GlideUrl.java
METHOD	com.bumptech.glide.load.data.InputStreamRewinder	rewindAndGet()	null	null	/home/nima/Developer/nullness-benchmarks/glide/library/src/main/java/com/bumptech/glide/load/data/InputStreamRewinder.java
METHOD	com.bumptech.glide.load.data.InputStreamRewinder$Factory	build(java.io.InputStream)	null	null	/home/nima/Developer/nullness-benchmarks/glide/library/src/main/java/com/bumptech/glide/load/data/InputStreamRewinder.java
METHOD	com.bumptech.glide.load.data.InputStreamRewinder$Factory	getDataClass()	null	null	/home/nima/Developer/nullness-benchmarks/glide/library/src/main/java/com/bumptech/glide/load/data/InputStreamRewinder.java
PARAMETER	com.bumptech.glide.load.resource.bitmap.RecyclableBufferedInputStream	RecyclableBufferedInputStream(java.io.InputStream,com.bumptech.glide.load.engine.bitmap_recycle.ArrayPool)	in	0	/home/nima/Developer/nullness-benchmarks/glide/library/src/main/java/com/bumptech/glide/load/resource/bitmap/RecyclableBufferedInputStream.java
PARAMETER	com.bumptech.glide.load.resource.bitmap.RecyclableBufferedInputStream	RecyclableBufferedInputStream(java.io.InputStream,com.bumptech.glide.load.engine.bitmap_recycle.ArrayPool)	byteArrayPool	1	/home/nima/Developer/nullness-benchmarks/glide/library/src/main/java/com/bumptech/glide/load/resource/bitmap/RecyclableBufferedInputStream.java
PARAMETER	com.bumptech.glide.load.resource.bitmap.RecyclableBufferedInputStream	RecyclableBufferedInputStream(java.io.InputStream,com.bumptech.glide.load.engine.bitmap_recycle.ArrayPool,int)	in	0	/home/nima/Developer/nullness-benchmarks/glide/library/src/main/java/com/bumptech/glide/load/resource/bitmap/RecyclableBufferedInputStream.java
PARAMETER	com.bumptech.glide.load.resource.bitmap.RecyclableBufferedInputStream	RecyclableBufferedInputStream(java.io.InputStream,com.bumptech.glide.load.engine.bitmap_recycle.ArrayPool,int)	byteArrayPool	1	/home/nima/Developer/nullness-benchmarks/glide/library/src/main/java/com/bumptech/glide/load/resource/bitmap/RecyclableBufferedInputStream.java
PARAMETER	com.bumptech.glide.load.resource.bitmap.RecyclableBufferedInputStream	read(byte[],int,int)	buffer	0	/home/nima/Developer/nullness-benchmarks/glide/library/src/main/java/com/bumptech/glide/load/resource/bitmap/RecyclableBufferedInputStream.java
PARAMETER	com.bumptech.glide.load.data.ExifOrientationStream	read(byte[],int,int)	buffer	0	/home/nima/Developer/nullness-benchmarks/glide/library/src/main/java/com/bumptech/glide/load/data/ExifOrientationStream.java
PARAMETER	com.bumptech.glide.load.data.mediastore.ThumbFetcher	loadData(com.bumptech.glide.Priority,com.bumptech.glide.load.data.DataFetcher.DataCallback)	priority	0	/home/nima/Developer/nullness-benchmarks/glide/library/src/main/java/com/bumptech/glide/load/data/mediastore/ThumbFetcher.java
PARAMETER	com.bumptech.glide.load.data.mediastore.ThumbFetcher	loadData(com.bumptech.glide.Priority,com.bumptech.glide.load.data.DataFetcher.DataCallback)	callback	1	/home/nima/Developer/nullness-benchmarks/glide/library/src/main/java/com/bumptech/glide/load/data/mediastore/ThumbFetcher.java
METHOD	com.bumptech.glide.load.data.mediastore.ThumbFetcher	getDataClass()	null	null	/home/nima/Developer/nullness-benchmarks/glide/library/src/main/java/com/bumptech/glide/load/data/mediastore/ThumbFetcher.java
METHOD	com.bumptech.glide.load.data.mediastore.ThumbFetcher	getDataSource()	null	null	/home/nima/Developer/nullness-benchmarks/glide/library/src/main/java/com/bumptech/glide/load/data/mediastore/ThumbFetcher.java
PARAMETER	com.bumptech.glide.load.data.mediastore.ThumbnailStreamOpener	getPath(android.net.Uri)	uri	0	/home/nima/Developer/nullness-benchmarks/glide/library/src/main/java/com/bumptech/glide/load/data/mediastore/ThumbnailStreamOpener.java
METHOD	com.bumptech.glide.load.data.StreamLocalUriFetcher	getDataClass()	null	null	/home/nima/Developer/nullness-benchmarks/glide/library/src/main/java/com/bumptech/glide/load/data/StreamLocalUriFetcher.java
PARAMETER	com.bumptech.glide.load.MultiTransformation	MultiTransformation(com.bumptech.glide.load.Transformation[])	transformations	0	/home/nima/Developer/nullness-benchmarks/glide/library/src/main/java/com/bumptech/glide/load/MultiTransformation.java
PARAMETER	com.bumptech.glide.load.MultiTransformation	MultiTransformation(java.util.Collection)	transformationList	0	/home/nima/Developer/nullness-benchmarks/glide/library/src/main/java/com/bumptech/glide/load/MultiTransformation.java
PARAMETER	com.bumptech.glide.load.MultiTransformation	transform(android.content.Context,com.bumptech.glide.load.engine.Resource,int,int)	context	0	/home/nima/Developer/nullness-benchmarks/glide/library/src/main/java/com/bumptech/glide/load/MultiTransformation.java
PARAMETER	com.bumptech.glide.load.MultiTransformation	transform(android.content.Context,com.bumptech.glide.load.engine.Resource,int,int)	resource	1	/home/nima/Developer/nullness-benchmarks/glide/library/src/main/java/com/bumptech/glide/load/MultiTransformation.java
METHOD	com.bumptech.glide.load.MultiTransformation	transform(android.content.Context,com.bumptech.glide.load.engine.Resource,int,int)	null	null	/home/nima/Developer/nullness-benchmarks/glide/library/src/main/java/com/bumptech/glide/load/MultiTransformation.java
PARAMETER	com.bumptech.glide.load.MultiTransformation	updateDiskCacheKey(java.security.MessageDigest)	messageDigest	0	/home/nima/Developer/nullness-benchmarks/glide/library/src/main/java/com/bumptech/glide/load/MultiTransformation.java
PARAMETER	com.bumptech.glide.load.resource.DefaultOnHeaderDecodedListener	DefaultOnHeaderDecodedListener(int,int,com.bumptech.glide.load.Options)	options	2	/home/nima/Developer/nullness-benchmarks/glide/library/src/main/java/com/bumptech/glide/load/resource/DefaultOnHeaderDecodedListener.java
PARAMETER	com.bumptech.glide.load.resource.DefaultOnHeaderDecodedListener	onHeaderDecoded(android.graphics.ImageDecoder,android.graphics.ImageDecoder.ImageInfo,android.graphics.ImageDecoder.Source)	decoder	0	/home/nima/Developer/nullness-benchmarks/glide/library/src/main/java/com/bumptech/glide/load/resource/DefaultOnHeaderDecodedListener.java
PARAMETER	com.bumptech.glide.load.resource.DefaultOnHeaderDecodedListener	onHeaderDecoded(android.graphics.ImageDecoder,android.graphics.ImageDecoder.ImageInfo,android.graphics.ImageDecoder.Source)	info	1	/home/nima/Developer/nullness-benchmarks/glide/library/src/main/java/com/bumptech/glide/load/resource/DefaultOnHeaderDecodedListener.java
PARAMETER	com.bumptech.glide.load.resource.DefaultOnHeaderDecodedListener	onHeaderDecoded(android.graphics.ImageDecoder,android.graphics.ImageDecoder.ImageInfo,android.graphics.ImageDecoder.Source)	source	2	/home/nima/Developer/nullness-benchmarks/glide/library/src/main/java/com/bumptech/glide/load/resource/DefaultOnHeaderDecodedListener.java
PARAMETER	com.bumptech.glide.load.resource.DefaultOnHeaderDecodedListener$1	onPartialImage(android.graphics.ImageDecoder.DecodeException)	e	0	/home/nima/Developer/nullness-benchmarks/glide/library/src/main/java/com/bumptech/glide/load/resource/DefaultOnHeaderDecodedListener.java
PARAMETER	com.bumptech.glide.load.resource.bitmap.FitCenter	transform(com.bumptech.glide.load.engine.bitmap_recycle.BitmapPool,android.graphics.Bitmap,int,int)	pool	0	/home/nima/Developer/nullness-benchmarks/glide/library/src/main/java/com/bumptech/glide/load/resource/bitmap/FitCenter.java
PARAMETER	com.bumptech.glide.load.resource.bitmap.FitCenter	transform(com.bumptech.glide.load.engine.bitmap_recycle.BitmapPool,android.graphics.Bitmap,int,int)	toTransform	1	/home/nima/Developer/nullness-benchmarks/glide/library/src/main/java/com/bumptech/glide/load/resource/bitmap/FitCenter.java
PARAMETER	com.bumptech.glide.load.resource.bitmap.FitCenter	updateDiskCacheKey(java.security.MessageDigest)	messageDigest	0	/home/nima/Developer/nullness-benchmarks/glide/library/src/main/java/com/bumptech/glide/load/resource/bitmap/FitCenter.java
PARAMETER	com.bumptech.glide.load.resource.bitmap.BitmapTransformation	transform(android.content.Context,com.bumptech.glide.load.engine.Resource,int,int)	context	0	/home/nima/Developer/nullness-benchmarks/glide/library/src/main/java/com/bumptech/glide/load/resource/bitmap/BitmapTransformation.java
PARAMETER	com.bumptech.glide.load.resource.bitmap.BitmapTransformation	transform(android.content.Context,com.bumptech.glide.load.engine.Resource,int,int)	resource	1	/home/nima/Developer/nullness-benchmarks/glide/library/src/main/java/com/bumptech/glide/load/resource/bitmap/BitmapTransformation.java
METHOD	com.bumptech.glide.load.resource.bitmap.BitmapTransformation	transform(android.content.Context,com.bumptech.glide.load.engine.Resource,int,int)	null	null	/home/nima/Developer/nullness-benchmarks/glide/library/src/main/java/com/bumptech/glide/load/resource/bitmap/BitmapTransformation.java
PARAMETER	com.bumptech.glide.load.resource.bitmap.BitmapTransformation	transform(com.bumptech.glide.load.engine.bitmap_recycle.BitmapPool,android.graphics.Bitmap,int,int)	pool	0	/home/nima/Developer/nullness-benchmarks/glide/library/src/main/java/com/bumptech/glide/load/resource/bitmap/BitmapTransformation.java
PARAMETER	com.bumptech.glide.load.resource.bitmap.BitmapTransformation	transform(com.bumptech.glide.load.engine.bitmap_recycle.BitmapPool,android.graphics.Bitmap,int,int)	toTransform	1	/home/nima/Developer/nullness-benchmarks/glide/library/src/main/java/com/bumptech/glide/load/resource/bitmap/BitmapTransformation.java
PARAMETER	com.bumptech.glide.load.resource.bitmap.BitmapEncoder	BitmapEncoder(com.bumptech.glide.load.engine.bitmap_recycle.ArrayPool)	arrayPool	0	/home/nima/Developer/nullness-benchmarks/glide/library/src/main/java/com/bumptech/glide/load/resource/bitmap/BitmapEncoder.java
PARAMETER	com.bumptech.glide.load.resource.bitmap.BitmapEncoder	encode(com.bumptech.glide.load.engine.Resource,java.io.File,com.bumptech.glide.load.Options)	resource	0	/home/nima/Developer/nullness-benchmarks/glide/library/src/main/java/com/bumptech/glide/load/resource/bitmap/BitmapEncoder.java
PARAMETER	com.bumptech.glide.load.resource.bitmap.BitmapEncoder	encode(com.bumptech.glide.load.engine.Resource,java.io.File,com.bumptech.glide.load.Options)	file	1	/home/nima/Developer/nullness-benchmarks/glide/library/src/main/java/com/bumptech/glide/load/resource/bitmap/BitmapEncoder.java
PARAMETER	com.bumptech.glide.load.resource.bitmap.BitmapEncoder	encode(com.bumptech.glide.load.engine.Resource,java.io.File,com.bumptech.glide.load.Options)	options	2	/home/nima/Developer/nullness-benchmarks/glide/library/src/main/java/com/bumptech/glide/load/resource/bitmap/BitmapEncoder.java
PARAMETER	com.bumptech.glide.load.resource.bitmap.BitmapEncoder	getEncodeStrategy(com.bumptech.glide.load.Options)	options	0	/home/nima/Developer/nullness-benchmarks/glide/library/src/main/java/com/bumptech/glide/load/resource/bitmap/BitmapEncoder.java
METHOD	com.bumptech.glide.load.resource.bitmap.BitmapEncoder	getEncodeStrategy(com.bumptech.glide.load.Options)	null	null	/home/nima/Developer/nullness-benchmarks/glide/library/src/main/java/com/bumptech/glide/load/resource/bitmap/BitmapEncoder.java
PARAMETER	com.bumptech.glide.load.resource.bitmap.CenterInside	transform(com.bumptech.glide.load.engine.bitmap_recycle.BitmapPool,android.graphics.Bitmap,int,int)	pool	0	/home/nima/Developer/nullness-benchmarks/glide/library/src/main/java/com/bumptech/glide/load/resource/bitmap/CenterInside.java
PARAMETER	com.bumptech.glide.load.resource.bitmap.CenterInside	transform(com.bumptech.glide.load.engine.bitmap_recycle.BitmapPool,android.graphics.Bitmap,int,int)	toTransform	1	/home/nima/Developer/nullness-benchmarks/glide/library/src/main/java/com/bumptech/glide/load/resource/bitmap/CenterInside.java
PARAMETER	com.bumptech.glide.load.resource.bitmap.CenterInside	updateDiskCacheKey(java.security.MessageDigest)	messageDigest	0	/home/nima/Developer/nullness-benchmarks/glide/library/src/main/java/com/bumptech/glide/load/resource/bitmap/CenterInside.java
PARAMETER	com.bumptech.glide.load.resource.bitmap.LazyBitmapDrawableResource	obtain(android.content.res.Resources,com.bumptech.glide.load.engine.Resource)	resources	0	/home/nima/Developer/nullness-benchmarks/glide/library/src/main/java/com/bumptech/glide/load/resource/bitmap/LazyBitmapDrawableResource.java
PARAMETER	com.bumptech.glide.load.resource.bitmap.LazyBitmapDrawableResource	LazyBitmapDrawableResource(android.content.res.Resources,com.bumptech.glide.load.engine.Resource)	resources	0	/home/nima/Developer/nullness-benchmarks/glide/library/src/main/java/com/bumptech/glide/load/resource/bitmap/LazyBitmapDrawableResource.java
PARAMETER	com.bumptech.glide.load.resource.bitmap.LazyBitmapDrawableResource	LazyBitmapDrawableResource(android.content.res.Resources,com.bumptech.glide.load.engine.Resource)	bitmapResource	1	/home/nima/Developer/nullness-benchmarks/glide/library/src/main/java/com/bumptech/glide/load/resource/bitmap/LazyBitmapDrawableResource.java
METHOD	com.bumptech.glide.load.resource.bitmap.LazyBitmapDrawableResource	getResourceClass()	null	null	/home/nima/Developer/nullness-benchmarks/glide/library/src/main/java/com/bumptech/glide/load/resource/bitmap/LazyBitmapDrawableResource.java
METHOD	com.bumptech.glide.load.resource.bitmap.LazyBitmapDrawableResource	get()	null	null	/home/nima/Developer/nullness-benchmarks/glide/library/src/main/java/com/bumptech/glide/load/resource/bitmap/LazyBitmapDrawableResource.java
PARAMETER	com.bumptech.glide.load.resource.bitmap.VideoDecoder$1	update(byte[],java.lang.Long,java.security.MessageDigest)	keyBytes	0	/home/nima/Developer/nullness-benchmarks/glide/library/src/main/java/com/bumptech/glide/load/resource/bitmap/VideoDecoder.java
PARAMETER	com.bumptech.glide.load.resource.bitmap.VideoDecoder$1	update(byte[],java.lang.Long,java.security.MessageDigest)	value	1	/home/nima/Developer/nullness-benchmarks/glide/library/src/main/java/com/bumptech/glide/load/resource/bitmap/VideoDecoder.java
PARAMETER	com.bumptech.glide.load.resource.bitmap.VideoDecoder$1	update(byte[],java.lang.Long,java.security.MessageDigest)	messageDigest	2	/home/nima/Developer/nullness-benchmarks/glide/library/src/main/java/com/bumptech/glide/load/resource/bitmap/VideoDecoder.java
PARAMETER	com.bumptech.glide.load.resource.bitmap.VideoDecoder$2	update(byte[],java.lang.Integer,java.security.MessageDigest)	keyBytes	0	/home/nima/Developer/nullness-benchmarks/glide/library/src/main/java/com/bumptech/glide/load/resource/bitmap/VideoDecoder.java
PARAMETER	com.bumptech.glide.load.resource.bitmap.VideoDecoder$2	update(byte[],java.lang.Integer,java.security.MessageDigest)	value	1	/home/nima/Developer/nullness-benchmarks/glide/library/src/main/java/com/bumptech/glide/load/resource/bitmap/VideoDecoder.java
PARAMETER	com.bumptech.glide.load.resource.bitmap.VideoDecoder$2	update(byte[],java.lang.Integer,java.security.MessageDigest)	messageDigest	2	/home/nima/Developer/nullness-benchmarks/glide/library/src/main/java/com/bumptech/glide/load/resource/bitmap/VideoDecoder.java
PARAMETER	com.bumptech.glide.load.resource.bitmap.VideoDecoder	handles(T,com.bumptech.glide.load.Options)	data	0	/home/nima/Developer/nullness-benchmarks/glide/library/src/main/java/com/bumptech/glide/load/resource/bitmap/VideoDecoder.java
PARAMETER	com.bumptech.glide.load.resource.bitmap.VideoDecoder	handles(T,com.bumptech.glide.load.Options)	options	1	/home/nima/Developer/nullness-benchmarks/glide/library/src/main/java/com/bumptech/glide/load/resource/bitmap/VideoDecoder.java
PARAMETER	com.bumptech.glide.load.resource.bitmap.VideoDecoder	decode(T,int,int,com.bumptech.glide.load.Options)	resource	0	/home/nima/Developer/nullness-benchmarks/glide/library/src/main/java/com/bumptech/glide/load/resource/bitmap/VideoDecoder.java
PARAMETER	com.bumptech.glide.load.resource.bitmap.VideoDecoder	decode(T,int,int,com.bumptech.glide.load.Options)	options	3	/home/nima/Developer/nullness-benchmarks/glide/library/src/main/java/com/bumptech/glide/load/resource/bitmap/VideoDecoder.java
PARAMETER	com.bumptech.glide.load.resource.bitmap.VideoDecoder	decodeFrame(T,android.media.MediaMetadataRetriever,long,int,int,int,com.bumptech.glide.load.resource.bitmap.DownsampleStrategy)	resource	0	/home/nima/Developer/nullness-benchmarks/glide/library/src/main/java/com/bumptech/glide/load/resource/bitmap/VideoDecoder.java
PARAMETER	com.bumptech.glide.load.resource.bitmap.VideoDecoder	isUnsupportedFormat(T,android.media.MediaMetadataRetriever)	resource	0	/home/nima/Developer/nullness-benchmarks/glide/library/src/main/java/com/bumptech/glide/load/resource/bitmap/VideoDecoder.java
PARAMETER	com.bumptech.glide.load.resource.bitmap.BitmapDrawableEncoder	encode(com.bumptech.glide.load.engine.Resource,java.io.File,com.bumptech.glide.load.Options)	data	0	/home/nima/Developer/nullness-benchmarks/glide/library/src/main/java/com/bumptech/glide/load/resource/bitmap/BitmapDrawableEncoder.java
PARAMETER	com.bumptech.glide.load.resource.bitmap.BitmapDrawableEncoder	encode(com.bumptech.glide.load.engine.Resource,java.io.File,com.bumptech.glide.load.Options)	file	1	/home/nima/Developer/nullness-benchmarks/glide/library/src/main/java/com/bumptech/glide/load/resource/bitmap/BitmapDrawableEncoder.java
PARAMETER	com.bumptech.glide.load.resource.bitmap.BitmapDrawableEncoder	encode(com.bumptech.glide.load.engine.Resource,java.io.File,com.bumptech.glide.load.Options)	options	2	/home/nima/Developer/nullness-benchmarks/glide/library/src/main/java/com/bumptech/glide/load/resource/bitmap/BitmapDrawableEncoder.java
PARAMETER	com.bumptech.glide.load.resource.bitmap.BitmapDrawableEncoder	getEncodeStrategy(com.bumptech.glide.load.Options)	options	0	/home/nima/Developer/nullness-benchmarks/glide/library/src/main/java/com/bumptech/glide/load/resource/bitmap/BitmapDrawableEncoder.java
METHOD	com.bumptech.glide.load.resource.bitmap.BitmapDrawableEncoder	getEncodeStrategy(com.bumptech.glide.load.Options)	null	null	/home/nima/Developer/nullness-benchmarks/glide/library/src/main/java/com/bumptech/glide/load/resource/bitmap/BitmapDrawableEncoder.java
PARAMETER	com.bumptech.glide.load.resource.bitmap.ByteBufferBitmapImageDecoderResourceDecoder	handles(java.nio.ByteBuffer,com.bumptech.glide.load.Options)	source	0	/home/nima/Developer/nullness-benchmarks/glide/library/src/main/java/com/bumptech/glide/load/resource/bitmap/ByteBufferBitmapImageDecoderResourceDecoder.java
PARAMETER	com.bumptech.glide.load.resource.bitmap.ByteBufferBitmapImageDecoderResourceDecoder	handles(java.nio.ByteBuffer,com.bumptech.glide.load.Options)	options	1	/home/nima/Developer/nullness-benchmarks/glide/library/src/main/java/com/bumptech/glide/load/resource/bitmap/ByteBufferBitmapImageDecoderResourceDecoder.java
PARAMETER	com.bumptech.glide.load.resource.bitmap.ByteBufferBitmapImageDecoderResourceDecoder	decode(java.nio.ByteBuffer,int,int,com.bumptech.glide.load.Options)	buffer	0	/home/nima/Developer/nullness-benchmarks/glide/library/src/main/java/com/bumptech/glide/load/resource/bitmap/ByteBufferBitmapImageDecoderResourceDecoder.java
PARAMETER	com.bumptech.glide.load.resource.bitmap.ByteBufferBitmapImageDecoderResourceDecoder	decode(java.nio.ByteBuffer,int,int,com.bumptech.glide.load.Options)	options	3	/home/nima/Developer/nullness-benchmarks/glide/library/src/main/java/com/bumptech/glide/load/resource/bitmap/ByteBufferBitmapImageDecoderResourceDecoder.java
PARAMETER	com.bumptech.glide.load.resource.bitmap.BitmapImageDecoderResourceDecoder	handles(android.graphics.ImageDecoder.Source,com.bumptech.glide.load.Options)	source	0	/home/nima/Developer/nullness-benchmarks/glide/library/src/main/java/com/bumptech/glide/load/resource/bitmap/BitmapImageDecoderResourceDecoder.java
PARAMETER	com.bumptech.glide.load.resource.bitmap.BitmapImageDecoderResourceDecoder	handles(android.graphics.ImageDecoder.Source,com.bumptech.glide.load.Options)	options	1	/home/nima/Developer/nullness-benchmarks/glide/library/src/main/java/com/bumptech/glide/load/resource/bitmap/BitmapImageDecoderResourceDecoder.java
PARAMETER	com.bumptech.glide.load.resource.bitmap.BitmapImageDecoderResourceDecoder	decode(android.graphics.ImageDecoder.Source,int,int,com.bumptech.glide.load.Options)	source	0	/home/nima/Developer/nullness-benchmarks/glide/library/src/main/java/com/bumptech/glide/load/resource/bitmap/BitmapImageDecoderResourceDecoder.java
PARAMETER	com.bumptech.glide.load.resource.bitmap.BitmapImageDecoderResourceDecoder	decode(android.graphics.ImageDecoder.Source,int,int,com.bumptech.glide.load.Options)	options	3	/home/nima/Developer/nullness-benchmarks/glide/library/src/main/java/com/bumptech/glide/load/resource/bitmap/BitmapImageDecoderResourceDecoder.java
PARAMETER	com.bumptech.glide.load.resource.bitmap.BitmapResource	obtain(android.graphics.Bitmap,com.bumptech.glide.load.engine.bitmap_recycle.BitmapPool)	bitmapPool	1	/home/nima/Developer/nullness-benchmarks/glide/library/src/main/java/com/bumptech/glide/load/resource/bitmap/BitmapResource.java
PARAMETER	com.bumptech.glide.load.resource.bitmap.BitmapResource	BitmapResource(android.graphics.Bitmap,com.bumptech.glide.load.engine.bitmap_recycle.BitmapPool)	bitmap	0	/home/nima/Developer/nullness-benchmarks/glide/library/src/main/java/com/bumptech/glide/load/resource/bitmap/BitmapResource.java
PARAMETER	com.bumptech.glide.load.resource.bitmap.BitmapResource	BitmapResource(android.graphics.Bitmap,com.bumptech.glide.load.engine.bitmap_recycle.BitmapPool)	bitmapPool	1	/home/nima/Developer/nullness-benchmarks/glide/library/src/main/java/com/bumptech/glide/load/resource/bitmap/BitmapResource.java
METHOD	com.bumptech.glide.load.resource.bitmap.BitmapResource	getResourceClass()	null	null	/home/nima/Developer/nullness-benchmarks/glide/library/src/main/java/com/bumptech/glide/load/resource/bitmap/BitmapResource.java
METHOD	com.bumptech.glide.load.resource.bitmap.BitmapResource	get()	null	null	/home/nima/Developer/nullness-benchmarks/glide/library/src/main/java/com/bumptech/glide/load/resource/bitmap/BitmapResource.java
PARAMETER	com.bumptech.glide.load.resource.bitmap.BitmapDrawableTransformation	transform(android.content.Context,com.bumptech.glide.load.engine.Resource,int,int)	context	0	/home/nima/Developer/nullness-benchmarks/glide/library/src/main/java/com/bumptech/glide/load/resource/bitmap/BitmapDrawableTransformation.java
PARAMETER	com.bumptech.glide.load.resource.bitmap.BitmapDrawableTransformation	transform(android.content.Context,com.bumptech.glide.load.engine.Resource,int,int)	drawableResourceToTransform	1	/home/nima/Developer/nullness-benchmarks/glide/library/src/main/java/com/bumptech/glide/load/resource/bitmap/BitmapDrawableTransformation.java
METHOD	com.bumptech.glide.load.resource.bitmap.BitmapDrawableTransformation	transform(android.content.Context,com.bumptech.glide.load.engine.Resource,int,int)	null	null	/home/nima/Developer/nullness-benchmarks/glide/library/src/main/java/com/bumptech/glide/load/resource/bitmap/BitmapDrawableTransformation.java
PARAMETER	com.bumptech.glide.load.resource.bitmap.BitmapDrawableTransformation	updateDiskCacheKey(java.security.MessageDigest)	messageDigest	0	/home/nima/Developer/nullness-benchmarks/glide/library/src/main/java/com/bumptech/glide/load/resource/bitmap/BitmapDrawableTransformation.java
PARAMETER	com.bumptech.glide.load.resource.bitmap.Rotate	transform(com.bumptech.glide.load.engine.bitmap_recycle.BitmapPool,android.graphics.Bitmap,int,int)	pool	0	/home/nima/Developer/nullness-benchmarks/glide/library/src/main/java/com/bumptech/glide/load/resource/bitmap/Rotate.java
PARAMETER	com.bumptech.glide.load.resource.bitmap.Rotate	transform(com.bumptech.glide.load.engine.bitmap_recycle.BitmapPool,android.graphics.Bitmap,int,int)	toTransform	1	/home/nima/Developer/nullness-benchmarks/glide/library/src/main/java/com/bumptech/glide/load/resource/bitmap/Rotate.java
PARAMETER	com.bumptech.glide.load.resource.bitmap.Rotate	updateDiskCacheKey(java.security.MessageDigest)	messageDigest	0	/home/nima/Developer/nullness-benchmarks/glide/library/src/main/java/com/bumptech/glide/load/resource/bitmap/Rotate.java
PARAMETER	com.bumptech.glide.load.resource.bitmap.DefaultImageHeaderParser	getType(java.io.InputStream)	is	0	/home/nima/Developer/nullness-benchmarks/glide/library/src/main/java/com/bumptech/glide/load/resource/bitmap/DefaultImageHeaderParser.java
METHOD	com.bumptech.glide.load.resource.bitmap.DefaultImageHeaderParser	getType(java.io.InputStream)	null	null	/home/nima/Developer/nullness-benchmarks/glide/library/src/main/java/com/bumptech/glide/load/resource/bitmap/DefaultImageHeaderParser.java
PARAMETER	com.bumptech.glide.load.resource.bitmap.DefaultImageHeaderParser	getType(java.nio.ByteBuffer)	byteBuffer	0	/home/nima/Developer/nullness-benchmarks/glide/library/src/main/java/com/bumptech/glide/load/resource/bitmap/DefaultImageHeaderParser.java
METHOD	com.bumptech.glide.load.resource.bitmap.DefaultImageHeaderParser	getType(java.nio.ByteBuffer)	null	null	/home/nima/Developer/nullness-benchmarks/glide/library/src/main/java/com/bumptech/glide/load/resource/bitmap/DefaultImageHeaderParser.java
PARAMETER	com.bumptech.glide.load.resource.bitmap.DefaultImageHeaderParser	getOrientation(java.io.InputStream,com.bumptech.glide.load.engine.bitmap_recycle.ArrayPool)	is	0	/home/nima/Developer/nullness-benchmarks/glide/library/src/main/java/com/bumptech/glide/load/resource/bitmap/DefaultImageHeaderParser.java
PARAMETER	com.bumptech.glide.load.resource.bitmap.DefaultImageHeaderParser	getOrientation(java.io.InputStream,com.bumptech.glide.load.engine.bitmap_recycle.ArrayPool)	byteArrayPool	1	/home/nima/Developer/nullness-benchmarks/glide/library/src/main/java/com/bumptech/glide/load/resource/bitmap/DefaultImageHeaderParser.java
PARAMETER	com.bumptech.glide.load.resource.bitmap.DefaultImageHeaderParser	getOrientation(java.nio.ByteBuffer,com.bumptech.glide.load.engine.bitmap_recycle.ArrayPool)	byteBuffer	0	/home/nima/Developer/nullness-benchmarks/glide/library/src/main/java/com/bumptech/glide/load/resource/bitmap/DefaultImageHeaderParser.java
PARAMETER	com.bumptech.glide.load.resource.bitmap.DefaultImageHeaderParser	getOrientation(java.nio.ByteBuffer,com.bumptech.glide.load.engine.bitmap_recycle.ArrayPool)	byteArrayPool	1	/home/nima/Developer/nullness-benchmarks/glide/library/src/main/java/com/bumptech/glide/load/resource/bitmap/DefaultImageHeaderParser.java
PARAMETER	com.bumptech.glide.load.resource.bitmap.DefaultImageHeaderParser	hasJpegMpf(java.io.InputStream,com.bumptech.glide.load.engine.bitmap_recycle.ArrayPool)	is	0	/home/nima/Developer/nullness-benchmarks/glide/library/src/main/java/com/bumptech/glide/load/resource/bitmap/DefaultImageHeaderParser.java
PARAMETER	com.bumptech.glide.load.resource.bitmap.DefaultImageHeaderParser	hasJpegMpf(java.io.InputStream,com.bumptech.glide.load.engine.bitmap_recycle.ArrayPool)	byteArrayPool	1	/home/nima/Developer/nullness-benchmarks/glide/library/src/main/java/com/bumptech/glide/load/resource/bitmap/DefaultImageHeaderParser.java
PARAMETER	com.bumptech.glide.load.resource.bitmap.DefaultImageHeaderParser	hasJpegMpf(java.nio.ByteBuffer,com.bumptech.glide.load.engine.bitmap_recycle.ArrayPool)	byteBuffer	0	/home/nima/Developer/nullness-benchmarks/glide/library/src/main/java/com/bumptech/glide/load/resource/bitmap/DefaultImageHeaderParser.java
PARAMETER	com.bumptech.glide.load.resource.bitmap.DefaultImageHeaderParser	hasJpegMpf(java.nio.ByteBuffer,com.bumptech.glide.load.engine.bitmap_recycle.ArrayPool)	byteArrayPool	1	/home/nima/Developer/nullness-benchmarks/glide/library/src/main/java/com/bumptech/glide/load/resource/bitmap/DefaultImageHeaderParser.java
PARAMETER	com.bumptech.glide.load.resource.bitmap.DefaultImageHeaderParser	hasJpegMpf(com.bumptech.glide.load.resource.bitmap.DefaultImageHeaderParser.Reader,com.bumptech.glide.load.engine.bitmap_recycle.ArrayPool)	reader	0	/home/nima/Developer/nullness-benchmarks/glide/library/src/main/java/com/bumptech/glide/load/resource/bitmap/DefaultImageHeaderParser.java
PARAMETER	com.bumptech.glide.load.resource.bitmap.DefaultImageHeaderParser	hasJpegMpf(com.bumptech.glide.load.resource.bitmap.DefaultImageHeaderParser.Reader,com.bumptech.glide.load.engine.bitmap_recycle.ArrayPool)	byteArrayPool	1	/home/nima/Developer/nullness-benchmarks/glide/library/src/main/java/com/bumptech/glide/load/resource/bitmap/DefaultImageHeaderParser.java
METHOD	com.bumptech.glide.load.resource.bitmap.DefaultImageHeaderParser	getType(com.bumptech.glide.load.resource.bitmap.DefaultImageHeaderParser.Reader)	null	null	/home/nima/Developer/nullness-benchmarks/glide/library/src/main/java/com/bumptech/glide/load/resource/bitmap/DefaultImageHeaderParser.java
PARAMETER	com.bumptech.glide.load.resource.bitmap.InputStreamBitmapImageDecoderResourceDecoder	handles(java.io.InputStream,com.bumptech.glide.load.Options)	source	0	/home/nima/Developer/nullness-benchmarks/glide/library/src/main/java/com/bumptech/glide/load/resource/bitmap/InputStreamBitmapImageDecoderResourceDecoder.java
PARAMETER	com.bumptech.glide.load.resource.bitmap.InputStreamBitmapImageDecoderResourceDecoder	handles(java.io.InputStream,com.bumptech.glide.load.Options)	options	1	/home/nima/Developer/nullness-benchmarks/glide/library/src/main/java/com/bumptech/glide/load/resource/bitmap/InputStreamBitmapImageDecoderResourceDecoder.java
PARAMETER	com.bumptech.glide.load.resource.bitmap.InputStreamBitmapImageDecoderResourceDecoder	decode(java.io.InputStream,int,int,com.bumptech.glide.load.Options)	stream	0	/home/nima/Developer/nullness-benchmarks/glide/library/src/main/java/com/bumptech/glide/load/resource/bitmap/InputStreamBitmapImageDecoderResourceDecoder.java
PARAMETER	com.bumptech.glide.load.resource.bitmap.InputStreamBitmapImageDecoderResourceDecoder	decode(java.io.InputStream,int,int,com.bumptech.glide.load.Options)	options	3	/home/nima/Developer/nullness-benchmarks/glide/library/src/main/java/com/bumptech/glide/load/resource/bitmap/InputStreamBitmapImageDecoderResourceDecoder.java
PARAMETER	com.bumptech.glide.load.resource.bitmap.ResourceBitmapDecoder	handles(android.net.Uri,com.bumptech.glide.load.Options)	source	0	/home/nima/Developer/nullness-benchmarks/glide/library/src/main/java/com/bumptech/glide/load/resource/bitmap/ResourceBitmapDecoder.java
PARAMETER	com.bumptech.glide.load.resource.bitmap.ResourceBitmapDecoder	handles(android.net.Uri,com.bumptech.glide.load.Options)	options	1	/home/nima/Developer/nullness-benchmarks/glide/library/src/main/java/com/bumptech/glide/load/resource/bitmap/ResourceBitmapDecoder.java
PARAMETER	com.bumptech.glide.load.resource.bitmap.ResourceBitmapDecoder	decode(android.net.Uri,int,int,com.bumptech.glide.load.Options)	source	0	/home/nima/Developer/nullness-benchmarks/glide/library/src/main/java/com/bumptech/glide/load/resource/bitmap/ResourceBitmapDecoder.java
PARAMETER	com.bumptech.glide.load.resource.bitmap.ResourceBitmapDecoder	decode(android.net.Uri,int,int,com.bumptech.glide.load.Options)	options	3	/home/nima/Developer/nullness-benchmarks/glide/library/src/main/java/com/bumptech/glide/load/resource/bitmap/ResourceBitmapDecoder.java
PARAMETER	com.bumptech.glide.load.resource.drawable.ResourceDrawableDecoder	handles(android.net.Uri,com.bumptech.glide.load.Options)	source	0	/home/nima/Developer/nullness-benchmarks/glide/library/src/main/java/com/bumptech/glide/load/resource/drawable/ResourceDrawableDecoder.java
PARAMETER	com.bumptech.glide.load.resource.drawable.ResourceDrawableDecoder	handles(android.net.Uri,com.bumptech.glide.load.Options)	options	1	/home/nima/Developer/nullness-benchmarks/glide/library/src/main/java/com/bumptech/glide/load/resource/drawable/ResourceDrawableDecoder.java
PARAMETER	com.bumptech.glide.load.resource.drawable.ResourceDrawableDecoder	decode(android.net.Uri,int,int,com.bumptech.glide.load.Options)	source	0	/home/nima/Developer/nullness-benchmarks/glide/library/src/main/java/com/bumptech/glide/load/resource/drawable/ResourceDrawableDecoder.java
PARAMETER	com.bumptech.glide.load.resource.drawable.ResourceDrawableDecoder	decode(android.net.Uri,int,int,com.bumptech.glide.load.Options)	options	3	/home/nima/Developer/nullness-benchmarks/glide/library/src/main/java/com/bumptech/glide/load/resource/drawable/ResourceDrawableDecoder.java
PARAMETER	com.bumptech.glide.load.resource.drawable.ResourceDrawableDecoder	findContextForPackage(android.net.Uri,java.lang.String)	packageName	1	/home/nima/Developer/nullness-benchmarks/glide/library/src/main/java/com/bumptech/glide/load/resource/drawable/ResourceDrawableDecoder.java
METHOD	com.bumptech.glide.load.resource.drawable.ResourceDrawableDecoder	findContextForPackage(android.net.Uri,java.lang.String)	null	null	/home/nima/Developer/nullness-benchmarks/glide/library/src/main/java/com/bumptech/glide/load/resource/drawable/ResourceDrawableDecoder.java
METHOD	com.bumptech.glide.load.resource.bitmap.BitmapTransitionOptions	withCrossFade()	null	null	/home/nima/Developer/nullness-benchmarks/glide/library/src/main/java/com/bumptech/glide/load/resource/bitmap/BitmapTransitionOptions.java
METHOD	com.bumptech.glide.load.resource.bitmap.BitmapTransitionOptions	withCrossFade(int)	null	null	/home/nima/Developer/nullness-benchmarks/glide/library/src/main/java/com/bumptech/glide/load/resource/bitmap/BitmapTransitionOptions.java
PARAMETER	com.bumptech.glide.load.resource.bitmap.BitmapTransitionOptions	withCrossFade(com.bumptech.glide.request.transition.DrawableCrossFadeFactory)	drawableCrossFadeFactory	0	/home/nima/Developer/nullness-benchmarks/glide/library/src/main/java/com/bumptech/glide/load/resource/bitmap/BitmapTransitionOptions.java
METHOD	com.bumptech.glide.load.resource.bitmap.BitmapTransitionOptions	withCrossFade(com.bumptech.glide.request.transition.DrawableCrossFadeFactory)	null	null	/home/nima/Developer/nullness-benchmarks/glide/library/src/main/java/com/bumptech/glide/load/resource/bitmap/BitmapTransitionOptions.java
PARAMETER	com.bumptech.glide.load.resource.bitmap.BitmapTransitionOptions	withCrossFade(com.bumptech.glide.request.transition.DrawableCrossFadeFactory.Builder)	builder	0	/home/nima/Developer/nullness-benchmarks/glide/library/src/main/java/com/bumptech/glide/load/resource/bitmap/BitmapTransitionOptions.java
METHOD	com.bumptech.glide.load.resource.bitmap.BitmapTransitionOptions	withCrossFade(com.bumptech.glide.request.transition.DrawableCrossFadeFactory.Builder)	null	null	/home/nima/Developer/nullness-benchmarks/glide/library/src/main/java/com/bumptech/glide/load/resource/bitmap/BitmapTransitionOptions.java
PARAMETER	com.bumptech.glide.load.resource.bitmap.BitmapTransitionOptions	withWrapped(com.bumptech.glide.request.transition.TransitionFactory)	drawableCrossFadeFactory	0	/home/nima/Developer/nullness-benchmarks/glide/library/src/main/java/com/bumptech/glide/load/resource/bitmap/BitmapTransitionOptions.java
METHOD	com.bumptech.glide.load.resource.bitmap.BitmapTransitionOptions	withWrapped(com.bumptech.glide.request.transition.TransitionFactory)	null	null	/home/nima/Developer/nullness-benchmarks/glide/library/src/main/java/com/bumptech/glide/load/resource/bitmap/BitmapTransitionOptions.java
PARAMETER	com.bumptech.glide.load.resource.bitmap.BitmapTransitionOptions	with(com.bumptech.glide.request.transition.TransitionFactory)	transitionFactory	0	/home/nima/Developer/nullness-benchmarks/glide/library/src/main/java/com/bumptech/glide/load/resource/bitmap/BitmapTransitionOptions.java
METHOD	com.bumptech.glide.load.resource.bitmap.BitmapTransitionOptions	with(com.bumptech.glide.request.transition.TransitionFactory)	null	null	/home/nima/Developer/nullness-benchmarks/glide/library/src/main/java/com/bumptech/glide/load/resource/bitmap/BitmapTransitionOptions.java
METHOD	com.bumptech.glide.load.resource.bitmap.BitmapTransitionOptions	crossFade()	null	null	/home/nima/Developer/nullness-benchmarks/glide/library/src/main/java/com/bumptech/glide/load/resource/bitmap/BitmapTransitionOptions.java
METHOD	com.bumptech.glide.load.resource.bitmap.BitmapTransitionOptions	crossFade(int)	null	null	/home/nima/Developer/nullness-benchmarks/glide/library/src/main/java/com/bumptech/glide/load/resource/bitmap/BitmapTransitionOptions.java
PARAMETER	com.bumptech.glide.load.resource.bitmap.BitmapTransitionOptions	crossFade(com.bumptech.glide.request.transition.DrawableCrossFadeFactory)	drawableCrossFadeFactory	0	/home/nima/Developer/nullness-benchmarks/glide/library/src/main/java/com/bumptech/glide/load/resource/bitmap/BitmapTransitionOptions.java
METHOD	com.bumptech.glide.load.resource.bitmap.BitmapTransitionOptions	crossFade(com.bumptech.glide.request.transition.DrawableCrossFadeFactory)	null	null	/home/nima/Developer/nullness-benchmarks/glide/library/src/main/java/com/bumptech/glide/load/resource/bitmap/BitmapTransitionOptions.java
PARAMETER	com.bumptech.glide.load.resource.bitmap.BitmapTransitionOptions	transitionUsing(com.bumptech.glide.request.transition.TransitionFactory)	drawableCrossFadeFactory	0	/home/nima/Developer/nullness-benchmarks/glide/library/src/main/java/com/bumptech/glide/load/resource/bitmap/BitmapTransitionOptions.java
METHOD	com.bumptech.glide.load.resource.bitmap.BitmapTransitionOptions	transitionUsing(com.bumptech.glide.request.transition.TransitionFactory)	null	null	/home/nima/Developer/nullness-benchmarks/glide/library/src/main/java/com/bumptech/glide/load/resource/bitmap/BitmapTransitionOptions.java
PARAMETER	com.bumptech.glide.load.resource.bitmap.BitmapTransitionOptions	crossFade(com.bumptech.glide.request.transition.DrawableCrossFadeFactory.Builder)	builder	0	/home/nima/Developer/nullness-benchmarks/glide/library/src/main/java/com/bumptech/glide/load/resource/bitmap/BitmapTransitionOptions.java
METHOD	com.bumptech.glide.load.resource.bitmap.BitmapTransitionOptions	crossFade(com.bumptech.glide.request.transition.DrawableCrossFadeFactory.Builder)	null	null	/home/nima/Developer/nullness-benchmarks/glide/library/src/main/java/com/bumptech/glide/load/resource/bitmap/BitmapTransitionOptions.java
PARAMETER	com.bumptech.glide.load.resource.bitmap.CircleCrop	transform(com.bumptech.glide.load.engine.bitmap_recycle.BitmapPool,android.graphics.Bitmap,int,int)	pool	0	/home/nima/Developer/nullness-benchmarks/glide/library/src/main/java/com/bumptech/glide/load/resource/bitmap/CircleCrop.java
PARAMETER	com.bumptech.glide.load.resource.bitmap.CircleCrop	transform(com.bumptech.glide.load.engine.bitmap_recycle.BitmapPool,android.graphics.Bitmap,int,int)	toTransform	1	/home/nima/Developer/nullness-benchmarks/glide/library/src/main/java/com/bumptech/glide/load/resource/bitmap/CircleCrop.java
PARAMETER	com.bumptech.glide.load.resource.bitmap.CircleCrop	updateDiskCacheKey(java.security.MessageDigest)	messageDigest	0	/home/nima/Developer/nullness-benchmarks/glide/library/src/main/java/com/bumptech/glide/load/resource/bitmap/CircleCrop.java
METHOD	com.bumptech.glide.load.resource.bitmap.BitmapDrawableResource	getResourceClass()	null	null	/home/nima/Developer/nullness-benchmarks/glide/library/src/main/java/com/bumptech/glide/load/resource/bitmap/BitmapDrawableResource.java
METHOD	com.bumptech.glide.load.resource.drawable.DrawableResource	get()	null	null	/home/nima/Developer/nullness-benchmarks/glide/library/src/main/java/com/bumptech/glide/load/resource/drawable/DrawableResource.java
PARAMETER	com.bumptech.glide.load.resource.bitmap.StreamBitmapDecoder	handles(java.io.InputStream,com.bumptech.glide.load.Options)	source	0	/home/nima/Developer/nullness-benchmarks/glide/library/src/main/java/com/bumptech/glide/load/resource/bitmap/StreamBitmapDecoder.java
PARAMETER	com.bumptech.glide.load.resource.bitmap.StreamBitmapDecoder	handles(java.io.InputStream,com.bumptech.glide.load.Options)	options	1	/home/nima/Developer/nullness-benchmarks/glide/library/src/main/java/com/bumptech/glide/load/resource/bitmap/StreamBitmapDecoder.java
PARAMETER	com.bumptech.glide.load.resource.bitmap.StreamBitmapDecoder	decode(java.io.InputStream,int,int,com.bumptech.glide.load.Options)	source	0	/home/nima/Developer/nullness-benchmarks/glide/library/src/main/java/com/bumptech/glide/load/resource/bitmap/StreamBitmapDecoder.java
PARAMETER	com.bumptech.glide.load.resource.bitmap.StreamBitmapDecoder	decode(java.io.InputStream,int,int,com.bumptech.glide.load.Options)	options	3	/home/nima/Developer/nullness-benchmarks/glide/library/src/main/java/com/bumptech/glide/load/resource/bitmap/StreamBitmapDecoder.java
PARAMETER	com.bumptech.glide.load.resource.bitmap.UnitBitmapDecoder	handles(android.graphics.Bitmap,com.bumptech.glide.load.Options)	source	0	/home/nima/Developer/nullness-benchmarks/glide/library/src/main/java/com/bumptech/glide/load/resource/bitmap/UnitBitmapDecoder.java
PARAMETER	com.bumptech.glide.load.resource.bitmap.UnitBitmapDecoder	handles(android.graphics.Bitmap,com.bumptech.glide.load.Options)	options	1	/home/nima/Developer/nullness-benchmarks/glide/library/src/main/java/com/bumptech/glide/load/resource/bitmap/UnitBitmapDecoder.java
PARAMETER	com.bumptech.glide.load.resource.bitmap.UnitBitmapDecoder	decode(android.graphics.Bitmap,int,int,com.bumptech.glide.load.Options)	source	0	/home/nima/Developer/nullness-benchmarks/glide/library/src/main/java/com/bumptech/glide/load/resource/bitmap/UnitBitmapDecoder.java
PARAMETER	com.bumptech.glide.load.resource.bitmap.UnitBitmapDecoder	decode(android.graphics.Bitmap,int,int,com.bumptech.glide.load.Options)	options	3	/home/nima/Developer/nullness-benchmarks/glide/library/src/main/java/com/bumptech/glide/load/resource/bitmap/UnitBitmapDecoder.java
PARAMETER	com.bumptech.glide.load.resource.bitmap.UnitBitmapDecoder$NonOwnedBitmapResource	NonOwnedBitmapResource(android.graphics.Bitmap)	bitmap	0	/home/nima/Developer/nullness-benchmarks/glide/library/src/main/java/com/bumptech/glide/load/resource/bitmap/UnitBitmapDecoder.java
METHOD	com.bumptech.glide.load.resource.bitmap.UnitBitmapDecoder$NonOwnedBitmapResource	getResourceClass()	null	null	/home/nima/Developer/nullness-benchmarks/glide/library/src/main/java/com/bumptech/glide/load/resource/bitmap/UnitBitmapDecoder.java
METHOD	com.bumptech.glide.load.resource.bitmap.UnitBitmapDecoder$NonOwnedBitmapResource	get()	null	null	/home/nima/Developer/nullness-benchmarks/glide/library/src/main/java/com/bumptech/glide/load/resource/bitmap/UnitBitmapDecoder.java
PARAMETER	com.bumptech.glide.load.resource.bitmap.DrawableTransformation	transform(android.content.Context,com.bumptech.glide.load.engine.Resource,int,int)	context	0	/home/nima/Developer/nullness-benchmarks/glide/library/src/main/java/com/bumptech/glide/load/resource/bitmap/DrawableTransformation.java
PARAMETER	com.bumptech.glide.load.resource.bitmap.DrawableTransformation	transform(android.content.Context,com.bumptech.glide.load.engine.Resource,int,int)	resource	1	/home/nima/Developer/nullness-benchmarks/glide/library/src/main/java/com/bumptech/glide/load/resource/bitmap/DrawableTransformation.java
METHOD	com.bumptech.glide.load.resource.bitmap.DrawableTransformation	transform(android.content.Context,com.bumptech.glide.load.engine.Resource,int,int)	null	null	/home/nima/Developer/nullness-benchmarks/glide/library/src/main/java/com/bumptech/glide/load/resource/bitmap/DrawableTransformation.java
PARAMETER	com.bumptech.glide.load.resource.bitmap.DrawableTransformation	updateDiskCacheKey(java.security.MessageDigest)	messageDigest	0	/home/nima/Developer/nullness-benchmarks/glide/library/src/main/java/com/bumptech/glide/load/resource/bitmap/DrawableTransformation.java
PARAMETER	com.bumptech.glide.load.resource.bitmap.RoundedCorners	transform(com.bumptech.glide.load.engine.bitmap_recycle.BitmapPool,android.graphics.Bitmap,int,int)	pool	0	/home/nima/Developer/nullness-benchmarks/glide/library/src/main/java/com/bumptech/glide/load/resource/bitmap/RoundedCorners.java
PARAMETER	com.bumptech.glide.load.resource.bitmap.RoundedCorners	transform(com.bumptech.glide.load.engine.bitmap_recycle.BitmapPool,android.graphics.Bitmap,int,int)	toTransform	1	/home/nima/Developer/nullness-benchmarks/glide/library/src/main/java/com/bumptech/glide/load/resource/bitmap/RoundedCorners.java
PARAMETER	com.bumptech.glide.load.resource.bitmap.RoundedCorners	updateDiskCacheKey(java.security.MessageDigest)	messageDigest	0	/home/nima/Developer/nullness-benchmarks/glide/library/src/main/java/com/bumptech/glide/load/resource/bitmap/RoundedCorners.java
PARAMETER	com.bumptech.glide.load.resource.bitmap.GranularRoundedCorners	transform(com.bumptech.glide.load.engine.bitmap_recycle.BitmapPool,android.graphics.Bitmap,int,int)	pool	0	/home/nima/Developer/nullness-benchmarks/glide/library/src/main/java/com/bumptech/glide/load/resource/bitmap/GranularRoundedCorners.java
PARAMETER	com.bumptech.glide.load.resource.bitmap.GranularRoundedCorners	transform(com.bumptech.glide.load.engine.bitmap_recycle.BitmapPool,android.graphics.Bitmap,int,int)	toTransform	1	/home/nima/Developer/nullness-benchmarks/glide/library/src/main/java/com/bumptech/glide/load/resource/bitmap/GranularRoundedCorners.java
PARAMETER	com.bumptech.glide.load.resource.bitmap.GranularRoundedCorners	updateDiskCacheKey(java.security.MessageDigest)	messageDigest	0	/home/nima/Developer/nullness-benchmarks/glide/library/src/main/java/com/bumptech/glide/load/resource/bitmap/GranularRoundedCorners.java
PARAMETER	com.bumptech.glide.load.resource.bitmap.BitmapDrawableDecoder	BitmapDrawableDecoder(android.content.res.Resources,com.bumptech.glide.load.ResourceDecoder)	resources	0	/home/nima/Developer/nullness-benchmarks/glide/library/src/main/java/com/bumptech/glide/load/resource/bitmap/BitmapDrawableDecoder.java
PARAMETER	com.bumptech.glide.load.resource.bitmap.BitmapDrawableDecoder	BitmapDrawableDecoder(android.content.res.Resources,com.bumptech.glide.load.ResourceDecoder)	decoder	1	/home/nima/Developer/nullness-benchmarks/glide/library/src/main/java/com/bumptech/glide/load/resource/bitmap/BitmapDrawableDecoder.java
PARAMETER	com.bumptech.glide.load.resource.bitmap.BitmapDrawableDecoder	handles(DataType,com.bumptech.glide.load.Options)	source	0	/home/nima/Developer/nullness-benchmarks/glide/library/src/main/java/com/bumptech/glide/load/resource/bitmap/BitmapDrawableDecoder.java
PARAMETER	com.bumptech.glide.load.resource.bitmap.BitmapDrawableDecoder	handles(DataType,com.bumptech.glide.load.Options)	options	1	/home/nima/Developer/nullness-benchmarks/glide/library/src/main/java/com/bumptech/glide/load/resource/bitmap/BitmapDrawableDecoder.java
PARAMETER	com.bumptech.glide.load.resource.bitmap.BitmapDrawableDecoder	decode(DataType,int,int,com.bumptech.glide.load.Options)	source	0	/home/nima/Developer/nullness-benchmarks/glide/library/src/main/java/com/bumptech/glide/load/resource/bitmap/BitmapDrawableDecoder.java
PARAMETER	com.bumptech.glide.load.resource.bitmap.BitmapDrawableDecoder	decode(DataType,int,int,com.bumptech.glide.load.Options)	options	3	/home/nima/Developer/nullness-benchmarks/glide/library/src/main/java/com/bumptech/glide/load/resource/bitmap/BitmapDrawableDecoder.java
PARAMETER	com.bumptech.glide.load.resource.bitmap.ParcelFileDescriptorBitmapDecoder	handles(android.os.ParcelFileDescriptor,com.bumptech.glide.load.Options)	source	0	/home/nima/Developer/nullness-benchmarks/glide/library/src/main/java/com/bumptech/glide/load/resource/bitmap/ParcelFileDescriptorBitmapDecoder.java
PARAMETER	com.bumptech.glide.load.resource.bitmap.ParcelFileDescriptorBitmapDecoder	handles(android.os.ParcelFileDescriptor,com.bumptech.glide.load.Options)	options	1	/home/nima/Developer/nullness-benchmarks/glide/library/src/main/java/com/bumptech/glide/load/resource/bitmap/ParcelFileDescriptorBitmapDecoder.java
PARAMETER	com.bumptech.glide.load.resource.bitmap.ParcelFileDescriptorBitmapDecoder	isSafeToTryDecoding(android.os.ParcelFileDescriptor)	source	0	/home/nima/Developer/nullness-benchmarks/glide/library/src/main/java/com/bumptech/glide/load/resource/bitmap/ParcelFileDescriptorBitmapDecoder.java
PARAMETER	com.bumptech.glide.load.resource.bitmap.ParcelFileDescriptorBitmapDecoder	decode(android.os.ParcelFileDescriptor,int,int,com.bumptech.glide.load.Options)	source	0	/home/nima/Developer/nullness-benchmarks/glide/library/src/main/java/com/bumptech/glide/load/resource/bitmap/ParcelFileDescriptorBitmapDecoder.java
PARAMETER	com.bumptech.glide.load.resource.bitmap.ParcelFileDescriptorBitmapDecoder	decode(android.os.ParcelFileDescriptor,int,int,com.bumptech.glide.load.Options)	options	3	/home/nima/Developer/nullness-benchmarks/glide/library/src/main/java/com/bumptech/glide/load/resource/bitmap/ParcelFileDescriptorBitmapDecoder.java
PARAMETER	com.bumptech.glide.load.resource.bitmap.CenterCrop	transform(com.bumptech.glide.load.engine.bitmap_recycle.BitmapPool,android.graphics.Bitmap,int,int)	pool	0	/home/nima/Developer/nullness-benchmarks/glide/library/src/main/java/com/bumptech/glide/load/resource/bitmap/CenterCrop.java
PARAMETER	com.bumptech.glide.load.resource.bitmap.CenterCrop	transform(com.bumptech.glide.load.engine.bitmap_recycle.BitmapPool,android.graphics.Bitmap,int,int)	toTransform	1	/home/nima/Developer/nullness-benchmarks/glide/library/src/main/java/com/bumptech/glide/load/resource/bitmap/CenterCrop.java
PARAMETER	com.bumptech.glide.load.resource.bitmap.CenterCrop	updateDiskCacheKey(java.security.MessageDigest)	messageDigest	0	/home/nima/Developer/nullness-benchmarks/glide/library/src/main/java/com/bumptech/glide/load/resource/bitmap/CenterCrop.java
PARAMETER	com.bumptech.glide.load.resource.bitmap.ExifInterfaceImageHeaderParser	getType(java.io.InputStream)	is	0	/home/nima/Developer/nullness-benchmarks/glide/library/src/main/java/com/bumptech/glide/load/resource/bitmap/ExifInterfaceImageHeaderParser.java
METHOD	com.bumptech.glide.load.resource.bitmap.ExifInterfaceImageHeaderParser	getType(java.io.InputStream)	null	null	/home/nima/Developer/nullness-benchmarks/glide/library/src/main/java/com/bumptech/glide/load/resource/bitmap/ExifInterfaceImageHeaderParser.java
PARAMETER	com.bumptech.glide.load.resource.bitmap.ExifInterfaceImageHeaderParser	getType(java.nio.ByteBuffer)	byteBuffer	0	/home/nima/Developer/nullness-benchmarks/glide/library/src/main/java/com/bumptech/glide/load/resource/bitmap/ExifInterfaceImageHeaderParser.java
METHOD	com.bumptech.glide.load.resource.bitmap.ExifInterfaceImageHeaderParser	getType(java.nio.ByteBuffer)	null	null	/home/nima/Developer/nullness-benchmarks/glide/library/src/main/java/com/bumptech/glide/load/resource/bitmap/ExifInterfaceImageHeaderParser.java
PARAMETER	com.bumptech.glide.load.resource.bitmap.ExifInterfaceImageHeaderParser	getOrientation(java.io.InputStream,com.bumptech.glide.load.engine.bitmap_recycle.ArrayPool)	is	0	/home/nima/Developer/nullness-benchmarks/glide/library/src/main/java/com/bumptech/glide/load/resource/bitmap/ExifInterfaceImageHeaderParser.java
PARAMETER	com.bumptech.glide.load.resource.bitmap.ExifInterfaceImageHeaderParser	getOrientation(java.io.InputStream,com.bumptech.glide.load.engine.bitmap_recycle.ArrayPool)	byteArrayPool	1	/home/nima/Developer/nullness-benchmarks/glide/library/src/main/java/com/bumptech/glide/load/resource/bitmap/ExifInterfaceImageHeaderParser.java
PARAMETER	com.bumptech.glide.load.resource.bitmap.ExifInterfaceImageHeaderParser	getOrientation(java.nio.ByteBuffer,com.bumptech.glide.load.engine.bitmap_recycle.ArrayPool)	byteBuffer	0	/home/nima/Developer/nullness-benchmarks/glide/library/src/main/java/com/bumptech/glide/load/resource/bitmap/ExifInterfaceImageHeaderParser.java
PARAMETER	com.bumptech.glide.load.resource.bitmap.ExifInterfaceImageHeaderParser	getOrientation(java.nio.ByteBuffer,com.bumptech.glide.load.engine.bitmap_recycle.ArrayPool)	byteArrayPool	1	/home/nima/Developer/nullness-benchmarks/glide/library/src/main/java/com/bumptech/glide/load/resource/bitmap/ExifInterfaceImageHeaderParser.java
PARAMETER	com.bumptech.glide.load.resource.bitmap.ExifInterfaceImageHeaderParser	hasJpegMpf(java.io.InputStream,com.bumptech.glide.load.engine.bitmap_recycle.ArrayPool)	is	0	/home/nima/Developer/nullness-benchmarks/glide/library/src/main/java/com/bumptech/glide/load/resource/bitmap/ExifInterfaceImageHeaderParser.java
PARAMETER	com.bumptech.glide.load.resource.bitmap.ExifInterfaceImageHeaderParser	hasJpegMpf(java.io.InputStream,com.bumptech.glide.load.engine.bitmap_recycle.ArrayPool)	byteArrayPool	1	/home/nima/Developer/nullness-benchmarks/glide/library/src/main/java/com/bumptech/glide/load/resource/bitmap/ExifInterfaceImageHeaderParser.java
PARAMETER	com.bumptech.glide.load.resource.bitmap.ExifInterfaceImageHeaderParser	hasJpegMpf(java.nio.ByteBuffer,com.bumptech.glide.load.engine.bitmap_recycle.ArrayPool)	byteBuffer	0	/home/nima/Developer/nullness-benchmarks/glide/library/src/main/java/com/bumptech/glide/load/resource/bitmap/ExifInterfaceImageHeaderParser.java
PARAMETER	com.bumptech.glide.load.resource.bitmap.ExifInterfaceImageHeaderParser	hasJpegMpf(java.nio.ByteBuffer,com.bumptech.glide.load.engine.bitmap_recycle.ArrayPool)	byteArrayPool	1	/home/nima/Developer/nullness-benchmarks/glide/library/src/main/java/com/bumptech/glide/load/resource/bitmap/ExifInterfaceImageHeaderParser.java
PARAMETER	com.bumptech.glide.load.resource.bitmap.TransformationUtils	centerCrop(com.bumptech.glide.load.engine.bitmap_recycle.BitmapPool,android.graphics.Bitmap,int,int)	pool	0	/home/nima/Developer/nullness-benchmarks/glide/library/src/main/java/com/bumptech/glide/load/resource/bitmap/TransformationUtils.java
PARAMETER	com.bumptech.glide.load.resource.bitmap.TransformationUtils	centerCrop(com.bumptech.glide.load.engine.bitmap_recycle.BitmapPool,android.graphics.Bitmap,int,int)	inBitmap	1	/home/nima/Developer/nullness-benchmarks/glide/library/src/main/java/com/bumptech/glide/load/resource/bitmap/TransformationUtils.java
PARAMETER	com.bumptech.glide.load.resource.bitmap.TransformationUtils	fitCenter(com.bumptech.glide.load.engine.bitmap_recycle.BitmapPool,android.graphics.Bitmap,int,int)	pool	0	/home/nima/Developer/nullness-benchmarks/glide/library/src/main/java/com/bumptech/glide/load/resource/bitmap/TransformationUtils.java
PARAMETER	com.bumptech.glide.load.resource.bitmap.TransformationUtils	fitCenter(com.bumptech.glide.load.engine.bitmap_recycle.BitmapPool,android.graphics.Bitmap,int,int)	inBitmap	1	/home/nima/Developer/nullness-benchmarks/glide/library/src/main/java/com/bumptech/glide/load/resource/bitmap/TransformationUtils.java
PARAMETER	com.bumptech.glide.load.resource.bitmap.TransformationUtils	centerInside(com.bumptech.glide.load.engine.bitmap_recycle.BitmapPool,android.graphics.Bitmap,int,int)	pool	0	/home/nima/Developer/nullness-benchmarks/glide/library/src/main/java/com/bumptech/glide/load/resource/bitmap/TransformationUtils.java
PARAMETER	com.bumptech.glide.load.resource.bitmap.TransformationUtils	centerInside(com.bumptech.glide.load.engine.bitmap_recycle.BitmapPool,android.graphics.Bitmap,int,int)	inBitmap	1	/home/nima/Developer/nullness-benchmarks/glide/library/src/main/java/com/bumptech/glide/load/resource/bitmap/TransformationUtils.java
PARAMETER	com.bumptech.glide.load.resource.bitmap.TransformationUtils	rotateImage(android.graphics.Bitmap,int)	imageToOrient	0	/home/nima/Developer/nullness-benchmarks/glide/library/src/main/java/com/bumptech/glide/load/resource/bitmap/TransformationUtils.java
PARAMETER	com.bumptech.glide.load.resource.bitmap.TransformationUtils	rotateImageExif(com.bumptech.glide.load.engine.bitmap_recycle.BitmapPool,android.graphics.Bitmap,int)	pool	0	/home/nima/Developer/nullness-benchmarks/glide/library/src/main/java/com/bumptech/glide/load/resource/bitmap/TransformationUtils.java
PARAMETER	com.bumptech.glide.load.resource.bitmap.TransformationUtils	rotateImageExif(com.bumptech.glide.load.engine.bitmap_recycle.BitmapPool,android.graphics.Bitmap,int)	inBitmap	1	/home/nima/Developer/nullness-benchmarks/glide/library/src/main/java/com/bumptech/glide/load/resource/bitmap/TransformationUtils.java
PARAMETER	com.bumptech.glide.load.resource.bitmap.TransformationUtils	circleCrop(com.bumptech.glide.load.engine.bitmap_recycle.BitmapPool,android.graphics.Bitmap,int,int)	pool	0	/home/nima/Developer/nullness-benchmarks/glide/library/src/main/java/com/bumptech/glide/load/resource/bitmap/TransformationUtils.java
PARAMETER	com.bumptech.glide.load.resource.bitmap.TransformationUtils	circleCrop(com.bumptech.glide.load.engine.bitmap_recycle.BitmapPool,android.graphics.Bitmap,int,int)	inBitmap	1	/home/nima/Developer/nullness-benchmarks/glide/library/src/main/java/com/bumptech/glide/load/resource/bitmap/TransformationUtils.java
PARAMETER	com.bumptech.glide.load.resource.bitmap.TransformationUtils	getAlphaSafeBitmap(com.bumptech.glide.load.engine.bitmap_recycle.BitmapPool,android.graphics.Bitmap)	pool	0	/home/nima/Developer/nullness-benchmarks/glide/library/src/main/java/com/bumptech/glide/load/resource/bitmap/TransformationUtils.java
PARAMETER	com.bumptech.glide.load.resource.bitmap.TransformationUtils	getAlphaSafeBitmap(com.bumptech.glide.load.engine.bitmap_recycle.BitmapPool,android.graphics.Bitmap)	maybeAlphaSafe	1	/home/nima/Developer/nullness-benchmarks/glide/library/src/main/java/com/bumptech/glide/load/resource/bitmap/TransformationUtils.java
PARAMETER	com.bumptech.glide.load.resource.bitmap.TransformationUtils	getAlphaSafeConfig(android.graphics.Bitmap)	inBitmap	0	/home/nima/Developer/nullness-benchmarks/glide/library/src/main/java/com/bumptech/glide/load/resource/bitmap/TransformationUtils.java
METHOD	com.bumptech.glide.load.resource.bitmap.TransformationUtils	getAlphaSafeConfig(android.graphics.Bitmap)	null	null	/home/nima/Developer/nullness-benchmarks/glide/library/src/main/java/com/bumptech/glide/load/resource/bitmap/TransformationUtils.java
PARAMETER	com.bumptech.glide.load.resource.bitmap.TransformationUtils	roundedCorners(com.bumptech.glide.load.engine.bitmap_recycle.BitmapPool,android.graphics.Bitmap,int,int,int)	pool	0	/home/nima/Developer/nullness-benchmarks/glide/library/src/main/java/com/bumptech/glide/load/resource/bitmap/TransformationUtils.java
PARAMETER	com.bumptech.glide.load.resource.bitmap.TransformationUtils	roundedCorners(com.bumptech.glide.load.engine.bitmap_recycle.BitmapPool,android.graphics.Bitmap,int,int,int)	inBitmap	1	/home/nima/Developer/nullness-benchmarks/glide/library/src/main/java/com/bumptech/glide/load/resource/bitmap/TransformationUtils.java
PARAMETER	com.bumptech.glide.load.resource.bitmap.TransformationUtils	roundedCorners(com.bumptech.glide.load.engine.bitmap_recycle.BitmapPool,android.graphics.Bitmap,int)	pool	0	/home/nima/Developer/nullness-benchmarks/glide/library/src/main/java/com/bumptech/glide/load/resource/bitmap/TransformationUtils.java
PARAMETER	com.bumptech.glide.load.resource.bitmap.TransformationUtils	roundedCorners(com.bumptech.glide.load.engine.bitmap_recycle.BitmapPool,android.graphics.Bitmap,int)	inBitmap	1	/home/nima/Developer/nullness-benchmarks/glide/library/src/main/java/com/bumptech/glide/load/resource/bitmap/TransformationUtils.java
PARAMETER	com.bumptech.glide.load.resource.bitmap.TransformationUtils	roundedCorners(com.bumptech.glide.load.engine.bitmap_recycle.BitmapPool,android.graphics.Bitmap,float,float,float,float)	pool	0	/home/nima/Developer/nullness-benchmarks/glide/library/src/main/java/com/bumptech/glide/load/resource/bitmap/TransformationUtils.java
PARAMETER	com.bumptech.glide.load.resource.bitmap.TransformationUtils	roundedCorners(com.bumptech.glide.load.engine.bitmap_recycle.BitmapPool,android.graphics.Bitmap,float,float,float,float)	inBitmap	1	/home/nima/Developer/nullness-benchmarks/glide/library/src/main/java/com/bumptech/glide/load/resource/bitmap/TransformationUtils.java
PARAMETER	com.bumptech.glide.load.resource.bitmap.TransformationUtils	roundedCorners(com.bumptech.glide.load.engine.bitmap_recycle.BitmapPool,android.graphics.Bitmap,com.bumptech.glide.load.resource.bitmap.TransformationUtils.DrawRoundedCornerFn)	pool	0	/home/nima/Developer/nullness-benchmarks/glide/library/src/main/java/com/bumptech/glide/load/resource/bitmap/TransformationUtils.java
PARAMETER	com.bumptech.glide.load.resource.bitmap.TransformationUtils	roundedCorners(com.bumptech.glide.load.engine.bitmap_recycle.BitmapPool,android.graphics.Bitmap,com.bumptech.glide.load.resource.bitmap.TransformationUtils.DrawRoundedCornerFn)	inBitmap	1	/home/nima/Developer/nullness-benchmarks/glide/library/src/main/java/com/bumptech/glide/load/resource/bitmap/TransformationUtils.java
PARAMETER	com.bumptech.glide.load.resource.bitmap.TransformationUtils	getNonNullConfig(android.graphics.Bitmap)	bitmap	0	/home/nima/Developer/nullness-benchmarks/glide/library/src/main/java/com/bumptech/glide/load/resource/bitmap/TransformationUtils.java
METHOD	com.bumptech.glide.load.resource.bitmap.TransformationUtils	getNonNullConfig(android.graphics.Bitmap)	null	null	/home/nima/Developer/nullness-benchmarks/glide/library/src/main/java/com/bumptech/glide/load/resource/bitmap/TransformationUtils.java
PARAMETER	com.bumptech.glide.load.resource.bitmap.TransformationUtils	applyMatrix(android.graphics.Bitmap,android.graphics.Bitmap,android.graphics.Matrix)	inBitmap	0	/home/nima/Developer/nullness-benchmarks/glide/library/src/main/java/com/bumptech/glide/load/resource/bitmap/TransformationUtils.java
PARAMETER	com.bumptech.glide.load.resource.bitmap.TransformationUtils	applyMatrix(android.graphics.Bitmap,android.graphics.Bitmap,android.graphics.Matrix)	targetBitmap	1	/home/nima/Developer/nullness-benchmarks/glide/library/src/main/java/com/bumptech/glide/load/resource/bitmap/TransformationUtils.java
PARAMETER	com.bumptech.glide.load.resource.bitmap.TransformationUtils$NoLock	tryLock(long,java.util.concurrent.TimeUnit)	unit	1	/home/nima/Developer/nullness-benchmarks/glide/library/src/main/java/com/bumptech/glide/load/resource/bitmap/TransformationUtils.java
METHOD	com.bumptech.glide.load.resource.bitmap.TransformationUtils$NoLock	newCondition()	null	null	/home/nima/Developer/nullness-benchmarks/glide/library/src/main/java/com/bumptech/glide/load/resource/bitmap/TransformationUtils.java
PARAMETER	com.bumptech.glide.load.resource.bitmap.ByteBufferBitmapDecoder	handles(java.nio.ByteBuffer,com.bumptech.glide.load.Options)	source	0	/home/nima/Developer/nullness-benchmarks/glide/library/src/main/java/com/bumptech/glide/load/resource/bitmap/ByteBufferBitmapDecoder.java
PARAMETER	com.bumptech.glide.load.resource.bitmap.ByteBufferBitmapDecoder	handles(java.nio.ByteBuffer,com.bumptech.glide.load.Options)	options	1	/home/nima/Developer/nullness-benchmarks/glide/library/src/main/java/com/bumptech/glide/load/resource/bitmap/ByteBufferBitmapDecoder.java
PARAMETER	com.bumptech.glide.load.resource.bitmap.ByteBufferBitmapDecoder	decode(java.nio.ByteBuffer,int,int,com.bumptech.glide.load.Options)	source	0	/home/nima/Developer/nullness-benchmarks/glide/library/src/main/java/com/bumptech/glide/load/resource/bitmap/ByteBufferBitmapDecoder.java
PARAMETER	com.bumptech.glide.load.resource.bitmap.ByteBufferBitmapDecoder	decode(java.nio.ByteBuffer,int,int,com.bumptech.glide.load.Options)	options	3	/home/nima/Developer/nullness-benchmarks/glide/library/src/main/java/com/bumptech/glide/load/resource/bitmap/ByteBufferBitmapDecoder.java
PARAMETER	com.bumptech.glide.load.resource.drawable.UnitDrawableDecoder	handles(android.graphics.drawable.Drawable,com.bumptech.glide.load.Options)	source	0	/home/nima/Developer/nullness-benchmarks/glide/library/src/main/java/com/bumptech/glide/load/resource/drawable/UnitDrawableDecoder.java
PARAMETER	com.bumptech.glide.load.resource.drawable.UnitDrawableDecoder	handles(android.graphics.drawable.Drawable,com.bumptech.glide.load.Options)	options	1	/home/nima/Developer/nullness-benchmarks/glide/library/src/main/java/com/bumptech/glide/load/resource/drawable/UnitDrawableDecoder.java
PARAMETER	com.bumptech.glide.load.resource.drawable.UnitDrawableDecoder	decode(android.graphics.drawable.Drawable,int,int,com.bumptech.glide.load.Options)	source	0	/home/nima/Developer/nullness-benchmarks/glide/library/src/main/java/com/bumptech/glide/load/resource/drawable/UnitDrawableDecoder.java
PARAMETER	com.bumptech.glide.load.resource.drawable.UnitDrawableDecoder	decode(android.graphics.drawable.Drawable,int,int,com.bumptech.glide.load.Options)	options	3	/home/nima/Developer/nullness-benchmarks/glide/library/src/main/java/com/bumptech/glide/load/resource/drawable/UnitDrawableDecoder.java
PARAMETER	com.bumptech.glide.load.resource.drawable.AnimatedImageDecoder	decode(android.graphics.ImageDecoder.Source,int,int,com.bumptech.glide.load.Options)	source	0	/home/nima/Developer/nullness-benchmarks/glide/library/src/main/java/com/bumptech/glide/load/resource/drawable/AnimatedImageDecoder.java
PARAMETER	com.bumptech.glide.load.resource.drawable.AnimatedImageDecoder	decode(android.graphics.ImageDecoder.Source,int,int,com.bumptech.glide.load.Options)	options	3	/home/nima/Developer/nullness-benchmarks/glide/library/src/main/java/com/bumptech/glide/load/resource/drawable/AnimatedImageDecoder.java
METHOD	com.bumptech.glide.load.resource.drawable.AnimatedImageDecoder$AnimatedImageDrawableResource	getResourceClass()	null	null	/home/nima/Developer/nullness-benchmarks/glide/library/src/main/java/com/bumptech/glide/load/resource/drawable/AnimatedImageDecoder.java
METHOD	com.bumptech.glide.load.resource.drawable.AnimatedImageDecoder$AnimatedImageDrawableResource	get()	null	null	/home/nima/Developer/nullness-benchmarks/glide/library/src/main/java/com/bumptech/glide/load/resource/drawable/AnimatedImageDecoder.java
PARAMETER	com.bumptech.glide.load.resource.drawable.AnimatedImageDecoder$StreamAnimatedImageDecoder	handles(java.io.InputStream,com.bumptech.glide.load.Options)	source	0	/home/nima/Developer/nullness-benchmarks/glide/library/src/main/java/com/bumptech/glide/load/resource/drawable/AnimatedImageDecoder.java
PARAMETER	com.bumptech.glide.load.resource.drawable.AnimatedImageDecoder$StreamAnimatedImageDecoder	handles(java.io.InputStream,com.bumptech.glide.load.Options)	options	1	/home/nima/Developer/nullness-benchmarks/glide/library/src/main/java/com/bumptech/glide/load/resource/drawable/AnimatedImageDecoder.java
PARAMETER	com.bumptech.glide.load.resource.drawable.AnimatedImageDecoder$StreamAnimatedImageDecoder	decode(java.io.InputStream,int,int,com.bumptech.glide.load.Options)	is	0	/home/nima/Developer/nullness-benchmarks/glide/library/src/main/java/com/bumptech/glide/load/resource/drawable/AnimatedImageDecoder.java
PARAMETER	com.bumptech.glide.load.resource.drawable.AnimatedImageDecoder$StreamAnimatedImageDecoder	decode(java.io.InputStream,int,int,com.bumptech.glide.load.Options)	options	3	/home/nima/Developer/nullness-benchmarks/glide/library/src/main/java/com/bumptech/glide/load/resource/drawable/AnimatedImageDecoder.java
PARAMETER	com.bumptech.glide.load.resource.drawable.AnimatedImageDecoder$ByteBufferAnimatedImageDecoder	handles(java.nio.ByteBuffer,com.bumptech.glide.load.Options)	source	0	/home/nima/Developer/nullness-benchmarks/glide/library/src/main/java/com/bumptech/glide/load/resource/drawable/AnimatedImageDecoder.java
PARAMETER	com.bumptech.glide.load.resource.drawable.AnimatedImageDecoder$ByteBufferAnimatedImageDecoder	handles(java.nio.ByteBuffer,com.bumptech.glide.load.Options)	options	1	/home/nima/Developer/nullness-benchmarks/glide/library/src/main/java/com/bumptech/glide/load/resource/drawable/AnimatedImageDecoder.java
PARAMETER	com.bumptech.glide.load.resource.drawable.AnimatedImageDecoder$ByteBufferAnimatedImageDecoder	decode(java.nio.ByteBuffer,int,int,com.bumptech.glide.load.Options)	byteBuffer	0	/home/nima/Developer/nullness-benchmarks/glide/library/src/main/java/com/bumptech/glide/load/resource/drawable/AnimatedImageDecoder.java
PARAMETER	com.bumptech.glide.load.resource.drawable.AnimatedImageDecoder$ByteBufferAnimatedImageDecoder	decode(java.nio.ByteBuffer,int,int,com.bumptech.glide.load.Options)	options	3	/home/nima/Developer/nullness-benchmarks/glide/library/src/main/java/com/bumptech/glide/load/resource/drawable/AnimatedImageDecoder.java
PARAMETER	com.bumptech.glide.load.resource.drawable.AnimatedWebpDecoder	decode(android.graphics.ImageDecoder.Source,int,int,com.bumptech.glide.load.Options)	source	0	/home/nima/Developer/nullness-benchmarks/glide/library/src/main/java/com/bumptech/glide/load/resource/drawable/AnimatedWebpDecoder.java
PARAMETER	com.bumptech.glide.load.resource.drawable.AnimatedWebpDecoder	decode(android.graphics.ImageDecoder.Source,int,int,com.bumptech.glide.load.Options)	options	3	/home/nima/Developer/nullness-benchmarks/glide/library/src/main/java/com/bumptech/glide/load/resource/drawable/AnimatedWebpDecoder.java
METHOD	com.bumptech.glide.load.resource.drawable.AnimatedWebpDecoder$AnimatedImageDrawableResource	getResourceClass()	null	null	/home/nima/Developer/nullness-benchmarks/glide/library/src/main/java/com/bumptech/glide/load/resource/drawable/AnimatedWebpDecoder.java
METHOD	com.bumptech.glide.load.resource.drawable.AnimatedWebpDecoder$AnimatedImageDrawableResource	get()	null	null	/home/nima/Developer/nullness-benchmarks/glide/library/src/main/java/com/bumptech/glide/load/resource/drawable/AnimatedWebpDecoder.java
PARAMETER	com.bumptech.glide.load.resource.drawable.AnimatedWebpDecoder$StreamAnimatedWebpDecoder	handles(java.io.InputStream,com.bumptech.glide.load.Options)	source	0	/home/nima/Developer/nullness-benchmarks/glide/library/src/main/java/com/bumptech/glide/load/resource/drawable/AnimatedWebpDecoder.java
PARAMETER	com.bumptech.glide.load.resource.drawable.AnimatedWebpDecoder$StreamAnimatedWebpDecoder	handles(java.io.InputStream,com.bumptech.glide.load.Options)	options	1	/home/nima/Developer/nullness-benchmarks/glide/library/src/main/java/com/bumptech/glide/load/resource/drawable/AnimatedWebpDecoder.java
PARAMETER	com.bumptech.glide.load.resource.drawable.AnimatedWebpDecoder$StreamAnimatedWebpDecoder	decode(java.io.InputStream,int,int,com.bumptech.glide.load.Options)	is	0	/home/nima/Developer/nullness-benchmarks/glide/library/src/main/java/com/bumptech/glide/load/resource/drawable/AnimatedWebpDecoder.java
PARAMETER	com.bumptech.glide.load.resource.drawable.AnimatedWebpDecoder$StreamAnimatedWebpDecoder	decode(java.io.InputStream,int,int,com.bumptech.glide.load.Options)	options	3	/home/nima/Developer/nullness-benchmarks/glide/library/src/main/java/com/bumptech/glide/load/resource/drawable/AnimatedWebpDecoder.java
PARAMETER	com.bumptech.glide.load.resource.drawable.AnimatedWebpDecoder$ByteBufferAnimatedWebpDecoder	handles(java.nio.ByteBuffer,com.bumptech.glide.load.Options)	source	0	/home/nima/Developer/nullness-benchmarks/glide/library/src/main/java/com/bumptech/glide/load/resource/drawable/AnimatedWebpDecoder.java
PARAMETER	com.bumptech.glide.load.resource.drawable.AnimatedWebpDecoder$ByteBufferAnimatedWebpDecoder	handles(java.nio.ByteBuffer,com.bumptech.glide.load.Options)	options	1	/home/nima/Developer/nullness-benchmarks/glide/library/src/main/java/com/bumptech/glide/load/resource/drawable/AnimatedWebpDecoder.java
PARAMETER	com.bumptech.glide.load.resource.drawable.AnimatedWebpDecoder$ByteBufferAnimatedWebpDecoder	decode(java.nio.ByteBuffer,int,int,com.bumptech.glide.load.Options)	byteBuffer	0	/home/nima/Developer/nullness-benchmarks/glide/library/src/main/java/com/bumptech/glide/load/resource/drawable/AnimatedWebpDecoder.java
PARAMETER	com.bumptech.glide.load.resource.drawable.AnimatedWebpDecoder$ByteBufferAnimatedWebpDecoder	decode(java.nio.ByteBuffer,int,int,com.bumptech.glide.load.Options)	options	3	/home/nima/Developer/nullness-benchmarks/glide/library/src/main/java/com/bumptech/glide/load/resource/drawable/AnimatedWebpDecoder.java
METHOD	com.bumptech.glide.load.resource.drawable.NonOwnedDrawableResource	getResourceClass()	null	null	/home/nima/Developer/nullness-benchmarks/glide/library/src/main/java/com/bumptech/glide/load/resource/drawable/NonOwnedDrawableResource.java
METHOD	com.bumptech.glide.load.resource.drawable.DrawableTransitionOptions	withCrossFade()	null	null	/home/nima/Developer/nullness-benchmarks/glide/library/src/main/java/com/bumptech/glide/load/resource/drawable/DrawableTransitionOptions.java
METHOD	com.bumptech.glide.load.resource.drawable.DrawableTransitionOptions	withCrossFade(int)	null	null	/home/nima/Developer/nullness-benchmarks/glide/library/src/main/java/com/bumptech/glide/load/resource/drawable/DrawableTransitionOptions.java
PARAMETER	com.bumptech.glide.load.resource.drawable.DrawableTransitionOptions	withCrossFade(com.bumptech.glide.request.transition.DrawableCrossFadeFactory)	drawableCrossFadeFactory	0	/home/nima/Developer/nullness-benchmarks/glide/library/src/main/java/com/bumptech/glide/load/resource/drawable/DrawableTransitionOptions.java
METHOD	com.bumptech.glide.load.resource.drawable.DrawableTransitionOptions	withCrossFade(com.bumptech.glide.request.transition.DrawableCrossFadeFactory)	null	null	/home/nima/Developer/nullness-benchmarks/glide/library/src/main/java/com/bumptech/glide/load/resource/drawable/DrawableTransitionOptions.java
PARAMETER	com.bumptech.glide.load.resource.drawable.DrawableTransitionOptions	withCrossFade(com.bumptech.glide.request.transition.DrawableCrossFadeFactory.Builder)	builder	0	/home/nima/Developer/nullness-benchmarks/glide/library/src/main/java/com/bumptech/glide/load/resource/drawable/DrawableTransitionOptions.java
METHOD	com.bumptech.glide.load.resource.drawable.DrawableTransitionOptions	withCrossFade(com.bumptech.glide.request.transition.DrawableCrossFadeFactory.Builder)	null	null	/home/nima/Developer/nullness-benchmarks/glide/library/src/main/java/com/bumptech/glide/load/resource/drawable/DrawableTransitionOptions.java
PARAMETER	com.bumptech.glide.load.resource.drawable.DrawableTransitionOptions	with(com.bumptech.glide.request.transition.TransitionFactory)	transitionFactory	0	/home/nima/Developer/nullness-benchmarks/glide/library/src/main/java/com/bumptech/glide/load/resource/drawable/DrawableTransitionOptions.java
METHOD	com.bumptech.glide.load.resource.drawable.DrawableTransitionOptions	with(com.bumptech.glide.request.transition.TransitionFactory)	null	null	/home/nima/Developer/nullness-benchmarks/glide/library/src/main/java/com/bumptech/glide/load/resource/drawable/DrawableTransitionOptions.java
METHOD	com.bumptech.glide.load.resource.drawable.DrawableTransitionOptions	crossFade()	null	null	/home/nima/Developer/nullness-benchmarks/glide/library/src/main/java/com/bumptech/glide/load/resource/drawable/DrawableTransitionOptions.java
METHOD	com.bumptech.glide.load.resource.drawable.DrawableTransitionOptions	crossFade(int)	null	null	/home/nima/Developer/nullness-benchmarks/glide/library/src/main/java/com/bumptech/glide/load/resource/drawable/DrawableTransitionOptions.java
PARAMETER	com.bumptech.glide.load.resource.drawable.DrawableTransitionOptions	crossFade(com.bumptech.glide.request.transition.DrawableCrossFadeFactory)	drawableCrossFadeFactory	0	/home/nima/Developer/nullness-benchmarks/glide/library/src/main/java/com/bumptech/glide/load/resource/drawable/DrawableTransitionOptions.java
METHOD	com.bumptech.glide.load.resource.drawable.DrawableTransitionOptions	crossFade(com.bumptech.glide.request.transition.DrawableCrossFadeFactory)	null	null	/home/nima/Developer/nullness-benchmarks/glide/library/src/main/java/com/bumptech/glide/load/resource/drawable/DrawableTransitionOptions.java
PARAMETER	com.bumptech.glide.load.resource.drawable.DrawableTransitionOptions	crossFade(com.bumptech.glide.request.transition.DrawableCrossFadeFactory.Builder)	builder	0	/home/nima/Developer/nullness-benchmarks/glide/library/src/main/java/com/bumptech/glide/load/resource/drawable/DrawableTransitionOptions.java
METHOD	com.bumptech.glide.load.resource.drawable.DrawableTransitionOptions	crossFade(com.bumptech.glide.request.transition.DrawableCrossFadeFactory.Builder)	null	null	/home/nima/Developer/nullness-benchmarks/glide/library/src/main/java/com/bumptech/glide/load/resource/drawable/DrawableTransitionOptions.java
PARAMETER	com.bumptech.glide.load.resource.SimpleResource	SimpleResource(T)	data	0	/home/nima/Developer/nullness-benchmarks/glide/library/src/main/java/com/bumptech/glide/load/resource/SimpleResource.java
METHOD	com.bumptech.glide.load.resource.SimpleResource	getResourceClass()	null	null	/home/nima/Developer/nullness-benchmarks/glide/library/src/main/java/com/bumptech/glide/load/resource/SimpleResource.java
METHOD	com.bumptech.glide.load.resource.SimpleResource	get()	null	null	/home/nima/Developer/nullness-benchmarks/glide/library/src/main/java/com/bumptech/glide/load/resource/SimpleResource.java
PARAMETER	com.bumptech.glide.load.resource.transcode.DrawableBytesTranscoder	DrawableBytesTranscoder(com.bumptech.glide.load.engine.bitmap_recycle.BitmapPool,com.bumptech.glide.load.resource.transcode.ResourceTranscoder,com.bumptech.glide.load.resource.transcode.ResourceTranscoder)	bitmapPool	0	/home/nima/Developer/nullness-benchmarks/glide/library/src/main/java/com/bumptech/glide/load/resource/transcode/DrawableBytesTranscoder.java
PARAMETER	com.bumptech.glide.load.resource.transcode.DrawableBytesTranscoder	DrawableBytesTranscoder(com.bumptech.glide.load.engine.bitmap_recycle.BitmapPool,com.bumptech.glide.load.resource.transcode.ResourceTranscoder,com.bumptech.glide.load.resource.transcode.ResourceTranscoder)	bitmapBytesTranscoder	1	/home/nima/Developer/nullness-benchmarks/glide/library/src/main/java/com/bumptech/glide/load/resource/transcode/DrawableBytesTranscoder.java
PARAMETER	com.bumptech.glide.load.resource.transcode.DrawableBytesTranscoder	DrawableBytesTranscoder(com.bumptech.glide.load.engine.bitmap_recycle.BitmapPool,com.bumptech.glide.load.resource.transcode.ResourceTranscoder,com.bumptech.glide.load.resource.transcode.ResourceTranscoder)	gifDrawableBytesTranscoder	2	/home/nima/Developer/nullness-benchmarks/glide/library/src/main/java/com/bumptech/glide/load/resource/transcode/DrawableBytesTranscoder.java
PARAMETER	com.bumptech.glide.load.resource.transcode.DrawableBytesTranscoder	transcode(com.bumptech.glide.load.engine.Resource,com.bumptech.glide.load.Options)	toTranscode	0	/home/nima/Developer/nullness-benchmarks/glide/library/src/main/java/com/bumptech/glide/load/resource/transcode/DrawableBytesTranscoder.java
PARAMETER	com.bumptech.glide.load.resource.transcode.DrawableBytesTranscoder	transcode(com.bumptech.glide.load.engine.Resource,com.bumptech.glide.load.Options)	options	1	/home/nima/Developer/nullness-benchmarks/glide/library/src/main/java/com/bumptech/glide/load/resource/transcode/DrawableBytesTranscoder.java
PARAMETER	com.bumptech.glide.load.resource.transcode.DrawableBytesTranscoder	toGifDrawableResource(com.bumptech.glide.load.engine.Resource)	resource	0	/home/nima/Developer/nullness-benchmarks/glide/library/src/main/java/com/bumptech/glide/load/resource/transcode/DrawableBytesTranscoder.java
METHOD	com.bumptech.glide.load.resource.transcode.DrawableBytesTranscoder	toGifDrawableResource(com.bumptech.glide.load.engine.Resource)	null	null	/home/nima/Developer/nullness-benchmarks/glide/library/src/main/java/com/bumptech/glide/load/resource/transcode/DrawableBytesTranscoder.java
PARAMETER	com.bumptech.glide.load.resource.transcode.BitmapBytesTranscoder	BitmapBytesTranscoder(android.graphics.Bitmap.CompressFormat,int)	compressFormat	0	/home/nima/Developer/nullness-benchmarks/glide/library/src/main/java/com/bumptech/glide/load/resource/transcode/BitmapBytesTranscoder.java
PARAMETER	com.bumptech.glide.load.resource.transcode.BitmapBytesTranscoder	transcode(com.bumptech.glide.load.engine.Resource,com.bumptech.glide.load.Options)	toTranscode	0	/home/nima/Developer/nullness-benchmarks/glide/library/src/main/java/com/bumptech/glide/load/resource/transcode/BitmapBytesTranscoder.java
PARAMETER	com.bumptech.glide.load.resource.transcode.BitmapBytesTranscoder	transcode(com.bumptech.glide.load.engine.Resource,com.bumptech.glide.load.Options)	options	1	/home/nima/Developer/nullness-benchmarks/glide/library/src/main/java/com/bumptech/glide/load/resource/transcode/BitmapBytesTranscoder.java
PARAMETER	com.bumptech.glide.load.resource.transcode.UnitTranscoder	transcode(com.bumptech.glide.load.engine.Resource,com.bumptech.glide.load.Options)	toTranscode	0	/home/nima/Developer/nullness-benchmarks/glide/library/src/main/java/com/bumptech/glide/load/resource/transcode/UnitTranscoder.java
PARAMETER	com.bumptech.glide.load.resource.transcode.UnitTranscoder	transcode(com.bumptech.glide.load.engine.Resource,com.bumptech.glide.load.Options)	options	1	/home/nima/Developer/nullness-benchmarks/glide/library/src/main/java/com/bumptech/glide/load/resource/transcode/UnitTranscoder.java
PARAMETER	com.bumptech.glide.load.resource.transcode.BitmapDrawableTranscoder	BitmapDrawableTranscoder(android.content.Context)	context	0	/home/nima/Developer/nullness-benchmarks/glide/library/src/main/java/com/bumptech/glide/load/resource/transcode/BitmapDrawableTranscoder.java
PARAMETER	com.bumptech.glide.load.resource.transcode.BitmapDrawableTranscoder	BitmapDrawableTranscoder(android.content.res.Resources,com.bumptech.glide.load.engine.bitmap_recycle.BitmapPool)	resources	0	/home/nima/Developer/nullness-benchmarks/glide/library/src/main/java/com/bumptech/glide/load/resource/transcode/BitmapDrawableTranscoder.java
PARAMETER	com.bumptech.glide.load.resource.transcode.BitmapDrawableTranscoder	BitmapDrawableTranscoder(android.content.res.Resources)	resources	0	/home/nima/Developer/nullness-benchmarks/glide/library/src/main/java/com/bumptech/glide/load/resource/transcode/BitmapDrawableTranscoder.java
PARAMETER	com.bumptech.glide.load.resource.transcode.BitmapDrawableTranscoder	transcode(com.bumptech.glide.load.engine.Resource,com.bumptech.glide.load.Options)	toTranscode	0	/home/nima/Developer/nullness-benchmarks/glide/library/src/main/java/com/bumptech/glide/load/resource/transcode/BitmapDrawableTranscoder.java
PARAMETER	com.bumptech.glide.load.resource.transcode.BitmapDrawableTranscoder	transcode(com.bumptech.glide.load.engine.Resource,com.bumptech.glide.load.Options)	options	1	/home/nima/Developer/nullness-benchmarks/glide/library/src/main/java/com/bumptech/glide/load/resource/transcode/BitmapDrawableTranscoder.java
PARAMETER	com.bumptech.glide.load.resource.transcode.GifDrawableBytesTranscoder	transcode(com.bumptech.glide.load.engine.Resource,com.bumptech.glide.load.Options)	toTranscode	0	/home/nima/Developer/nullness-benchmarks/glide/library/src/main/java/com/bumptech/glide/load/resource/transcode/GifDrawableBytesTranscoder.java
PARAMETER	com.bumptech.glide.load.resource.transcode.GifDrawableBytesTranscoder	transcode(com.bumptech.glide.load.engine.Resource,com.bumptech.glide.load.Options)	options	1	/home/nima/Developer/nullness-benchmarks/glide/library/src/main/java/com/bumptech/glide/load/resource/transcode/GifDrawableBytesTranscoder.java
PARAMETER	com.bumptech.glide.load.resource.gif.GifDrawableTransformation	transform(android.content.Context,com.bumptech.glide.load.engine.Resource,int,int)	context	0	/home/nima/Developer/nullness-benchmarks/glide/library/src/main/java/com/bumptech/glide/load/resource/gif/GifDrawableTransformation.java
PARAMETER	com.bumptech.glide.load.resource.gif.GifDrawableTransformation	transform(android.content.Context,com.bumptech.glide.load.engine.Resource,int,int)	resource	1	/home/nima/Developer/nullness-benchmarks/glide/library/src/main/java/com/bumptech/glide/load/resource/gif/GifDrawableTransformation.java
METHOD	com.bumptech.glide.load.resource.gif.GifDrawableTransformation	transform(android.content.Context,com.bumptech.glide.load.engine.Resource,int,int)	null	null	/home/nima/Developer/nullness-benchmarks/glide/library/src/main/java/com/bumptech/glide/load/resource/gif/GifDrawableTransformation.java
PARAMETER	com.bumptech.glide.load.resource.gif.GifDrawableTransformation	updateDiskCacheKey(java.security.MessageDigest)	messageDigest	0	/home/nima/Developer/nullness-benchmarks/glide/library/src/main/java/com/bumptech/glide/load/resource/gif/GifDrawableTransformation.java
PARAMETER	com.bumptech.glide.load.resource.gif.GifFrameResourceDecoder	handles(com.bumptech.glide.gifdecoder.GifDecoder,com.bumptech.glide.load.Options)	source	0	/home/nima/Developer/nullness-benchmarks/glide/library/src/main/java/com/bumptech/glide/load/resource/gif/GifFrameResourceDecoder.java
PARAMETER	com.bumptech.glide.load.resource.gif.GifFrameResourceDecoder	handles(com.bumptech.glide.gifdecoder.GifDecoder,com.bumptech.glide.load.Options)	options	1	/home/nima/Developer/nullness-benchmarks/glide/library/src/main/java/com/bumptech/glide/load/resource/gif/GifFrameResourceDecoder.java
PARAMETER	com.bumptech.glide.load.resource.gif.GifFrameResourceDecoder	decode(com.bumptech.glide.gifdecoder.GifDecoder,int,int,com.bumptech.glide.load.Options)	source	0	/home/nima/Developer/nullness-benchmarks/glide/library/src/main/java/com/bumptech/glide/load/resource/gif/GifFrameResourceDecoder.java
PARAMETER	com.bumptech.glide.load.resource.gif.GifFrameResourceDecoder	decode(com.bumptech.glide.gifdecoder.GifDecoder,int,int,com.bumptech.glide.load.Options)	options	3	/home/nima/Developer/nullness-benchmarks/glide/library/src/main/java/com/bumptech/glide/load/resource/gif/GifFrameResourceDecoder.java
METHOD	com.bumptech.glide.load.resource.gif.GifDrawableResource	getResourceClass()	null	null	/home/nima/Developer/nullness-benchmarks/glide/library/src/main/java/com/bumptech/glide/load/resource/gif/GifDrawableResource.java
PARAMETER	com.bumptech.glide.load.resource.gif.ByteBufferGifDecoder	handles(java.nio.ByteBuffer,com.bumptech.glide.load.Options)	source	0	/home/nima/Developer/nullness-benchmarks/glide/library/src/main/java/com/bumptech/glide/load/resource/gif/ByteBufferGifDecoder.java
PARAMETER	com.bumptech.glide.load.resource.gif.ByteBufferGifDecoder	handles(java.nio.ByteBuffer,com.bumptech.glide.load.Options)	options	1	/home/nima/Developer/nullness-benchmarks/glide/library/src/main/java/com/bumptech/glide/load/resource/gif/ByteBufferGifDecoder.java
PARAMETER	com.bumptech.glide.load.resource.gif.ByteBufferGifDecoder	decode(java.nio.ByteBuffer,int,int,com.bumptech.glide.load.Options)	source	0	/home/nima/Developer/nullness-benchmarks/glide/library/src/main/java/com/bumptech/glide/load/resource/gif/ByteBufferGifDecoder.java
PARAMETER	com.bumptech.glide.load.resource.gif.ByteBufferGifDecoder	decode(java.nio.ByteBuffer,int,int,com.bumptech.glide.load.Options)	options	3	/home/nima/Developer/nullness-benchmarks/glide/library/src/main/java/com/bumptech/glide/load/resource/gif/ByteBufferGifDecoder.java
PARAMETER	com.bumptech.glide.load.resource.gif.GifBitmapProvider	obtain(int,int,android.graphics.Bitmap.Config)	config	2	/home/nima/Developer/nullness-benchmarks/glide/library/src/main/java/com/bumptech/glide/load/resource/gif/GifBitmapProvider.java
METHOD	com.bumptech.glide.load.resource.gif.GifBitmapProvider	obtain(int,int,android.graphics.Bitmap.Config)	null	null	/home/nima/Developer/nullness-benchmarks/glide/library/src/main/java/com/bumptech/glide/load/resource/gif/GifBitmapProvider.java
PARAMETER	com.bumptech.glide.load.resource.gif.GifBitmapProvider	release(android.graphics.Bitmap)	bitmap	0	/home/nima/Developer/nullness-benchmarks/glide/library/src/main/java/com/bumptech/glide/load/resource/gif/GifBitmapProvider.java
METHOD	com.bumptech.glide.load.resource.gif.GifBitmapProvider	obtainByteArray(int)	null	null	/home/nima/Developer/nullness-benchmarks/glide/library/src/main/java/com/bumptech/glide/load/resource/gif/GifBitmapProvider.java
PARAMETER	com.bumptech.glide.load.resource.gif.GifBitmapProvider	release(byte[])	bytes	0	/home/nima/Developer/nullness-benchmarks/glide/library/src/main/java/com/bumptech/glide/load/resource/gif/GifBitmapProvider.java
METHOD	com.bumptech.glide.load.resource.gif.GifBitmapProvider	obtainIntArray(int)	null	null	/home/nima/Developer/nullness-benchmarks/glide/library/src/main/java/com/bumptech/glide/load/resource/gif/GifBitmapProvider.java
PARAMETER	com.bumptech.glide.load.resource.gif.GifBitmapProvider	release(int[])	array	0	/home/nima/Developer/nullness-benchmarks/glide/library/src/main/java/com/bumptech/glide/load/resource/gif/GifBitmapProvider.java
PARAMETER	com.bumptech.glide.load.resource.gif.StreamGifDecoder	handles(java.io.InputStream,com.bumptech.glide.load.Options)	source	0	/home/nima/Developer/nullness-benchmarks/glide/library/src/main/java/com/bumptech/glide/load/resource/gif/StreamGifDecoder.java
PARAMETER	com.bumptech.glide.load.resource.gif.StreamGifDecoder	handles(java.io.InputStream,com.bumptech.glide.load.Options)	options	1	/home/nima/Developer/nullness-benchmarks/glide/library/src/main/java/com/bumptech/glide/load/resource/gif/StreamGifDecoder.java
PARAMETER	com.bumptech.glide.load.resource.gif.StreamGifDecoder	decode(java.io.InputStream,int,int,com.bumptech.glide.load.Options)	source	0	/home/nima/Developer/nullness-benchmarks/glide/library/src/main/java/com/bumptech/glide/load/resource/gif/StreamGifDecoder.java
PARAMETER	com.bumptech.glide.load.resource.gif.StreamGifDecoder	decode(java.io.InputStream,int,int,com.bumptech.glide.load.Options)	options	3	/home/nima/Developer/nullness-benchmarks/glide/library/src/main/java/com/bumptech/glide/load/resource/gif/StreamGifDecoder.java
PARAMETER	com.bumptech.glide.load.resource.gif.GifDrawableEncoder	getEncodeStrategy(com.bumptech.glide.load.Options)	options	0	/home/nima/Developer/nullness-benchmarks/glide/library/src/main/java/com/bumptech/glide/load/resource/gif/GifDrawableEncoder.java
METHOD	com.bumptech.glide.load.resource.gif.GifDrawableEncoder	getEncodeStrategy(com.bumptech.glide.load.Options)	null	null	/home/nima/Developer/nullness-benchmarks/glide/library/src/main/java/com/bumptech/glide/load/resource/gif/GifDrawableEncoder.java
PARAMETER	com.bumptech.glide.load.resource.gif.GifDrawableEncoder	encode(com.bumptech.glide.load.engine.Resource,java.io.File,com.bumptech.glide.load.Options)	data	0	/home/nima/Developer/nullness-benchmarks/glide/library/src/main/java/com/bumptech/glide/load/resource/gif/GifDrawableEncoder.java
PARAMETER	com.bumptech.glide.load.resource.gif.GifDrawableEncoder	encode(com.bumptech.glide.load.engine.Resource,java.io.File,com.bumptech.glide.load.Options)	file	1	/home/nima/Developer/nullness-benchmarks/glide/library/src/main/java/com/bumptech/glide/load/resource/gif/GifDrawableEncoder.java
PARAMETER	com.bumptech.glide.load.resource.gif.GifDrawableEncoder	encode(com.bumptech.glide.load.engine.Resource,java.io.File,com.bumptech.glide.load.Options)	options	2	/home/nima/Developer/nullness-benchmarks/glide/library/src/main/java/com/bumptech/glide/load/resource/gif/GifDrawableEncoder.java
METHOD	com.bumptech.glide.load.resource.bytes.ByteBufferRewinder	rewindAndGet()	null	null	/home/nima/Developer/nullness-benchmarks/glide/library/src/main/java/com/bumptech/glide/load/resource/bytes/ByteBufferRewinder.java
METHOD	com.bumptech.glide.load.resource.bytes.ByteBufferRewinder$Factory	build(java.nio.ByteBuffer)	null	null	/home/nima/Developer/nullness-benchmarks/glide/library/src/main/java/com/bumptech/glide/load/resource/bytes/ByteBufferRewinder.java
METHOD	com.bumptech.glide.load.resource.bytes.ByteBufferRewinder$Factory	getDataClass()	null	null	/home/nima/Developer/nullness-benchmarks/glide/library/src/main/java/com/bumptech/glide/load/resource/bytes/ByteBufferRewinder.java
METHOD	com.bumptech.glide.load.resource.bytes.BytesResource	getResourceClass()	null	null	/home/nima/Developer/nullness-benchmarks/glide/library/src/main/java/com/bumptech/glide/load/resource/bytes/BytesResource.java
METHOD	com.bumptech.glide.load.resource.bytes.BytesResource	get()	null	null	/home/nima/Developer/nullness-benchmarks/glide/library/src/main/java/com/bumptech/glide/load/resource/bytes/BytesResource.java
METHOD	com.bumptech.glide.load.resource.UnitTransformation	get()	null	null	/home/nima/Developer/nullness-benchmarks/glide/library/src/main/java/com/bumptech/glide/load/resource/UnitTransformation.java
PARAMETER	com.bumptech.glide.load.resource.UnitTransformation	transform(android.content.Context,com.bumptech.glide.load.engine.Resource,int,int)	context	0	/home/nima/Developer/nullness-benchmarks/glide/library/src/main/java/com/bumptech/glide/load/resource/UnitTransformation.java
PARAMETER	com.bumptech.glide.load.resource.UnitTransformation	transform(android.content.Context,com.bumptech.glide.load.engine.Resource,int,int)	resource	1	/home/nima/Developer/nullness-benchmarks/glide/library/src/main/java/com/bumptech/glide/load/resource/UnitTransformation.java
METHOD	com.bumptech.glide.load.resource.UnitTransformation	transform(android.content.Context,com.bumptech.glide.load.engine.Resource,int,int)	null	null	/home/nima/Developer/nullness-benchmarks/glide/library/src/main/java/com/bumptech/glide/load/resource/UnitTransformation.java
PARAMETER	com.bumptech.glide.load.resource.UnitTransformation	updateDiskCacheKey(java.security.MessageDigest)	messageDigest	0	/home/nima/Developer/nullness-benchmarks/glide/library/src/main/java/com/bumptech/glide/load/resource/UnitTransformation.java
PARAMETER	com.bumptech.glide.load.resource.file.FileDecoder	handles(java.io.File,com.bumptech.glide.load.Options)	source	0	/home/nima/Developer/nullness-benchmarks/glide/library/src/main/java/com/bumptech/glide/load/resource/file/FileDecoder.java
PARAMETER	com.bumptech.glide.load.resource.file.FileDecoder	handles(java.io.File,com.bumptech.glide.load.Options)	options	1	/home/nima/Developer/nullness-benchmarks/glide/library/src/main/java/com/bumptech/glide/load/resource/file/FileDecoder.java
PARAMETER	com.bumptech.glide.load.resource.file.FileDecoder	decode(java.io.File,int,int,com.bumptech.glide.load.Options)	source	0	/home/nima/Developer/nullness-benchmarks/glide/library/src/main/java/com/bumptech/glide/load/resource/file/FileDecoder.java
PARAMETER	com.bumptech.glide.load.resource.file.FileDecoder	decode(java.io.File,int,int,com.bumptech.glide.load.Options)	options	3	/home/nima/Developer/nullness-benchmarks/glide/library/src/main/java/com/bumptech/glide/load/resource/file/FileDecoder.java
PARAMETER	com.bumptech.glide.load.model.DataUrlLoader	buildLoadData(Model,int,int,com.bumptech.glide.load.Options)	model	0	/home/nima/Developer/nullness-benchmarks/glide/library/src/main/java/com/bumptech/glide/load/model/DataUrlLoader.java
PARAMETER	com.bumptech.glide.load.model.DataUrlLoader	buildLoadData(Model,int,int,com.bumptech.glide.load.Options)	options	3	/home/nima/Developer/nullness-benchmarks/glide/library/src/main/java/com/bumptech/glide/load/model/DataUrlLoader.java
PARAMETER	com.bumptech.glide.load.model.DataUrlLoader	handles(Model)	model	0	/home/nima/Developer/nullness-benchmarks/glide/library/src/main/java/com/bumptech/glide/load/model/DataUrlLoader.java
PARAMETER	com.bumptech.glide.load.model.DataUrlLoader$DataUriFetcher	loadData(com.bumptech.glide.Priority,com.bumptech.glide.load.data.DataFetcher.DataCallback)	priority	0	/home/nima/Developer/nullness-benchmarks/glide/library/src/main/java/com/bumptech/glide/load/model/DataUrlLoader.java
PARAMETER	com.bumptech.glide.load.model.DataUrlLoader$DataUriFetcher	loadData(com.bumptech.glide.Priority,com.bumptech.glide.load.data.DataFetcher.DataCallback)	callback	1	/home/nima/Developer/nullness-benchmarks/glide/library/src/main/java/com/bumptech/glide/load/model/DataUrlLoader.java
METHOD	com.bumptech.glide.load.model.DataUrlLoader$DataUriFetcher	getDataClass()	null	null	/home/nima/Developer/nullness-benchmarks/glide/library/src/main/java/com/bumptech/glide/load/model/DataUrlLoader.java
METHOD	com.bumptech.glide.load.model.DataUrlLoader$DataUriFetcher	getDataSource()	null	null	/home/nima/Developer/nullness-benchmarks/glide/library/src/main/java/com/bumptech/glide/load/model/DataUrlLoader.java
PARAMETER	com.bumptech.glide.load.model.DataUrlLoader$StreamFactory	build(com.bumptech.glide.load.model.MultiModelLoaderFactory)	multiFactory	0	/home/nima/Developer/nullness-benchmarks/glide/library/src/main/java/com/bumptech/glide/load/model/DataUrlLoader.java
METHOD	com.bumptech.glide.load.model.DataUrlLoader$StreamFactory	build(com.bumptech.glide.load.model.MultiModelLoaderFactory)	null	null	/home/nima/Developer/nullness-benchmarks/glide/library/src/main/java/com/bumptech/glide/load/model/DataUrlLoader.java
PARAMETER	com.bumptech.glide.load.model.LazyHeaders	buildHeaderValue(java.util.List)	factories	0	/home/nima/Developer/nullness-benchmarks/glide/library/src/main/java/com/bumptech/glide/load/model/LazyHeaders.java
METHOD	com.bumptech.glide.load.model.LazyHeaders	buildHeaderValue(java.util.List)	null	null	/home/nima/Developer/nullness-benchmarks/glide/library/src/main/java/com/bumptech/glide/load/model/LazyHeaders.java
PARAMETER	com.bumptech.glide.load.model.LazyHeaders$Builder	addHeader(java.lang.String,java.lang.String)	key	0	/home/nima/Developer/nullness-benchmarks/glide/library/src/main/java/com/bumptech/glide/load/model/LazyHeaders.java
PARAMETER	com.bumptech.glide.load.model.LazyHeaders$Builder	addHeader(java.lang.String,java.lang.String)	value	1	/home/nima/Developer/nullness-benchmarks/glide/library/src/main/java/com/bumptech/glide/load/model/LazyHeaders.java
PARAMETER	com.bumptech.glide.load.model.LazyHeaders$Builder	addHeader(java.lang.String,com.bumptech.glide.load.model.LazyHeaderFactory)	key	0	/home/nima/Developer/nullness-benchmarks/glide/library/src/main/java/com/bumptech/glide/load/model/LazyHeaders.java
PARAMETER	com.bumptech.glide.load.model.LazyHeaders$Builder	addHeader(java.lang.String,com.bumptech.glide.load.model.LazyHeaderFactory)	factory	1	/home/nima/Developer/nullness-benchmarks/glide/library/src/main/java/com/bumptech/glide/load/model/LazyHeaders.java
PARAMETER	com.bumptech.glide.load.model.LazyHeaders$Builder	setHeader(java.lang.String,java.lang.String)	key	0	/home/nima/Developer/nullness-benchmarks/glide/library/src/main/java/com/bumptech/glide/load/model/LazyHeaders.java
PARAMETER	com.bumptech.glide.load.model.LazyHeaders$Builder	setHeader(java.lang.String,com.bumptech.glide.load.model.LazyHeaderFactory)	key	0	/home/nima/Developer/nullness-benchmarks/glide/library/src/main/java/com/bumptech/glide/load/model/LazyHeaders.java
FIELD	com.bumptech.glide.load.model.LazyHeaders$StringHeaderFactory	null	value	null	/home/nima/Developer/nullness-benchmarks/glide/library/src/main/java/com/bumptech/glide/load/model/LazyHeaders.java
PARAMETER	com.bumptech.glide.load.model.LazyHeaders$StringHeaderFactory	StringHeaderFactory(java.lang.String)	value	0	/home/nima/Developer/nullness-benchmarks/glide/library/src/main/java/com/bumptech/glide/load/model/LazyHeaders.java
PARAMETER	com.bumptech.glide.load.model.StringLoader	buildLoadData(java.lang.String,int,int,com.bumptech.glide.load.Options)	model	0	/home/nima/Developer/nullness-benchmarks/glide/library/src/main/java/com/bumptech/glide/load/model/StringLoader.java
PARAMETER	com.bumptech.glide.load.model.StringLoader	buildLoadData(java.lang.String,int,int,com.bumptech.glide.load.Options)	options	3	/home/nima/Developer/nullness-benchmarks/glide/library/src/main/java/com/bumptech/glide/load/model/StringLoader.java
PARAMETER	com.bumptech.glide.load.model.StringLoader	handles(java.lang.String)	model	0	/home/nima/Developer/nullness-benchmarks/glide/library/src/main/java/com/bumptech/glide/load/model/StringLoader.java
PARAMETER	com.bumptech.glide.load.model.StringLoader$StreamFactory	build(com.bumptech.glide.load.model.MultiModelLoaderFactory)	multiFactory	0	/home/nima/Developer/nullness-benchmarks/glide/library/src/main/java/com/bumptech/glide/load/model/StringLoader.java
METHOD	com.bumptech.glide.load.model.StringLoader$StreamFactory	build(com.bumptech.glide.load.model.MultiModelLoaderFactory)	null	null	/home/nima/Developer/nullness-benchmarks/glide/library/src/main/java/com/bumptech/glide/load/model/StringLoader.java
PARAMETER	com.bumptech.glide.load.model.StringLoader$FileDescriptorFactory	build(com.bumptech.glide.load.model.MultiModelLoaderFactory)	multiFactory	0	/home/nima/Developer/nullness-benchmarks/glide/library/src/main/java/com/bumptech/glide/load/model/StringLoader.java
METHOD	com.bumptech.glide.load.model.StringLoader$FileDescriptorFactory	build(com.bumptech.glide.load.model.MultiModelLoaderFactory)	null	null	/home/nima/Developer/nullness-benchmarks/glide/library/src/main/java/com/bumptech/glide/load/model/StringLoader.java
PARAMETER	com.bumptech.glide.load.model.StringLoader$AssetFileDescriptorFactory	build(com.bumptech.glide.load.model.MultiModelLoaderFactory)	multiFactory	0	/home/nima/Developer/nullness-benchmarks/glide/library/src/main/java/com/bumptech/glide/load/model/StringLoader.java
PARAMETER	com.bumptech.glide.load.model.ResourceLoader	buildLoadData(java.lang.Integer,int,int,com.bumptech.glide.load.Options)	model	0	/home/nima/Developer/nullness-benchmarks/glide/library/src/main/java/com/bumptech/glide/load/model/ResourceLoader.java
PARAMETER	com.bumptech.glide.load.model.ResourceLoader	buildLoadData(java.lang.Integer,int,int,com.bumptech.glide.load.Options)	options	3	/home/nima/Developer/nullness-benchmarks/glide/library/src/main/java/com/bumptech/glide/load/model/ResourceLoader.java
PARAMETER	com.bumptech.glide.load.model.ResourceLoader	handles(java.lang.Integer)	model	0	/home/nima/Developer/nullness-benchmarks/glide/library/src/main/java/com/bumptech/glide/load/model/ResourceLoader.java
METHOD	com.bumptech.glide.load.model.ResourceLoader$StreamFactory	build(com.bumptech.glide.load.model.MultiModelLoaderFactory)	null	null	/home/nima/Developer/nullness-benchmarks/glide/library/src/main/java/com/bumptech/glide/load/model/ResourceLoader.java
METHOD	com.bumptech.glide.load.model.ResourceLoader$FileDescriptorFactory	build(com.bumptech.glide.load.model.MultiModelLoaderFactory)	null	null	/home/nima/Developer/nullness-benchmarks/glide/library/src/main/java/com/bumptech/glide/load/model/ResourceLoader.java
METHOD	com.bumptech.glide.load.model.ResourceLoader$UriFactory	build(com.bumptech.glide.load.model.MultiModelLoaderFactory)	null	null	/home/nima/Developer/nullness-benchmarks/glide/library/src/main/java/com/bumptech/glide/load/model/ResourceLoader.java
PARAMETER	com.bumptech.glide.load.model.FileLoader	buildLoadData(java.io.File,int,int,com.bumptech.glide.load.Options)	model	0	/home/nima/Developer/nullness-benchmarks/glide/library/src/main/java/com/bumptech/glide/load/model/FileLoader.java
PARAMETER	com.bumptech.glide.load.model.FileLoader	buildLoadData(java.io.File,int,int,com.bumptech.glide.load.Options)	options	3	/home/nima/Developer/nullness-benchmarks/glide/library/src/main/java/com/bumptech/glide/load/model/FileLoader.java
PARAMETER	com.bumptech.glide.load.model.FileLoader	handles(java.io.File)	model	0	/home/nima/Developer/nullness-benchmarks/glide/library/src/main/java/com/bumptech/glide/load/model/FileLoader.java
PARAMETER	com.bumptech.glide.load.model.FileLoader$FileFetcher	loadData(com.bumptech.glide.Priority,com.bumptech.glide.load.data.DataFetcher.DataCallback)	priority	0	/home/nima/Developer/nullness-benchmarks/glide/library/src/main/java/com/bumptech/glide/load/model/FileLoader.java
PARAMETER	com.bumptech.glide.load.model.FileLoader$FileFetcher	loadData(com.bumptech.glide.Priority,com.bumptech.glide.load.data.DataFetcher.DataCallback)	callback	1	/home/nima/Developer/nullness-benchmarks/glide/library/src/main/java/com/bumptech/glide/load/model/FileLoader.java
METHOD	com.bumptech.glide.load.model.FileLoader$FileFetcher	getDataClass()	null	null	/home/nima/Developer/nullness-benchmarks/glide/library/src/main/java/com/bumptech/glide/load/model/FileLoader.java
METHOD	com.bumptech.glide.load.model.FileLoader$FileFetcher	getDataSource()	null	null	/home/nima/Developer/nullness-benchmarks/glide/library/src/main/java/com/bumptech/glide/load/model/FileLoader.java
PARAMETER	com.bumptech.glide.load.model.FileLoader$Factory	build(com.bumptech.glide.load.model.MultiModelLoaderFactory)	multiFactory	0	/home/nima/Developer/nullness-benchmarks/glide/library/src/main/java/com/bumptech/glide/load/model/FileLoader.java
METHOD	com.bumptech.glide.load.model.FileLoader$Factory	build(com.bumptech.glide.load.model.MultiModelLoaderFactory)	null	null	/home/nima/Developer/nullness-benchmarks/glide/library/src/main/java/com/bumptech/glide/load/model/FileLoader.java
PARAMETER	com.bumptech.glide.load.model.UriLoader	buildLoadData(android.net.Uri,int,int,com.bumptech.glide.load.Options)	model	0	/home/nima/Developer/nullness-benchmarks/glide/library/src/main/java/com/bumptech/glide/load/model/UriLoader.java
PARAMETER	com.bumptech.glide.load.model.UriLoader	buildLoadData(android.net.Uri,int,int,com.bumptech.glide.load.Options)	options	3	/home/nima/Developer/nullness-benchmarks/glide/library/src/main/java/com/bumptech/glide/load/model/UriLoader.java
PARAMETER	com.bumptech.glide.load.model.UriLoader	handles(android.net.Uri)	model	0	/home/nima/Developer/nullness-benchmarks/glide/library/src/main/java/com/bumptech/glide/load/model/UriLoader.java
METHOD	com.bumptech.glide.load.model.UriLoader$StreamFactory	build(com.bumptech.glide.load.model.MultiModelLoaderFactory)	null	null	/home/nima/Developer/nullness-benchmarks/glide/library/src/main/java/com/bumptech/glide/load/model/UriLoader.java
METHOD	com.bumptech.glide.load.model.UriLoader$FileDescriptorFactory	build(com.bumptech.glide.load.model.MultiModelLoaderFactory)	null	null	/home/nima/Developer/nullness-benchmarks/glide/library/src/main/java/com/bumptech/glide/load/model/UriLoader.java
PARAMETER	com.bumptech.glide.load.model.StreamEncoder	encode(java.io.InputStream,java.io.File,com.bumptech.glide.load.Options)	data	0	/home/nima/Developer/nullness-benchmarks/glide/library/src/main/java/com/bumptech/glide/load/model/StreamEncoder.java
PARAMETER	com.bumptech.glide.load.model.StreamEncoder	encode(java.io.InputStream,java.io.File,com.bumptech.glide.load.Options)	file	1	/home/nima/Developer/nullness-benchmarks/glide/library/src/main/java/com/bumptech/glide/load/model/StreamEncoder.java
PARAMETER	com.bumptech.glide.load.model.StreamEncoder	encode(java.io.InputStream,java.io.File,com.bumptech.glide.load.Options)	options	2	/home/nima/Developer/nullness-benchmarks/glide/library/src/main/java/com/bumptech/glide/load/model/StreamEncoder.java
PARAMETER	com.bumptech.glide.load.model.UnitModelLoader	buildLoadData(Model,int,int,com.bumptech.glide.load.Options)	model	0	/home/nima/Developer/nullness-benchmarks/glide/library/src/main/java/com/bumptech/glide/load/model/UnitModelLoader.java
PARAMETER	com.bumptech.glide.load.model.UnitModelLoader	buildLoadData(Model,int,int,com.bumptech.glide.load.Options)	options	3	/home/nima/Developer/nullness-benchmarks/glide/library/src/main/java/com/bumptech/glide/load/model/UnitModelLoader.java
PARAMETER	com.bumptech.glide.load.model.UnitModelLoader	handles(Model)	model	0	/home/nima/Developer/nullness-benchmarks/glide/library/src/main/java/com/bumptech/glide/load/model/UnitModelLoader.java
PARAMETER	com.bumptech.glide.load.model.UnitModelLoader$UnitFetcher	loadData(com.bumptech.glide.Priority,com.bumptech.glide.load.data.DataFetcher.DataCallback)	priority	0	/home/nima/Developer/nullness-benchmarks/glide/library/src/main/java/com/bumptech/glide/load/model/UnitModelLoader.java
PARAMETER	com.bumptech.glide.load.model.UnitModelLoader$UnitFetcher	loadData(com.bumptech.glide.Priority,com.bumptech.glide.load.data.DataFetcher.DataCallback)	callback	1	/home/nima/Developer/nullness-benchmarks/glide/library/src/main/java/com/bumptech/glide/load/model/UnitModelLoader.java
METHOD	com.bumptech.glide.load.model.UnitModelLoader$UnitFetcher	getDataClass()	null	null	/home/nima/Developer/nullness-benchmarks/glide/library/src/main/java/com/bumptech/glide/load/model/UnitModelLoader.java
METHOD	com.bumptech.glide.load.model.UnitModelLoader$UnitFetcher	getDataSource()	null	null	/home/nima/Developer/nullness-benchmarks/glide/library/src/main/java/com/bumptech/glide/load/model/UnitModelLoader.java
METHOD	com.bumptech.glide.load.model.UnitModelLoader$Factory	build(com.bumptech.glide.load.model.MultiModelLoaderFactory)	null	null	/home/nima/Developer/nullness-benchmarks/glide/library/src/main/java/com/bumptech/glide/load/model/UnitModelLoader.java
PARAMETER	com.bumptech.glide.load.model.AssetUriLoader	buildLoadData(android.net.Uri,int,int,com.bumptech.glide.load.Options)	model	0	/home/nima/Developer/nullness-benchmarks/glide/library/src/main/java/com/bumptech/glide/load/model/AssetUriLoader.java
PARAMETER	com.bumptech.glide.load.model.AssetUriLoader	buildLoadData(android.net.Uri,int,int,com.bumptech.glide.load.Options)	options	3	/home/nima/Developer/nullness-benchmarks/glide/library/src/main/java/com/bumptech/glide/load/model/AssetUriLoader.java
PARAMETER	com.bumptech.glide.load.model.AssetUriLoader	handles(android.net.Uri)	model	0	/home/nima/Developer/nullness-benchmarks/glide/library/src/main/java/com/bumptech/glide/load/model/AssetUriLoader.java
METHOD	com.bumptech.glide.load.model.AssetUriLoader$StreamFactory	build(com.bumptech.glide.load.model.MultiModelLoaderFactory)	null	null	/home/nima/Developer/nullness-benchmarks/glide/library/src/main/java/com/bumptech/glide/load/model/AssetUriLoader.java
METHOD	com.bumptech.glide.load.model.AssetUriLoader$FileDescriptorFactory	build(com.bumptech.glide.load.model.MultiModelLoaderFactory)	null	null	/home/nima/Developer/nullness-benchmarks/glide/library/src/main/java/com/bumptech/glide/load/model/AssetUriLoader.java
PARAMETER	com.bumptech.glide.load.model.MediaStoreFileLoader	buildLoadData(android.net.Uri,int,int,com.bumptech.glide.load.Options)	uri	0	/home/nima/Developer/nullness-benchmarks/glide/library/src/main/java/com/bumptech/glide/load/model/MediaStoreFileLoader.java
PARAMETER	com.bumptech.glide.load.model.MediaStoreFileLoader	buildLoadData(android.net.Uri,int,int,com.bumptech.glide.load.Options)	options	3	/home/nima/Developer/nullness-benchmarks/glide/library/src/main/java/com/bumptech/glide/load/model/MediaStoreFileLoader.java
PARAMETER	com.bumptech.glide.load.model.MediaStoreFileLoader	handles(android.net.Uri)	uri	0	/home/nima/Developer/nullness-benchmarks/glide/library/src/main/java/com/bumptech/glide/load/model/MediaStoreFileLoader.java
PARAMETER	com.bumptech.glide.load.model.MediaStoreFileLoader$FilePathFetcher	loadData(com.bumptech.glide.Priority,com.bumptech.glide.load.data.DataFetcher.DataCallback)	priority	0	/home/nima/Developer/nullness-benchmarks/glide/library/src/main/java/com/bumptech/glide/load/model/MediaStoreFileLoader.java
PARAMETER	com.bumptech.glide.load.model.MediaStoreFileLoader$FilePathFetcher	loadData(com.bumptech.glide.Priority,com.bumptech.glide.load.data.DataFetcher.DataCallback)	callback	1	/home/nima/Developer/nullness-benchmarks/glide/library/src/main/java/com/bumptech/glide/load/model/MediaStoreFileLoader.java
METHOD	com.bumptech.glide.load.model.MediaStoreFileLoader$FilePathFetcher	getDataClass()	null	null	/home/nima/Developer/nullness-benchmarks/glide/library/src/main/java/com/bumptech/glide/load/model/MediaStoreFileLoader.java
METHOD	com.bumptech.glide.load.model.MediaStoreFileLoader$FilePathFetcher	getDataSource()	null	null	/home/nima/Developer/nullness-benchmarks/glide/library/src/main/java/com/bumptech/glide/load/model/MediaStoreFileLoader.java
METHOD	com.bumptech.glide.load.model.MediaStoreFileLoader$Factory	build(com.bumptech.glide.load.model.MultiModelLoaderFactory)	null	null	/home/nima/Developer/nullness-benchmarks/glide/library/src/main/java/com/bumptech/glide/load/model/MediaStoreFileLoader.java
PARAMETER	com.bumptech.glide.load.model.DirectResourceLoader	buildLoadData(java.lang.Integer,int,int,com.bumptech.glide.load.Options)	resourceId	0	/home/nima/Developer/nullness-benchmarks/glide/library/src/main/java/com/bumptech/glide/load/model/DirectResourceLoader.java
PARAMETER	com.bumptech.glide.load.model.DirectResourceLoader	buildLoadData(java.lang.Integer,int,int,com.bumptech.glide.load.Options)	options	3	/home/nima/Developer/nullness-benchmarks/glide/library/src/main/java/com/bumptech/glide/load/model/DirectResourceLoader.java
PARAMETER	com.bumptech.glide.load.model.DirectResourceLoader	handles(java.lang.Integer)	integer	0	/home/nima/Developer/nullness-benchmarks/glide/library/src/main/java/com/bumptech/glide/load/model/DirectResourceLoader.java
PARAMETER	com.bumptech.glide.load.model.DirectResourceLoader$AssetFileDescriptorFactory	build(com.bumptech.glide.load.model.MultiModelLoaderFactory)	multiFactory	0	/home/nima/Developer/nullness-benchmarks/glide/library/src/main/java/com/bumptech/glide/load/model/DirectResourceLoader.java
METHOD	com.bumptech.glide.load.model.DirectResourceLoader$AssetFileDescriptorFactory	build(com.bumptech.glide.load.model.MultiModelLoaderFactory)	null	null	/home/nima/Developer/nullness-benchmarks/glide/library/src/main/java/com/bumptech/glide/load/model/DirectResourceLoader.java
PARAMETER	com.bumptech.glide.load.model.DirectResourceLoader$InputStreamFactory	build(com.bumptech.glide.load.model.MultiModelLoaderFactory)	multiFactory	0	/home/nima/Developer/nullness-benchmarks/glide/library/src/main/java/com/bumptech/glide/load/model/DirectResourceLoader.java
METHOD	com.bumptech.glide.load.model.DirectResourceLoader$InputStreamFactory	build(com.bumptech.glide.load.model.MultiModelLoaderFactory)	null	null	/home/nima/Developer/nullness-benchmarks/glide/library/src/main/java/com/bumptech/glide/load/model/DirectResourceLoader.java
PARAMETER	com.bumptech.glide.load.model.DirectResourceLoader$DrawableFactory	build(com.bumptech.glide.load.model.MultiModelLoaderFactory)	multiFactory	0	/home/nima/Developer/nullness-benchmarks/glide/library/src/main/java/com/bumptech/glide/load/model/DirectResourceLoader.java
METHOD	com.bumptech.glide.load.model.DirectResourceLoader$DrawableFactory	build(com.bumptech.glide.load.model.MultiModelLoaderFactory)	null	null	/home/nima/Developer/nullness-benchmarks/glide/library/src/main/java/com/bumptech/glide/load/model/DirectResourceLoader.java
PARAMETER	com.bumptech.glide.load.model.DirectResourceLoader$ResourceDataFetcher	loadData(com.bumptech.glide.Priority,com.bumptech.glide.load.data.DataFetcher.DataCallback)	priority	0	/home/nima/Developer/nullness-benchmarks/glide/library/src/main/java/com/bumptech/glide/load/model/DirectResourceLoader.java
PARAMETER	com.bumptech.glide.load.model.DirectResourceLoader$ResourceDataFetcher	loadData(com.bumptech.glide.Priority,com.bumptech.glide.load.data.DataFetcher.DataCallback)	callback	1	/home/nima/Developer/nullness-benchmarks/glide/library/src/main/java/com/bumptech/glide/load/model/DirectResourceLoader.java
METHOD	com.bumptech.glide.load.model.DirectResourceLoader$ResourceDataFetcher	getDataClass()	null	null	/home/nima/Developer/nullness-benchmarks/glide/library/src/main/java/com/bumptech/glide/load/model/DirectResourceLoader.java
METHOD	com.bumptech.glide.load.model.DirectResourceLoader$ResourceDataFetcher	getDataSource()	null	null	/home/nima/Developer/nullness-benchmarks/glide/library/src/main/java/com/bumptech/glide/load/model/DirectResourceLoader.java
PARAMETER	com.bumptech.glide.load.model.ResourceUriLoader	buildLoadData(android.net.Uri,int,int,com.bumptech.glide.load.Options)	uri	0	/home/nima/Developer/nullness-benchmarks/glide/library/src/main/java/com/bumptech/glide/load/model/ResourceUriLoader.java
PARAMETER	com.bumptech.glide.load.model.ResourceUriLoader	buildLoadData(android.net.Uri,int,int,com.bumptech.glide.load.Options)	options	3	/home/nima/Developer/nullness-benchmarks/glide/library/src/main/java/com/bumptech/glide/load/model/ResourceUriLoader.java
PARAMETER	com.bumptech.glide.load.model.ResourceUriLoader	parseResourceNameUri(android.net.Uri,int,int,com.bumptech.glide.load.Options)	uri	0	/home/nima/Developer/nullness-benchmarks/glide/library/src/main/java/com/bumptech/glide/load/model/ResourceUriLoader.java
PARAMETER	com.bumptech.glide.load.model.ResourceUriLoader	parseResourceNameUri(android.net.Uri,int,int,com.bumptech.glide.load.Options)	options	3	/home/nima/Developer/nullness-benchmarks/glide/library/src/main/java/com/bumptech/glide/load/model/ResourceUriLoader.java
PARAMETER	com.bumptech.glide.load.model.ResourceUriLoader	parseResourceIdUri(android.net.Uri,int,int,com.bumptech.glide.load.Options)	uri	0	/home/nima/Developer/nullness-benchmarks/glide/library/src/main/java/com/bumptech/glide/load/model/ResourceUriLoader.java
PARAMETER	com.bumptech.glide.load.model.ResourceUriLoader	parseResourceIdUri(android.net.Uri,int,int,com.bumptech.glide.load.Options)	options	3	/home/nima/Developer/nullness-benchmarks/glide/library/src/main/java/com/bumptech/glide/load/model/ResourceUriLoader.java
PARAMETER	com.bumptech.glide.load.model.ResourceUriLoader	handles(android.net.Uri)	uri	0	/home/nima/Developer/nullness-benchmarks/glide/library/src/main/java/com/bumptech/glide/load/model/ResourceUriLoader.java
PARAMETER	com.bumptech.glide.load.model.ResourceUriLoader$InputStreamFactory	build(com.bumptech.glide.load.model.MultiModelLoaderFactory)	multiFactory	0	/home/nima/Developer/nullness-benchmarks/glide/library/src/main/java/com/bumptech/glide/load/model/ResourceUriLoader.java
METHOD	com.bumptech.glide.load.model.ResourceUriLoader$InputStreamFactory	build(com.bumptech.glide.load.model.MultiModelLoaderFactory)	null	null	/home/nima/Developer/nullness-benchmarks/glide/library/src/main/java/com/bumptech/glide/load/model/ResourceUriLoader.java
PARAMETER	com.bumptech.glide.load.model.ResourceUriLoader$AssetFileDescriptorFactory	build(com.bumptech.glide.load.model.MultiModelLoaderFactory)	multiFactory	0	/home/nima/Developer/nullness-benchmarks/glide/library/src/main/java/com/bumptech/glide/load/model/ResourceUriLoader.java
METHOD	com.bumptech.glide.load.model.ResourceUriLoader$AssetFileDescriptorFactory	build(com.bumptech.glide.load.model.MultiModelLoaderFactory)	null	null	/home/nima/Developer/nullness-benchmarks/glide/library/src/main/java/com/bumptech/glide/load/model/ResourceUriLoader.java
PARAMETER	com.bumptech.glide.load.model.ByteBufferFileLoader	buildLoadData(java.io.File,int,int,com.bumptech.glide.load.Options)	file	0	/home/nima/Developer/nullness-benchmarks/glide/library/src/main/java/com/bumptech/glide/load/model/ByteBufferFileLoader.java
PARAMETER	com.bumptech.glide.load.model.ByteBufferFileLoader	buildLoadData(java.io.File,int,int,com.bumptech.glide.load.Options)	options	3	/home/nima/Developer/nullness-benchmarks/glide/library/src/main/java/com/bumptech/glide/load/model/ByteBufferFileLoader.java
PARAMETER	com.bumptech.glide.load.model.ByteBufferFileLoader	handles(java.io.File)	file	0	/home/nima/Developer/nullness-benchmarks/glide/library/src/main/java/com/bumptech/glide/load/model/ByteBufferFileLoader.java
PARAMETER	com.bumptech.glide.load.model.ByteBufferFileLoader$Factory	build(com.bumptech.glide.load.model.MultiModelLoaderFactory)	multiFactory	0	/home/nima/Developer/nullness-benchmarks/glide/library/src/main/java/com/bumptech/glide/load/model/ByteBufferFileLoader.java
METHOD	com.bumptech.glide.load.model.ByteBufferFileLoader$Factory	build(com.bumptech.glide.load.model.MultiModelLoaderFactory)	null	null	/home/nima/Developer/nullness-benchmarks/glide/library/src/main/java/com/bumptech/glide/load/model/ByteBufferFileLoader.java
PARAMETER	com.bumptech.glide.load.model.ByteBufferFileLoader$ByteBufferFetcher	loadData(com.bumptech.glide.Priority,com.bumptech.glide.load.data.DataFetcher.DataCallback)	priority	0	/home/nima/Developer/nullness-benchmarks/glide/library/src/main/java/com/bumptech/glide/load/model/ByteBufferFileLoader.java
PARAMETER	com.bumptech.glide.load.model.ByteBufferFileLoader$ByteBufferFetcher	loadData(com.bumptech.glide.Priority,com.bumptech.glide.load.data.DataFetcher.DataCallback)	callback	1	/home/nima/Developer/nullness-benchmarks/glide/library/src/main/java/com/bumptech/glide/load/model/ByteBufferFileLoader.java
METHOD	com.bumptech.glide.load.model.ByteBufferFileLoader$ByteBufferFetcher	getDataClass()	null	null	/home/nima/Developer/nullness-benchmarks/glide/library/src/main/java/com/bumptech/glide/load/model/ByteBufferFileLoader.java
METHOD	com.bumptech.glide.load.model.ByteBufferFileLoader$ByteBufferFetcher	getDataSource()	null	null	/home/nima/Developer/nullness-benchmarks/glide/library/src/main/java/com/bumptech/glide/load/model/ByteBufferFileLoader.java
PARAMETER	com.bumptech.glide.load.model.ByteBufferEncoder	encode(java.nio.ByteBuffer,java.io.File,com.bumptech.glide.load.Options)	data	0	/home/nima/Developer/nullness-benchmarks/glide/library/src/main/java/com/bumptech/glide/load/model/ByteBufferEncoder.java
PARAMETER	com.bumptech.glide.load.model.ByteBufferEncoder	encode(java.nio.ByteBuffer,java.io.File,com.bumptech.glide.load.Options)	file	1	/home/nima/Developer/nullness-benchmarks/glide/library/src/main/java/com/bumptech/glide/load/model/ByteBufferEncoder.java
PARAMETER	com.bumptech.glide.load.model.ByteBufferEncoder	encode(java.nio.ByteBuffer,java.io.File,com.bumptech.glide.load.Options)	options	2	/home/nima/Developer/nullness-benchmarks/glide/library/src/main/java/com/bumptech/glide/load/model/ByteBufferEncoder.java
PARAMETER	com.bumptech.glide.load.model.stream.HttpGlideUrlLoader	buildLoadData(com.bumptech.glide.load.model.GlideUrl,int,int,com.bumptech.glide.load.Options)	model	0	/home/nima/Developer/nullness-benchmarks/glide/library/src/main/java/com/bumptech/glide/load/model/stream/HttpGlideUrlLoader.java
PARAMETER	com.bumptech.glide.load.model.stream.HttpGlideUrlLoader	buildLoadData(com.bumptech.glide.load.model.GlideUrl,int,int,com.bumptech.glide.load.Options)	options	3	/home/nima/Developer/nullness-benchmarks/glide/library/src/main/java/com/bumptech/glide/load/model/stream/HttpGlideUrlLoader.java
PARAMETER	com.bumptech.glide.load.model.stream.HttpGlideUrlLoader	handles(com.bumptech.glide.load.model.GlideUrl)	model	0	/home/nima/Developer/nullness-benchmarks/glide/library/src/main/java/com/bumptech/glide/load/model/stream/HttpGlideUrlLoader.java
METHOD	com.bumptech.glide.load.model.stream.HttpGlideUrlLoader$Factory	build(com.bumptech.glide.load.model.MultiModelLoaderFactory)	null	null	/home/nima/Developer/nullness-benchmarks/glide/library/src/main/java/com/bumptech/glide/load/model/stream/HttpGlideUrlLoader.java
PARAMETER	com.bumptech.glide.load.model.ModelCache$1	onItemEvicted(com.bumptech.glide.load.model.ModelCache.ModelKey,B)	key	0	/home/nima/Developer/nullness-benchmarks/glide/library/src/main/java/com/bumptech/glide/load/model/ModelCache.java
PARAMETER	com.bumptech.glide.load.model.stream.UrlLoader	buildLoadData(java.net.URL,int,int,com.bumptech.glide.load.Options)	model	0	/home/nima/Developer/nullness-benchmarks/glide/library/src/main/java/com/bumptech/glide/load/model/stream/UrlLoader.java
PARAMETER	com.bumptech.glide.load.model.stream.UrlLoader	buildLoadData(java.net.URL,int,int,com.bumptech.glide.load.Options)	options	3	/home/nima/Developer/nullness-benchmarks/glide/library/src/main/java/com/bumptech/glide/load/model/stream/UrlLoader.java
PARAMETER	com.bumptech.glide.load.model.stream.UrlLoader	handles(java.net.URL)	model	0	/home/nima/Developer/nullness-benchmarks/glide/library/src/main/java/com/bumptech/glide/load/model/stream/UrlLoader.java
METHOD	com.bumptech.glide.load.model.stream.UrlLoader$StreamFactory	build(com.bumptech.glide.load.model.MultiModelLoaderFactory)	null	null	/home/nima/Developer/nullness-benchmarks/glide/library/src/main/java/com/bumptech/glide/load/model/stream/UrlLoader.java
PARAMETER	com.bumptech.glide.load.model.stream.MediaStoreImageThumbLoader	buildLoadData(android.net.Uri,int,int,com.bumptech.glide.load.Options)	model	0	/home/nima/Developer/nullness-benchmarks/glide/library/src/main/java/com/bumptech/glide/load/model/stream/MediaStoreImageThumbLoader.java
PARAMETER	com.bumptech.glide.load.model.stream.MediaStoreImageThumbLoader	buildLoadData(android.net.Uri,int,int,com.bumptech.glide.load.Options)	options	3	/home/nima/Developer/nullness-benchmarks/glide/library/src/main/java/com/bumptech/glide/load/model/stream/MediaStoreImageThumbLoader.java
PARAMETER	com.bumptech.glide.load.model.stream.MediaStoreImageThumbLoader	handles(android.net.Uri)	model	0	/home/nima/Developer/nullness-benchmarks/glide/library/src/main/java/com/bumptech/glide/load/model/stream/MediaStoreImageThumbLoader.java
METHOD	com.bumptech.glide.load.model.stream.MediaStoreImageThumbLoader$Factory	build(com.bumptech.glide.load.model.MultiModelLoaderFactory)	null	null	/home/nima/Developer/nullness-benchmarks/glide/library/src/main/java/com/bumptech/glide/load/model/stream/MediaStoreImageThumbLoader.java
PARAMETER	com.bumptech.glide.load.model.stream.BaseGlideUrlLoader	buildLoadData(Model,int,int,com.bumptech.glide.load.Options)	model	0	/home/nima/Developer/nullness-benchmarks/glide/library/src/main/java/com/bumptech/glide/load/model/stream/BaseGlideUrlLoader.java
PARAMETER	com.bumptech.glide.load.model.stream.BaseGlideUrlLoader	buildLoadData(Model,int,int,com.bumptech.glide.load.Options)	options	3	/home/nima/Developer/nullness-benchmarks/glide/library/src/main/java/com/bumptech/glide/load/model/stream/BaseGlideUrlLoader.java
PARAMETER	com.bumptech.glide.load.model.UrlUriLoader	buildLoadData(android.net.Uri,int,int,com.bumptech.glide.load.Options)	uri	0	/home/nima/Developer/nullness-benchmarks/glide/library/src/main/java/com/bumptech/glide/load/model/UrlUriLoader.java
PARAMETER	com.bumptech.glide.load.model.UrlUriLoader	buildLoadData(android.net.Uri,int,int,com.bumptech.glide.load.Options)	options	3	/home/nima/Developer/nullness-benchmarks/glide/library/src/main/java/com/bumptech/glide/load/model/UrlUriLoader.java
PARAMETER	com.bumptech.glide.load.model.UrlUriLoader	handles(android.net.Uri)	uri	0	/home/nima/Developer/nullness-benchmarks/glide/library/src/main/java/com/bumptech/glide/load/model/UrlUriLoader.java
METHOD	com.bumptech.glide.load.model.UrlUriLoader$StreamFactory	build(com.bumptech.glide.load.model.MultiModelLoaderFactory)	null	null	/home/nima/Developer/nullness-benchmarks/glide/library/src/main/java/com/bumptech/glide/load/model/UrlUriLoader.java
PARAMETER	com.bumptech.glide.load.model.stream.MediaStoreVideoThumbLoader	buildLoadData(android.net.Uri,int,int,com.bumptech.glide.load.Options)	model	0	/home/nima/Developer/nullness-benchmarks/glide/library/src/main/java/com/bumptech/glide/load/model/stream/MediaStoreVideoThumbLoader.java
PARAMETER	com.bumptech.glide.load.model.stream.MediaStoreVideoThumbLoader	buildLoadData(android.net.Uri,int,int,com.bumptech.glide.load.Options)	options	3	/home/nima/Developer/nullness-benchmarks/glide/library/src/main/java/com/bumptech/glide/load/model/stream/MediaStoreVideoThumbLoader.java
PARAMETER	com.bumptech.glide.load.model.stream.MediaStoreVideoThumbLoader	handles(android.net.Uri)	model	0	/home/nima/Developer/nullness-benchmarks/glide/library/src/main/java/com/bumptech/glide/load/model/stream/MediaStoreVideoThumbLoader.java
METHOD	com.bumptech.glide.load.model.stream.MediaStoreVideoThumbLoader$Factory	build(com.bumptech.glide.load.model.MultiModelLoaderFactory)	null	null	/home/nima/Developer/nullness-benchmarks/glide/library/src/main/java/com/bumptech/glide/load/model/stream/MediaStoreVideoThumbLoader.java
PARAMETER	com.bumptech.glide.load.model.stream.QMediaStoreUriLoader	buildLoadData(android.net.Uri,int,int,com.bumptech.glide.load.Options)	uri	0	/home/nima/Developer/nullness-benchmarks/glide/library/src/main/java/com/bumptech/glide/load/model/stream/QMediaStoreUriLoader.java
PARAMETER	com.bumptech.glide.load.model.stream.QMediaStoreUriLoader	buildLoadData(android.net.Uri,int,int,com.bumptech.glide.load.Options)	options	3	/home/nima/Developer/nullness-benchmarks/glide/library/src/main/java/com/bumptech/glide/load/model/stream/QMediaStoreUriLoader.java
PARAMETER	com.bumptech.glide.load.model.stream.QMediaStoreUriLoader	handles(android.net.Uri)	uri	0	/home/nima/Developer/nullness-benchmarks/glide/library/src/main/java/com/bumptech/glide/load/model/stream/QMediaStoreUriLoader.java
PARAMETER	com.bumptech.glide.load.model.stream.QMediaStoreUriLoader$QMediaStoreUriFetcher	loadData(com.bumptech.glide.Priority,com.bumptech.glide.load.data.DataFetcher.DataCallback)	priority	0	/home/nima/Developer/nullness-benchmarks/glide/library/src/main/java/com/bumptech/glide/load/model/stream/QMediaStoreUriLoader.java
PARAMETER	com.bumptech.glide.load.model.stream.QMediaStoreUriLoader$QMediaStoreUriFetcher	loadData(com.bumptech.glide.Priority,com.bumptech.glide.load.data.DataFetcher.DataCallback)	callback	1	/home/nima/Developer/nullness-benchmarks/glide/library/src/main/java/com/bumptech/glide/load/model/stream/QMediaStoreUriLoader.java
METHOD	com.bumptech.glide.load.model.stream.QMediaStoreUriLoader$QMediaStoreUriFetcher	getDataClass()	null	null	/home/nima/Developer/nullness-benchmarks/glide/library/src/main/java/com/bumptech/glide/load/model/stream/QMediaStoreUriLoader.java
METHOD	com.bumptech.glide.load.model.stream.QMediaStoreUriLoader$QMediaStoreUriFetcher	getDataSource()	null	null	/home/nima/Developer/nullness-benchmarks/glide/library/src/main/java/com/bumptech/glide/load/model/stream/QMediaStoreUriLoader.java
METHOD	com.bumptech.glide.load.model.stream.QMediaStoreUriLoader$QMediaStoreUriFetcher	queryForFilePath(android.net.Uri)	null	null	/home/nima/Developer/nullness-benchmarks/glide/library/src/main/java/com/bumptech/glide/load/model/stream/QMediaStoreUriLoader.java
PARAMETER	com.bumptech.glide.load.model.stream.QMediaStoreUriLoader$Factory	build(com.bumptech.glide.load.model.MultiModelLoaderFactory)	multiFactory	0	/home/nima/Developer/nullness-benchmarks/glide/library/src/main/java/com/bumptech/glide/load/model/stream/QMediaStoreUriLoader.java
METHOD	com.bumptech.glide.load.model.stream.QMediaStoreUriLoader$Factory	build(com.bumptech.glide.load.model.MultiModelLoaderFactory)	null	null	/home/nima/Developer/nullness-benchmarks/glide/library/src/main/java/com/bumptech/glide/load/model/stream/QMediaStoreUriLoader.java
PARAMETER	com.bumptech.glide.load.model.ByteArrayLoader	buildLoadData(byte[],int,int,com.bumptech.glide.load.Options)	model	0	/home/nima/Developer/nullness-benchmarks/glide/library/src/main/java/com/bumptech/glide/load/model/ByteArrayLoader.java
PARAMETER	com.bumptech.glide.load.model.ByteArrayLoader	buildLoadData(byte[],int,int,com.bumptech.glide.load.Options)	options	3	/home/nima/Developer/nullness-benchmarks/glide/library/src/main/java/com/bumptech/glide/load/model/ByteArrayLoader.java
PARAMETER	com.bumptech.glide.load.model.ByteArrayLoader	handles(byte[])	model	0	/home/nima/Developer/nullness-benchmarks/glide/library/src/main/java/com/bumptech/glide/load/model/ByteArrayLoader.java
PARAMETER	com.bumptech.glide.load.model.ByteArrayLoader$Fetcher	loadData(com.bumptech.glide.Priority,com.bumptech.glide.load.data.DataFetcher.DataCallback)	priority	0	/home/nima/Developer/nullness-benchmarks/glide/library/src/main/java/com/bumptech/glide/load/model/ByteArrayLoader.java
PARAMETER	com.bumptech.glide.load.model.ByteArrayLoader$Fetcher	loadData(com.bumptech.glide.Priority,com.bumptech.glide.load.data.DataFetcher.DataCallback)	callback	1	/home/nima/Developer/nullness-benchmarks/glide/library/src/main/java/com/bumptech/glide/load/model/ByteArrayLoader.java
METHOD	com.bumptech.glide.load.model.ByteArrayLoader$Fetcher	getDataClass()	null	null	/home/nima/Developer/nullness-benchmarks/glide/library/src/main/java/com/bumptech/glide/load/model/ByteArrayLoader.java
METHOD	com.bumptech.glide.load.model.ByteArrayLoader$Fetcher	getDataSource()	null	null	/home/nima/Developer/nullness-benchmarks/glide/library/src/main/java/com/bumptech/glide/load/model/ByteArrayLoader.java
PARAMETER	com.bumptech.glide.load.model.ByteArrayLoader$ByteBufferFactory	build(com.bumptech.glide.load.model.MultiModelLoaderFactory)	multiFactory	0	/home/nima/Developer/nullness-benchmarks/glide/library/src/main/java/com/bumptech/glide/load/model/ByteArrayLoader.java
METHOD	com.bumptech.glide.load.model.ByteArrayLoader$ByteBufferFactory	build(com.bumptech.glide.load.model.MultiModelLoaderFactory)	null	null	/home/nima/Developer/nullness-benchmarks/glide/library/src/main/java/com/bumptech/glide/load/model/ByteArrayLoader.java
PARAMETER	com.bumptech.glide.load.model.ByteArrayLoader$StreamFactory	build(com.bumptech.glide.load.model.MultiModelLoaderFactory)	multiFactory	0	/home/nima/Developer/nullness-benchmarks/glide/library/src/main/java/com/bumptech/glide/load/model/ByteArrayLoader.java
METHOD	com.bumptech.glide.load.model.ByteArrayLoader$StreamFactory	build(com.bumptech.glide.load.model.MultiModelLoaderFactory)	null	null	/home/nima/Developer/nullness-benchmarks/glide/library/src/main/java/com/bumptech/glide/load/model/ByteArrayLoader.java
PARAMETER	com.bumptech.glide.request.transition.BitmapTransitionFactory	BitmapTransitionFactory(com.bumptech.glide.request.transition.TransitionFactory)	realFactory	0	/home/nima/Developer/nullness-benchmarks/glide/library/src/main/java/com/bumptech/glide/request/transition/BitmapTransitionFactory.java
PARAMETER	com.bumptech.glide.request.transition.BitmapTransitionFactory	getBitmap(android.graphics.Bitmap)	current	0	/home/nima/Developer/nullness-benchmarks/glide/library/src/main/java/com/bumptech/glide/request/transition/BitmapTransitionFactory.java
METHOD	com.bumptech.glide.request.transition.BitmapTransitionFactory	getBitmap(android.graphics.Bitmap)	null	null	/home/nima/Developer/nullness-benchmarks/glide/library/src/main/java/com/bumptech/glide/request/transition/BitmapTransitionFactory.java
PARAMETER	com.bumptech.glide.request.target.ImageViewTarget	onResourceReady(Z,com.bumptech.glide.request.transition.Transition)	resource	0	/home/nima/Developer/nullness-benchmarks/glide/library/src/main/java/com/bumptech/glide/request/target/ImageViewTarget.java
PARAMETER	com.bumptech.glide.request.target.SimpleTarget	getSize(com.bumptech.glide.request.target.SizeReadyCallback)	cb	0	/home/nima/Developer/nullness-benchmarks/glide/library/src/main/java/com/bumptech/glide/request/target/SimpleTarget.java
PARAMETER	com.bumptech.glide.request.target.SimpleTarget	removeCallback(com.bumptech.glide.request.target.SizeReadyCallback)	cb	0	/home/nima/Developer/nullness-benchmarks/glide/library/src/main/java/com/bumptech/glide/request/target/SimpleTarget.java
PARAMETER	com.bumptech.glide.request.target.AppWidgetTarget	onResourceReady(android.graphics.Bitmap,com.bumptech.glide.request.transition.Transition)	resource	0	/home/nima/Developer/nullness-benchmarks/glide/library/src/main/java/com/bumptech/glide/request/target/AppWidgetTarget.java
PARAMETER	com.bumptech.glide.request.target.NotificationTarget	onResourceReady(android.graphics.Bitmap,com.bumptech.glide.request.transition.Transition)	resource	0	/home/nima/Developer/nullness-benchmarks/glide/library/src/main/java/com/bumptech/glide/request/target/NotificationTarget.java
PARAMETER	com.bumptech.glide.request.target.FixedSizeDrawable	setBounds(android.graphics.Rect)	bounds	0	/home/nima/Developer/nullness-benchmarks/glide/library/src/main/java/com/bumptech/glide/request/target/FixedSizeDrawable.java
PARAMETER	com.bumptech.glide.request.target.FixedSizeDrawable	setColorFilter(int,android.graphics.PorterDuff.Mode)	mode	1	/home/nima/Developer/nullness-benchmarks/glide/library/src/main/java/com/bumptech/glide/request/target/FixedSizeDrawable.java
METHOD	com.bumptech.glide.request.target.FixedSizeDrawable	getCurrent()	null	null	/home/nima/Developer/nullness-benchmarks/glide/library/src/main/java/com/bumptech/glide/request/target/FixedSizeDrawable.java
PARAMETER	com.bumptech.glide.request.target.FixedSizeDrawable	getPadding(android.graphics.Rect)	padding	0	/home/nima/Developer/nullness-benchmarks/glide/library/src/main/java/com/bumptech/glide/request/target/FixedSizeDrawable.java
PARAMETER	com.bumptech.glide.request.target.FixedSizeDrawable	unscheduleSelf(java.lang.Runnable)	what	0	/home/nima/Developer/nullness-benchmarks/glide/library/src/main/java/com/bumptech/glide/request/target/FixedSizeDrawable.java
PARAMETER	com.bumptech.glide.request.target.FixedSizeDrawable	scheduleSelf(java.lang.Runnable,long)	what	0	/home/nima/Developer/nullness-benchmarks/glide/library/src/main/java/com/bumptech/glide/request/target/FixedSizeDrawable.java
PARAMETER	com.bumptech.glide.request.target.FixedSizeDrawable	draw(android.graphics.Canvas)	canvas	0	/home/nima/Developer/nullness-benchmarks/glide/library/src/main/java/com/bumptech/glide/request/target/FixedSizeDrawable.java
METHOD	com.bumptech.glide.request.target.FixedSizeDrawable	mutate()	null	null	/home/nima/Developer/nullness-benchmarks/glide/library/src/main/java/com/bumptech/glide/request/target/FixedSizeDrawable.java
METHOD	com.bumptech.glide.request.target.FixedSizeDrawable$State	newDrawable()	null	null	/home/nima/Developer/nullness-benchmarks/glide/library/src/main/java/com/bumptech/glide/request/target/FixedSizeDrawable.java
METHOD	com.bumptech.glide.request.target.FixedSizeDrawable$State	newDrawable(android.content.res.Resources)	null	null	/home/nima/Developer/nullness-benchmarks/glide/library/src/main/java/com/bumptech/glide/request/target/FixedSizeDrawable.java
PARAMETER	com.bumptech.glide.request.target.PreloadTarget	onResourceReady(Z,com.bumptech.glide.request.transition.Transition)	resource	0	/home/nima/Developer/nullness-benchmarks/glide/library/src/main/java/com/bumptech/glide/request/target/PreloadTarget.java
PARAMETER	com.bumptech.glide.request.SingleRequest	SingleRequest(android.content.Context,com.bumptech.glide.GlideContext,java.lang.Object,java.lang.Object,java.lang.Class,com.bumptech.glide.request.BaseRequestOptions,int,int,com.bumptech.glide.Priority,com.bumptech.glide.request.target.Target,com.bumptech.glide.request.RequestListener,java.util.List,com.bumptech.glide.request.RequestCoordinator,com.bumptech.glide.load.engine.Engine,com.bumptech.glide.request.transition.TransitionFactory,java.util.concurrent.Executor)	requestLock	2	/home/nima/Developer/nullness-benchmarks/glide/library/src/main/java/com/bumptech/glide/request/SingleRequest.java
PARAMETER	com.bumptech.glide.request.RequestFutureTarget	get(long,java.util.concurrent.TimeUnit)	timeUnit	1	/home/nima/Developer/nullness-benchmarks/glide/library/src/main/java/com/bumptech/glide/request/RequestFutureTarget.java
PARAMETER	com.bumptech.glide.request.RequestFutureTarget	getSize(com.bumptech.glide.request.target.SizeReadyCallback)	cb	0	/home/nima/Developer/nullness-benchmarks/glide/library/src/main/java/com/bumptech/glide/request/RequestFutureTarget.java
PARAMETER	com.bumptech.glide.request.RequestFutureTarget	removeCallback(com.bumptech.glide.request.target.SizeReadyCallback)	cb	0	/home/nima/Developer/nullness-benchmarks/glide/library/src/main/java/com/bumptech/glide/request/RequestFutureTarget.java
PARAMETER	com.bumptech.glide.request.RequestFutureTarget	onResourceReady(R,com.bumptech.glide.request.transition.Transition)	resource	0	/home/nima/Developer/nullness-benchmarks/glide/library/src/main/java/com/bumptech/glide/request/RequestFutureTarget.java
PARAMETER	com.bumptech.glide.request.RequestFutureTarget	onLoadFailed(com.bumptech.glide.load.engine.GlideException,java.lang.Object,com.bumptech.glide.request.target.Target,boolean)	target	2	/home/nima/Developer/nullness-benchmarks/glide/library/src/main/java/com/bumptech/glide/request/RequestFutureTarget.java
PARAMETER	com.bumptech.glide.request.RequestFutureTarget	onResourceReady(R,java.lang.Object,com.bumptech.glide.request.target.Target,com.bumptech.glide.load.DataSource,boolean)	resource	0	/home/nima/Developer/nullness-benchmarks/glide/library/src/main/java/com/bumptech/glide/request/RequestFutureTarget.java
PARAMETER	com.bumptech.glide.request.RequestFutureTarget	onResourceReady(R,java.lang.Object,com.bumptech.glide.request.target.Target,com.bumptech.glide.load.DataSource,boolean)	model	1	/home/nima/Developer/nullness-benchmarks/glide/library/src/main/java/com/bumptech/glide/request/RequestFutureTarget.java
PARAMETER	com.bumptech.glide.request.RequestFutureTarget	onResourceReady(R,java.lang.Object,com.bumptech.glide.request.target.Target,com.bumptech.glide.load.DataSource,boolean)	dataSource	3	/home/nima/Developer/nullness-benchmarks/glide/library/src/main/java/com/bumptech/glide/request/RequestFutureTarget.java
